<?xml version="1.0" encoding="utf-8"?>
<COLLADA xmlns="http://www.collada.org/2005/11/COLLADASchema" version="1.4.1" xmlns:xsi="http://www.w3.org/2001/XMLSchema-instance">
  <asset>
    <contributor>
      <author>Centrixe</author>
      <authoring_tool>OpenCOLLADA for 3ds Max;  Version: 1.6;  Revision: 68</authoring_tool>
    </contributor>
    <created>2019-08-23T17:06:25</created>
    <modified>2019-08-23T17:06:25</modified>
    <unit name="inch" meter="0.0254"/>
    <up_axis>Z_UP</up_axis>
  </asset>
  <library_effects>
    <effect id="m_obj_staffrolltv">
      <profile_COMMON>
        <newparam sid="m_obj_staffrolltv_alb_png-surface">
          <surface type="2D">
            <init_from>m_obj_staffrolltv_alb_png</init_from>
          </surface>
        </newparam>
        <newparam sid="m_obj_staffrolltv_alb_png-sampler">
          <sampler2D>
            <source>m_obj_staffrolltv_alb_png-surface</source>
          </sampler2D>
        </newparam>
        <newparam sid="m_obj_staffrolltv_rgh_png-surface">
          <surface type="2D">
            <init_from>m_obj_staffrolltv_rgh_png</init_from>
          </surface>
        </newparam>
        <newparam sid="m_obj_staffrolltv_rgh_png-sampler">
          <sampler2D>
            <source>m_obj_staffrolltv_rgh_png-surface</source>
          </sampler2D>
        </newparam>
        <newparam sid="m_obj_staffrolltv_nrm_png-surface">
          <surface type="2D">
            <init_from>m_obj_staffrolltv_nrm_png</init_from>
          </surface>
        </newparam>
        <newparam sid="m_obj_staffrolltv_nrm_png-sampler">
          <sampler2D>
            <source>m_obj_staffrolltv_nrm_png-surface</source>
          </sampler2D>
        </newparam>
        <technique sid="common">
          <blinn>
            <emission>
              <color>0 0 0 1</color>
            </emission>
            <ambient>
              <color>0.588 0.588 0.588 1</color>
            </ambient>
            <diffuse>
              <texture texture="m_obj_staffrolltv_alb_png-sampler" texcoord="CHANNEL1"/>
            </diffuse>
            <specular>
              <color>0 0 0 1</color>
            </specular>
            <shininess>
              <float>10</float>
            </shininess>
            <reflective>
              <color>0 0 0 1</color>
            </reflective>
            <transparent opaque="A_ONE">
              <texture texture="m_obj_staffrolltv_alb_png-sampler" texcoord="CHANNEL1"/>
            </transparent>
            <transparency>
              <float>1</float>
            </transparency>
          </blinn>
          <extra>
            <technique profile="OpenCOLLADA3dsMax">
              <gloss>
                <texture texture="m_obj_staffrolltv_rgh_png-sampler" texcoord="CHANNEL1"/>
              </gloss>
              <bump bumptype="HEIGHTFIELD">
                <texture texture="m_obj_staffrolltv_nrm_png-sampler" texcoord="CHANNEL1"/>
              </bump>
            </technique>
          </extra>
        </technique>
      </profile_COMMON>
      <extra>
        <technique profile="OpenCOLLADA3dsMax">
          <extended_shader>
            <opacity_type sid="opacity_type" type="int">0</opacity_type>
            <falloff_type sid="falloff_type" type="int">0</falloff_type>
            <falloff sid="falloff" type="float">0</falloff>
            <index_of_refraction sid="index_of_refraction" type="float">1.5</index_of_refraction>
            <wire_size sid="wire_size" type="float">1</wire_size>
            <wire_units sid="wire_units" type="int">0</wire_units>
            <apply_reflection_dimming sid="apply_reflection_dimming" type="bool">0</apply_reflection_dimming>
            <dim_level sid="dim_level" type="float">0</dim_level>
            <reflection_level sid="reflection_level" type="float">3</reflection_level>
          </extended_shader>
          <shader>
            <ambient_diffuse_texture_lock sid="ambient_diffuse_texture_lock" type="bool">1</ambient_diffuse_texture_lock>
            <ambient_diffuse_lock sid="ambient_diffuse_lock" type="bool">1</ambient_diffuse_lock>
            <diffuse_specular_lock sid="diffuse_specular_lock" type="bool">0</diffuse_specular_lock>
            <use_self_illum_color sid="use_self_illum_color" type="bool">0</use_self_illum_color>
            <self_illumination sid="self_illumination" type="float">0</self_illumination>
            <specular_level sid="specular_level" type="float">0</specular_level>
            <soften sid="soften" type="float">0.1</soften>
          </shader>
        </technique>
      </extra>
    </effect>
    <effect id="m_screen">
      <profile_COMMON>
        <newparam sid="m_screen_alb_00_png-surface">
          <surface type="2D">
            <init_from>m_screen_alb_00_png</init_from>
          </surface>
        </newparam>
        <newparam sid="m_screen_alb_00_png-sampler">
          <sampler2D>
            <source>m_screen_alb_00_png-surface</source>
          </sampler2D>
        </newparam>
        <newparam sid="m_screen_nrm_png-surface">
          <surface type="2D">
            <init_from>m_screen_nrm_png</init_from>
          </surface>
        </newparam>
        <newparam sid="m_screen_nrm_png-sampler">
          <sampler2D>
            <source>m_screen_nrm_png-surface</source>
          </sampler2D>
        </newparam>
        <technique sid="common">
          <blinn>
            <emission>
              <color>0 0 0 1</color>
            </emission>
            <ambient>
              <color>0.588 0.588 0.588 1</color>
            </ambient>
            <diffuse>
              <texture texture="m_screen_alb_00_png-sampler" texcoord="CHANNEL1"/>
            </diffuse>
            <specular>
              <color>0 0 0 1</color>
            </specular>
            <shininess>
              <float>10</float>
            </shininess>
            <reflective>
              <color>0 0 0 1</color>
            </reflective>
            <transparent opaque="A_ONE">
              <texture texture="m_screen_alb_00_png-sampler" texcoord="CHANNEL1"/>
            </transparent>
            <transparency>
              <float>1</float>
            </transparency>
          </blinn>
          <extra>
            <technique profile="OpenCOLLADA3dsMax">
              <bump bumptype="HEIGHTFIELD">
                <texture texture="m_screen_nrm_png-sampler" texcoord="CHANNEL1"/>
              </bump>
            </technique>
          </extra>
        </technique>
      </profile_COMMON>
      <extra>
        <technique profile="OpenCOLLADA3dsMax">
          <extended_shader>
            <opacity_type sid="opacity_type" type="int">0</opacity_type>
            <falloff_type sid="falloff_type" type="int">0</falloff_type>
            <falloff sid="falloff" type="float">0</falloff>
            <index_of_refraction sid="index_of_refraction" type="float">1.5</index_of_refraction>
            <wire_size sid="wire_size" type="float">1</wire_size>
            <wire_units sid="wire_units" type="int">0</wire_units>
            <apply_reflection_dimming sid="apply_reflection_dimming" type="bool">0</apply_reflection_dimming>
            <dim_level sid="dim_level" type="float">0</dim_level>
            <reflection_level sid="reflection_level" type="float">3</reflection_level>
          </extended_shader>
          <shader>
            <ambient_diffuse_texture_lock sid="ambient_diffuse_texture_lock" type="bool">1</ambient_diffuse_texture_lock>
            <ambient_diffuse_lock sid="ambient_diffuse_lock" type="bool">1</ambient_diffuse_lock>
            <diffuse_specular_lock sid="diffuse_specular_lock" type="bool">0</diffuse_specular_lock>
            <use_self_illum_color sid="use_self_illum_color" type="bool">0</use_self_illum_color>
            <self_illumination sid="self_illumination" type="float">0</self_illumination>
            <specular_level sid="specular_level" type="float">0</specular_level>
            <soften sid="soften" type="float">0.1</soften>
          </shader>
        </technique>
      </extra>
    </effect>
  </library_effects>
  <library_materials>
    <material id="m_obj_staffrolltv-material" name="m_obj_staffrolltv">
      <instance_effect url="#m_obj_staffrolltv"/>
    </material>
    <material id="m_screen-material" name="m_screen">
      <instance_effect url="#m_screen"/>
    </material>
  </library_materials>
  <library_geometries>
    <geometry id="geom-Body_Mdl__m_obj_staffrolltv" name="Body_Mdl__m_obj_staffrolltv">
      <mesh>
        <source id="geom-Body_Mdl__m_obj_staffrolltv-positions">
          <float_array id="geom-Body_Mdl__m_obj_staffrolltv-positions-array" count="4839">-0.815466 6.333557 10.25965 -3.101157 6.129273 9.15836 -3.630585 6.333557 10.25717 -2.036548 6.860827 12.81829 -4.862504 6.860827 12.81396 -2.987948 7.407423 14.81184 -5.290567 7.099185 13.70238 -3.986572 4.51819 4.238844 -3.947617 4.490033 4.402214 -3.781771 4.484432 4.022352 -3.671784 4.404932 4.483613 -3.236835 4.476825 3.891103 -2.596807 4.553411 4.252878 -2.706793 4.632912 3.791618 -3.126846 4.397326 4.352363 -3.104801 4.297689 4.329933 -2.551584 4.462991 4.22651 -3.699549 4.30477 4.472969 -3.214787 4.37719 3.868673 -2.661571 4.542491 3.76525 -2.706793 4.632912 3.791618 -3.236835 4.476825 3.891103 -3.809535 4.384271 4.011709 -3.781771 4.484432 4.022352 -3.986572 4.51819 4.238844 -4.014334 4.418031 4.2282 -3.947617 4.490033 4.402214 -3.975378 4.389874 4.39157 -3.037306 5.167556 3.584461 -2.761362 4.968098 4.741706 -2.515177 5.263596 4.733936 -2.791121 5.463054 3.576689 -2.141553 5.304286 4.651859 -2.417496 5.503743 3.494613 -1.859357 5.066331 4.543557 -2.1353 5.265788 3.386311 -1.833892 4.689125 4.472471 -2.109835 4.888583 3.315225 -2.080078 4.393627 4.480244 -2.356021 4.593085 3.322997 -2.453701 4.352938 4.562321 -2.729644 4.552395 3.405074 -2.735901 4.59089 4.670622 -3.011844 4.790348 3.513376 -2.761362 4.968098 4.741706 -3.037306 5.167556 3.584461 -2.791121 5.463054 3.576689 -2.417496 5.503743 3.494613 -3.037306 5.167556 3.584461 -2.1353 5.265788 3.386311 -3.011844 4.790348 3.513376 -2.729644 4.552395 3.405074 -2.109835 4.888583 3.315225 -2.356021 4.593085 3.322997 -0.6618546 4.478338 4.936335 -0.6380128 4.464992 5.104422 -0.8730639 4.658814 4.823327 -0.8057488 4.621132 5.297908 -1.358591 4.924171 4.913265 -1.835384 4.995074 5.473645 -1.902699 5.032757 4.999063 -1.291279 4.886489 5.387847 -1.267265 4.988067 5.392506 -1.836214 5.099214 5.482031 -0.736822 4.699572 5.294359 -1.334581 5.02575 4.917925 -1.90353 5.136897 5.007451 -1.902699 5.032757 4.999063 -1.358591 4.924171 4.913265 -0.8041371 4.737254 4.819778 -0.8730639 4.658814 4.823327 -0.6618546 4.478338 4.936335 -0.5929316 4.556778 4.932787 -0.6380128 4.464992 5.104422 -0.5690898 4.543432 5.100874 -1.940029 4.509691 4.595324 -1.771143 4.41515 5.785989 -2.121868 4.261633 5.823547 -2.290754 4.356174 4.632881 -2.474934 4.401586 5.884739 -2.643821 4.496128 4.694073 -2.623518 4.753026 5.93372 -2.792404 4.847568 4.743054 -2.480583 5.110085 5.941799 -2.649469 5.204626 4.751132 -2.129857 5.263602 5.90424 -2.298743 5.358143 4.713573 -1.776791 5.123649 5.843049 -1.945678 5.21819 4.652382 -1.628204 4.772209 5.794066 -1.797091 4.86675 4.6034 -1.771143 4.41515 5.785989 -1.940029 4.509691 4.595324 -2.290754 4.356174 4.632881 -2.643821 4.496128 4.694073 -1.940029 4.509691 4.595324 -2.792404 4.847568 4.743054 -1.797091 4.86675 4.6034 -1.945678 5.21819 4.652382 -2.649469 5.204626 4.751132 -2.298743 5.358143 4.713573 -5.014495 -6.820712 6.987115 -4.923377 -6.820711 6.647047 -4.923377 -6.820711 7.327183 -4.674428 -6.820711 6.398101 -4.674428 -6.820711 7.576128 -4.334361 -6.820712 6.30698 -4.334361 -6.820711 7.66725 -3.994293 -6.820711 6.398101 -3.994293 -6.820711 7.576128 -3.745347 -6.820711 6.647047 -3.745347 -6.820711 7.327183 -3.654226 -6.820712 6.987115 -4.334359 -7.334706 6.495468 -4.334361 -6.820712 6.495468 -4.088537 -6.820712 6.561336 -4.088535 -7.334706 6.561336 -3.908582 -6.820711 6.741292 -3.908582 -7.334706 6.741292 -3.842713 -6.820712 6.987115 -3.842713 -7.334706 6.987115 -3.908582 -6.820712 7.232938 -3.908581 -7.334706 7.232938 -4.088537 -6.820711 7.412894 -4.088536 -7.334706 7.412894 -4.334361 -6.820711 7.478762 -4.334361 -7.334706 7.478762 -4.580184 -6.820711 7.412893 -4.580184 -7.334705 7.412893 -4.76014 -6.820711 7.232939 -4.76014 -7.334705 7.232939 -4.826008 -6.820712 6.987115 -4.826008 -7.334706 6.987115 -4.76014 -6.820711 6.741292 -4.76014 -7.334706 6.741292 -4.580185 -6.820711 6.561337 -4.580185 -7.334705 6.561337 -4.334361 -6.820712 6.495468 -4.334359 -7.334706 6.495468 -4.334361 -6.820712 6.30698 -4.334361 -6.566636 6.30698 -3.994293 -6.566636 6.398101 -3.994293 -6.820711 6.398101 -3.745347 -6.566636 6.647047 -3.745347 -6.820711 6.647047 -3.654226 -6.566636 6.987115 -3.654226 -6.820712 6.987115 -3.745347 -6.566636 7.327183 -3.745347 -6.820711 7.327183 -3.994293 -6.566636 7.576128 -3.994293 -6.820711 7.576128 -4.334361 -6.566637 7.66725 -4.334361 -6.820711 7.66725 -4.674428 -6.566636 7.576128 -4.674428 -6.820711 7.576128 -4.923377 -6.566636 7.327183 -4.923377 -6.820711 7.327183 -5.014495 -6.566636 6.987115 -5.014495 -6.820712 6.987115 -4.923377 -6.566637 6.647048 -4.923377 -6.820711 6.647047 -4.674428 -6.820711 6.398101 -4.669955 -6.566637 6.3981 -4.334361 -6.820712 6.30698 -4.334361 -6.566636 6.30698 1.961335 -7.116261 7.789453 1.804277 -7.116262 7.203305 1.961335 -7.116261 6.617157 2.390426 -7.116261 8.218543 2.390426 -7.116261 6.188066 2.976575 -7.116262 6.031008 2.976575 -7.116261 8.375602 3.562724 -7.116261 6.188066 3.562724 -7.116261 8.218543 3.991813 -7.116261 6.617157 3.991813 -7.116261 7.789453 4.14887 -7.116262 7.203305 1.804277 -6.566637 7.203305 1.961335 -6.566636 7.789453 1.961335 -6.566636 6.617157 2.390426 -6.566636 8.218543 2.390426 -6.566636 6.188066 2.976575 -6.566636 8.375602 2.976575 -6.566637 6.031008 3.562724 -6.566636 8.218543 3.562724 -6.566636 6.188066 3.991813 -6.566636 6.617157 3.991813 -6.566636 7.789453 4.14887 -6.566637 7.203305 2.97657 -7.909752 6.620925 2.976575 -7.116261 6.620925 3.267765 -7.116262 6.698948 3.267765 -7.909753 6.698948 3.48093 -7.116261 6.912115 3.480928 -7.909753 6.912115 3.558954 -7.116262 7.203307 3.558954 -7.909753 7.203307 3.48093 -7.116262 7.494496 3.48093 -7.909753 7.494496 3.267765 -7.116262 7.707661 3.267763 -7.909753 7.707661 2.976576 -7.116262 7.785685 2.976571 -7.909753 7.785685 2.685384 -7.11626 7.707661 2.68537 -7.909752 7.707661 2.472219 -7.11626 7.494496 2.472212 -7.909751 7.4945 2.394196 -7.116262 7.203305 2.394196 -7.909753 7.203309 2.472219 -7.11626 6.912114 2.472221 -7.909753 6.912108 2.685384 -7.11626 6.69895 2.685381 -7.909751 6.698946 2.976575 -7.116261 6.620925 2.97657 -7.909752 6.620925 2.976575 -7.116262 6.031008 2.976575 -6.566637 6.031008 3.562724 -6.566636 6.188066 3.562724 -7.116261 6.188066 3.991813 -6.566636 6.617157 3.991813 -7.116261 6.617157 4.14887 -6.566637 7.203305 4.14887 -7.116262 7.203305 3.991813 -6.566636 7.789453 3.991813 -7.116261 7.789453 3.562724 -6.566636 8.218543 3.562724 -7.116261 8.218543 2.976575 -6.566636 8.375602 2.976575 -7.116261 8.375602 2.390426 -6.566636 8.218543 2.390426 -7.116261 8.218543 1.961335 -6.566636 7.789453 1.961335 -7.116261 7.789453 1.804277 -6.566637 7.203305 1.804277 -7.116262 7.203305 1.961335 -6.566636 6.617157 1.961335 -7.116261 6.617157 2.390426 -6.566636 6.188066 2.390426 -7.116261 6.188066 2.976575 -6.566637 6.031008 2.976575 -7.116262 6.031008 5.104488 3.359627 6.720756 5.179669 3.359627 6.930309 5.440156 -0.5444841 6.720757 5.502408 -0.5444841 6.94024 5.347855 3.359627 7.372261 5.642534 -0.5444841 7.39709 5.383006 3.359627 7.501577 5.6893 -0.5444841 7.501577 8.28333 3.968291 18.06593 7.91487 5.022794 18.30916 8.048598 3.593834 18.60676 7.455528 3.104851 19.19937 7.171821 6.376568 18.5094 6.755962 2.653896 19.46849 6.26102 7.778003 18.40854 6.005456 8.171236 18.13504 5.407419 7.785729 18.40854 3.872954 6.796583 18.61159 6.605804 2.557102 19.48241 -2.515177 5.263596 4.733936 -2.761362 4.968098 4.741706 -2.141553 5.304286 4.651859 -1.859357 5.066331 4.543557 -2.735901 4.59089 4.670622 -2.453701 4.352938 4.562321 -1.833892 4.689125 4.472471 -2.080078 4.393627 4.480244 -2.121868 4.261633 5.823547 -1.771143 4.41515 5.785989 -2.474934 4.401586 5.884739 -2.623518 4.753026 5.93372 -1.628204 4.772209 5.794066 -1.776791 5.123649 5.843049 -2.480583 5.110085 5.941799 -2.129857 5.263602 5.90424 5.942369 -6.566636 7.692241 6.021171 -6.351901 7.413074 6.136398 -6.374672 7.692241 5.821251 -6.566637 7.419564 4.67786 -6.566637 7.69224 5.334777 -6.566637 7.419564 1.427965 -6.566637 7.69224 5.209311 -6.566636 6.987115 4.92116 -6.566637 6.397238 4.546141 -6.566636 7.8427 4.49753 -6.566637 6.241471 1.559683 -6.566636 7.8427 4.446442 -6.566636 8.20382 1.659382 -6.566636 8.20382 4.108852 -6.566636 8.392816 1.772508 -6.566636 8.392816 0 -6.566636 6.241485 0 -6.566636 7.692241 4.49753 -5.290514 6.241471 -5.209311 -6.566636 6.987115 -4.92116 -6.566637 6.397238 -5.334777 -6.566637 7.419564 -4.49753 -6.566637 6.241471 -5.942369 -6.566636 7.692241 -5.821251 -6.566637 7.419564 -6.02117 -6.351901 7.413074 -6.136398 -6.374672 7.692241 -4.49753 -5.290514 6.241471 -4.92116 -5.504535 6.396466 -4.92116 -6.566637 6.397238 0 3.844043 6.120137 -5.209311 -5.696799 6.987115 -5.209311 -6.566636 6.987115 -5.334777 -6.566637 7.419564 -5.176222 -5.289695 6.241456 -5.684339 -5.696799 6.987115 -5.821251 -6.566637 7.419564 -6.02117 -6.351901 7.413074 -5.164246 -5.504804 6.397238 -5.579164 -5.599406 6.68413 -5.41183 -5.531217 6.478141 -5.497141 -5.313749 6.337294 -5.716175 -5.38809 6.592745 -5.87729 -5.480675 6.952865 -4.973552 3.85043 6.487798 -4.770843 3.847876 6.22111 -5.132072 3.855136 6.932072 -4.451766 3.845023 6.120121 -5.277604 4.085557 7.384966 -6.136398 -6.374672 7.692241 -5.353132 4.550256 7.692241 -4.415033 4.001488 6.273884 -4.665483 4.001488 6.350353 -4.770843 3.847876 6.22111 -4.973552 3.85043 6.487798 0 4.001488 6.274866 -4.82606 4.001488 6.557516 4.415033 4.001488 6.273884 0 4.001488 6.904819 -4.95785 4.001488 6.904819 -5.132072 3.855136 6.932072 4.451766 3.845023 6.120121 -5.097734 4.196183 7.298529 -5.277604 4.085557 7.384966 -5.353132 4.550256 7.692241 -5.199024 4.782179 7.692241 0 4.782179 7.692241 0 4.196183 7.298529 5.097734 4.196183 7.298529 5.199024 4.782179 7.692241 5.353133 4.550256 7.692241 5.277604 4.085557 7.384966 5.132073 3.855136 6.932072 4.957851 4.001488 6.904819 4.973553 3.85043 6.487798 4.826059 4.001488 6.557516 4.665482 4.001488 6.350353 4.770843 3.847876 6.22111 5.176222 -5.289695 6.241456 4.770843 3.847876 6.22111 4.92116 -5.504535 6.396466 4.92116 -6.566637 6.397238 5.497142 -5.313749 6.337294 4.973553 3.85043 6.487798 5.164246 -5.504804 6.397238 5.209311 -5.696799 6.987115 5.209311 -6.566636 6.987115 5.334777 -6.566637 7.419564 5.411831 -5.531217 6.478141 5.716176 -5.38809 6.592745 5.132073 3.855136 6.932072 5.579165 -5.599406 6.68413 5.684339 -5.696799 6.987115 5.821251 -6.566637 7.419564 6.021171 -6.351901 7.413074 5.87729 -5.480675 6.952865 5.277604 4.085557 7.384966 6.136398 -6.374672 7.692241 5.353133 4.550256 7.692241 -3.842713 -7.334706 6.987115 -3.908581 -7.334706 7.232938 -3.908582 -7.334706 6.741292 -4.088535 -7.334706 6.561336 -4.088536 -7.334706 7.412894 -4.334359 -7.334706 6.495468 -4.334361 -7.334706 7.478762 -4.580184 -7.334705 7.412893 -4.580185 -7.334705 6.561337 -4.76014 -7.334705 7.232939 -4.76014 -7.334706 6.741292 -4.826008 -7.334706 6.987115 3.558954 -7.909753 7.203307 3.48093 -7.909753 7.494496 3.480928 -7.909753 6.912115 3.267765 -7.909753 6.698948 3.267763 -7.909753 7.707661 2.97657 -7.909752 6.620925 2.976571 -7.909753 7.785685 2.68537 -7.909752 7.707661 2.685381 -7.909751 6.698946 2.472212 -7.909751 7.4945 2.472221 -7.909753 6.912108 2.394196 -7.909753 7.203309 -2.147739 4.063702 7.119648 -1.9088 4.185117 7.389898 -2.00544 4.668866 6.771851 -2.25291 4.517834 6.569509 -2.108454 5.037752 5.932673 -1.910771 3.947067 6.92561 -2.358602 4.782305 5.865169 -2.509896 5.123803 3.82942 -2.007137 4.366108 6.440556 -2.766089 4.959391 3.609674 -3.189654 5.905995 1.850315 -2.108407 4.541506 5.879145 -2.521557 4.724322 3.496457 -3.451465 5.777822 1.657436 -2.984954 7.032748 0.8291798 -3.194036 5.538979 1.517519 -2.258186 4.924418 3.699412 -3.256607 7.055104 0.6122899 -2.937619 5.706049 1.741769 -1.856674 4.762181 5.923734 -2.509896 5.123803 3.82942 -3.189654 5.905995 1.850315 -2.108454 5.037752 5.932673 -2.00544 4.668866 6.771851 -2.800216 6.833979 0.6406474 -2.984954 7.032748 0.8291798 -2.136 8.12665 0.5586748 -1.9088 4.185117 7.389898 -1.645314 4.027437 7.162352 -1.969271 7.955621 0.318264 -1.751242 4.483753 6.615504 -0.423842 8.933266 0.8877935 -3.054553 6.842182 0.3759856 -0.1911596 8.83217 0.6547184 1.519373 9.422661 2.302402 -2.13171 8.132718 0.062603 -0.3149251 9.067924 0.4216099 1.718177 9.274096 2.061357 4.097985 9.788641 3.538011 4.195071 9.551133 3.280519 4.173398 9.78754 3.034368 1.74202 9.579912 1.881389 4.084856 10.03792 3.274184 1.531935 9.729378 2.126574 1.519373 9.422661 2.302402 4.097985 9.788641 3.538011 -0.423842 8.933266 0.8877935 -0.5526867 9.179592 0.662837 -2.136 8.12665 0.5586748 -2.308231 8.324518 0.3150616 -2.950547 1.814726 6.14592 -2.691549 2.459951 5.321674 -2.298595 2.094411 6.14219 -3.153426 2.272456 5.385025 -4.361136 4.194791 -0.02524233 -3.614853 2.073465 6.142469 -4.608689 4.094944 0.01338291 -3.600812 2.457729 5.533644 -3.905602 2.732328 6.13368 -4.842859 4.194436 0.1037192 -3.769985 2.91851 5.681704 -4.926316 4.43549 0.1929736 -3.636126 3.411157 6.124625 -4.809795 4.676752 0.2287078 -3.55245 3.381177 5.741014 -3.07815 3.568166 5.676296 -2.961131 3.692364 6.120874 -4.561645 4.776609 0.1898909 -2.630389 3.369414 5.525899 -2.296861 3.411492 6.12462 -4.327506 4.676508 0.09935904 -2.474684 2.909773 5.379454 -2.028169 2.750463 6.133439 -4.244656 4.435452 0.01029921 -2.691549 2.459951 5.321674 -2.298595 2.094411 6.14219 -4.361136 4.194791 -0.02524233 -3.878429 -1.971754 6.194263 -3.154872 -2.278027 6.199059 -3.615981 -2.709751 5.318523 -4.076803 -2.522494 5.380177 -5.285083 -4.442072 -0.02524042 -4.611245 -2.264096 6.199332 -5.532632 -4.342184 0.01337528 -4.523009 -2.707172 5.526293 -4.925021 -2.99408 6.212999 -5.766839 -4.44166 0.1037192 -4.691864 -3.165888 5.671535 -5.850316 -4.682723 0.1929922 -4.624376 -3.735934 6.225821 -5.733789 -4.923999 0.2287283 -4.474889 -3.627837 5.730386 -4.000543 -3.813754 5.668324 -5.485619 -5.023858 0.1898994 -3.884846 -4.042071 6.228246 -5.251488 -4.923748 0.09936333 -3.555274 -3.615307 5.521705 -3.152638 -3.734053 6.220937 -3.400187 -3.158169 5.376909 -5.168638 -4.682726 0.01031208 -2.854542 -3.003903 6.209562 -3.615981 -2.709751 5.318523 -5.285083 -4.442072 -0.02524042 -3.154872 -2.278027 6.199059 2.950547 1.814726 6.14592 2.298595 2.094411 6.14219 2.691549 2.459951 5.321674 3.153426 2.272456 5.385025 4.361136 4.194791 -0.02524233 3.614853 2.073465 6.142469 4.608689 4.094944 0.01338291 3.600812 2.457729 5.533644 3.905602 2.732328 6.13368 4.842859 4.194436 0.1037192 3.769985 2.91851 5.681704 4.926316 4.43549 0.1929736 3.636126 3.411157 6.124625 4.809795 4.676751 0.2287078 3.55245 3.381177 5.741014 3.07815 3.568166 5.676296 2.961131 3.692364 6.120874 4.561645 4.776609 0.1898909 2.630389 3.369414 5.525899 2.296861 3.411492 6.12462 4.327506 4.676508 0.09935904 2.474684 2.909773 5.379454 2.028169 2.750463 6.133439 4.244656 4.435452 0.01029921 2.691549 2.459951 5.321674 2.298595 2.094411 6.14219 4.361136 4.194791 -0.02524233 3.878429 -1.971754 6.194263 3.615981 -2.709751 5.318523 3.154872 -2.278027 6.199059 4.076803 -2.522494 5.380177 5.285083 -4.442072 -0.02524042 4.611245 -2.264096 6.199332 5.532632 -4.342184 0.01337528 4.523009 -2.707172 5.526293 4.925021 -2.99408 6.212999 5.766839 -4.44166 0.1037192 4.691864 -3.165888 5.671535 5.850316 -4.682723 0.1929922 4.624376 -3.735934 6.225821 5.733789 -4.923999 0.2287283 4.474889 -3.627837 5.730386 4.000543 -3.813753 5.668324 5.485619 -5.023858 0.1898994 3.884846 -4.042071 6.228246 5.251488 -4.923748 0.09936333 3.555274 -3.615307 5.521705 3.152638 -3.734053 6.220937 3.400187 -3.158169 5.376909 5.168638 -4.682726 0.01031208 2.854542 -3.003903 6.209562 3.615981 -2.709751 5.318523 5.285083 -4.442072 -0.02524042 3.154872 -2.278027 6.199059 -0.4341957 1.115976 21.04815 -0.4341957 1.438227 20.97966 -1.546587 1.622185 22.23 -1.546587 1.299936 22.2985 -2.067606 1.591022 22.54676 -1.812887 1.22953 21.96727 -0.4090004 0.9721241 20.37138 -2.067606 1.268772 22.61525 -3.348839 1.559021 23.03881 -1.812887 1.551781 21.89877 -0.4090004 1.294374 20.30289 -0.4341957 1.438227 20.97966 -1.546587 1.622185 22.23 -2.067606 1.591022 22.54676 -2.285182 1.54826 22.17573 -3.348839 1.559021 23.03881 -2.285182 1.226011 22.24422 -3.582062 1.483713 22.68452 -3.539528 1.569071 23.16665 -3.348839 1.236771 23.10731 -3.539528 1.569071 23.16665 -3.582062 1.161465 22.75302 -3.888659 1.5166 22.91979 -3.539528 1.246822 23.23515 -3.888659 1.194351 22.98829 -4.031404 1.688797 23.23809 -3.619252 1.714861 23.36071 -4.031404 1.366549 23.30659 -3.619252 1.392612 23.42921 -3.619252 1.714861 23.36071 -4.069915 2.071022 24.25606 -4.069915 2.393272 24.18757 -3.657853 2.419397 24.31048 -3.657853 2.097147 24.37897 -3.657853 2.419397 24.31048 -4.16522 2.147348 24.55345 -4.16522 2.469599 24.48496 -3.812806 2.521112 24.72731 -4.207229 2.502399 25.00942 -3.812806 2.198862 24.7958 -3.812806 2.521112 24.72731 -4.207229 2.502399 25.00942 -4.413265 2.42374 24.63936 -5.282093 1.963835 25.33527 -4.207229 2.180149 25.07792 -5.282093 1.963835 25.33527 -4.413265 2.10149 24.70786 -5.492238 1.884275 24.96096 -5.484535 1.90749 25.43224 -5.282093 1.641586 25.40376 -5.484535 1.90749 25.43224 -5.492238 1.562025 25.02946 -5.810804 1.849001 25.15708 -5.484535 1.585239 25.50074 -5.810804 1.526751 25.22557 -5.987267 2.050058 25.4506 -5.563121 2.080898 25.59569 -5.987267 1.72781 25.51909 -5.563121 1.75865 25.66419 -5.563121 2.080898 25.59569 -6.063101 2.967304 26.31677 -6.063101 3.289555 26.24828 -5.615932 3.315712 26.37134 -5.615932 2.993462 26.43984 -5.615932 3.315712 26.37134 -6.102634 3.112627 26.45604 -6.102634 3.434875 26.38754 -5.7892 3.496323 26.67662 -6.103998 3.418741 26.90916 -5.7892 3.174074 26.74512 -5.7892 3.496323 26.67662 -6.103998 3.418741 26.90916 -6.285731 3.337534 26.52711 -7.244906 2.342325 27.37239 -6.103998 3.096493 26.97766 -7.244906 2.342325 27.37239 -6.285731 3.015285 26.59561 -7.393608 2.260185 26.98596 -7.45539 2.122309 27.56533 -7.244906 2.020077 27.44089 -7.45539 2.122309 27.56533 -7.393608 1.937937 27.05446 -7.789481 2.065763 27.2993 -7.45539 1.80006 27.63383 -7.789481 1.743513 27.3678 -7.956658 2.251326 27.6876 -7.540321 2.274336 27.79585 -7.956658 1.929077 27.7561 -7.540321 1.952085 27.86435 -7.540321 2.274336 27.79585 -7.947254 3.581047 28.17629 -7.947254 3.903297 28.10779 -7.537678 3.917784 28.17595 -7.537678 3.595535 28.24444 -7.537678 3.917784 28.17595 -8.029346 3.821661 28.35065 -8.029346 4.143909 28.28215 -7.694443 4.19418 28.51865 -8.076369 4.236456 28.75623 -7.694443 3.871931 28.58715 -7.694443 4.19418 28.51865 -8.076369 4.236456 28.75623 -8.203539 4.154747 28.37182 -9.080658 3.641111 29.03937 -8.076369 3.914207 28.82473 -9.080658 3.641111 29.03937 -8.203539 3.832497 28.44032 -9.36662 3.570765 28.70841 -9.422723 3.124168 29.26591 -9.080658 3.318863 29.10786 -9.422723 3.124168 29.26591 -9.36662 3.248514 28.77691 -9.795414 3.080341 29.05973 -9.422723 2.801918 29.33441 -9.521264 2.77232 29.69256 -9.795414 2.758091 29.12822 -9.958551 2.761919 29.64363 -9.521264 2.77232 29.69256 -9.958551 2.439671 29.71213 -9.521264 2.450069 29.76105 -9.34903 2.649548 30.18988 -9.704408 2.683334 30.34883 -9.34903 2.649548 30.18988 -9.704408 2.361084 30.41733 -9.159943 2.714415 30.96154 -8.876925 2.655039 30.68219 -9.159943 2.392164 31.03003 -9.34903 2.327299 30.25838 -8.876925 2.332788 30.75068 -8.876925 2.655039 30.68219 0.4341957 1.115976 21.04815 1.546587 1.622185 22.23 0.4341957 1.438227 20.97966 1.546587 1.299936 22.2985 2.067606 1.591022 22.54676 1.812887 1.22953 21.96727 0.4090004 0.9721241 20.37138 2.067606 1.268772 22.61525 3.348839 1.559021 23.03881 1.812887 1.551781 21.89877 0.4090004 1.294374 20.30289 0.4341957 1.438227 20.97966 1.546587 1.622185 22.23 2.067606 1.591022 22.54676 2.285182 1.54826 22.17573 3.348839 1.559021 23.03881 2.285182 1.226011 22.24422 3.582062 1.483713 22.68452 3.539528 1.569071 23.16665 3.348839 1.236771 23.10731 3.539528 1.569071 23.16665 3.582062 1.161465 22.75302 3.888659 1.5166 22.91979 3.539528 1.246822 23.23515 3.888659 1.194351 22.98829 4.031404 1.688797 23.23809 3.619252 1.714861 23.36071 4.031404 1.366549 23.30659 3.619252 1.392612 23.42921 3.619252 1.714861 23.36071 4.069915 2.071022 24.25606 4.069915 2.393272 24.18757 3.657853 2.419397 24.31048 3.657853 2.097147 24.37897 3.657853 2.419397 24.31048 4.16522 2.147348 24.55345 4.16522 2.469599 24.48496 3.812806 2.521112 24.72731 4.207229 2.502399 25.00942 3.812806 2.198862 24.7958 3.812806 2.521112 24.72731 4.207229 2.502399 25.00942 4.413265 2.42374 24.63936 5.282093 1.963835 25.33527 4.207229 2.180149 25.07792 5.282093 1.963835 25.33527 4.413265 2.10149 24.70786 5.492238 1.884275 24.96096 5.484535 1.90749 25.43224 5.282093 1.641586 25.40376 5.484535 1.90749 25.43224 5.492238 1.562025 25.02946 5.810804 1.849001 25.15708 5.484535 1.585239 25.50074 5.810804 1.526751 25.22557 5.987267 2.050058 25.4506 5.563121 2.080898 25.59569 5.987267 1.72781 25.51909 5.563121 1.75865 25.66419 5.563121 2.080898 25.59569 6.063101 2.967304 26.31677 6.063101 3.289555 26.24828 5.615932 3.315712 26.37134 5.615932 2.993462 26.43984 5.615932 3.315712 26.37134 6.102634 3.434875 26.38754 5.7892 3.496323 26.67662 6.103998 3.418741 26.90916 6.102634 3.112627 26.45604 6.285731 3.337534 26.52711 7.244906 2.342325 27.37239 5.7892 3.174074 26.74512 5.7892 3.496323 26.67662 6.103998 3.418741 26.90916 6.103998 3.096493 26.97766 7.244906 2.342325 27.37239 6.285731 3.015285 26.59561 7.244906 2.020077 27.44089 7.45539 2.122309 27.56533 7.393608 2.260185 26.98596 7.45539 2.122309 27.56533 7.393608 1.937937 27.05446 7.45539 1.80006 27.63383 7.789481 2.065763 27.2993 7.789481 1.743513 27.3678 7.540321 1.952085 27.86435 7.540321 2.274336 27.79585 7.956658 1.929077 27.7561 7.956658 2.251326 27.6876 7.540321 2.274336 27.79585 7.947254 3.581047 28.17629 7.537678 3.595535 28.24444 7.537678 3.917784 28.17595 7.947254 3.903297 28.10779 7.537678 3.917784 28.17595 8.029346 3.821661 28.35065 7.694443 3.871931 28.58715 7.694443 4.19418 28.51865 8.076369 4.236456 28.75623 8.029346 4.143909 28.28215 7.694443 4.19418 28.51865 8.076369 4.236456 28.75623 8.076369 3.914207 28.82473 9.080658 3.641111 29.03937 8.203539 4.154747 28.37182 9.080658 3.641111 29.03937 8.203539 3.832497 28.44032 9.080658 3.318863 29.10786 9.422723 3.124168 29.26591 9.36662 3.570765 28.70841 9.422723 3.124168 29.26591 9.36662 3.248514 28.77691 9.422723 2.801918 29.33441 9.521264 2.77232 29.69256 9.795414 3.080341 29.05973 9.795414 2.758091 29.12822 9.958551 2.761919 29.64363 9.521264 2.77232 29.69256 9.958551 2.439671 29.71213 9.521264 2.450069 29.76105 9.34903 2.649548 30.18988 9.704408 2.683334 30.34883 9.34903 2.649548 30.18988 9.704408 2.361084 30.41733 9.159943 2.714415 30.96154 8.876925 2.655039 30.68219 9.159943 2.392164 31.03003 9.34903 2.327299 30.25838 8.876925 2.332788 30.75068 8.876925 2.655039 30.68219 -0.4341957 1.438227 20.97966 -0.4341957 1.115976 21.04815 -0.4766979 1.680893 22.12132 -0.4766979 1.358644 22.18981 -0.7183523 1.784517 23.35772 -0.7183523 1.462269 23.42622 -1.01437 1.753408 23.80329 -0.06769753 1.358644 22.18982 -1.01437 1.431158 23.87179 -1.340611 1.758083 24.05588 -0.3095741 1.465147 23.43976 -0.6434374 1.46698 24.04032 -1.340611 1.435833 24.12437 -1.081785 1.501675 24.43414 -1.718209 1.592993 24.16291 -1.718209 1.915243 24.09441 -1.582893 1.673241 24.54044 -1.081785 1.823925 24.36564 -0.6434374 1.789228 23.97182 -0.3095741 1.787397 23.37126 -1.01437 1.753408 23.80329 -0.7183523 1.784517 23.35772 -1.340611 1.758083 24.05588 -0.4766979 1.680893 22.12132 -1.582893 1.995489 24.47194 -1.718209 1.915243 24.09441 -0.06769753 1.680893 22.12132 -0.4341957 1.438227 20.97966 -0.02519528 1.115978 21.04816 -0.4090004 0.9721241 20.37138 0 0.9721241 20.37138 -0.02519528 1.438227 20.97966 -0.4090004 1.294374 20.30289 0 1.294374 20.30289 -1.994889 2.357393 24.36902 -2.123418 2.276665 23.98922 -1.994889 2.035143 24.43751 -2.310554 2.45587 24.42036 -2.529155 2.383997 24.08223 -2.790035 2.373606 24.40492 -2.123418 1.954416 24.05772 -2.123418 2.276665 23.98922 -2.310554 2.133619 24.48886 -2.529155 2.061747 24.15073 -2.529155 2.383997 24.08223 -2.790035 2.373606 24.40492 -2.790035 2.051357 24.47342 -3.199205 2.076609 25.92131 -2.503875 2.434362 24.69075 -3.199205 2.076609 25.92131 -2.503875 2.112114 24.75925 -3.199205 1.754358 25.9898 -3.393018 2.083004 26.25796 -2.869997 2.125572 26.15167 -3.393018 2.083004 26.25796 -2.869997 1.803324 26.22016 -3.393018 1.760756 26.32646 -3.170905 2.155672 26.59984 -3.170905 1.833424 26.66834 -3.739737 2.127312 26.41365 -3.739737 2.449562 26.34515 -3.558334 2.203644 26.77276 -3.558334 2.525892 26.70426 -3.739737 2.449562 26.34515 -4.138996 3.013641 26.61065 -4.304717 2.935898 26.24489 -4.304717 3.258146 26.17639 -4.138996 3.335888 26.54214 -4.304717 3.258146 26.17639 -4.384851 3.153753 26.64952 -4.611705 3.082996 26.31664 -4.611705 3.405247 26.24814 -4.814433 3.392927 26.50587 -4.384851 3.476002 26.58102 -4.611705 3.405247 26.24814 -4.814433 3.392927 26.50587 -4.814433 3.070677 26.57437 -5.339787 2.418287 28.65514 -4.512115 3.450201 26.77533 -5.339787 2.418287 28.65514 -4.512115 3.127951 26.84382 -5.339787 2.096039 28.72364 -5.457842 2.38879 28.81902 -4.96451 2.452099 28.81421 -5.457842 2.38879 28.81902 -4.96451 2.12985 28.88271 -5.457842 2.06654 28.88751 -5.247074 2.461664 29.16187 -5.247074 2.139416 29.23036 -5.652915 2.285736 28.87975 -5.652915 2.607986 28.81126 -5.603517 2.37015 29.27689 -5.603517 2.692398 29.20839 -5.652915 2.607986 28.81126 -6.251366 3.527538 28.8923 -6.27011 3.442593 28.49265 -6.27011 3.764841 28.42415 -6.251366 3.849787 28.8238 -6.27011 3.764841 28.42415 -6.535228 3.819868 28.83566 -6.692131 3.741337 28.46621 -6.692131 4.063587 28.39771 -6.535228 4.142117 28.76717 -6.692131 4.063587 28.39771 -6.72095 3.950628 28.95738 -6.72095 4.272877 28.88889 -7.086456 4.234716 28.70936 -6.942527 4.204285 29.49979 -7.351462 4.205835 29.50709 -7.086456 3.912468 28.77785 -7.086456 4.234716 28.70936 -7.351462 4.205835 29.50709 -6.942527 3.882036 29.56829 -7.351462 3.883587 29.57559 -7.444039 3.635031 30.36697 -7.037465 3.644283 30.4105 -7.444039 3.635031 30.36697 -7.648046 3.08329 31.15098 -7.444039 3.31278 30.43546 -7.648046 3.08329 31.15098 -7.037465 3.322035 30.47899 -7.648046 2.76104 31.21947 -7.732868 2.973562 31.29245 -7.334664 3.144646 31.43964 -7.732868 2.973562 31.29245 -7.334664 2.822397 31.50813 -7.732868 2.651312 31.36094 -7.853492 2.887411 31.30894 -7.575531 3.050941 31.6565 -7.575531 2.728691 31.72499 -7.90028 2.969715 31.69615 -7.853492 2.887411 31.30894 -7.90028 2.647465 31.76464 -7.853492 2.565161 31.37744 -8.317089 2.7393 31.07858 -8.550678 2.804808 31.38677 -8.317089 2.7393 31.07858 -8.876925 2.655039 30.68219 -9.159943 2.714415 30.96154 -9.159943 2.392164 31.03003 -8.550678 2.482559 31.45526 -8.876925 2.332788 30.75068 -8.317089 2.417051 31.14708 -8.876925 2.655039 30.68219 0.4341957 1.438227 20.97966 0.4766979 1.680893 22.12132 0.4341957 1.115976 21.04815 0.4766979 1.358644 22.18981 0.7183523 1.784517 23.35772 0.7183523 1.462269 23.42622 1.01437 1.753408 23.80329 0.06769753 1.358644 22.18982 1.01437 1.431158 23.87179 1.340611 1.758083 24.05588 0.3095741 1.465147 23.43976 0.6434374 1.46698 24.04032 1.340611 1.435833 24.12437 1.081785 1.501675 24.43414 1.718209 1.592993 24.16291 1.718209 1.915243 24.09441 1.582893 1.673241 24.54044 1.081785 1.823925 24.36564 2.123418 1.954416 24.05772 2.123418 2.276665 23.98922 1.994889 2.035143 24.43751 2.529155 2.061747 24.15073 2.529155 2.383997 24.08223 2.790035 2.373606 24.40492 2.310554 2.133619 24.48886 2.790035 2.051357 24.47342 3.199205 2.076609 25.92131 1.582893 1.995489 24.47194 3.199205 1.754358 25.9898 3.393018 2.083004 26.25796 2.503875 2.112114 24.75925 3.393018 1.760756 26.32646 1.994889 2.357393 24.36902 2.869997 1.803324 26.22016 1.718209 1.915243 24.09441 1.340611 1.758083 24.05588 2.123418 2.276665 23.98922 1.01437 1.753408 23.80329 2.310554 2.45587 24.42036 2.529155 2.383997 24.08223 2.790035 2.373606 24.40492 2.503875 2.434362 24.69075 3.199205 2.076609 25.92131 2.869997 2.125572 26.15167 3.393018 2.083004 26.25796 3.170905 2.155672 26.59984 3.170905 1.833424 26.66834 3.558334 2.525892 26.70426 3.739737 2.449562 26.34515 3.558334 2.203644 26.77276 3.739737 2.127312 26.41365 3.739737 2.449562 26.34515 4.138996 3.013641 26.61065 4.138996 3.335888 26.54214 4.304717 3.258146 26.17639 4.304717 2.935898 26.24489 4.304717 3.258146 26.17639 4.384851 3.153753 26.64952 4.384851 3.476002 26.58102 4.611705 3.405247 26.24814 4.814433 3.392927 26.50587 4.611705 3.082996 26.31664 4.611705 3.405247 26.24814 4.814433 3.392927 26.50587 4.512115 3.450201 26.77533 5.339787 2.418287 28.65514 4.814433 3.070677 26.57437 5.339787 2.418287 28.65514 4.512115 3.127951 26.84382 4.96451 2.452099 28.81421 5.457842 2.38879 28.81902 5.339787 2.096039 28.72364 5.457842 2.38879 28.81902 4.96451 2.12985 28.88271 5.247074 2.461664 29.16187 5.457842 2.06654 28.88751 5.247074 2.139416 29.23036 5.603517 2.692398 29.20839 5.652915 2.607986 28.81126 5.603517 2.37015 29.27689 5.652915 2.285736 28.87975 5.652915 2.607986 28.81126 6.251366 3.527538 28.8923 6.251366 3.849787 28.8238 6.27011 3.764841 28.42415 6.27011 3.442593 28.49265 6.27011 3.764841 28.42415 6.535228 3.819868 28.83566 6.535228 4.142117 28.76717 6.692131 4.063587 28.39771 6.692131 3.741337 28.46621 6.692131 4.063587 28.39771 6.72095 3.950628 28.95738 6.72095 4.272877 28.88889 7.086456 4.234716 28.70936 7.086456 3.912468 28.77785 7.086456 4.234716 28.70936 7.351462 4.205835 29.50709 6.942527 4.204285 29.49979 7.351462 4.205835 29.50709 6.942527 3.882036 29.56829 7.351462 3.883587 29.57559 7.444039 3.635031 30.36697 7.037465 3.644283 30.4105 7.444039 3.635031 30.36697 7.648046 3.08329 31.15098 7.037465 3.322035 30.47899 7.444039 3.31278 30.43546 7.648046 3.08329 31.15098 7.334664 3.144646 31.43964 7.732868 2.973562 31.29245 7.648046 2.76104 31.21947 7.732868 2.973562 31.29245 7.334664 2.822397 31.50813 7.575531 3.050941 31.6565 7.732868 2.651312 31.36094 7.853492 2.887411 31.30894 7.575531 2.728691 31.72499 7.90028 2.969715 31.69615 7.853492 2.887411 31.30894 7.90028 2.647465 31.76464 7.853492 2.565161 31.37744 8.317089 2.7393 31.07858 8.550678 2.804808 31.38677 8.317089 2.7393 31.07858 8.876925 2.655039 30.68219 9.159943 2.714415 30.96154 9.159943 2.392164 31.03003 8.550678 2.482559 31.45526 8.876925 2.332788 30.75068 8.317089 2.417051 31.14708 8.876925 2.655039 30.68219 6.39012 -7.035608 7.69224 5.711808 5.10968 7.69224 6.447824 5.133937 7.830241 7.422148 -7.028348 7.825515 7.06737 5.205455 8.218723 8.053382 -7.015129 8.212242 8.502016 -7.0012 8.797428 7.503291 5.305613 8.808479 7.40106 -7.389879 7.974152 8.709727 -6.987361 9.50298 7.691058 5.424175 9.517241 7.977272 -7.38067 8.330305 8.389531 -7.369365 8.870273 8.863596 -6.958141 11.00525 7.761281 5.584558 10.39861 8.584918 -7.356905 9.534931 7.738929 -7.530625 8.609181 9.207096 -6.5977 14.68735 7.953262 6.11627 12.98435 8.066095 -7.522796 9.041306 7.289948 -7.535845 8.326497 7.447974 -7.502215 8.910159 8.232009 -7.512825 9.607498 7.649909 -7.495836 9.310419 8.737218 -7.328691 11.02431 7.844713 -7.486437 11.03121 9.083982 -6.966751 14.73867 8.377426 -7.48616 11.03406 8.725363 -7.124242 14.76057 8.133928 -7.124242 14.76057 5.812132 -5.546079 10.65905 6.080182 -5.284592 12.10529 5.637939 -5.64516 10.39673 4.743732 -5.313196 12.10529 4.953388 -5.142992 13.22126 4.213855 -5.448007 11.25031 6.187796 -4.98061 14.33724 4.977115 -4.991043 14.33724 4.864116 -4.805911 15.30197 5.964513 -4.586924 16.26669 4.565189 -4.609522 16.26669 8.303371 -6.461737 18.1596 5.5505 -4.231247 17.60007 5.317354 -4.220842 17.86506 4.106358 -4.515787 17.02071 8.86527 -6.461737 18.1596 8.302064 -5.992989 19.56037 9.223863 -6.309252 18.11199 8.913428 -6.173637 19.10862 9.347084 -5.951807 18.00039 8.136707 6.833227 15.58146 9.271324 -6.007742 19.0951 9.394171 -5.633558 19.02619 8.18187 7.067896 16.34307 8.831648 -5.932087 19.6964 9.162354 -5.729855 19.78172 9.271325 -5.347366 19.75503 8.082351 7.332068 17.1207 8.535851 -5.712564 20.17067 8.780981 -5.472784 20.36384 8.852442 -5.086218 20.38202 7.669825 7.554556 17.76518 8.13046 -5.89209 19.81898 8.057277 -5.487436 20.49704 7.690946 -5.833336 19.92831 8.182198 -5.222689 20.75882 7.427409 -5.357553 20.62601 4.920072 -4.267714 17.99399 6.244988 -5.833336 19.92831 4.08962 -4.378056 18.13897 3.390869 -4.46892 17.51886 4.767154 -5.356449 20.62848 2.726413 -4.553442 18.25283 2.88054 -4.505188 17.68199 1.48399 -4.585272 17.83027 4.163326 -5.833336 19.92831 1.363207 -4.661659 18.34716 2.00112e-6 -4.594412 17.87745 2.081664 -5.833336 19.92831 2.383577 -5.356449 20.62848 2.00112e-6 -4.699284 18.38309 2.00112e-6 -5.833336 19.92831 -1.363205 -4.661659 18.34716 -1.483987 -4.585272 17.83027 2.00112e-6 -5.356449 20.62848 -2.081662 -5.833336 19.92831 -2.726413 -4.553442 18.25283 -2.880539 -4.505188 17.68199 -3.390869 -4.46892 17.51886 -4.089617 -4.378056 18.13897 -4.106357 -4.515787 17.02071 -4.163323 -5.833336 19.92831 -2.383574 -5.356449 20.62848 -6.244985 -5.833336 19.92831 -4.767152 -5.356449 20.62848 -4.92007 -4.267714 17.99399 -5.317353 -4.220842 17.86506 -4.565188 -4.609522 16.26669 -7.690943 -5.833336 19.92831 -7.427405 -5.357553 20.62601 -4.767152 -5.094883 20.90384 -2.383574 -5.094883 20.90384 -7.449597 -5.094296 20.90269 2.00112e-6 -5.094883 20.90384 -8.057273 -5.487436 20.49704 -4.767152 -4.718473 20.95442 -8.130458 -5.89209 19.81898 -8.182197 -5.222689 20.75882 -5.550499 -4.231247 17.60007 -7.432304 -4.715826 20.95387 -5.96451 -4.586924 16.26669 -4.864115 -4.805911 15.30197 -6.258791 7.785329 18.37093 -4.126134 7.785329 18.37093 -7.033782 7.728531 18.22053 -6.258791 7.785329 18.37093 -2.383574 -4.718473 20.95442 -2.063066 7.785329 18.37093 2.00112e-6 -4.718473 20.95442 2.00112e-6 7.785329 18.37093 2.063069 7.785329 18.37093 2.383577 -4.718473 20.95442 4.126135 7.785329 18.37093 2.383577 -5.094883 20.90384 4.767154 -4.718473 20.95442 6.258793 7.785329 18.37093 7.432307 -4.715826 20.95387 4.767154 -5.094883 20.90384 7.4496 -5.094296 20.90269 7.033785 7.728531 18.22053 6.258793 7.785329 18.37093 8.204875 -4.838593 20.80431 -8.204871 -4.838593 20.80431 -7.669823 7.554556 17.76518 -8.852439 -5.086218 20.38202 -8.082349 7.332068 17.1207 -8.780979 -5.472784 20.36384 -9.271322 -5.347366 19.75503 -8.181867 7.067896 16.34307 -8.535847 -5.712564 20.17067 -9.162351 -5.729855 19.78172 -9.394167 -5.633558 19.02619 -8.136703 6.833227 15.58146 -8.831647 -5.932087 19.6964 -9.347082 -5.951807 18.00039 -7.95326 6.11627 12.98435 -9.271322 -6.007742 19.0951 -9.207094 -6.5977 14.68735 -7.761278 5.584558 10.39861 -9.223859 -6.309252 18.11199 -8.863593 -6.958141 11.00525 -7.691055 5.424175 9.517241 -9.083979 -6.966751 14.73867 -8.913425 -6.173637 19.10862 -8.865266 -6.461737 18.1596 -8.302062 -5.992989 19.56037 -8.303369 -6.461737 18.1596 -8.72536 -7.124242 14.76057 -8.133925 -7.124242 14.76057 -8.737216 -7.328691 11.02431 -8.377424 -7.48616 11.03406 -6.187795 -4.98061 14.33724 -4.977114 -4.991043 14.33724 -4.953387 -5.142992 13.22126 -6.080181 -5.284592 12.10529 -4.743731 -5.313196 12.10529 -7.844711 -7.486437 11.03121 -5.81213 -5.546079 10.65905 -5.637937 -5.64516 10.39673 -4.213854 -5.448007 11.25031 -7.649906 -7.495836 9.310419 -8.232004 -7.512825 9.607498 -8.584914 -7.356905 9.534931 -8.066093 -7.522796 9.041306 -8.709724 -6.987361 9.50298 -7.503288 5.305613 8.808479 -8.389529 -7.369365 8.870273 -8.502012 -7.0012 8.797428 -7.067367 5.205455 8.218723 -7.738928 -7.530625 8.609181 -8.05338 -7.015129 8.212242 -7.977268 -7.38067 8.330305 -7.422146 -7.028348 7.825515 -6.447821 5.133937 7.830241 -7.401056 -7.389879 7.974152 -6.390117 -7.035608 7.69224 -5.711806 5.10968 7.69224 -7.289946 -7.535845 8.326497 -6.405431 -7.394422 7.843169 -7.44797 -7.502215 8.910159 -7.023921 -7.524904 8.748861 -6.392574 -7.538217 8.204961 -5.397049 -5.722643 10.20752 -5.977681 -7.530679 8.6232 -4.327927 -5.891835 9.98174 -3.500494 -5.603865 10.67984 -4.283729 -7.538177 8.20382 -2.885286 -6.058885 9.846032 -2.924461 -5.705462 10.41309 -1.459779 -5.811582 10.21826 -3.771259 -7.53068 8.581808 -1.442642 -6.178387 9.809669 2.00112e-6 -5.878699 10.15305 -1.88563 -7.53068 8.581808 -2.141864 -7.538177 8.20382 2.00112e-6 -6.216138 9.761094 2.00112e-6 -7.53068 8.581808 1.442645 -6.178387 9.809669 1.459782 -5.811582 10.21826 2.00112e-6 -7.538177 8.20382 1.885632 -7.53068 8.581808 2.885288 -6.058885 9.846032 2.924462 -5.705462 10.41309 3.500495 -5.603865 10.67984 1.772509 -7.534429 8.392816 3.771262 -7.53068 8.581808 4.32793 -5.891835 9.98174 5.397051 -5.722643 10.20752 5.977685 -7.530679 8.6232 7.023924 -7.524904 8.748861 4.108853 -7.534429 8.392816 6.392578 -7.538217 8.204961 6.405433 -7.394422 7.843169 4.446443 -7.538177 8.20382 4.677861 -7.036644 7.69224 4.546142 -7.394852 7.8427 4.446442 -6.566636 8.20382 4.108852 -6.566636 8.392816 4.546141 -6.566636 7.8427 4.67786 -6.566637 7.69224 1.772508 -6.566636 8.392816 5.711808 5.10968 7.69224 3.750486 5.10968 7.69224 1.659382 -6.566636 8.20382 1.427965 -6.566637 7.69224 1.875243 5.10968 7.69224 2.00112e-6 5.109124 7.692239 1.659383 -7.538177 8.20382 1.559683 -7.394852 7.8427 1.559683 -6.566636 7.8427 2.00112e-6 -7.394852 7.8427 1.427966 -7.036644 7.69224 -2.141864 -7.394852 7.8427 2.00112e-6 -7.036644 7.69224 -1.875241 5.10968 7.69224 -2.141864 -7.036644 7.69224 -3.750483 5.10968 7.69224 -4.283729 -7.394852 7.8427 -4.283729 -7.036644 7.69224 -5.711806 5.10968 7.69224 0.02519528 1.115978 21.04816 0.4090004 0.9721241 20.37138 0 0.9721241 20.37138 0.02519528 1.438227 20.97966 0 1.294374 20.30289 0.4090004 1.294374 20.30289 0.4341957 1.438227 20.97966 0.06769753 1.680893 22.12132 0.4766979 1.680893 22.12132 0.3095741 1.787397 23.37126 0.7183523 1.784517 23.35772 0.6434374 1.789228 23.97182 -4.926316 4.43549 0.1929736 -4.809795 4.676752 0.2287078 -4.578619 4.428685 0.1272521 -4.842859 4.194436 0.1037192 -4.561645 4.776609 0.1898909 -4.608689 4.094944 0.01338291 -4.327506 4.676508 0.09935904 -4.361136 4.194791 -0.02524233 -4.244656 4.435452 0.01029921 -5.850316 -4.682723 0.1929922 -5.502609 -4.67593 0.1272521 -5.733789 -4.923999 0.2287283 -5.766839 -4.44166 0.1037192 -5.485619 -5.023858 0.1898994 -5.532632 -4.342184 0.01337528 -5.251488 -4.923748 0.09936333 -5.285083 -4.442072 -0.02524042 -5.168638 -4.682726 0.01031208 4.926316 4.43549 0.1929736 4.578619 4.428685 0.1272521 4.809795 4.676751 0.2287078 4.842859 4.194436 0.1037192 4.561645 4.776609 0.1898909 4.608689 4.094944 0.01338291 4.327506 4.676508 0.09935904 4.361136 4.194791 -0.02524233 4.244656 4.435452 0.01029921 5.850316 -4.682723 0.1929922 5.733789 -4.923999 0.2287283 5.502609 -4.67593 0.1272521 5.766839 -4.44166 0.1037192 5.485619 -5.023858 0.1898994 5.532632 -4.342184 0.01337528 5.251488 -4.923748 0.09936333 5.285083 -4.442072 -0.02524042 5.168638 -4.682726 0.01031208 -1.875241 5.10968 7.69224 2.00112e-6 5.650465 7.887705 2.00112e-6 5.109124 7.692239 1.875243 5.10968 7.69224 -1.875241 5.651021 7.887413 -3.750483 5.10968 7.69224 1.875243 5.651021 7.887413 3.750486 5.10968 7.69224 2.00112e-6 5.942059 8.383921 -3.750483 5.651021 7.887413 -1.875241 5.943274 8.383125 1.875243 5.943274 8.383125 -5.659383 5.651021 7.887413 -5.711806 5.10968 7.69224 2.00112e-6 6.296782 10.28178 -6.327579 5.668721 8.020597 -6.447821 5.133937 7.830241 -7.067367 5.205455 8.218723 -5.598647 5.943274 8.383125 -6.88508 5.735474 8.367085 -7.503288 5.305613 8.808479 -6.117464 5.970566 8.523525 -6.513568 5.991341 8.7418 -7.278515 5.834304 8.892752 -7.691055 5.424175 9.517241 -3.844394 6.296782 10.25472 -6.797075 6.090386 9.107426 -7.466871 5.955072 9.538929 -7.761278 5.584558 10.39861 -6.974163 6.174448 9.599335 -7.500474 6.095287 10.31073 -7.689248 6.619141 12.86514 -7.95326 6.11627 12.98435 -6.960455 6.30726 10.30591 -7.146663 6.821364 12.81721 -3.938307 6.821364 12.81721 -7.876073 7.334854 15.45102 -8.136703 6.833227 15.58146 -8.181867 7.067896 16.34307 -7.336061 7.545415 15.42636 -7.918301 7.580987 16.22689 -8.082349 7.332068 17.1207 -7.359511 7.793143 16.1381 -7.812089 7.830831 16.94209 -7.669823 7.554556 17.76518 -4.032221 7.531104 15.37969 -7.26524 7.998301 16.73357 -7.457452 8.043693 17.51095 -7.033782 7.728531 18.22053 -7.03811 8.133936 17.10929 -6.877116 8.201902 17.88569 -6.258791 7.785329 18.37093 -6.615015 8.207121 17.33637 -6.186598 8.265871 18.02308 -4.126134 7.785329 18.37093 -6.11047 8.243709 17.45331 -4.126134 8.265871 18.02308 -2.063066 7.785329 18.37093 -4.126134 8.234515 17.43291 -2.063066 8.265871 18.02308 2.00112e-6 7.785329 18.37093 -2.063066 8.234515 17.43291 2.00112e-6 8.265871 18.02308 -2.01611 7.531104 15.37969 2.00112e-6 8.234515 17.43291 2.063069 8.265871 18.02308 2.063069 7.785329 18.37093 2.063069 8.234515 17.43291 4.126135 8.265871 18.02308 4.126135 7.785329 18.37093 4.126135 8.234515 17.43291 6.186601 8.265871 18.02308 6.258793 7.785329 18.37093 6.110473 8.243709 17.45331 6.877118 8.201902 17.88569 7.033785 7.728531 18.22053 6.615017 8.207121 17.33637 4.032223 7.531104 15.37969 7.038114 8.133936 17.10929 7.457455 8.043693 17.51095 7.669825 7.554556 17.76518 7.265242 7.998301 16.73357 7.812091 7.830831 16.94209 8.082351 7.332068 17.1207 7.359514 7.793143 16.1381 7.918302 7.580987 16.22689 8.18187 7.067896 16.34307 7.876075 7.334854 15.45102 8.136707 6.833227 15.58146 7.953262 6.11627 12.98435 7.336065 7.545415 15.42636 7.68925 6.619141 12.86514 7.761281 5.584558 10.39861 7.146667 6.821364 12.81721 7.500478 6.095287 10.31073 7.466873 5.955072 9.538929 7.691058 5.424175 9.517241 6.960456 6.30726 10.30591 7.278517 5.834304 8.892752 7.503291 5.305613 8.808479 6.974164 6.174448 9.599335 6.797078 6.090386 9.107426 6.885084 5.735474 8.367085 7.06737 5.205455 8.218723 6.513572 5.991341 8.7418 3.844398 6.296782 10.25472 6.327583 5.668721 8.020597 6.447824 5.133937 7.830241 5.711808 5.10968 7.69224 6.117465 5.970566 8.523525 5.659387 5.651021 7.887413 5.59865 5.943274 8.383125 3.750486 5.651021 7.887413 3.750486 5.943274 8.383125 1.922199 6.296782 10.25472 1.969155 6.821364 12.81721 2.00112e-6 6.821364 12.81721 -1.922197 6.296782 10.25472 3.938311 6.821364 12.81721 2.016112 7.531104 15.37969 2.00112e-6 7.531103 15.37969 -1.969153 6.821364 12.81721 -3.750483 5.943274 8.383125 1.012221 1.128597 20.37694 0.853528 1.191916 20.67483 0.8766091 0.6335449 20.48216 0.7391768 0.7744789 20.76356 0.5061107 0.271143 20.55919 0.7391768 1.609354 20.5861 0.8766091 1.623648 20.27171 0.426764 0.4688931 20.82852 0 0.1384945 20.58739 0.426764 1.91494 20.52115 0.5061107 1.98605 20.19468 0 0.3570404 20.85229 -0.5061107 0.271143 20.55919 0 2.026793 20.49737 0 2.118698 20.16648 -0.426764 0.4688931 20.82852 -0.8766091 0.6335449 20.48216 -0.426764 1.91494 20.52115 -0.5061107 1.98605 20.19468 -0.7391768 0.7744789 20.76356 -1.012221 1.128597 20.37694 -0.7391768 1.609354 20.5861 -0.8766091 1.623648 20.27171 -0.853528 1.191916 20.67483 0.3583134 -6.820712 6.987115 0.3583134 -6.566636 6.987115 0.2867483 -6.566636 7.254192 0.2867483 -6.820711 6.720037 0.2867483 -6.566636 6.720037 0.2867483 -6.820711 7.254192 0.09123409 -6.566636 7.449707 0.09123409 -6.820711 6.524523 0.09123409 -6.566636 6.524523 0.09123409 -6.820711 7.449707 -0.1758434 -6.566636 7.52127 -0.1758434 -6.820711 6.45296 -0.1758434 -6.566637 6.45296 -0.1758434 -6.820712 7.52127 -0.4429218 -6.566636 7.449707 -0.4429218 -6.820711 6.524523 -0.4429218 -6.566636 6.524523 -0.4429218 -6.820711 7.449707 -0.6384355 -6.566636 7.254192 -0.6384355 -6.820711 6.720037 -0.6384355 -6.566636 6.720037 -0.6384355 -6.820711 7.254192 -0.7099983 -6.566636 6.987115 -0.7099983 -6.820712 6.987115 1.717225 -6.820712 6.987115 1.717225 -6.566636 6.987115 1.64566 -6.566636 7.254192 1.64566 -6.820711 6.720037 1.64566 -6.566636 6.720037 1.64566 -6.820711 7.254192 1.450146 -6.566636 7.449707 1.450146 -6.820711 6.524523 1.450146 -6.566636 6.524523 1.450146 -6.820711 7.449707 1.183068 -6.566636 7.52127 1.183068 -6.820711 6.45296 1.183068 -6.566637 6.45296 1.183068 -6.820712 7.52127 0.9159899 -6.566636 7.449707 0.9159899 -6.820711 6.524523 0.9159899 -6.566636 6.524523 0.9159899 -6.820711 7.449707 0.7204762 -6.566636 7.254192 0.7204762 -6.820711 6.720037 0.7204762 -6.566636 6.720037 0.7204762 -6.820711 7.254192 0.6489134 -6.566636 6.987115 0.6489134 -6.820712 6.987115 -0.5832119 -0.9132195 20.46876 -2.738951 2.171452 19.52951 -0.5162621 -0.7247562 20.12493 4.76837e-6 -0.8809738 20.15705 -3.094137 2.337244 19.80051 -2.780397 2.708555 19.41909 4.76837e-6 -1.083681 20.5038 -3.140959 2.923325 19.68002 0.5832205 -0.9132195 20.46876 0.5162706 -0.7247562 20.12493 2.738956 2.171452 19.52951 4.76837e-6 -0.5334759 20.72555 -0.4523067 -0.4012737 20.69837 3.094145 2.337244 19.80051 2.780408 2.708555 19.41909 0.4523172 -0.4012737 20.69837 2.399659 2.119616 20.18012 -2.399651 2.119616 20.18012 2.435977 2.574148 20.08667 -2.435963 2.574148 20.08667 3.140973 2.923325 19.68002 2.629201 3.230415 19.61689 2.327384 2.989985 19.36124 2.039071 2.812311 20.03771 -2.62919 3.230415 19.61689 -2.327375 2.989985 19.36124 -2.039062 2.812311 20.03771</float_array>
          <technique_common>
            <accessor source="#geom-Body_Mdl__m_obj_staffrolltv-positions-array" count="1613" stride="3">
              <param name="X" type="float"/>
              <param name="Y" type="float"/>
              <param name="Z" type="float"/>
            </accessor>
          </technique_common>
        </source>
        <source id="geom-Body_Mdl__m_obj_staffrolltv-normals">
          <float_array id="geom-Body_Mdl__m_obj_staffrolltv-normals-array" count="4839">0 0.9814171 -0.1918868 0 0.9832539 -0.1822412 0 0.9814171 -0.1918868 0 0.9725256 -0.2327958 0 0.9725256 -0.2327958 0 0.9649956 -0.262266 0 0.9649715 -0.2623548 -0.6732555 0.7222018 -0.1585926 -0.4779088 0.5817108 0.6581914 -0.2114226 0.8437354 -0.4933671 0.09193282 0.6258394 0.774515 -0.2290065 0.8044911 -0.548042 -0.005864801 0.5519589 0.8338507 -0.3287799 0.7866876 -0.5225193 0.09591113 0.569602 0.8163055 0.2308596 -0.8041345 0.547788 0.3327597 -0.7849191 0.5226595 -0.1368514 -0.7820078 0.6080588 -0.09398485 -0.5697265 -0.8164426 0.007820251 -0.5519953 -0.8338105 -0.3287799 0.7866876 -0.5225193 -0.2290065 0.8044912 -0.548042 -0.4496891 -0.5572121 -0.6980647 -0.2114226 0.8437354 -0.4933671 -0.6732556 0.7222018 -0.1585926 -0.9375036 -0.2309308 -0.2603038 -0.4779088 0.5817108 0.6581914 -0.7419043 -0.3719297 0.5578945 -0.7945573 0.309221 -0.5225525 -0.4578951 0.06651363 0.8865146 -0.2718112 0.6824845 0.6784789 -0.4894114 0.839822 -0.2348946 0.3795342 0.5204141 0.7649333 0.04308033 0.7636209 -0.6442262 0.7597445 0.1997439 0.6187817 0.4244584 0.44203 -0.790218 0.7945925 -0.3092393 0.5224881 0.4579338 -0.06651925 -0.8864942 0.4894004 -0.8398032 0.2349847 0.2717936 -0.6824403 -0.6785303 -0.04308033 -0.7636209 0.6442262 -0.3795342 -0.5204141 -0.7649333 -0.4244584 -0.44203 0.790218 -0.7597495 -0.1997421 -0.6187761 -0.4578951 0.06651363 0.8865146 -0.7945573 0.309221 -0.5225525 -0.4894114 0.8398221 -0.2348946 0.04308033 0.7636209 -0.6442261 -0.7945573 0.309221 -0.5225525 0.4244585 0.44203 -0.7902181 -0.7597495 -0.1997421 -0.6187761 -0.3795342 -0.5204141 -0.7649333 0.4579338 -0.06651925 -0.8864942 0.2717936 -0.6824403 -0.6785303 0.1702319 -0.8355192 -0.5224259 0.2897032 -0.9023878 0.3190115 -0.3622908 -0.648205 -0.6697578 -0.1763295 -0.7523358 0.6347432 -0.3422061 -0.6042072 -0.7196031 -0.04498901 -0.7471943 0.6630813 -0.2427738 -0.6363022 -0.7322434 -0.14288 -0.716343 0.6829627 0.3404849 0.6046495 0.7200479 0.2387358 0.6359929 0.733838 0.6537479 0.4188679 0.6302092 0.1409522 0.716491 -0.6832079 0.04108038 0.7473149 -0.663199 -0.2427738 -0.6363022 -0.7322434 -0.3422061 -0.6042072 -0.7196031 0.4617185 0.5262614 -0.7140484 -0.3622908 -0.6482051 -0.6697579 0.1702319 -0.8355192 -0.522426 0.8263812 -0.08811808 -0.5561739 0.2897032 -0.9023877 0.3190115 0.9457161 -0.1546878 0.2858195 0.3759888 -0.411249 -0.8303654 0.5812504 -0.5264523 0.6204804 0.07436007 -0.9138255 0.3992414 -0.05870131 -0.8395575 -0.5400902 -0.3680627 -0.5442626 0.7538621 -0.5735614 -0.4306479 -0.6968284 -0.5689708 -0.07037635 0.8193409 -0.7751216 0.04501475 -0.6302065 -0.3760186 0.4112816 0.8303358 -0.5812927 0.5264798 -0.6204175 0.05869829 0.8395143 0.5401578 -0.07436291 0.9138603 -0.3991612 0.5735614 0.4306479 0.6968284 0.3680891 0.5443017 -0.753821 0.7750703 -0.04501246 0.6302698 0.5690234 0.07038137 -0.819304 0.5812504 -0.5264523 0.6204804 0.3759888 -0.411249 -0.8303654 -0.05870131 -0.8395574 -0.5400901 -0.5735614 -0.4306479 -0.6968284 0.3759888 -0.411249 -0.8303654 -0.7751216 0.04501475 -0.6302065 0.5690233 0.07038137 -0.8193039 0.3680891 0.5443017 -0.753821 -0.5812927 0.5264798 -0.6204175 -0.0743629 0.9138602 -0.3991612 -0.8880834 -0.4596823 0 -0.6013504 -0.718893 -0.3486698 -0.6005201 -0.7198231 0.3481815 -0.3478325 -0.7172168 -0.6038316 -0.3481815 -0.7198231 0.6005201 0 -0.7187397 -0.6952792 0 -0.7197234 0.6942609 0.3481815 -0.7198231 -0.6005201 0.3481815 -0.7198231 0.6005201 0.6005049 -0.7198334 -0.3481865 0.6005049 -0.7198334 0.3481865 0.8880884 -0.4596726 0 0 -0.7196775 -0.6943085 0 0 -1 0.5003387 9.53662e-5 -0.8658297 0.3481815 -0.7198231 -0.6005201 0.8666778 -9.53677e-5 -0.4988684 0.6005049 -0.7198334 -0.3481865 1 0 0 0.8880885 -0.4596727 0 0.8666778 9.53677e-5 0.4988684 0.6005049 -0.7198334 0.3481865 0.5003387 -9.53662e-5 0.8658297 0.3481815 -0.7198231 0.6005201 0 0 1 0 -0.7197234 0.6942609 -0.4988787 -4.76848e-5 0.8666718 -0.3481576 -0.719869 0.6004789 -0.8658297 4.76831e-5 0.5003387 -0.6004789 -0.719869 0.3481576 -1 0 0 -0.8880834 -0.4596823 0 -0.8666718 -9.53697e-5 -0.4988787 -0.6005201 -0.7198231 -0.3481815 -0.4988787 4.76848e-5 -0.8666718 -0.3481576 -0.719869 -0.6004789 0 0 -1 0 -0.7196775 -0.6943085 0 -0.7187397 -0.6952792 0 0.001955077 -0.999998 0.5003387 0 -0.8658297 0.3481815 -0.7198231 -0.6005201 0.8658237 4.76841e-5 -0.5003491 0.6005049 -0.7198334 -0.3481865 1 0 0 0.8880885 -0.4596727 0 0.8658237 -4.76841e-5 0.5003491 0.6005049 -0.7198334 0.3481865 0.5003387 0 0.8658297 0.3481815 -0.7198231 0.6005201 0 0 1 0 -0.7197234 0.6942609 -0.4988787 4.76848e-5 0.8666718 -0.3481815 -0.7198231 0.6005201 -0.8658297 -4.76831e-5 0.5003387 -0.6005201 -0.7198231 0.3481815 -1 0 0 -0.8880834 -0.4596823 0 -0.8653194 0.003957762 -0.5012053 -0.6013504 -0.718893 -0.3486698 -0.3478325 -0.7172168 -0.6038316 -0.4988748 0.00395781 -0.8666651 0 -0.7187397 -0.6952792 0 0.001955077 -0.999998 -0.6005126 -0.7198282 0.348184 -0.8880884 -0.4596726 0 -0.6005125 -0.7198282 -0.348184 -0.3481815 -0.7198231 0.6005201 -0.3481815 -0.7198231 -0.6005201 0 -0.7196776 -0.6943085 0 -0.7196776 0.6943085 0.3481815 -0.7198231 -0.6005201 0.3481815 -0.7198231 0.6005201 0.6005049 -0.7198334 -0.3481865 0.6005049 -0.7198334 0.3481865 0.8880834 -0.4596823 0 -0.8880884 0.4596726 0 -0.6005126 0.7198282 0.348184 -0.6005125 0.7198282 -0.348184 -0.3481815 0.7198231 0.6005201 -0.3481815 0.7198231 -0.6005201 0 0.7196776 0.6943085 0 0.7197234 -0.6942609 0.3481815 0.7198231 0.6005201 0.3481815 0.7198231 -0.6005201 0.6005049 0.7198334 -0.3481865 0.6005049 0.7198334 0.3481865 0.8880834 0.4596823 0 0 -0.7197235 -0.6942609 0 0 -1 0.5003387 9.53662e-5 -0.8658297 0.3482054 -0.7197771 -0.6005613 0.8666778 0 -0.4988684 0.6005049 -0.7198334 -0.3481865 1 0 0 0.8880885 -0.4596727 0 0.8658237 4.76841e-5 0.5003491 0.6005461 -0.7197874 0.3482104 0.4988787 4.76848e-5 0.8666718 0.3482054 -0.7197771 0.6005613 0 0 1 0 -0.7196776 0.6943085 -0.4988787 -4.76848e-5 0.8666718 -0.3481815 -0.7198231 0.6005201 -0.8666778 0 0.4988684 -0.6005049 -0.7198334 0.3481865 -1 0 0 -0.8880885 -0.4596727 0 -0.8666778 -9.53677e-5 -0.4988684 -0.6005461 -0.7197874 -0.3482104 -0.4988787 4.76848e-5 -0.8666718 -0.3482054 -0.7197771 -0.6005613 0 0 -1 0 -0.7197235 -0.6942609 0 -0.7196775 -0.6943085 0 0.7197235 -0.6942609 0.3481815 0.7198231 -0.6005201 0.3481815 -0.7198231 -0.6005201 0.6005049 0.7198334 -0.3481865 0.6005049 -0.7198334 -0.3481865 0.8880834 0.4596823 0 0.8880834 -0.4596823 0 0.6005049 0.7198334 0.3481865 0.6005049 -0.7198334 0.3481865 0.3481815 0.7198231 0.6005201 0.3481815 -0.7198231 0.6005201 0 0.7196776 0.6943085 0 -0.7196776 0.6943085 -0.3481815 0.7198231 0.6005201 -0.3481815 -0.7198231 0.6005201 -0.6005125 0.7198282 0.348184 -0.6005125 -0.7198282 0.348184 -0.8880885 0.4596727 0 -0.8880885 -0.4596727 0 -0.6005125 0.7198282 -0.348184 -0.6005125 -0.7198282 -0.348184 -0.3481815 0.7198231 -0.6005201 -0.3481815 -0.7198231 -0.6005201 0 0.7197235 -0.6942609 0 -0.7196775 -0.6943085 0.938132 0.0802996 -0.3368387 0.9437864 0.07831906 -0.3211439 0.9488981 0.08020335 -0.305221 0.9487599 0.07433867 -0.3071298 0.9502326 0.07233555 -0.3030273 0.9445566 0.0703804 -0.3207172 0.9396996 0.07047985 -0.3346601 0.9105654 0.07047631 -0.407313 0.8495236 0.1820544 0.4951422 0.692659 0.2074115 0.6907995 0.735857 0.2035146 0.6458299 0.4817123 0.2212358 0.8479434 0.3583727 0.2213072 0.9069686 0.08611414 0.2075131 0.9744344 0.08218334 0.3384581 0.9373859 0.005865546 0.5731068 0.8194597 0.001955553 0.3326349 0.9430537 -0.0137088 0.1938781 0.9809299 -0.02741968 0.1840695 0.9825307 -0.2718112 0.6824845 0.6784788 -0.457895 0.06651362 0.8865145 0.3795342 0.5204141 0.7649335 0.7597445 0.1997439 0.6187817 -0.4244585 -0.44203 0.7902181 -0.04308033 -0.7636209 0.6442262 0.7945925 -0.3092393 0.5224881 0.4894004 -0.8398032 0.2349847 0.07436007 -0.9138255 0.3992414 0.5812504 -0.5264523 0.6204804 -0.3680626 -0.5442626 0.7538621 -0.5689709 -0.07037635 0.8193409 0.7750703 -0.04501246 0.6302698 0.5735614 0.4306479 0.6968284 -0.3760187 0.4112816 0.8303359 0.05869828 0.8395142 0.5401577 0.3717676 -0.9118484 -0.1741305 0.8236843 -0.2583491 -0.5047773 0.8734057 -0.3232417 -0.3642488 0.2428042 -0.8340794 -0.4953359 0 -1 0 0.2132906 -0.863033 -0.4579096 0 -1 0 0.6578588 -0.7088301 -0.2545227 0.455674 -0.7333415 -0.5045508 0 -1 0 0.1233117 -0.712404 -0.6908507 0 -1 0 0 -1 0 0 -1 0 0 -1 0 0 -1 0 0 -0.6024539 -0.7981536 0 -1 0 0.06065334 -0.1076215 -0.9923401 -0.6578588 -0.7088301 -0.2545227 -0.455674 -0.7333415 -0.5045508 -0.2132906 -0.863033 -0.4579096 -0.1233117 -0.712404 -0.6908507 -0.2446036 -0.9627272 -0.1154357 -0.2975101 -0.7338806 -0.6106611 -0.8236843 -0.2583491 -0.5047773 -0.8734057 -0.3232417 -0.3642488 -0.06065334 -0.1076215 -0.9923401 -0.3908765 -0.4827184 -0.7837082 -0.455674 -0.7333415 -0.5045508 0 0.2425469 -0.9701397 -0.3403907 -0.7805766 -0.5242465 -0.6578588 -0.7088301 -0.2545227 -0.2132906 -0.863033 -0.4579096 -0.1291713 -0.3113174 -0.9414862 -0.2152939 -0.6282384 -0.7476396 -0.2975101 -0.7338806 -0.6106611 -0.8236843 -0.2583491 -0.5047773 -0.05083088 -0.8096225 -0.5847459 -0.3090101 -0.8390005 -0.4478739 -0.1859262 -0.8220044 -0.5382752 -0.4873391 -0.3052307 -0.8181288 -0.7790101 -0.2974992 -0.5519399 -0.8064435 -0.244751 -0.5382806 -0.7852952 0.4288869 -0.4465059 -0.5108391 0.4208116 -0.7496406 -0.8415747 0.397303 -0.3659269 -0.1095355 0.3031659 -0.9466216 -0.8189542 0.3009921 -0.4885877 -0.8734058 -0.3232417 -0.3642489 -0.7931057 0.2349943 -0.5619262 -0.05669794 0.9250967 -0.3754748 -0.2033657 0.9328594 -0.2973478 -0.510839 0.4208116 -0.7496406 -0.7852953 0.4288869 -0.4465059 0 0.9218265 -0.387603 -0.3188089 0.9309639 -0.1779531 0.05669794 0.9250967 -0.3754748 0 0.9959307 -0.090123 -0.3404091 0.8823745 -0.3248645 -0.8415747 0.397303 -0.3659269 0.1095355 0.3031659 -0.9466216 -0.3210994 0.6617965 -0.6774367 -0.8189542 0.3009921 -0.4885877 -0.7931058 0.2349943 -0.5619262 -0.3033571 0.4951368 -0.8141339 0 0.5578544 -0.8299389 0 0.7516248 -0.659591 0.3210994 0.6617965 -0.6774367 0.3033571 0.4951368 -0.8141339 0.7931058 0.2349943 -0.5619262 0.8189542 0.3009921 -0.4885877 0.8415747 0.397303 -0.3659269 0.3404091 0.8823745 -0.3248645 0.7852953 0.4288869 -0.4465059 0.3188089 0.9309639 -0.1779531 0.2033657 0.9328594 -0.2973478 0.510839 0.4208116 -0.7496406 0.1291713 -0.3113174 -0.9414862 0.5108391 0.4208116 -0.7496406 0.3908765 -0.4827184 -0.7837082 0.455674 -0.7333415 -0.5045508 0.4873391 -0.3052307 -0.8181288 0.7852952 0.4288869 -0.4465059 0.05083088 -0.8096225 -0.5847459 0.3403907 -0.7805766 -0.5242465 0.6578588 -0.7088301 -0.2545227 0.2132906 -0.863033 -0.4579096 0.1859262 -0.8220044 -0.5382752 0.7790101 -0.2974992 -0.5519399 0.8415747 0.397303 -0.3659269 0.3090101 -0.8390005 -0.4478739 0.2152939 -0.6282384 -0.7476396 0.2428043 -0.8340794 -0.4953359 0.8236843 -0.2583491 -0.5047773 0.8064435 -0.244751 -0.5382806 0.8189542 0.3009921 -0.4885877 0.8734058 -0.3232417 -0.3642489 0.7931057 0.2349943 -0.5619262 0.8880884 -0.4596726 0 0.6005049 -0.7198334 0.3481865 0.6005049 -0.7198334 -0.3481865 0.3481815 -0.7198231 -0.6005201 0.3481815 -0.7198231 0.6005201 0 -0.7196775 -0.6943085 0 -0.7197235 0.6942609 -0.3481576 -0.719869 0.6004789 -0.3481576 -0.719869 -0.6004789 -0.6004789 -0.719869 0.3481576 -0.6005201 -0.7198231 -0.3481815 -0.8880834 -0.4596823 0 0.8880884 -0.4596726 0 0.6005461 -0.7197874 0.3482104 0.6005049 -0.7198334 -0.3481865 0.3482054 -0.7197771 -0.6005613 0.3482054 -0.7197771 0.6005613 0 -0.7197235 -0.6942609 0 -0.7196775 0.6943085 -0.3481815 -0.7198231 0.6005201 -0.3482054 -0.7197771 -0.6005613 -0.6005049 -0.7198334 0.3481865 -0.6005461 -0.7197874 -0.3482104 -0.8880884 -0.4596726 0 -0.989602 -0.1329896 0.05478848 -0.03525192 0.775423 0.6304574 -0.01957409 0.8594 0.5109289 -0.9884685 -0.1154882 0.09794086 -0.005865184 0.9743358 0.2250228 0.001955103 -0.7634201 -0.6458994 -0.986451 -0.05478826 0.1546374 -0.01957395 0.9745969 0.2231097 -0.003910095 -0.8675167 -0.4973928 -0.9720324 -0.06065368 0.2268791 0.04498976 0.8098634 0.5848908 -0.009775295 -0.9778156 -0.209239 0.007820125 -0.9738916 -0.226879 -0.9855338 0.03328346 0.1661789 0.1114854 0.4342113 0.8938858 -0.03130433 -0.8061401 -0.5908961 0.9693801 0.09789407 -0.2252088 -0.9169485 0.3988329 0.01173038 0.9916094 0.03910076 -0.1232151 0.9882675 0.003910059 -0.152683 -0.01957395 0.9745969 0.2231097 0.04498976 0.8098634 0.5848908 -0.005865185 0.9743359 0.2250228 -0.01957409 0.8594001 0.5109289 0.9331157 -0.3559654 0.05083176 0.1114854 0.4342113 0.8938858 -0.005865427 0.01373368 0.9998885 -0.03525192 0.775423 0.6304574 0.9875353 0.07429254 -0.1387621 0.6491765 -0.7606151 0.005865191 0.9909831 0.03523813 -0.1292701 -0.3072473 -0.271996 0.9119305 -0.07634213 -0.4364996 -0.8964597 0.4048371 -0.9055089 -0.1271241 -0.446243 -0.2818226 0.8493781 0.03523822 -0.03719325 -0.9986867 0.3148581 0.2444448 -0.9171211 0.2660799 -0.9508302 -0.1585035 -0.4032028 -0.1839589 0.89643 0.1723211 -0.977281 -0.1233998 0.4051243 0.1702323 -0.8982736 0.4440571 0.2621666 -0.8567859 -0.166219 0.9797671 0.1114802 -0.2740106 0.9492199 0.1545952 -0.446243 -0.2818226 0.8493781 -0.4032028 -0.1839589 0.89643 -0.3072473 -0.271996 0.9119305 -0.4146277 0.8996267 0.1369516 -0.005865427 0.01373368 0.9998885 -0.6423262 0.7657084 0.03328337 -0.04300981 -0.8542835 -0.518025 0.6026486 -0.6319978 -0.4872305 0.5778105 -0.5934979 -0.5602635 -0.05676785 -0.9080949 -0.4148989 0.2056636 -0.2272171 -0.9518797 -0.6829185 -0.6105091 -0.4011249 -0.2309299 -0.4051169 -0.8846196 -0.7217176 -0.6532676 -0.2288344 -0.9674881 0.03328273 -0.2507172 -0.6483732 -0.2330844 -0.7247647 -0.9994923 0.02150523 -0.02350793 -0.8021668 0.197609 -0.5634528 -0.6908904 0.7026206 -0.1702788 -0.594889 0.6301265 -0.4990469 -0.6905215 0.7198704 0.07047549 0.01955047 0.9995775 -0.02150552 -0.01761877 0.9704391 -0.2407024 -0.1506759 0.8081188 -0.5694215 0.6830611 0.6928601 -0.2310249 0.6262245 0.6731942 -0.3932589 0.2681271 0.6263293 -0.731997 0.9087447 0.01566472 -0.4170583 0.8562664 0.0215056 -0.5160868 0.4131401 0.1977484 -0.8889381 0.6026486 -0.6319978 -0.4872305 0.5778105 -0.5934979 -0.5602635 0.2056636 -0.227217 -0.9518796 -0.04501225 0.8260512 -0.5617949 0.5654811 0.5713462 -0.5948066 0.5967614 0.6221539 -0.5067548 -0.05874754 0.8967583 -0.4386038 0.2075234 0.2271218 -0.9514987 -0.6674184 0.5793957 -0.4678175 -0.2290636 0.4052957 -0.8850228 -0.7187162 0.6422763 -0.2663236 -0.9301285 -0.04701665 -0.3642122 -0.6483732 0.2330844 -0.7247647 -0.996185 -0.02927852 -0.08220874 -0.8021454 -0.1976038 -0.5634854 -0.6632211 -0.6789088 -0.3149931 -0.5949032 -0.6301415 -0.499011 -0.690264 -0.723547 -0.003910034 0.01759636 -0.9964595 -0.08221173 -0.1487703 -0.8083665 -0.569571 -0.02546448 -0.9339836 -0.3564073 0.2681271 -0.6263292 -0.731997 0.6736503 -0.6893854 -0.2663513 0.5966448 -0.6591608 -0.457736 0.8992569 -0.02164874 -0.4368849 0.4131401 -0.1977484 -0.8889381 0.8319365 -0.03128047 -0.5539885 0.5967613 0.6221539 -0.5067548 0.2075234 0.2271218 -0.9514987 0.5654811 0.5713462 -0.5948066 0.04300981 -0.8542835 -0.518025 -0.5778105 -0.5934979 -0.5602635 -0.6026486 -0.6319978 -0.4872305 0.05676785 -0.9080949 -0.4148989 -0.2056636 -0.2272171 -0.9518797 0.6829185 -0.6105091 -0.4011249 0.2309299 -0.4051169 -0.8846196 0.7217176 -0.6532676 -0.2288344 0.9674881 0.03328273 -0.2507172 0.6483732 -0.2330844 -0.7247647 0.9994923 0.02150523 -0.02350793 0.8021668 0.197609 -0.5634528 0.6908904 0.7026206 -0.1702788 0.5948711 0.6301553 -0.4990318 0.6905215 0.7198704 0.07047549 -0.01955047 0.9995775 -0.02150552 0.01761877 0.9704391 -0.2407024 0.1506759 0.8081188 -0.5694215 -0.6830611 0.6928601 -0.2310249 -0.6262245 0.6731942 -0.3932589 -0.2681271 0.6263293 -0.731997 -0.9087447 0.01566472 -0.4170583 -0.8562664 0.0215056 -0.5160868 -0.4131401 0.1977484 -0.8889381 -0.6026486 -0.6319978 -0.4872305 -0.5778105 -0.5934979 -0.5602635 -0.2056636 -0.227217 -0.9518796 0.04501225 0.8260512 -0.5617949 -0.5967614 0.6221539 -0.5067548 -0.5654811 0.5713462 -0.5948066 0.05874754 0.8967583 -0.4386038 -0.2075234 0.2271218 -0.9514987 0.6674184 0.5793957 -0.4678175 0.2290636 0.4052957 -0.8850228 0.7187162 0.6422763 -0.2663236 0.9301285 -0.04701665 -0.3642122 0.6483732 0.2330844 -0.7247647 0.996185 -0.02927852 -0.08220874 0.8021454 -0.1976038 -0.5634854 0.6632211 -0.6789088 -0.3149931 0.5949032 -0.6301415 -0.499011 0.690264 -0.723547 -0.003910034 -0.01759469 -0.9964603 -0.08220393 0.1487703 -0.8083665 -0.569571 0.02546448 -0.9339836 -0.3564073 -0.2681271 -0.6263292 -0.731997 -0.6736503 -0.6893854 -0.2663513 -0.5966448 -0.6591608 -0.457736 -0.8992569 -0.02164874 -0.4368849 -0.4131401 -0.1977484 -0.8889381 -0.8319365 -0.03128047 -0.5539885 -0.5967613 0.6221539 -0.5067548 -0.2075234 0.2271218 -0.9514987 -0.5654811 0.5713462 -0.5948066 -0.06462712 -0.9144784 0.3994405 -0.09775622 0.9952104 0 0.3950946 0.8136487 0.4264694 0.4973939 -0.589525 0.6364429 0.2327355 0.8116297 0.5358091 -0.3950945 -0.8136486 -0.4264694 -0.3167307 -0.942396 -0.1075716 0.3737789 -0.5869445 0.718182 0.2738369 0.8175289 0.5066161 -0.4974498 0.5894006 -0.6365144 -0.3578607 0.8095201 -0.4654168 -0.09775622 0.9952104 0 0.3950946 0.8136488 0.4264694 0.2327355 0.8116297 0.5358091 -0.3715025 0.5866607 -0.7195938 0.2738369 0.8175289 0.5066161 -0.2327355 -0.8116297 -0.5358091 -0.3912422 0.5830726 -0.7120084 0.5954905 0.7814934 0.1861698 0.3682767 -0.5798582 0.7267302 0.5954905 0.7814934 0.1861698 -0.2955186 -0.8181833 -0.4931986 -0.5109782 0.5737299 -0.6401056 0.5012297 -0.5776836 0.6442441 -0.6046777 -0.7749563 -0.1838685 -0.6086447 0.5811784 -0.5401698 0.7609434 0.6025178 -0.240702 -0.7595292 -0.6088059 0.2290651 0.615918 -0.5847586 0.5279229 0.7609434 0.6025178 -0.240702 -0.7395963 -0.6496203 0.1760421 -0.6622079 0.6210554 -0.4192505 0.7376336 0.6553988 -0.1623238 0.6561062 -0.6168834 0.4347177 0.7376336 0.6553988 -0.1623238 -0.4893665 -0.8162148 -0.3071058 -0.5767245 0.623553 -0.5277978 0.5048658 0.8081669 0.3032771 0.06061895 0.7900018 0.6101004 0.5908899 -0.6162324 0.5206792 0.5048658 0.8081669 0.3032771 0.06061895 0.7900018 0.6101004 -0.4711254 0.5590561 -0.6822735 -0.02155259 0.7713158 0.6360877 0.4969713 -0.5596291 0.6632006 -0.02155259 0.7713158 0.6360877 -0.03328751 -0.7849749 -0.6186327 -0.4909915 0.5556019 -0.6709947 0.5201972 0.811601 0.2658923 0.4501401 -0.5559404 0.6987876 0.5201972 0.811601 0.2658923 -0.0175956 -0.7799285 -0.6256213 -0.4915326 0.5423216 -0.6813833 0.4753276 -0.5573463 0.680756 -0.538149 -0.7963747 -0.276013 -0.5399333 0.4579229 -0.7062427 0.807689 0.490936 -0.3265278 -0.8085974 -0.5109941 0.2916424 0.5676275 -0.4737859 0.6732948 0.807689 0.490936 -0.3265278 -0.8025571 -0.4814389 0.3523049 -0.5994589 0.49761 -0.6269237 0.8038759 0.5163346 -0.2952664 0.5540928 -0.4697867 0.6872275 0.8038759 0.5163346 -0.2952664 -0.5537469 -0.802225 -0.2231581 -0.5973523 0.5700331 -0.5641211 0.5165374 0.8021994 0.299442 -0.07633231 0.7300439 0.6791239 0.5618227 -0.5403644 0.6263878 0.5165374 0.8021994 0.299442 -0.07633231 0.7300439 0.6791239 -0.6318452 0.4852205 -0.6044276 -0.1271807 0.6905048 0.7120593 0.6383626 -0.4856267 0.5972102 -0.1271807 0.6905048 0.7120593 0.08215231 -0.7277846 -0.6808676 -0.6968214 0.457967 -0.552002 0.4750837 0.8114324 0.3404011 0.6975439 -0.4585127 0.5506349 0.4750837 0.8114324 0.3404011 0.1271639 -0.6906046 -0.7119654 -0.657089 0.5436006 -0.522238 0.6671057 -0.5497065 0.502785 -0.4620239 -0.8104612 -0.3601202 -0.622227 0.403215 -0.6710076 0.8156089 0.4263063 -0.39121 -0.8164589 -0.4366019 0.3778542 0.6337783 -0.4106304 0.655521 0.8156089 0.4263063 -0.39121 -0.8177366 -0.3639259 0.4459427 -0.5869057 0.3423497 -0.7337155 0.819483 0.3696614 -0.4379477 0.5817187 -0.337043 0.7402739 0.819483 0.3696614 -0.4379477 -0.616899 -0.7735794 -0.1449508 -0.4343928 0.5224157 -0.7337471 0.6341054 0.7613652 0.1350317 0.07246938 0.7988795 0.5971096 0.4559109 -0.5205233 0.7219424 0.6341054 0.7613652 0.1350317 0.07246938 0.7988795 0.5971096 -0.4145676 0.5495143 -0.7253742 -0.1622993 0.6162032 0.7706832 0.4337597 -0.553046 0.7113315 -0.1622993 0.6162032 0.7706832 -0.05484526 -0.7945409 -0.6047286 -0.6926144 0.4990562 -0.5207957 0.1859533 0.6185094 0.7634577 0.6356623 -0.5123817 0.5774066 0.1859533 0.6185094 0.7634577 0.1018494 -0.6303602 -0.7695926 -0.8610722 0.5048751 -0.06046293 0.842894 -0.5317919 0.08201955 0.6734357 0.7048137 0.2229844 -0.2444518 -0.615946 -0.7489018 -0.7225913 0.6463082 0.24525 0.6734357 0.7048137 0.2229844 -0.669471 -0.7047564 -0.2347917 0.7222157 -0.6439192 -0.2525323 0.6615277 0.6557105 -0.3639022 -0.5403156 0.7595892 0.3620543 0.6615277 0.6557105 -0.3639022 -0.6676065 -0.6557804 0.3524963 -0.4406038 0.8030051 0.4013118 0.4912348 0.5929913 -0.6380045 -0.5005152 -0.5943618 0.629459 0.5297889 -0.7625908 -0.371186 0.4302714 -0.8038981 -0.4106269 0.4912348 0.5929913 -0.6380045 0.06462712 -0.9144784 0.3994405 -0.3950946 0.8136487 0.4264694 0.09775622 0.9952104 0 -0.4973939 -0.589525 0.6364429 -0.2327355 0.8116297 0.5358091 0.3950945 -0.8136486 -0.4264694 0.3167307 -0.942396 -0.1075716 -0.3737789 -0.5869445 0.718182 -0.2738369 0.8175289 0.5066161 0.4974498 0.5894006 -0.6365144 0.3578607 0.8095201 -0.4654168 0.09775622 0.9952104 0 -0.3950946 0.8136488 0.4264694 -0.2327355 0.8116297 0.5358091 0.3715025 0.5866607 -0.7195938 -0.2738369 0.8175289 0.5066161 0.2327355 -0.8116297 -0.5358091 0.3912422 0.5830726 -0.7120084 -0.5954905 0.7814934 0.1861698 -0.3682767 -0.5798582 0.7267302 -0.5954905 0.7814934 0.1861698 0.2955186 -0.8181833 -0.4931986 0.5109782 0.5737299 -0.6401056 -0.5012297 -0.5776836 0.6442441 0.6046777 -0.7749563 -0.1838685 0.6086447 0.5811784 -0.5401698 -0.7609434 0.6025178 -0.240702 0.7595292 -0.6088059 0.2290651 -0.615918 -0.5847586 0.5279229 -0.7609434 0.6025178 -0.240702 0.7395963 -0.6496203 0.1760421 0.6622079 0.6210554 -0.4192505 -0.7376336 0.6553988 -0.1623238 -0.6561062 -0.6168834 0.4347177 -0.7376336 0.6553988 -0.1623238 0.4893665 -0.8162148 -0.3071058 0.5767245 0.623553 -0.5277978 -0.5048658 0.8081669 0.3032771 -0.06061895 0.7900018 0.6101004 -0.5908899 -0.6162324 0.5206792 -0.5048658 0.8081669 0.3032771 -0.06061895 0.7900018 0.6101004 0.4711254 0.5590561 -0.6822735 0.02155259 0.7713158 0.6360877 -0.4969713 -0.5596291 0.6632006 0.02155259 0.7713158 0.6360877 0.03328751 -0.7849749 -0.6186327 0.4909915 0.5556019 -0.6709947 -0.5201972 0.811601 0.2658923 -0.4501401 -0.5559404 0.6987876 -0.5201972 0.811601 0.2658923 0.0175956 -0.7799285 -0.6256213 0.4915326 0.5423216 -0.6813833 -0.4753276 -0.5573463 0.680756 0.538149 -0.7963747 -0.276013 0.5399333 0.4579229 -0.7062427 -0.807689 0.490936 -0.3265278 0.8085974 -0.5109941 0.2916424 -0.5676275 -0.4737859 0.6732948 -0.807689 0.490936 -0.3265278 0.8025571 -0.4814389 0.3523049 0.5994589 0.49761 -0.6269237 -0.8038759 0.5163346 -0.2952664 -0.5540928 -0.4697867 0.6872275 -0.8038759 0.5163346 -0.2952664 0.5973523 0.5700331 -0.5641211 -0.5165374 0.8021994 0.299442 0.07633231 0.7300439 0.6791239 0.5537469 -0.802225 -0.2231581 0.6318452 0.4852205 -0.6044276 0.1271807 0.6905048 0.7120593 -0.5618227 -0.5403644 0.6263878 -0.5165374 0.8021994 0.299442 0.07633231 0.7300439 0.6791239 -0.6383626 -0.4856267 0.5972102 0.1271807 0.6905048 0.7120593 -0.08215231 -0.7277846 -0.6808676 -0.6975439 -0.4585127 0.5506349 -0.4750837 0.8114324 0.3404011 0.6968214 0.457967 -0.552002 -0.4750837 0.8114324 0.3404011 -0.1271639 -0.6906046 -0.7119654 -0.6671057 -0.5497065 0.502785 0.657089 0.5436006 -0.522238 0.4620239 -0.8104612 -0.3601202 -0.6337783 -0.4106304 0.655521 -0.8156089 0.4263063 -0.39121 0.8164589 -0.4366019 0.3778542 0.622227 0.403215 -0.6710076 -0.8156089 0.4263063 -0.39121 0.8177366 -0.3639259 0.4459427 -0.5817187 -0.337043 0.7402739 -0.819483 0.3696614 -0.4379477 0.5869057 0.3423497 -0.7337155 -0.819483 0.3696614 -0.4379477 0.616899 -0.7735794 -0.1449508 -0.4559109 -0.5205233 0.7219424 -0.6341054 0.7613652 0.1350317 -0.07246938 0.7988795 0.5971096 0.4343928 0.5224157 -0.7337471 -0.6341054 0.7613652 0.1350317 -0.07246938 0.7988795 0.5971096 -0.4337597 -0.553046 0.7113315 0.1622993 0.6162032 0.7706832 0.4145676 0.5495143 -0.7253742 0.1622993 0.6162032 0.7706832 0.05484526 -0.7945409 -0.6047286 -0.6356623 -0.5123817 0.5774066 -0.1859533 0.6185094 0.7634577 0.6926144 0.4990562 -0.5207957 -0.1859533 0.6185094 0.7634577 -0.1018494 -0.6303602 -0.7695926 -0.842894 -0.5317919 0.08201955 -0.6734357 0.7048137 0.2229844 0.8610722 0.5048751 -0.06046293 0.2444518 -0.615946 -0.7489018 0.7225913 0.6463082 0.24525 -0.6734357 0.7048137 0.2229844 0.669471 -0.7047564 -0.2347917 -0.7222157 -0.6439192 -0.2525323 -0.6615277 0.6557105 -0.3639022 0.5403156 0.7595892 0.3620543 -0.6615277 0.6557105 -0.3639022 0.6676065 -0.6557804 0.3524963 0.4406038 0.8030051 0.4013118 -0.4912348 0.5929913 -0.6380045 0.5005152 -0.5943618 0.629459 -0.5297889 -0.7625908 -0.371186 -0.4302714 -0.8038981 -0.4106269 -0.4912348 0.5929913 -0.6380045 -0.09775622 0.9952104 0 -0.06462712 -0.9144784 0.3994405 -0.7046796 0.6852415 -0.1840406 -0.6990457 -0.7146921 0.02346067 -0.6767218 0.6709703 -0.3030619 -0.6140449 -0.7547718 -0.2307996 -0.5637953 0.6264074 -0.5382831 0.7047719 -0.6851401 0.1840646 -0.4562108 -0.7871574 -0.4150362 -0.2073473 0.551591 -0.8079321 0.6888127 -0.6712052 0.273899 0.6002626 -0.6315316 0.4907674 -0.3620798 -0.8141223 -0.4539858 0.262106 -0.559401 0.7863656 -0.4184538 -0.7703879 -0.4810395 0.2759815 0.3757641 -0.8846669 -0.2482886 -0.3831488 0.8896909 0.4130567 0.8045593 0.4266949 0.496814 0.7823902 0.3755549 0.6300595 0.749404 0.2035159 -0.5637953 0.6264074 -0.5382831 -0.6767218 0.6709703 -0.3030619 -0.2073473 0.551591 -0.8079322 -0.7046796 0.6852415 -0.1840406 0.4498774 0.7609808 0.4674596 0.2759815 0.3757641 -0.8846669 0.6989952 0.7146763 -0.02536748 -0.09775623 0.9952104 0 0.7061862 -0.6867627 0.1722151 -0.3167307 -0.942396 -0.1075716 0.7062787 -0.6866619 0.1722377 0.7067729 0.6969621 -0.1213103 -0.3578607 0.8095201 -0.4654168 0.7067728 0.6969621 -0.1213103 0.4012244 0.7730517 0.4913351 0.2308902 0.4010838 -0.8864658 -0.2446166 -0.3973187 0.8844776 0.3876106 0.818191 0.4246428 -0.3698067 0.5870372 -0.72016 -0.744898 0.600248 -0.2912548 -0.4166213 -0.7687803 -0.4851841 0.2308902 0.4010838 -0.8864658 0.3679883 -0.5950754 0.7144719 -0.3891803 -0.813554 -0.4320516 -0.3698067 0.5870372 -0.72016 -0.744898 0.600248 -0.2912548 -0.4848291 -0.7997929 -0.3539379 -0.7511877 0.6082748 -0.2563566 0.5008804 0.7982424 0.3345561 -0.7511877 0.6082748 -0.2563566 0.7531869 -0.6007568 0.2679566 -0.5418612 -0.7883179 -0.2914468 -0.326755 0.5439796 -0.7728631 0.5304634 0.7907957 0.3053699 -0.326755 0.5439796 -0.7728631 0.7454256 -0.6085848 0.2719655 -0.6360453 -0.7144305 -0.2916082 0.6211812 0.7191044 0.3114848 0.3091967 -0.534234 0.7867602 -0.700277 -0.6082689 -0.3736591 0.2973993 0.2426309 -0.9234089 -0.2955978 -0.2428108 0.9239399 0.702563 0.6066993 0.3719157 0.2973993 0.2426309 -0.9234089 -0.2799002 -0.2937283 0.913991 -0.5849568 -0.6887118 -0.4283707 0.2701779 0.2956412 -0.916297 0.5736065 0.6930959 0.4365703 0.2701779 0.2956412 -0.916297 0.346304 -0.5772051 0.7395322 -0.4634374 -0.7881439 -0.405037 -0.3423204 0.5671322 -0.749118 -0.7845949 0.5849891 -0.2054233 0.4676176 0.7925853 0.3913341 -0.3423204 0.5671322 -0.749118 -0.7845949 0.5849891 -0.2054233 -0.4618433 -0.7711056 -0.4382886 -0.7790418 0.5930198 -0.2035227 0.4856046 0.7713975 0.4112594 -0.7790418 0.5930198 -0.2035227 0.7931527 -0.5834796 0.1745289 -0.4853061 -0.7652391 -0.4229505 -0.217313 0.5638598 -0.7967668 0.4794316 0.7670524 0.4263521 -0.217313 0.5638598 -0.7967668 0.7766472 -0.5948462 0.2073094 -0.5204293 -0.7474346 -0.4129105 0.529849 0.7409877 0.4125499 0.2310875 -0.5581197 0.7969323 -0.5654122 -0.6183391 -0.5458626 0.5028143 0.2561759 -0.8255615 -0.4857123 -0.2605214 0.8343933 0.5868945 0.6085889 0.5340173 0.5028143 0.2561759 -0.8255615 -0.5622 -0.2409428 0.7911243 -0.5440311 -0.610688 -0.5754046 0.5513207 0.2445228 -0.7976555 0.5284945 0.6167438 0.5833702 0.5513207 0.2445228 -0.7976555 -0.0684732 -0.4579502 0.8863369 -0.5717628 -0.7262933 -0.3815567 0.03132324 0.46551 -0.8844881 0.5419566 0.7396472 0.3990051 0.03132324 0.46551 -0.8844881 0.5417151 -0.6357192 0.5499144 0.5943981 0.754764 0.2775288 -0.5596846 0.6398847 -0.5265937 0.6401787 0.6754184 0.3660344 -0.7569292 0.6513577 0.05283341 -0.6105201 -0.7494287 -0.2561677 -0.5596845 0.6398847 -0.5265936 -0.7569292 0.6513577 0.05283341 0.7553555 -0.6537547 -0.04519833 -0.6454411 -0.674814 -0.3578155 -0.7980967 0.571227 0.1916805 0.5832655 0.643919 0.4951463 -0.7980967 0.571227 0.1916805 -0.8378038 0.5344093 -0.1117644 -0.5850264 -0.643672 -0.4933865 -0.8378038 0.5344093 -0.1117644 0.798346 -0.5713915 -0.1901459 -0.4009412 -0.7412407 -0.5383387 -0.5889052 0.5535679 -0.5888575 0.3208399 0.7357191 0.5964723 -0.5889052 0.553568 -0.5888575 0.8162506 -0.5462332 0.1880537 0 -0.8139912 -0.5808772 -0.001955075 0.5533339 -0.8329573 -0.03719097 0.7865414 0.6164166 0.5458066 -0.5320709 0.6472988 -0.3170066 0.8003367 0.508889 -0.001955075 0.5533339 -0.8329573 0.04306231 -0.5501292 0.8339685 0.3505308 -0.790995 -0.5014531 0.3306527 0.5655801 -0.7555052 -0.4166839 0.8059002 0.4205942 0.3306527 0.5655801 -0.7555051 0.4912348 0.5929913 -0.6380045 -0.4406038 0.8030051 0.4013118 -0.5005152 -0.5943618 0.629459 -0.3208932 -0.5635896 0.7611796 0.4302714 -0.803898 -0.4106269 0.4264047 -0.8039793 -0.4144832 0.4912348 0.5929913 -0.6380045 0.09775622 0.9952104 0 0.7046796 0.6852415 -0.1840406 0.06462712 -0.9144784 0.3994405 0.6990457 -0.7146921 0.02346067 0.6767218 0.6709703 -0.3030619 0.6140449 -0.7547718 -0.2307996 0.5637953 0.6264074 -0.5382831 -0.7047719 -0.6851401 0.1840646 0.4562108 -0.7871574 -0.4150362 0.2073473 0.551591 -0.8079321 -0.6888127 -0.6712052 0.273899 -0.6002626 -0.6315316 0.4907674 0.3620798 -0.8141223 -0.4539858 -0.262106 -0.559401 0.7863656 0.4184538 -0.7703879 -0.4810395 -0.2759815 0.3757641 -0.8846669 0.2482886 -0.3831488 0.8896909 -0.4130567 0.8045593 0.4266949 0.4166213 -0.7687803 -0.4851841 -0.2308902 0.4010838 -0.8864658 0.2446166 -0.3973187 0.8844776 0.3891803 -0.813554 -0.4320516 0.3698067 0.5870372 -0.72016 0.744898 0.600248 -0.2912548 -0.3679883 -0.5950754 0.7144719 0.4848291 -0.7997929 -0.3539379 0.7511877 0.6082748 -0.2563566 -0.4498774 0.7609808 0.4674596 0.5418612 -0.7883179 -0.2914468 0.326755 0.5439796 -0.7728631 -0.7531869 -0.6007568 0.2679566 0.6360453 -0.7144305 -0.2916082 -0.4012244 0.7730517 0.4913351 -0.7454256 -0.6085848 0.2719655 -0.2759815 0.3757641 -0.8846669 0.2073473 0.551591 -0.8079322 -0.2308902 0.4010838 -0.8864658 0.5637953 0.6264074 -0.5382831 -0.3876106 0.818191 0.4246428 0.3698067 0.5870372 -0.72016 0.744898 0.600248 -0.2912548 -0.5008804 0.7982424 0.3345561 0.7511877 0.6082748 -0.2563566 -0.5304634 0.7907957 0.3053699 0.326755 0.5439796 -0.7728631 -0.6211812 0.7191044 0.3114848 -0.3091967 -0.534234 0.7867602 -0.702563 0.6066993 0.3719157 -0.2973993 0.2426309 -0.9234089 0.2955978 -0.2428108 0.9239399 0.700277 -0.6082689 -0.3736591 -0.2973993 0.2426309 -0.9234089 0.2799002 -0.2937283 0.913991 -0.5736065 0.6930959 0.4365703 -0.2701779 0.2956412 -0.916297 0.5849568 -0.6887118 -0.4283707 -0.2701779 0.2956412 -0.916297 -0.346304 -0.5772051 0.7395322 -0.4676176 0.7925853 0.3913341 0.3423204 0.5671322 -0.749118 0.7845949 0.5849891 -0.2054233 0.4634374 -0.7881439 -0.405037 0.3423204 0.5671322 -0.749118 0.7845949 0.5849891 -0.2054233 -0.4856046 0.7713975 0.4112594 0.7790418 0.5930198 -0.2035227 0.4618433 -0.7711056 -0.4382886 0.7790418 0.5930198 -0.2035227 -0.7931527 -0.5834796 0.1745289 -0.4794316 0.7670524 0.4263521 0.217313 0.5638598 -0.7967668 0.4853061 -0.7652391 -0.4229505 0.217313 0.5638598 -0.7967668 -0.7766472 -0.5948462 0.2073094 -0.529849 0.7409877 0.4125499 0.5204293 -0.7474346 -0.4129105 -0.2310875 -0.5581197 0.7969323 -0.5868945 0.6085889 0.5340173 -0.5028143 0.2561759 -0.8255615 0.4857123 -0.2605214 0.8343933 0.5654122 -0.6183391 -0.5458626 -0.5028143 0.2561759 -0.8255615 0.5622 -0.2409428 0.7911243 -0.5284945 0.6167438 0.5833702 -0.5513207 0.2445228 -0.7976555 0.5440311 -0.610688 -0.5754046 -0.5513207 0.2445228 -0.7976555 0.0684732 -0.4579502 0.8863369 -0.5419566 0.7396472 0.3990051 -0.03132324 0.46551 -0.8844881 0.5717628 -0.7262933 -0.3815567 -0.03132324 0.46551 -0.8844881 -0.5417151 -0.6357192 0.5499144 -0.5943981 0.754764 0.2775288 0.5596846 0.6398847 -0.5265937 0.6105201 -0.7494287 -0.2561677 0.5596845 0.6398847 -0.5265936 0.7569292 0.6513577 0.05283341 -0.6401787 0.6754184 0.3660344 0.7569292 0.6513577 0.05283341 -0.7553555 -0.6537547 -0.04519833 0.6454411 -0.674814 -0.3578155 0.7980967 0.571227 0.1916805 -0.5832655 0.643919 0.4951463 0.7980967 0.571227 0.1916805 0.8378038 0.5344093 -0.1117644 -0.798346 -0.5713915 -0.1901459 0.5850264 -0.643672 -0.4933865 0.8378038 0.5344093 -0.1117644 -0.3208399 0.7357191 0.5964723 0.5889052 0.553568 -0.5888575 0.4009412 -0.7412407 -0.5383387 0.5889052 0.5535679 -0.5888575 -0.8162506 -0.5462332 0.1880537 0.03719097 0.7865414 0.6164166 0 -0.8139912 -0.5808772 0.001955075 0.5533339 -0.8329573 -0.5458066 -0.5320709 0.6472988 0.3170066 0.8003367 0.508889 0.001955075 0.5533339 -0.8329573 -0.04306231 -0.5501292 0.8339685 -0.3505308 -0.790995 -0.5014531 -0.3306527 0.5655801 -0.7555052 0.4166839 0.8059002 0.4205942 -0.3306527 0.5655801 -0.7555051 -0.4912348 0.5929913 -0.6380045 0.4406038 0.8030051 0.4013118 0.5005152 -0.5943618 0.629459 0.3208932 -0.5635896 0.7611796 -0.4302714 -0.803898 -0.4106269 -0.4264047 -0.8039793 -0.4144832 -0.4912348 0.5929913 -0.6380045 0.05674461 -0.1545456 -0.9863548 0.08025173 0.1800538 -0.9803777 0.3345713 0.2054536 -0.9197015 0.3368944 -0.1782465 -0.9245164 0.6386583 0.2292265 -0.7345548 0.6657398 -0.1526786 -0.730397 0.8856293 -0.1368596 -0.4437684 0.8544487 0.2424729 -0.4594826 0.2428031 -0.7128167 -0.657981 0.9743137 -0.12713 -0.1858787 0.9467121 0.246477 -0.2073287 0.4876171 -0.6991435 -0.5229034 0.6501687 -0.6912751 -0.3153085 0.9884373 -0.1233997 -0.0881154 0.9587207 0.2563106 -0.1231244 0.7204554 -0.6813573 -0.1292147 0.1251712 -0.9856339 -0.1133932 0.9912087 -0.1213024 -0.05283141 0.9573559 0.2584484 -0.1291288 0.1584137 -0.9853887 -0.06256437 0.06842604 -0.9856212 -0.154495 -0.2014334 -0.9307709 0.3051067 0.1446685 -0.9894106 -0.01172988 -0.277859 -0.9508061 0.1369741 0.734517 -0.6777736 -0.0332831 -0.3208449 -0.943033 0.08801896 0.7396192 -0.6712453 0.04892014 0.205397 -0.977972 0.03718887 0.2073276 -0.9699767 0.1271241 -0.3988239 -0.9052216 0.1466741 -0.2761215 -0.9223439 0.2702567 -0.3033165 -0.9392751 0.1605036 -0.1154534 -0.9195263 0.3756886 0.1349455 -0.9816208 0.1349455 0.1916514 -0.9757576 0.1056729 0.1350985 -0.9810259 0.1390566 -0.2544197 -0.9530126 0.1644309 0.2113145 -0.9628348 0.1682124 0.2153146 -0.9492916 0.2290966 -0.2797428 -0.9391195 0.1994961 0.1916311 -0.9484764 0.2523294 -0.3717267 -0.905762 0.2035056 -0.2466337 -0.9628824 0.1096786 -0.03915005 -0.9985408 -0.03719493 0.2191687 -0.9392398 0.264185 0.2016051 -0.9513779 0.2328854 -0.2308595 -0.9451793 0.2309548 0.74183 -0.6576243 0.1312197 0.2034256 -0.9172751 0.3423807 0.9928793 -0.1174937 -0.01964587 0.9584652 0.2543509 -0.1290351 0.7397625 -0.6204582 0.2603521 0.9918633 -0.09384552 0.08602507 0.9605209 0.2738896 -0.04882712 0.1919012 -0.8750009 0.4444631 0.6693099 -0.5556283 0.493256 0.925979 -0.03528447 0.3759227 0.9153374 0.3325119 0.2271418 0.117483 -0.8281029 0.5481271 0.4773888 -0.4892139 0.7299109 0.710764 0.02346007 0.7030393 0.7291337 0.3890747 0.5630141 -0.1664289 -0.982932 0.07839802 0.0156407 -0.788711 0.6145651 -0.05669594 -0.9912491 0.1192093 0.2211705 -0.4539765 0.8631275 -0.01173115 -0.7887532 0.614598 0.02546262 -0.9712033 -0.2368882 0.005865521 -0.9991415 -0.04101096 0.05869322 -0.9491996 -0.3091526 0.1878229 -0.9373266 0.2934986 0 -0.7784251 0.6277375 0.0509055 -0.9337046 -0.3544072 0.1271281 -0.9622822 0.2405229 0.04897021 -0.9794042 0.1958808 0.007819878 -0.9994186 -0.0331868 0.02151589 -0.9250043 -0.3793471 0 -0.9843816 0.1760481 0.003910528 -0.99976 -0.0215556 0 -0.7784251 0.6277375 0 -0.9194014 -0.3933207 0 -0.9998071 -0.0196452 -0.02151589 -0.9250043 -0.3793471 -0.04897021 -0.9794042 0.1958808 0 -0.778425 0.6277375 -0.003910528 -0.99976 -0.0215556 -0.0509055 -0.9337046 -0.3544072 -0.1271281 -0.9622822 0.2405229 -0.1878229 -0.9373266 0.2934986 -0.05869322 -0.9491996 -0.3091526 -0.2191687 -0.9392398 0.264185 -0.007819878 -0.9994186 -0.0331868 0 -0.7784251 0.6277375 -0.005865521 -0.9991415 -0.04101096 0 -0.7784251 0.6277375 -0.02546262 -0.9712033 -0.2368882 0.03915005 -0.9985408 -0.03719493 -0.1916311 -0.9484764 0.2523294 0.05669594 -0.9912491 0.1192093 0.01173115 -0.7887532 0.614598 0 -0.4542942 0.8908517 0 -0.4542942 0.8908517 -0.04701357 -0.4506818 0.8914458 0 -0.4542942 0.8908517 -0.0156407 -0.788711 0.6145651 0 0.03509288 0.9993841 0.1664289 -0.982932 0.07839802 -0.2211705 -0.4539765 0.8631275 0.2466337 -0.9628824 0.1096786 -0.09594445 0.04101005 0.9945415 0.2797428 -0.9391195 0.1994961 -0.2153146 -0.9492916 0.2290966 -0.1057237 0.4130713 0.9045412 0 0.4028888 0.915249 -0.4111413 0.4209644 0.8085492 -0.1057237 0.4130713 0.9045412 0 0.03509288 0.9993841 0 0.4028888 0.915249 0 0.03509288 0.9993841 0 0.4028888 0.915249 0 0.4028888 0.915249 0 0.03509288 0.9993841 0 0.4028888 0.915249 0 -0.4542942 0.8908517 0 0.03509288 0.9993841 0.1057237 0.4130713 0.9045412 0.09594445 0.04101005 0.9945415 0 -0.4542942 0.8908517 0.04701357 -0.4506818 0.8914458 0.4111413 0.4209644 0.8085492 0.1057237 0.4130713 0.9045412 0.3854712 0.04501296 0.9216213 -0.3854712 0.04501296 0.9216213 -0.7291337 0.3890747 0.5630141 -0.710764 0.02346007 0.7030393 -0.9153374 0.3325119 0.2271418 -0.4773888 -0.4892139 0.7299109 -0.925979 -0.03528447 0.3759227 -0.9605209 0.2738896 -0.04882712 -0.117483 -0.8281029 0.5481271 -0.6693099 -0.5556283 0.493256 -0.9918633 -0.09384552 0.08602507 -0.9584652 0.2543509 -0.1290351 -0.1919012 -0.8750009 0.4444631 -0.9928793 -0.1174937 -0.01964587 -0.9573559 0.2584484 -0.1291288 -0.7397625 -0.6204582 0.2603521 -0.9912087 -0.1213024 -0.05283141 -0.9587207 0.2563106 -0.1231244 -0.74183 -0.6576243 0.1312197 -0.9884373 -0.1233997 -0.0881154 -0.9467121 0.246477 -0.2073287 -0.7396192 -0.6712453 0.04892014 -0.2034256 -0.9172751 0.3423807 -0.2016051 -0.9513779 0.2328854 0.2308595 -0.9451793 0.2309548 0.3717267 -0.905762 0.2035056 -0.2073276 -0.9699767 0.1271241 0.3988239 -0.9052216 0.1466741 -0.734517 -0.6777736 -0.0332831 -0.205397 -0.977972 0.03718887 0.2544197 -0.9530126 0.1644309 -0.2113145 -0.9628348 0.1682124 -0.1916514 -0.9757576 0.1056729 0.3033165 -0.9392751 0.1605036 -0.1349455 -0.9816208 0.1349455 0.3208449 -0.943033 0.08801896 0.2761215 -0.9223439 0.2702567 0.1154534 -0.9195263 0.3756886 -0.1350985 -0.9810259 0.1390566 0.277859 -0.9508061 0.1369741 -0.1446685 -0.9894106 -0.01172988 -0.7204554 -0.6813573 -0.1292147 -0.1584137 -0.9853887 -0.06256437 -0.9743137 -0.12713 -0.1858787 -0.8544487 0.2424729 -0.4594826 -0.6501687 -0.6912751 -0.3153085 -0.8856293 -0.1368596 -0.4437684 -0.6386583 0.2292265 -0.7345548 -0.1251712 -0.9856339 -0.1133932 -0.6657398 -0.1526786 -0.730397 -0.4876171 -0.6991435 -0.5229034 -0.3368944 -0.1782465 -0.9245164 -0.3345713 0.2054536 -0.9197015 -0.2428031 -0.7128167 -0.657981 -0.0704779 -0.1936473 -0.9785365 -0.08025173 0.1800538 -0.9803777 -0.06842604 -0.9856212 -0.154495 -0.04696793 -0.7141032 -0.6984631 0.2014334 -0.9307709 0.3051067 0.07829861 -0.916027 0.3934004 -0.0136855 -0.9839255 -0.1780546 0.05478606 -0.8495892 0.524592 0.01959762 -0.9068309 0.4210388 0.005864983 -0.808128 0.5889779 -0.1466307 -0.9776655 0.1505641 0 -0.9840237 -0.1780378 -0.0117295 -0.7587936 0.6512255 -0.09988132 -0.9713929 0.2154518 -0.04496125 -0.9618752 0.2697676 -0.001955182 -0.9051064 0.4251806 -0.007820428 -0.723485 0.6902959 0 -0.9571095 0.2897268 -0.003910588 -0.9080195 0.4189098 0 -0.9840237 -0.1780378 0 -0.7119541 0.7022261 0 -0.9422415 0.3349344 0.007820428 -0.723485 0.6902959 0.04496125 -0.9618752 0.2697676 0 -0.9903011 -0.1389378 0.003910588 -0.9080194 0.4189098 0.0117295 -0.7587936 0.6512255 0.09988132 -0.9713929 0.2154518 0.1466307 -0.9776655 0.1505641 0.1978633 -0.922639 -0.3310399 0.001955182 -0.9051064 0.4251806 -0.005864983 -0.808128 0.5889779 -0.05478606 -0.8495892 0.524592 -0.01568775 -0.9400254 0.3407437 -0.07829861 -0.916027 0.3934004 -0.1115918 -0.9064684 -0.4072622 0.01173141 -0.9904937 -0.1370572 0.04696793 -0.7141032 -0.6984631 -0.5122543 -0.6804308 -0.5240319 -0.277564 -0.1427636 -0.9500405 -0.5538002 -0.4246723 -0.7162114 -0.7871467 0 -0.6167659 -0.2526645 0 -0.967554 -0.8807175 -4.76837e-5 -0.473642 -0.2013677 9.53671e-5 -0.9795157 0.4927768 0 -0.8701558 0.08025173 0.1800538 -0.9803777 0 0.1723271 -0.9850397 0.9194524 0 -0.3932012 0.2013791 9.53669e-5 -0.9795135 0 0.1723271 -0.9850398 0 0.1723271 -0.9850397 0.631857 -0.6690728 -0.3912779 0.5538002 -0.4246723 -0.7162114 0.8807175 -4.76837e-5 -0.473642 0 -0.7138928 -0.700255 0.277575 -0.1427631 -0.9500373 0 -0.7138928 -0.700255 0 -0.1584498 -0.987367 0 0.1723271 -0.9850397 0 -0.1976931 -0.980264 0 0.1723271 -0.9850397 0 -0.7138929 -0.700255 0 -0.1976931 -0.980264 -0.08025173 0.1800538 -0.9803777 -0.7061862 -0.6867627 0.1722151 0.3167307 -0.942396 -0.1075716 -0.7062787 -0.6866619 0.1722377 -0.7067729 0.6969621 -0.1213103 -0.7067728 0.6969621 -0.1213103 0.3578607 0.8095201 -0.4654168 0.09775623 0.9952104 0 -0.6989952 0.7146763 -0.02536748 0.7046796 0.6852415 -0.1840406 -0.6300595 0.749404 0.2035159 0.6767218 0.6709703 -0.3030619 -0.496814 0.7823902 0.3755549 -0.8021668 0.197609 -0.5634528 -0.594889 0.6301265 -0.4990469 -0.250388 0.2582082 -0.933078 -0.6483732 -0.2330844 -0.7247646 -0.1506759 0.8081189 -0.5694215 -0.2309299 -0.4051168 -0.8846195 0.2681271 0.6263292 -0.731997 0.2056636 -0.2272171 -0.9518797 0.4131401 0.1977484 -0.888938 -0.8021454 -0.1976038 -0.5634854 -0.250388 -0.2582082 -0.933078 -0.5949032 -0.6301415 -0.499011 -0.6483732 0.2330844 -0.7247646 -0.1487703 -0.8083665 -0.569571 -0.2290636 0.4052957 -0.8850228 0.2681271 -0.6263292 -0.731997 0.2075234 0.2271218 -0.9514987 0.4131401 -0.1977484 -0.888938 0.8021668 0.197609 -0.5634528 0.250388 0.2582082 -0.933078 0.5948711 0.6301553 -0.4990318 0.6483732 -0.2330844 -0.7247646 0.1506759 0.8081189 -0.5694215 0.2309299 -0.4051168 -0.8846195 -0.2681271 0.6263292 -0.731997 -0.2056636 -0.2272171 -0.9518797 -0.4131401 0.1977484 -0.888938 0.8021454 -0.1976038 -0.5634854 0.5949032 -0.6301415 -0.499011 0.250388 -0.2582082 -0.933078 0.6483732 0.2330844 -0.7247646 0.1487703 -0.8083665 -0.569571 0.2290636 0.4052957 -0.8850228 -0.2681271 -0.6263292 -0.731997 -0.2075234 0.2271218 -0.9514987 -0.4131401 -0.1977484 -0.888938 0 0.1723271 -0.9850397 0 0.6384428 -0.7696694 0 0.1723271 -0.9850398 0 0.1723271 -0.9850397 0 0.6384428 -0.7696694 0 0.1723271 -0.9850398 0 0.6384428 -0.7696694 0 0.1723271 -0.9850398 0 0.9364702 -0.3507472 0 0.6384428 -0.7696694 0 0.9358227 -0.3524713 0 0.9358227 -0.3524713 -0.06656571 0.6443428 -0.7618342 -0.08025173 0.1800538 -0.9803776 0 0.9810256 -0.1938782 -0.2369994 0.6639415 -0.7092341 -0.3345713 0.2054536 -0.9197015 -0.6386583 0.2292265 -0.7345549 -0.01955051 0.9371848 -0.3482852 -0.4267004 0.6811566 -0.5949391 -0.8544487 0.2424729 -0.4594826 -0.07443147 0.9440543 -0.3212808 -0.1116721 0.9443018 -0.309554 -0.5869631 0.6906317 -0.4224951 -0.9467121 0.246477 -0.2073287 0 0.9818274 -0.1897758 -0.1507789 0.9497828 -0.2741867 -0.6708639 0.7021446 -0.2386099 -0.9587207 0.2563106 -0.1231244 -0.1859233 0.9608499 -0.2054264 -0.6767296 0.7139231 -0.1798636 -0.669099 0.7101547 -0.2190593 -0.9573559 0.2584484 -0.1291288 -0.1859193 0.96288 -0.1956945 -0.18196 0.9529058 -0.2426133 0 0.972047 -0.2347866 -0.6713606 0.6967768 -0.2525411 -0.9584652 0.2543509 -0.1290352 -0.9605209 0.2738896 -0.04882712 -0.1859698 0.9358096 -0.299459 -0.674947 0.7081365 -0.2073386 -0.9153374 0.3325119 0.2271418 -0.1898689 0.9317975 -0.3093594 -0.6477278 0.7612137 -0.0316616 -0.7291337 0.3890747 0.5630141 0 0.9496894 -0.3131934 -0.1821501 0.9459406 -0.2683614 -0.5207492 0.8300707 0.1995069 -0.4111413 0.4209644 0.8085492 -0.1351316 0.9675686 -0.2134258 -0.2915186 0.8863348 0.3597605 -0.1057237 0.4130712 0.9045411 -0.06656449 0.9810157 -0.1821464 -0.07825036 0.9020011 0.4245833 0 0.4028888 0.915249 -0.01764352 0.9827914 -0.183874 0 0.9016867 0.43239 0 0.4028888 0.915249 0 0.9822282 -0.1876906 0 0.9024229 0.4308514 0 0.4028888 0.915249 0 0.9818613 -0.1896008 0 0.9024229 0.4308514 0 0.9553264 -0.2955532 0 0.9818613 -0.1896008 0 0.9024229 0.4308514 0 0.4028888 0.915249 0 0.9818613 -0.1896008 0 0.9016867 0.43239 0 0.4028888 0.915249 0 0.9822282 -0.1876906 0.07825036 0.9020011 0.4245833 0.1057237 0.4130712 0.9045411 0.01764352 0.9827914 -0.183874 0.2915186 0.8863348 0.3597605 0.4111413 0.4209644 0.8085492 0.06656449 0.9810157 -0.1821464 0 0.9496894 -0.3131934 0.1351316 0.9675686 -0.2134258 0.5207492 0.8300707 0.1995069 0.7291337 0.3890747 0.5630141 0.1821501 0.9459406 -0.2683614 0.6477278 0.7612137 -0.0316616 0.9153374 0.3325119 0.2271418 0.1898689 0.9317975 -0.3093594 0.674947 0.7081365 -0.2073386 0.9605209 0.2738896 -0.04882712 0.6713606 0.6967768 -0.2525411 0.9584652 0.2543509 -0.1290352 0.9573559 0.2584484 -0.1291288 0.1859698 0.9358096 -0.299459 0.669099 0.7101547 -0.2190593 0.9587207 0.2563106 -0.1231244 0.18196 0.9529058 -0.2426133 0.6767296 0.7139231 -0.1798636 0.6708639 0.7021446 -0.2386099 0.9467121 0.246477 -0.2073287 0.1859193 0.96288 -0.1956945 0.5869631 0.6906317 -0.4224951 0.8544487 0.2424729 -0.4594826 0.1859233 0.9608499 -0.2054264 0.1507789 0.9497828 -0.2741867 0.4267004 0.6811566 -0.5949391 0.6386583 0.2292265 -0.7345549 0.1116721 0.9443018 -0.309554 0 0.9818274 -0.1897758 0.2369994 0.6639415 -0.7092341 0.3345713 0.2054536 -0.9197015 0.08025173 0.1800538 -0.9803776 0.07443147 0.9440543 -0.3212808 0.06656571 0.6443428 -0.7618342 0.01955051 0.9371848 -0.3482852 0 0.6384428 -0.7696694 0 0.9358227 -0.3524713 0 0.9809893 -0.1940618 0 0.972047 -0.2347866 0 0.972047 -0.2347866 0 0.9809893 -0.1940618 0 0.972047 -0.2347866 0 0.9553264 -0.2955532 0 0.9553264 -0.2955532 0 0.972047 -0.2347866 0 0.9358227 -0.3524713 0.8867468 0.09574853 0.4522306 0.6726981 0.154487 0.7236097 0.7674922 -0.3385592 0.544365 0.4421419 -0.07248228 0.8940117 0.4437082 -0.6547828 0.6118681 0.4427003 0.4289846 0.7873936 0.767405 0.5304675 0.3601304 0.2561093 -0.2542289 0.9326177 0 -0.7714786 0.6362553 0.2563806 0.6126123 0.7476465 0.4441383 0.8472334 0.2914391 0 -0.3208015 0.9471464 -0.4437082 -0.6547828 0.6118681 0 0.6792064 0.7339473 0 0.963373 0.2681652 -0.2561093 -0.2542289 0.9326177 -0.7674922 -0.3385592 0.544365 -0.2563806 0.6126123 0.7476465 -0.4441383 0.8472334 0.2914391 -0.4421419 -0.07248228 0.8940117 -0.8867468 0.09574853 0.4522306 -0.4427003 0.4289846 0.7873936 -0.767405 0.5304675 0.3601304 -0.6726981 0.154487 0.7236097 0.8880872 -0.459675 0 1 0 0 0.865826 -4.76837e-5 0.5003452 0.6005087 -0.7198308 -0.3481853 0.865826 4.76837e-5 -0.5003452 0.6005086 -0.7198308 0.3481852 0.5003371 0 0.8658308 0.348175 -0.719825 -0.6005217 0.5003371 0 -0.8658308 0.348175 -0.719825 0.6005217 0 0 1 0 -0.7197234 -0.6942609 0 0 -1 0 -0.7196775 0.6943085 -0.5003365 0 0.8658311 -0.3481763 -0.7198246 -0.6005214 -0.5003365 0 -0.8658311 -0.3481763 -0.7198246 0.6005214 -0.8666778 0 0.4988684 -0.6005087 -0.7198308 -0.3481853 -0.8666778 0 -0.4988684 -0.6005086 -0.7198308 0.3481852 -1 0 0 -0.8880872 -0.459675 0 0.8880885 -0.4596727 0 1 0 0 0.8658268 -4.76836e-5 0.5003439 0.6005125 -0.7198282 -0.348184 0.8658268 4.76836e-5 -0.5003439 0.6005125 -0.7198282 0.348184 0.5003387 0 0.8658297 0.3481711 -0.7198261 -0.6005226 0.5003387 0 -0.8658297 0.3481711 -0.7198261 0.6005226 0 0 1 0 -0.7197234 -0.6942609 0 0 -1 0 -0.7196775 0.6943085 -0.5003387 0 0.8658297 -0.3481763 -0.7198246 -0.6005214 -0.5003387 0 -0.8658297 -0.3481763 -0.7198246 0.6005214 -0.8666778 0 0.4988684 -0.6005087 -0.7198308 -0.3481853 -0.8666778 0 -0.4988684 -0.6005086 -0.7198308 0.3481852 -1 0 0 -0.8880872 -0.459675 0 -0.5812001 -0.7612323 0.2876317 -0.6695337 -0.4112285 -0.6185594 -0.4481495 -0.7417581 -0.4989558 0 -0.860957 -0.508678 -0.9119473 -0.356282 0.2035079 -0.5399397 0.117486 -0.833464 0 -0.9451153 0.3267371 -0.8785532 0.4715118 0.0762964 0.5812001 -0.7612323 0.2876317 0.4481495 -0.7417581 -0.4989558 0.6695337 -0.4112285 -0.6185594 0 -0.187857 0.9821965 -0.1819031 -0.05283318 0.9818962 0.9119473 -0.356282 0.2035079 0.5399397 0.117486 -0.833464 0.1819031 -0.05283318 0.981896 0.2523419 0.08203137 0.9641548 -0.2523419 0.08203137 0.9641548 0.1683975 0.2780954 0.945677 -0.1683975 0.2780954 0.945677 0.8785532 0.4715118 0.0762964 0.2347164 0.9720557 0.004005725 0.1860045 0.5931545 -0.7833072 0.07438808 0.4953802 0.8654853 -0.2347164 0.9720557 0.004005725 -0.1860045 0.5931545 -0.7833072 -0.07438807 0.4953803 0.8654854</float_array>
          <technique_common>
            <accessor source="#geom-Body_Mdl__m_obj_staffrolltv-normals-array" count="1613" stride="3">
              <param name="X" type="float"/>
              <param name="Y" type="float"/>
              <param name="Z" type="float"/>
            </accessor>
          </technique_common>
        </source>
        <source id="geom-Body_Mdl__m_obj_staffrolltv-map-2">
          <float_array id="geom-Body_Mdl__m_obj_staffrolltv-map-2-array" count="4839">1 1 1 1 1 1 1 1 1 1 1 1 1 1 1 1 1 1 1 1 1 1 1 1 1 1 1 1 1 1 1 1 1 1 1 1 1 1 1 1 1 1 1 1 1 1 1 1 1 1 1 1 1 1 1 1 1 1 1 1 1 1 1 1 1 1 1 1 1 1 1 1 1 1 1 1 1 1 1 1 1 1 1 1 1 1 1 1 1 1 1 1 1 1 1 1 1 1 1 1 1 1 1 1 1 1 1 1 1 1 1 1 1 1 1 1 1 1 1 1 1 1 1 1 1 1 1 1 1 1 1 1 1 1 1 1 1 1 1 1 1 1 1 1 1 1 1 1 1 1 1 1 1 1 1 1 1 1 1 1 1 1 1 1 1 1 1 1 1 1 1 1 1 1 1 1 1 1 1 1 1 1 1 1 1 1 1 1 1 1 1 1 1 1 1 1 1 1 1 1 1 1 1 1 1 1 1 1 1 1 1 1 1 1 1 1 1 1 1 1 1 1 1 1 1 1 1 1 1 1 1 1 1 1 1 1 1 1 1 1 1 1 1 1 1 1 1 1 1 1 1 1 1 1 1 1 1 1 1 1 1 1 1 1 1 1 1 1 1 1 1 1 1 1 1 1 1 1 1 1 1 1 1 1 1 1 1 1 1 1 1 1 1 1 1 1 1 1 1 1 1 1 1 1 1 1 1 1 1 1 1 1 1 1 1 1 1 1 1 1 1 1 1 1 1 1 1 1 1 1 1 1 1 1 1 1 1 1 1 1 1 1 1 1 1 1 1 1 1 1 1 1 1 1 1 1 1 1 1 1 1 1 1 1 1 1 1 1 1 1 1 1 1 1 1 1 1 1 1 1 1 1 1 1 1 1 1 1 1 1 1 1 1 1 1 1 1 1 1 1 1 1 1 1 1 1 1 1 1 1 1 1 1 1 1 1 1 1 1 1 1 1 1 1 1 1 1 1 1 1 1 1 1 1 1 1 1 1 1 1 1 1 1 1 1 1 1 1 1 1 1 1 1 1 1 1 1 1 1 1 1 1 1 1 1 1 1 1 1 1 1 1 1 1 1 1 1 1 1 1 1 1 1 1 1 1 1 1 1 1 1 1 1 1 1 1 1 1 1 1 1 1 1 1 1 1 1 1 1 1 1 1 1 1 1 1 1 1 1 1 1 1 1 1 1 1 1 1 1 1 1 1 1 1 1 1 1 1 1 1 1 1 1 1 1 1 1 1 1 1 1 1 1 1 1 1 1 1 1 1 1 1 1 1 1 1 1 1 1 1 1 1 1 1 1 1 1 1 1 1 1 1 1 1 1 1 1 1 1 1 1 1 1 1 1 1 1 1 1 1 1 1 1 1 1 1 1 1 1 1 1 1 1 1 1 1 1 1 1 1 1 1 1 1 1 1 1 1 1 1 1 1 1 1 1 1 1 1 1 1 1 1 1 1 1 1 1 1 1 1 1 1 1 1 1 1 1 1 1 1 1 1 1 1 1 1 1 1 1 1 1 1 1 1 1 1 1 1 1 1 1 1 1 1 1 1 1 1 1 1 1 1 1 1 1 1 1 1 1 1 1 1 1 1 1 1 1 1 1 1 1 1 1 1 1 1 1 1 1 1 1 1 1 1 1 1 1 1 1 1 1 1 1 1 1 1 1 1 1 1 1 1 1 1 1 1 1 1 1 1 1 1 1 1 1 1 1 1 1 1 1 1 1 1 1 1 1 1 1 1 1 1 1 1 1 1 1 1 1 1 1 1 1 1 1 1 1 1 1 1 1 1 1 1 1 1 1 1 1 1 1 1 1 1 1 1 1 1 1 1 1 1 1 1 1 1 1 1 1 1 1 1 1 1 1 1 1 1 1 1 1 1 1 1 1 1 1 1 1 1 1 1 1 1 1 1 1 1 1 1 1 1 1 1 1 1 1 1 1 1 1 1 1 1 1 1 1 1 1 1 1 1 1 1 1 1 1 1 1 1 1 1 1 1 1 1 1 1 1 1 1 1 1 1 1 1 1 1 1 1 1 1 1 1 1 1 1 1 1 1 1 1 1 1 1 1 1 1 1 1 1 1 1 1 1 1 1 1 1 1 1 1 1 1 1 1 1 1 1 1 1 1 1 1 1 1 1 1 1 1 1 1 1 1 1 1 1 1 1 1 1 1 1 1 1 1 1 1 1 1 1 1 1 1 1 1 1 1 1 1 1 1 1 1 1 1 1 1 1 1 1 1 1 1 1 1 1 1 1 1 1 1 1 1 1 1 1 1 1 1 1 1 1 1 1 1 1 1 1 1 1 1 1 1 1 1 1 1 1 1 1 1 1 1 1 1 1 1 1 1 1 1 1 1 1 1 1 1 1 1 1 1 1 1 1 1 1 1 1 1 1 1 1 1 1 1 1 1 1 1 1 1 1 1 1 1 1 1 1 1 1 1 1 1 1 1 1 1 1 1 1 1 1 1 1 1 1 1 1 1 1 1 1 1 1 1 1 1 1 1 1 1 1 1 1 1 1 1 1 1 1 1 1 1 1 1 1 1 1 1 1 1 1 1 1 1 1 1 1 1 1 1 1 1 1 1 1 1 1 1 1 1 1 1 1 1 1 1 1 1 1 1 1 1 1 1 1 1 1 1 1 1 1 1 1 1 1 1 1 1 1 1 1 1 1 1 1 1 1 1 1 1 1 1 1 1 1 1 1 1 1 1 1 1 1 1 1 1 1 1 1 1 1 1 1 1 1 1 1 1 1 1 1 1 1 1 1 1 1 1 1 1 1 1 1 1 1 1 1 1 1 1 1 1 1 1 1 1 1 1 1 1 1 1 1 1 1 1 1 1 1 1 1 1 1 1 1 1 1 1 1 1 1 1 1 1 1 1 1 1 1 1 1 1 1 1 1 1 1 1 1 1 1 1 1 1 1 1 1 1 1 1 1 1 1 1 1 1 1 1 1 1 1 1 1 1 1 1 1 1 1 1 1 1 1 1 1 1 1 1 1 1 1 1 1 1 1 1 1 1 1 1 1 1 1 1 1 1 1 1 1 1 1 1 1 1 1 1 1 1 1 1 1 1 1 1 1 1 1 1 1 1 1 1 1 1 1 1 1 1 1 1 1 1 1 1 1 1 1 1 1 1 1 1 1 1 1 1 1 1 1 1 1 1 1 1 1 1 1 1 1 1 1 1 1 1 1 1 1 1 1 1 1 1 1 1 1 1 1 1 1 1 1 1 1 1 1 1 1 1 1 1 1 1 1 1 1 1 1 1 1 1 1 1 1 1 1 1 1 1 1 1 1 1 1 1 1 1 1 1 1 1 1 1 1 1 1 1 1 1 1 1 1 1 1 1 1 1 1 1 1 1 1 1 1 1 1 1 1 1 1 1 1 1 1 1 1 1 1 1 1 1 1 1 1 1 1 1 1 1 1 1 1 1 1 1 1 1 1 1 1 1 1 1 1 1 1 1 1 1 1 1 1 1 1 1 1 1 1 1 1 1 1 1 1 1 1 1 1 1 1 1 1 1 1 1 1 1 1 1 1 1 1 1 1 1 1 1 1 1 1 1 1 1 1 1 1 1 1 1 1 1 1 1 1 1 1 1 1 1 1 1 1 1 1 1 1 1 1 1 1 1 1 1 1 1 1 1 1 1 1 1 1 1 1 1 1 1 1 1 1 1 1 1 1 1 1 1 1 1 1 1 1 1 1 1 1 1 1 1 1 1 1 1 1 1 1 1 1 1 1 1 1 1 1 1 1 1 1 1 1 1 1 1 1 1 1 1 1 1 1 1 1 1 1 1 1 1 1 1 1 1 1 1 1 1 1 1 1 1 1 1 1 1 1 1 1 1 1 1 1 1 1 1 1 1 1 1 1 1 1 1 1 1 1 1 1 1 1 1 1 1 1 1 1 1 1 1 1 1 1 1 1 1 1 1 1 1 1 1 1 1 1 1 1 1 1 1 1 1 1 1 1 1 1 1 1 1 1 1 1 1 1 1 1 1 1 1 1 1 1 1 1 1 1 1 1 1 1 1 1 1 1 1 1 1 1 1 1 1 1 1 1 1 1 1 1 1 1 1 1 1 1 1 1 1 1 1 1 1 1 1 1 1 1 1 1 1 1 1 1 1 1 1 1 1 1 1 1 1 1 1 1 1 1 1 1 1 1 1 1 1 1 1 1 1 1 1 1 1 1 1 1 1 1 1 1 1 1 1 1 1 1 1 1 1 1 1 1 1 1 1 1 1 1 1 1 1 1 1 1 1 1 1 1 1 1 1 1 1 1 1 1 1 1 1 1 1 1 1 1 1 1 1 1 1 1 1 1 1 1 1 1 1 1 1 1 1 1 1 1 1 1 1 1 1 1 1 1 1 1 1 1 1 1 1 1 1 1 1 1 1 1 1 1 1 1 1 1 1 1 1 1 1 1 1 1 1 1 1 1 1 1 1 1 1 1 1 1 1 1 1 1 1 1 1 1 1 1 1 1 1 1 1 1 1 1 1 1 1 1 1 1 1 1 1 1 1 1 1 1 1 1 1 1 1 1 1 1 1 1 1 1 1 1 1 1 1 1 1 1 1 1 1 1 1 1 1 1 1 1 1 1 1 1 1 1 1 1 1 1 1 1 1 1 1 1 1 1 1 1 1 1 1 1 1 1 1 1 1 1 1 1 1 1 1 1 1 1 1 1 1 1 1 1 1 1 1 1 1 1 1 1 1 1 1 1 1 1 1 1 1 1 1 1 1 1 1 1 1 1 1 1 1 1 1 1 1 1 1 1 1 1 1 1 1 1 1 1 1 1 1 1 1 1 1 1 1 1 1 1 1 1 1 1 1 1 1 1 1 1 1 1 1 1 1 1 1 1 1 1 1 1 1 1 1 1 1 1 1 1 1 1 1 1 1 1 1 1 1 1 1 1 1 1 1 1 1 1 1 1 1 1 1 1 1 1 1 1 1 1 1 1 1 1 1 1 1 1 1 1 1 1 1 1 1 1 1 1 1 1 1 1 1 1 1 1 1 1 1 1 1 1 1 1 1 1 1 1 1 1 1 1 1 1 1 1 1 1 1 1 1 1 1 1 1 1 1 1 1 1 1 1 1 1 1 1 1 1 1 1 1 1 1 1 1 1 1 1 1 1 1 1 1 1 1 1 1 1 1 1 1 1 1 1 1 1 1 1 1 1 1 1 1 1 1 1 1 1 1 1 1 1 1 1 1 1 1 1 1 1 1 1 1 1 1 1 1 1 1 1 1 1 1 1 1 1 1 1 1 1 1 1 1 1 1 1 1 1 1 1 1 1 1 1 1 1 1 1 1 1 1 1 1 1 1 1 1 1 1 1 1 1 1 1 1 1 1 1 1 1 1 1 1 1 1 1 1 1 1 1 1 1 1 1 1 1 1 1 1 1 1 1 1 1 1 1 1 1 1 1 1 1 1 1 1 1 1 1 1 1 1 1 1 1 1 1 1 1 1 1 1 1 1 1 1 1 1 1 1 1 1 1 1 1 1 1 1 1 1 1 1 1 1 1 1 1 1 1 1 1 1 1 1 1 1 1 1 1 1 1 1 1 1 1 1 1 1 1 1 1 1 1 1 1 1 1 1 1 1 1 1 1 1 1 1 1 1 1 1 1 1 1 1 1 1 1 1 1 1 1 1 1 1 1 1 1 1 1 1 1 1 1 1 1 1 1 1 1 1 1 1 1 1 1 1 1 1 1 1 1 1 1 1 1 1 1 1 1 1 1 1 1 1 1 1 1 1 1 1 1 1 1 1 1 1 1 1 1 1 1 1 1 1 1 1 1 1 1 1 1 1 1 1 1 1 1 1 1 1 1 1 1 1 1 1 1 1 1 1 1 1 1 1 1 1 1 1 1 1 1 1 1 1 1 1 1 1 1 1 1 1 1 1 1 1 1 1 1 1 1 1 1 1 1 1 1 1 1 1 1 1 1 1 1 1 1 1 1 1 1 1 1 1 1 1 1 1 1 1 1 1 1 1 1 1 1 1 1 1 1 1 1 1 1 1 1 1 1 1 1 1 1 1 1 1 1 1 1 1 1 1 1 1 1 1 1 1 1 1 1 1 1 1 1 1 1 1 1 1 1 1 1 1 1 1 1 1 1 1 1 1 1 1 1 1 1 1 1 1 1 1 1 1 1 1 1 1 1 1 1 1 1 1 1 1 1 1 1 1 1 1 1 1 1 1 1 1 1 1 1 1 1 1 1 1 1 1 1 1 1 1 1 1 1 1 1 1 1 1 1 1 1 1 1 1 1 1 1 1 1 1 1 1 1 1 1 1 1 1 1 1 1 1 1 1 1 1 1 1 1 1 1 1 1 1 1 1 1 1 1 1 1 1 1 1 1 1 1 1 1 1 1 1 1 1 1 1 1 1 1 1 1 1 1 1 1 1 1 1 1 1 1 1 1 1 1 1 1 1 1 1 1 1 1 1 1 1 1 1 1 1 1 1 1 1 1 1 1 1 1 1 1 1 1 1 1 1 1 1 1 1 1 1 1 1 1 1 1 1 1 1 1 1 1 1 1 1 1 1 1 1 1 1 1 1 1 1 1 1 1 1 1 1 1 1 1 1 1 1 1 1 1 1 1 1 1 1 1 1 1 1 1 1 1 1 1 1 1 1 1 1 1 1 1 1 1 1 1 1 1 1 1 1 1 1 1 1 1 1 1 1 1 1 1 1 1 1 1 1 1 1 1 1 1 1 1 1 1 1 1 1 1 1 1 1 1 1 1 1 1 1 1 1 1 1 1 1 1 1 1 1 1 1 1 1 1 1 1 1 1 1 1 1 1 1 1 1 1 1 1 1 1 1 1 1 1 1 1 1 1 1 1 1 1 1 1 1 1 1 1 1 1 1 1 1 1 1 1 1 1 1 1 1 1 1 1 1 1 1 1 1 1 1 1 1 1 1 1 1 1 1 1 1 1 1 1 1 1 1 1 1 1 1 1 1 1 1 1 1 1 1 1 1 1 1 1 1 1 1 1 1 1 1 1 1 1 1 1 1 1 1 1 1 1 1 1 1 1 1 1 1 1 1 1 1 1 1 1 1 1 1 1 1 1 1 1 1 1 1 1 1 1 1 1 1 1 1 1 1 1 1 1 1 1 1 1 1 1 1 1 1 1 1 1 1 1 1 1 1 1 1 1 1 1 1 1 1 1 1 1 1 1 1 1 1 1 1 1 1 1 1 1 1 1 1 1 1 1 1 1 1 1 1 1 1 1 1 1 1 1 1 1 1 1 1 1 1 1 1 1 1 1 1 1 1 1 1 1 1 1 1 1 1 1 1 1 1 1 1 1 1 1 1 1 1 1 1 1 1 1 1 1 1 1 1 1 1 1 1 1 1 1 1 1 1 1 1 1 1 1 1 1 1 1 1 1 1 1 1 1 1 1 1 1 1 1 1 1 1 1 1 1 1 1 1 1 1 1 1 1 1 1 1 1 1 1 1 1 1 1 1 1 1 1 1 1 1 1 1 1 1 1 1 1 1 1 1 1 1 1 1 1 1 1 1 1 1 1 1 1 1 1 1 1 1 1 1 1 1 1 1 1 1 1 1 1 1 1 1 1 1 1 1 1 1 1 1 1 1 1 1 1 1 1 1 1 1 1 1 1 1 1 1 1 1 1 1 1 1 1 1 1 1 1 1 1 1 1 1 1 1 1 1 1 1 1 1 1 1 1 1 1 1 1 1 1 1 1 1 1 1 1 1 1 1 1 1 1 1 1 1 1 1 1 1 1 1 1 1 1 1 1 1 1 1 1 1 1 1 1 1 1 1 1 1 1 1 1 1 1 1 1 1 1 1 1 1 1 1 1 1 1 1 1 1 1 1 1 1 1 1 1 1 1 1 1 1 1 1 1 1 1 1 1 1 1 1 1 1 1 1 1 1 1 1 1 1 1 1 1 1 1 1 1 1 1 1 1 1 1 1 1 1 1 1 1 1 1 1 1 1 1 1 1 1 1 1 1 1 1 1 1 1 1 1 1 1 1 1 1 1 1 1 1 1 1 1 1 1 1 1 1 1 1 1 1 1 1 1 1 1 1 1 1 1 1 1 1 1 1 1 1 1 1 1 1 1 1 1 1 1 1 1 1 1 1 1 1 1 1 1 1 1 1 1 1 1 1 1 1 1 1 1 1 1 1 1 1 1 1 1 1 1 1 1 1 1 1 1 1 1 1 1 1 1 1 1 1 1 1 1 1 1 1 1 1 1 1 1 1 1 1 1 1 1 1 1 1 1 1 1 1 1 1 1 1 1 1 1 1 1 1 1 1 1 1 1 1 1 1 1 1 1 1 1 1 1 1 1 1 1 1 1 1 1 1 1 1 1 1 1 1 1 1 1 1 1 1 1 1 1 1 1 1 1 1 1 1 1 1 1 1 1 1 1 1 1 1 1 1 1 1 1 1 1 1 1 1 1 1 1 1 1 1 1 1 1 1 1 1 1 1 1 1 1 1 1 1 1 1 1 1 1 1 1 1 1 1 1 1 1 1 1 1 1 1 1 1 1 1 1 1 1 1 1 1 1 1 1 1 1 1 1 1 1 1 1 1 1 1 1 1 1 1 1 1 1 1 1 1 1 1 1 1 1 1 1 1 1 1 1 1 1 1 1 1 1 1 1 1 1 1 1 1 1 1 1 1 1 1 1 1 1 1 1 1 1 1 1 1 1 1 1 1 1 1 1 1 1 1 1 1 1 1 1 1 1 1 1 1 1 1 1 1 1 1 1 1 1 1 1 1 1 1 1 1 1 1 1 1 1 1 1 1 1 1 1 1 1 1 1 1 1 1 1 1 1 1 1 1 1 1 1 1 1 1 1 1 1 1 1 1 1 1 1 1 1 1 1 1 1 1 1 1 1 1 1 1 1 1 1 1 1 1 1 1 1 1 1 1 1 1 1 1 1 1 1 1 1 1 1 1 1 1 1 1 1 1 1 1 1 1 1 1 1 1 1 1 1 1 1 1 1 1 1 1 1 1 1 1 1 1 1 1 1 1 1 1 1 1 1 1 1 1 1 1 1 1 1 1 1 1 1 1 1 1 1 1 1 1 1 1 1 1 1 1 1 1 1 1 1 1 1 1 1 1 1 1 1 1 1 1 1 1 1 1 1 1 1 1 1 1 1 1 1 1 1 1 1 1 1 1 1 1 1 1 1 1 1 1 1 1 1 1 1 1 1 1 1 1 1 1 1 1 1 1 1 1 1 1 1 1 1 1 1 1 1 1 1 1 1 1 1 1 1 1 1 1 1 1 1 1 1 1 1 1 1 1 1 1 1 1 1 1 1 1 1 1 1 1 1 1 1 1 1 1 1 1 1 1 1 1 1 1 1 1 1 1 1 1 1 1 1 1 1 1 1 1 1 1 1 1 1 1 1 1 1 1 1 1 1 1 1 1 1 1 1 1 1 1 1 1 1 1 1 1 1 1 1 1 1 1 1 1 1 1 1 1 1 1 1 1 1 1 1 1 1 1 1 1 1 1 1 1 1 1 1 1 1 1 1 1 1 1 1 1 1 1 1 1 1 1 1 1 1 1 1 1 1 1 1 1 1 1 1 1 1 1 1 1 1 1 1 1 1 1 1 1 1 1 1 1 1 1 1 1 1 1 1 1 1 1 1 1 1 1 1 1 1 1 1 1 1 1 1 1 1 1 1 1 1 1 1 1 1 1 1 1 1 1 1 1 1 1 1 1 1 1 1 1 1 1 1 1 1 1 1 1 1 1 1 1 1 1 1 1 1 1 1 1 1 1 1 1 1 1 1 1 1 1 1 1 1 1 1 1 1 1 1 1 1 1 1 1 1 1 1 1 1 1 1 1 1 1 1 1 1 1 1 1 1 1 1 1 1 1 1 1 1 1 1 1 1 1 1 1 1 1 1 1 1 1 1 1 1 1 1 1 1 1 1 1 1 1 1 1 1 1 1 1 1 1 1 1 1 1 1 1 1 1 1 1 1 1 1 1 1 1 1 1 1 1 1 1 1 1 1 1 1 1 1 1 1 1 1 1 1 1 1 1 1 1 1 1 1 1 1 1 1 1 1 1 1 1 1 1 1 1 1 1 1 1 1 1 1 1 1 1 1 1 1 1 1 1 1 1 1 1 1 1 1 1 1 1 1 1 1 1 1 1 1 1 1 1 1 1 1 1 1 1 1 1 1 1 1 1 1 1 1 1 1 1 1 1 1 1 1 1 1 1 1 1 1 1 1 1 1 1 1 1 1 1 1 1 1 1 1 1 1 1 1 1 1 1 1 1 1 1 1 1 1 1 1 1 1 1 1 1 1 1 1 1 1 1 1 1 1 1 1 1 1 1 1 1 1 1 1 1 1 1 1 1 1 1 1 1 1 1 1 1 1 1 1 1 1 1 1 1 1 1 1 1 1 1 1 1 1 1 1 1 1 1 1 1 1 1 1 1 1 1 1 1 1 1 1 1 1 1 1 1 1 1 1 1 1 1 1 1 1 1 1 1 1 1 1 1 1 1 1 1 1 1 1 1 1 1 1 1 1 1 1 1 1 1 1 1 1 1 1 1 1 1 1 1 1 1 1 1 1 1 1 1 1 1 1 1 1 1 1 1 1 1 1 1 1 1 1 1 1 1 1 1 1 1 1 1 1 1 1 1 1 1 1 1 1 1 1 1 1 1 1 1 1 1 1 1 1 1 1 1 1 1 1 1 1 1 1 1 1 1 1 1 1 1 1 1 1 1 1 1 1 1 1 1 1 1 1 1 1 1 1 1 1 1 1 1 1 1 1 1 1 1 1 1 1 1 1 1 1 1 1 1 1 1 1 1 1 1 1 1 1 1 1 1 1 1 1 1 1 1 1 1 1 1 1 1 1 1 1 1 1 1 1 1 1 1 1 1</float_array>
          <technique_common>
            <accessor source="#geom-Body_Mdl__m_obj_staffrolltv-map-2-array" count="1613" stride="3">
              <param name="R" type="float"/>
              <param name="G" type="float"/>
              <param name="B" type="float"/>
            </accessor>
          </technique_common>
        </source>
        <source id="geom-Body_Mdl__m_obj_staffrolltv-map0">
          <float_array id="geom-Body_Mdl__m_obj_staffrolltv-map0-array" count="4839">1 1 1 1 1 1 1 1 1 1 1 1 1 1 1 1 1 1 1 1 1 1 1 1 1 1 1 1 1 1 1 1 1 1 1 1 1 1 1 1 1 1 1 1 1 1 1 1 1 1 1 1 1 1 1 1 1 1 1 1 1 1 1 1 1 1 1 1 1 1 1 1 1 1 1 1 1 1 1 1 1 1 1 1 1 1 1 1 1 1 1 1 1 1 1 1 1 1 1 1 1 1 1 1 1 1 1 1 1 1 1 1 1 1 1 1 1 1 1 1 1 1 1 1 1 1 1 1 1 1 1 1 1 1 1 1 1 1 1 1 1 1 1 1 1 1 1 1 1 1 1 1 1 1 1 1 1 1 1 1 1 1 1 1 1 1 1 1 1 1 1 1 1 1 1 1 1 1 1 1 1 1 1 1 1 1 1 1 1 1 1 1 1 1 1 1 1 1 1 1 1 1 1 1 1 1 1 1 1 1 1 1 1 1 1 1 1 1 1 1 1 1 1 1 1 1 1 1 1 1 1 1 1 1 1 1 1 1 1 1 1 1 1 1 1 1 1 1 1 1 1 1 1 1 1 1 1 1 1 1 1 1 1 1 1 1 1 1 1 1 1 1 1 1 1 1 1 1 1 1 1 1 1 1 1 1 1 1 1 1 1 1 1 1 1 1 1 1 1 1 1 1 1 1 1 1 1 1 1 1 1 1 1 1 1 1 1 1 1 1 1 1 1 1 1 1 1 1 1 1 1 1 1 1 1 1 1 1 1 1 1 1 1 1 1 1 1 1 1 1 1 1 1 1 1 1 1 1 1 1 1 1 1 1 1 1 1 1 1 1 1 1 1 1 1 1 1 1 1 1 1 1 1 1 1 1 1 1 1 1 1 1 1 1 1 1 1 1 1 1 1 1 1 1 1 1 1 1 1 1 1 1 1 1 1 1 1 1 1 1 1 1 1 1 1 1 1 1 1 1 1 1 1 1 1 1 1 1 1 1 1 1 1 1 1 1 1 1 1 1 1 1 1 1 1 1 1 1 1 1 1 1 1 1 1 1 1 1 1 1 1 1 1 1 1 1 1 1 1 1 1 1 1 1 1 1 1 1 1 1 1 1 1 1 1 1 1 1 1 1 1 1 1 1 1 1 1 1 1 1 1 1 1 1 1 1 1 1 1 1 1 1 1 1 1 1 1 1 1 1 1 1 1 1 1 1 1 1 1 1 1 1 1 1 1 1 1 1 1 1 1 1 1 1 1 1 1 1 1 1 1 1 1 1 1 1 1 1 1 1 1 1 1 1 1 1 1 1 1 1 1 1 1 1 1 1 1 1 1 1 1 1 1 1 1 1 1 1 1 1 1 1 1 1 1 1 1 1 1 1 1 1 1 1 1 1 1 1 1 1 1 1 1 1 1 1 1 1 1 1 1 1 1 1 1 1 1 1 1 1 1 1 1 1 1 1 1 1 1 1 1 1 1 1 1 1 1 1 1 1 1 1 1 1 1 1 1 1 1 1 1 1 1 1 1 1 1 1 1 1 1 1 1 1 1 1 1 1 1 1 1 1 1 1 1 1 1 1 1 1 1 1 1 1 1 1 1 1 1 1 1 1 1 1 1 1 1 1 1 1 1 1 1 1 1 1 1 1 1 1 1 1 1 1 1 1 1 1 1 1 1 1 1 1 1 1 1 1 1 1 1 1 1 1 1 1 1 1 1 1 1 1 1 1 1 1 1 1 1 1 1 1 1 1 1 1 1 1 1 1 1 1 1 1 1 1 1 1 1 1 1 1 1 1 1 1 1 1 1 1 1 1 1 1 1 1 1 1 1 1 1 1 1 1 1 1 1 1 1 1 1 1 1 1 1 1 1 1 1 1 1 1 1 1 1 1 1 1 1 1 1 1 1 1 1 1 1 1 1 1 1 1 1 1 1 1 1 1 1 1 1 1 1 1 1 1 1 1 1 1 1 1 1 1 1 1 1 1 1 1 1 1 1 1 1 1 1 1 1 1 1 1 1 1 1 1 1 1 1 1 1 1 1 1 1 1 1 1 1 1 1 1 1 1 1 1 1 1 1 1 1 1 1 1 1 1 1 1 1 1 1 1 1 1 1 1 1 1 1 1 1 1 1 1 1 1 1 1 1 1 1 1 1 1 1 1 1 1 1 1 1 1 1 1 1 1 1 1 1 1 1 1 1 1 1 1 1 1 1 1 1 1 1 1 1 1 1 1 1 1 1 1 1 1 1 1 1 1 1 1 1 1 1 1 1 1 1 1 1 1 1 1 1 1 1 1 1 1 1 1 1 1 1 1 1 1 1 1 1 1 1 1 1 1 1 1 1 1 1 1 1 1 1 1 1 1 1 1 1 1 1 1 1 1 1 1 1 1 1 1 1 1 1 1 1 1 1 1 1 1 1 1 1 1 1 1 1 1 1 1 1 1 1 1 1 1 1 1 1 1 1 1 1 1 1 1 1 1 1 1 1 1 1 1 1 1 1 1 1 1 1 1 1 1 1 1 1 1 1 1 1 1 1 1 1 1 1 1 1 1 1 1 1 1 1 1 1 1 1 1 1 1 1 1 1 1 1 1 1 1 1 1 1 1 1 1 1 1 1 1 1 1 1 1 1 1 1 1 1 1 1 1 1 1 1 1 1 1 1 1 1 1 1 1 1 1 1 1 1 1 1 1 1 1 1 1 1 1 1 1 1 1 1 1 1 1 1 1 1 1 1 1 1 1 1 1 1 1 1 1 1 1 1 1 1 1 1 1 1 1 1 1 1 1 1 1 1 1 1 1 1 1 1 1 1 1 1 1 1 1 1 1 1 1 1 1 1 1 1 1 1 1 1 1 1 1 1 1 1 1 1 1 1 1 1 1 1 1 1 1 1 1 1 1 1 1 1 1 1 1 1 1 1 1 1 1 1 1 1 1 1 1 1 1 1 1 1 1 1 1 1 1 1 1 1 1 1 1 1 1 1 1 1 1 1 1 1 1 1 1 1 1 1 1 1 1 1 1 1 1 1 1 1 1 1 1 1 1 1 1 1 1 1 1 1 1 1 1 1 1 1 1 1 1 1 1 1 1 1 1 1 1 1 1 1 1 1 1 1 1 1 1 1 1 1 1 1 1 1 1 1 1 1 1 1 1 1 1 1 1 1 1 1 1 1 1 1 1 1 1 1 1 1 1 1 1 1 1 1 1 1 1 1 1 1 1 1 1 1 1 1 1 1 1 1 1 1 1 1 1 1 1 1 1 1 1 1 1 1 1 1 1 1 1 1 1 1 1 1 1 1 1 1 1 1 1 1 1 1 1 1 1 1 1 1 1 1 1 1 1 1 1 1 1 1 1 1 1 1 1 1 1 1 1 1 1 1 1 1 1 1 1 1 1 1 1 1 1 1 1 1 1 1 1 1 1 1 1 1 1 1 1 1 1 1 1 1 1 1 1 1 1 1 1 1 1 1 1 1 1 1 1 1 1 1 1 1 1 1 1 1 1 1 1 1 1 1 1 1 1 1 1 1 1 1 1 1 1 1 1 1 1 1 1 1 1 1 1 1 1 1 1 1 1 1 1 1 1 1 1 1 1 1 1 1 1 1 1 1 1 1 1 1 1 1 1 1 1 1 1 1 1 1 1 1 1 1 1 1 1 1 1 1 1 1 1 1 1 1 1 1 1 1 1 1 1 1 1 1 1 1 1 1 1 1 1 1 1 1 1 1 1 1 1 1 1 1 1 1 1 1 1 1 1 1 1 1 1 1 1 1 1 1 1 1 1 1 1 1 1 1 1 1 1 1 1 1 1 1 1 1 1 1 1 1 1 1 1 1 1 1 1 1 1 1 1 1 1 1 1 1 1 1 1 1 1 1 1 1 1 1 1 1 1 1 1 1 1 1 1 1 1 1 1 1 1 1 1 1 1 1 1 1 1 1 1 1 1 1 1 1 1 1 1 1 1 1 1 1 1 1 1 1 1 1 1 1 1 1 1 1 1 1 1 1 1 1 1 1 1 1 1 1 1 1 1 1 1 1 1 1 1 1 1 1 1 1 1 1 1 1 1 1 1 1 1 1 1 1 1 1 1 1 1 1 1 1 1 1 1 1 1 1 1 1 1 1 1 1 1 1 1 1 1 1 1 1 1 1 1 1 1 1 1 1 1 1 1 1 1 1 1 1 1 1 1 1 1 1 1 1 1 1 1 1 1 1 1 1 1 1 1 1 1 1 1 1 1 1 1 1 1 1 1 1 1 1 1 1 1 1 1 1 1 1 1 1 1 1 1 1 1 1 1 1 1 1 1 1 1 1 1 1 1 1 1 1 1 1 1 1 1 1 1 1 1 1 1 1 1 1 1 1 1 1 1 1 1 1 1 1 1 1 1 1 1 1 1 1 1 1 1 1 1 1 1 1 1 1 1 1 1 1 1 1 1 1 1 1 1 1 1 1 1 1 1 1 1 1 1 1 1 1 1 1 1 1 1 1 1 1 1 1 1 1 1 1 1 1 1 1 1 1 1 1 1 1 1 1 1 1 1 1 1 1 1 1 1 1 1 1 1 1 1 1 1 1 1 1 1 1 1 1 1 1 1 1 1 1 1 1 1 1 1 1 1 1 1 1 1 1 1 1 1 1 1 1 1 1 1 1 1 1 1 1 1 1 1 1 1 1 1 1 1 1 1 1 1 1 1 1 1 1 1 1 1 1 1 1 1 1 1 1 1 1 1 1 1 1 1 1 1 1 1 1 1 1 1 1 1 1 1 1 1 1 1 1 1 1 1 1 1 1 1 1 1 1 1 1 1 1 1 1 1 1 1 1 1 1 1 1 1 1 1 1 1 1 1 1 1 1 1 1 1 1 1 1 1 1 1 1 1 1 1 1 1 1 1 1 1 1 1 1 1 1 1 1 1 1 1 1 1 1 1 1 1 1 1 1 1 1 1 1 1 1 1 1 1 1 1 1 1 1 1 1 1 1 1 1 1 1 1 1 1 1 1 1 1 1 1 1 1 1 1 1 1 1 1 1 1 1 1 1 1 1 1 1 1 1 1 1 1 1 1 1 1 1 1 1 1 1 1 1 1 1 1 1 1 1 1 1 1 1 1 1 1 1 1 1 1 1 1 1 1 1 1 1 1 1 1 1 1 1 1 1 1 1 1 1 1 1 1 1 1 1 1 1 1 1 1 1 1 1 1 1 1 1 1 1 1 1 1 1 1 1 1 1 1 1 1 1 1 1 1 1 1 1 1 1 1 1 1 1 1 1 1 1 1 1 1 1 1 1 1 1 1 1 1 1 1 1 1 1 1 1 1 1 1 1 1 1 1 1 1 1 1 1 1 1 1 1 1 1 1 1 1 1 1 1 1 1 1 1 1 1 1 1 1 1 1 1 1 1 1 1 1 1 1 1 1 1 1 1 1 1 1 1 1 1 1 1 1 1 1 1 1 1 1 1 1 1 1 1 1 1 1 1 1 1 1 1 1 1 1 1 1 1 1 1 1 1 1 1 1 1 1 1 1 1 1 1 1 1 1 1 1 1 1 1 1 1 1 1 1 1 1 1 1 1 1 1 1 1 1 1 1 1 1 1 1 1 1 1 1 1 1 1 1 1 1 1 1 1 1 1 1 1 1 1 1 1 1 1 1 1 1 1 1 1 1 1 1 1 1 1 1 1 1 1 1 1 1 1 1 1 1 1 1 1 1 1 1 1 1 1 1 1 1 1 1 1 1 1 1 1 1 1 1 1 1 1 1 1 1 1 1 1 1 1 1 1 1 1 1 1 1 1 1 1 1 1 1 1 1 1 1 1 1 1 1 1 1 1 1 1 1 1 1 1 1 1 1 1 1 1 1 1 1 1 1 1 1 1 1 1 1 1 1 1 1 1 1 1 1 1 1 1 1 1 1 1 1 1 1 1 1 1 1 1 1 1 1 1 1 1 1 1 1 1 1 1 1 1 1 1 1 1 1 1 1 1 1 1 1 1 1 1 1 1 1 1 1 1 1 1 1 1 1 1 1 1 1 1 1 1 1 1 1 1 1 1 1 1 1 1 1 1 1 1 1 1 1 1 1 1 1 1 1 1 1 1 1 1 1 1 1 1 1 1 1 1 1 1 1 1 1 1 1 1 1 1 1 1 1 1 1 1 1 1 1 1 1 1 1 1 1 1 1 1 1 1 1 1 1 1 1 1 1 1 1 1 1 1 1 1 1 1 1 1 1 1 1 1 1 1 1 1 1 1 1 1 1 1 1 1 1 1 1 1 1 1 1 1 1 1 1 1 1 1 1 1 1 1 1 1 1 1 1 1 1 1 1 1 1 1 1 1 1 1 1 1 1 1 1 1 1 1 1 1 1 1 1 1 1 1 1 1 1 1 1 1 1 1 1 1 1 1 1 1 1 1 1 1 1 1 1 1 1 1 1 1 1 1 1 1 1 1 1 1 1 1 1 1 1 1 1 1 1 1 1 1 1 1 1 1 1 1 1 1 1 1 1 1 1 1 1 1 1 1 1 1 1 1 1 1 1 1 1 1 1 1 1 1 1 1 1 1 1 1 1 1 1 1 1 1 1 1 1 1 1 1 1 1 1 1 1 1 1 1 1 1 1 1 1 1 1 1 1 1 1 1 1 1 1 1 1 1 1 1 1 1 1 1 1 1 1 1 1 1 1 1 1 1 1 1 1 1 1 1 1 1 1 1 1 1 1 1 1 1 1 1 1 1 1 1 1 1 1 1 1 1 1 1 1 1 1 1 1 1 1 1 1 1 1 1 1 1 1 1 1 1 1 1 1 1 1 1 1 1 1 1 1 1 1 1 1 1 1 1 1 1 1 1 1 1 1 1 1 1 1 1 1 1 1 1 1 1 1 1 1 1 1 1 1 1 1 1 1 1 1 1 1 1 1 1 1 1 1 1 1 1 1 1 1 1 1 1 1 1 1 1 1 1 1 1 1 1 1 1 1 1 1 1 1 1 1 1 1 1 1 1 1 1 1 1 1 1 1 1 1 1 1 1 1 1 1 1 1 1 1 1 1 1 1 1 1 1 1 1 1 1 1 1 1 1 1 1 1 1 1 1 1 1 1 1 1 1 1 1 1 1 1 1 1 1 1 1 1 1 1 1 1 1 1 1 1 1 1 1 1 1 1 1 1 1 1 1 1 1 1 1 1 1 1 1 1 1 1 1 1 1 1 1 1 1 1 1 1 1 1 1 1 1 1 1 1 1 1 1 1 1 1 1 1 1 1 1 1 1 1 1 1 1 1 1 1 1 1 1 1 1 1 1 1 1 1 1 1 1 1 1 1 1 1 1 1 1 1 1 1 1 1 1 1 1 1 1 1 1 1 1 1 1 1 1 1 1 1 1 1 1 1 1 1 1 1 1 1 1 1 1 1 1 1 1 1 1 1 1 1 1 1 1 1 1 1 1 1 1 1 1 1 1 1 1 1 1 1 1 1 1 1 1 1 1 1 1 1 1 1 1 1 1 1 1 1 1 1 1 1 1 1 1 1 1 1 1 1 1 1 1 1 1 1 1 1 1 1 1 1 1 1 1 1 1 1 1 1 1 1 1 1 1 1 1 1 1 1 1 1 1 1 1 1 1 1 1 1 1 1 1 1 1 1 1 1 1 1 1 1 1 1 1 1 1 1 1 1 1 1 1 1 1 1 1 1 1 1 1 1 1 1 1 1 1 1 1 1 1 1 1 1 1 1 1 1 1 1 1 1 1 1 1 1 1 1 1 1 1 1 1 1 1 1 1 1 1 1 1 1 1 1 1 1 1 1 1 1 1 1 1 1 1 1 1 1 1 1 1 1 1 1 1 1 1 1 1 1 1 1 1 1 1 1 1 1 1 1 1 1 1 1 1 1 1 1 1 1 1 1 1 1 1 1 1 1 1 1 1 1 1 1 1 1 1 1 1 1 1 1 1 1 1 1 1 1 1 1 1 1 1 1 1 1 1 1 1 1 1 1 1 1 1 1 1 1 1 1 1 1 1 1 1 1 1 1 1 1 1 1 1 1 1 1 1 1 1 1 1 1 1 1 1 1 1 1 1 1 1 1 1 1 1 1 1 1 1 1 1 1 1 1 1 1 1 1 1 1 1 1 1 1 1 1 1 1 1 1 1 1 1 1 1 1 1 1 1 1 1 1 1 1 1 1 1 1 1 1 1 1 1 1 1 1 1 1 1 1 1 1 1 1 1 1 1 1 1 1 1 1 1 1 1 1 1 1 1 1 1 1 1 1 1 1 1 1 1 1 1 1 1 1 1 1 1 1 1 1 1 1 1 1 1 1 1 1 1 1 1 1 1 1 1 1 1 1 1 1 1 1 1 1 1 1 1 1 1 1 1 1 1 1 1 1 1 1 1 1 1 1 1 1 1 1 1 1 1 1 1 1 1 1 1 1 1 1 1 1 1 1 1 1 1 1 1 1 1 1 1 1 1 1 1 1 1 1 1 1 1 1 1 1 1 1 1 1 1 1 1 1 1 1 1 1 1 1 1 1 1 1 1 1 1 1 1 1 1 1 1 1 1 1 1 1 1 1 1 1 1 1 1 1 1 1 1 1 1 1 1 1 1 1 1 1 1 1 1 1 1 1 1 1 1 1 1 1 1 1 1 1 1 1 1 1 1 1 1 1 1 1 1 1 1 1 1 1 1 1 1 1 1 1 1 1 1 1 1 1 1 1 1 1 1 1 1 1 1 1 1 1 1 1 1 1 1 1 1 1 1 1 1 1 1 1 1 1 1 1 1 1 1 1 1 1 1 1 1 1 1 1 1 1 1 1 1 1 1 1 1 1 1 1 1 1 1 1 1 1 1 1 1 1 1 1 1 1 1 1 1 1 1 1 1 1 1 1 1 1 1 1 1 1 1 1 1 1 1 1 1 1 1 1 1 1 1 1 1 1 1 1 1 1 1 1 1 1 1 1 1 1 1 1 1 1 1 1 1 1 1 1 1 1 1 1 1 1 1 1 1 1 1 1 1 1 1 1 1 1 1 1 1 1 1 1 1 1 1 1 1 1 1 1 1 1 1 1 1 1 1 1 1 1 1 1 1 1 1 1 1 1 1 1 1 1 1 1 1 1 1 1 1 1 1 1 1 1 1 1 1 1 1 1 1 1 1 1 1 1 1 1 1 1 1 1 1 1 1 1 1 1 1 1 1 1 1 1 1 1 1 1 1 1 1 1 1 1 1 1 1 1 1 1 1 1 1 1 1 1 1 1 1 1 1 1 1 1 1 1 1 1 1 1 1 1 1 1 1 1 1 1 1 1 1 1 1 1 1 1 1 1 1 1 1 1 1 1 1 1 1 1 1 1 1 1 1 1 1 1 1 1 1 1 1 1 1 1 1 1 1 1 1 1 1 1 1 1 1 1 1 1 1 1 1 1 1 1 1 1 1 1 1 1 1 1 1 1 1 1 1 1 1 1 1 1 1 1 1 1 1 1 1 1 1 1 1 1 1 1 1 1 1 1 1 1 1 1 1 1 1 1 1 1 1 1 1 1 1 1 1 1 1 1 1 1 1 1 1 1 1 1 1 1 1 1 1 1 1 1 1 1 1 1 1 1 1 1 1 1 1 1 1 1 1 1 1 1 1 1 1 1 1 1 1 1 1 1 1 1 1 1 1 1 1 1 1 1 1 1 1 1 1 1 1 1 1 1 1 1 1 1 1 1 1 1 1 1 1 1 1 1 1 1 1 1 1 1 1 1 1 1 1 1 1 1 1 1 1 1 1 1 1 1 1 1 1 1 1 1 1 1 1 1 1 1 1 1 1 1 1 1 1 1 1 1 1 1 1 1 1 1 1 1 1 1 1 1 1 1 1 1 1 1 1 1 1 1 1 1 1 1 1 1 1 1 1 1 1 1 1 1 1 1 1 1 1 1 1 1 1 1 1 1 1 1 1 1 1 1 1 1 1 1 1 1 1 1 1 1 1 1 1 1 1 1 1 1 1 1 1 1 1 1 1 1 1 1 1 1 1 1 1 1 1 1 1 1 1 1 1 1 1 1 1 1 1 1 1 1 1 1 1 1 1 1 1 1 1 1 1 1 1 1 1 1 1 1 1 1 1 1 1 1 1 1 1 1 1 1 1 1 1 1 1 1 1 1 1 1 1 1 1 1 1 1 1 1 1 1 1 1 1 1 1 1 1 1 1 1 1 1 1 1 1 1 1 1 1 1 1 1 1 1 1 1 1 1 1 1 1 1 1 1 1 1 1 1 1 1 1 1 1 1 1 1 1 1 1 1 1 1 1 1 1 1 1 1 1 1 1 1 1 1 1 1 1 1 1 1 1 1 1 1 1 1 1 1 1 1 1 1 1 1 1 1 1 1 1 1 1 1 1 1 1 1 1 1 1 1 1 1 1 1 1 1 1 1 1 1 1 1 1 1 1 1 1 1 1 1 1 1 1 1 1 1 1 1 1 1 1 1 1 1 1 1 1 1 1 1 1 1 1 1 1 1 1 1 1 1 1 1 1 1 1 1 1 1 1 1 1 1 1 1 1 1 1 1 1 1 1 1 1 1 1 1 1 1 1 1 1 1 1 1 1 1 1 1 1 1 1 1 1 1 1 1 1 1 1 1 1 1 1 1 1 1 1 1 1 1 1 1 1 1 1 1 1 1 1 1 1 1 1 1 1 1 1 1 1 1 1 1 1 1 1 1 1 1 1 1 1 1 1 1 1 1 1 1 1 1 1 1 1 1 1 1 1 1 1 1 1 1 1 1 1 1 1 1 1 1 1 1 1 1 1 1 1 1 1 1 1 1 1 1 1 1 1 1 1 1 1 1 1 1 1 1 1 1 1 1 1 1 1 1 1 1 1 1 1 1 1 1 1 1 1 1 1 1 1 1 1 1 1 1 1 1 1 1 1 1 1</float_array>
          <technique_common>
            <accessor source="#geom-Body_Mdl__m_obj_staffrolltv-map0-array" count="1613" stride="3">
              <param name="R" type="float"/>
              <param name="G" type="float"/>
              <param name="B" type="float"/>
            </accessor>
          </technique_common>
        </source>
        <source id="geom-Body_Mdl__m_obj_staffrolltv-map1">
          <float_array id="geom-Body_Mdl__m_obj_staffrolltv-map1-array" count="4839">0.9822232 0.09411764 0 0.9822232 0.2703593 0 0.9001602 0.2703593 0 0.7914702 0.09338522 0 0.7091936 0.2703593 0 0.6428321 0.09282064 0 0.6428321 0.2703593 0 0.2269779 0.9810178 0 0.2269779 0.9769436 0 0.2315251 0.9847257 0 0.2315099 0.9732357 0 0.2435645 0.9847257 0 0.2565347 0.9732357 0 0.2565347 0.9847257 0 0.2435645 0.9732357 0 0.2435645 0.969955 0 0.2565347 0.969955 0 0.2315099 0.969955 0 0.2435645 0.9590906 0 0.2565347 0.9590906 0 0.2565347 0.9558404 0 0.2435645 0.9558404 0 0.2315099 0.9590906 0 0.2315099 0.9558404 0 0.2235904 0.961059 0 0.2272068 0.9626001 0 0.2237583 0.9680781 0 0.2272068 0.9664454 0 0.1671626 0.9384756 0 0.1671626 0.965423 0 0.1585717 0.965423 0 0.1585717 0.9384756 0 0.1499809 0.965423 0 0.1499809 0.9384756 0 0.1413748 0.965423 0 0.1413748 0.9384756 0 0.132784 0.965423 0 0.132784 0.9384756 0 0.1241932 0.965423 0 0.1241932 0.9384756 0 0.1155871 0.965423 0 0.1155871 0.9384756 0 0.1069963 0.965423 0 0.1069963 0.9384756 0 0.09840544 0.965423 0 0.09840544 0.9384756 0 0.09840544 0.9818265 0 0.1016861 0.9738765 0 0.1016861 0.9897612 0 0.1096361 0.9705958 0 0.1096361 0.9930571 0 0.1175708 0.9897612 0 0.1175708 0.9738765 0 0.1208667 0.9818265 0 0.1850767 0.9810788 0 0.1850767 0.9770046 0 0.1896239 0.9847867 0 0.1896086 0.9732967 0 0.2016632 0.9847867 0 0.2146334 0.9732967 0 0.2146334 0.9847867 0 0.2016632 0.9732967 0 0.2016632 0.970016 0 0.2146334 0.970016 0 0.1896086 0.970016 0 0.2016632 0.9591516 0 0.2146334 0.9591516 0 0.2146334 0.9559014 0 0.2016632 0.9559014 0 0.1896086 0.9591516 0 0.1896086 0.9559014 0 0.1816892 0.9611048 0 0.1853056 0.9626611 0 0.181857 0.9681239 0 0.1853056 0.9665064 0 0.08493172 0.9384756 0 0.08493172 0.965423 0 0.07634088 0.965423 0 0.07634088 0.9384756 0 0.0677348 0.965423 0 0.0677348 0.9384756 0 0.05914397 0.965423 0 0.05914397 0.9384756 0 0.05055314 0.965423 0 0.05055314 0.9384756 0 0.04194705 0.965423 0 0.04194705 0.9384756 0 0.03335622 0.965423 0 0.03335622 0.9384756 0 0.02476539 0.965423 0 0.02476539 0.9384756 0 0.0161593 0.965423 0 0.0161593 0.9384756 0 0.0161593 0.9818265 0 0.01945525 0.9738765 0 0.01945525 0.9897612 0 0.02738994 0.9705958 0 0.02738994 0.9930571 0 0.0353399 0.9897612 0 0.0353399 0.9738765 0 0.03862058 0.9818265 0 0.0583505 0.05171281 0 0.06074617 0.04271001 0 0.06074617 0.06070042 0 0.06733806 0.03613335 0 0.06733806 0.06727701 0 0.07632563 0.03372246 0 0.07632563 0.06968796 0 0.08532845 0.03613335 0 0.08532845 0.06727701 0 0.09190509 0.04271001 0 0.09190509 0.06070042 0 0.09431601 0.05171281 0 0.1066453 0.06086826 0 0.1066453 0.0472877 0 0.1133745 0.0472877 0 0.1133745 0.06088352 0 0.1201038 0.0472877 0 0.1201038 0.06088352 0 0.126833 0.0472877 0 0.126833 0.06088352 0 0.1335622 0.04730296 0 0.1335622 0.06088352 0 0.1402915 0.04730296 0 0.1402915 0.06089878 0 0.1470207 0.04730296 0 0.1470207 0.06089878 0 0.1537652 0.04730296 0 0.1537499 0.06089878 0 0.1604944 0.04731822 0 0.1604791 0.06089878 0 0.1672236 0.04731822 0 0.1672084 0.06091404 0 0.1739528 0.04731822 0 0.1739376 0.06091404 0 0.1806821 0.04731822 0 0.1806668 0.06091404 0 0.1874113 0.04733348 0 0.187396 0.06091404 0 0.01715114 0.02397192 0 0.01715114 0.01725793 0 0.02645914 0.01725793 0 0.02645914 0.02397192 0 0.03576715 0.01725793 0 0.03576715 0.02397192 0 0.04507515 0.01725793 0 0.04507515 0.02397192 0 0.05438315 0.01725793 0 0.05438315 0.02397192 0 0.06369115 0.01725793 0 0.06369115 0.02397192 0 0.07299916 0.01725793 0 0.07299916 0.02397192 0 0.08232243 0.01725793 0 0.08232243 0.02397192 0 0.09163043 0.01725793 0 0.09163043 0.02397192 0 0.1009384 0.01725793 0 0.1009384 0.02397192 0 0.1102464 0.01725793 0 0.1102464 0.02397192 0 0.1195544 0.02397192 0 0.1195544 0.01725793 0 0.1288624 0.02397192 0 0.1288624 0.01725793 0 0.2059968 0.08839554 0 0.2018463 0.07290763 0 0.2059968 0.05741972 0 0.2173343 0.099733 0 0.2173343 0.046067 0 0.2328221 0.04191655 0 0.2328221 0.1038834 0 0.2483253 0.046067 0 0.2483253 0.099733 0 0.2596628 0.05741972 0 0.2596628 0.08839554 0 0.2638132 0.07290763 0 0.3364462 0.0727703 0 0.3322957 0.08825821 0 0.3322957 0.05728239 0 0.320943 0.09961092 0 0.320943 0.04594493 0 0.3054551 0.1037614 0 0.3054551 0.04179448 0 0.2899672 0.09961092 0 0.2899672 0.04594493 0 0.2786298 0.05728239 0 0.2786298 0.08825821 0 0.2744793 0.0727703 0 0.09549096 0.1026016 0 0.09552148 0.08162051 0 0.1034867 0.08163577 0 0.1034714 0.1026016 0 0.1114519 0.08163577 0 0.1114366 0.1026169 0 0.1194171 0.08165103 0 0.1194018 0.1026169 0 0.1273823 0.08165103 0 0.127367 0.1026169 0 0.1353475 0.08165103 0 0.1353323 0.1026322 0 0.1433127 0.08166629 0 0.1432975 0.1026322 0 0.1512779 0.08166629 0 0.1512627 0.1026474 0 0.1592432 0.08168155 0 0.1592279 0.1026474 0 0.1672236 0.08168155 0 0.1672084 0.1026474 0 0.1751888 0.08168155 0 0.1751736 0.1026627 0 0.183154 0.08169681 0 0.1831388 0.1026627 0 0.1911193 0.08169681 0 0.191104 0.1026779 0 0.141619 0.02903789 0 0.141619 0.01451135 0 0.1576562 0.01451135 0 0.1576562 0.02903789 0 0.1736934 0.01451135 0 0.1736934 0.02903789 0 0.1897307 0.01451135 0 0.1897307 0.02903789 0 0.2057679 0.01451135 0 0.2057679 0.02903789 0 0.2218051 0.01451135 0 0.2218051 0.02903789 0 0.2378271 0.01451135 0 0.2378271 0.02903789 0 0.2538643 0.01451135 0 0.2538643 0.02903789 0 0.2699016 0.01451135 0 0.2699016 0.02903789 0 0.2859388 0.01451135 0 0.2859388 0.02903789 0 0.3019761 0.01451135 0 0.3019761 0.02903789 0 0.3180133 0.01451135 0 0.3180133 0.02903789 0 0.3340505 0.01451135 0 0.3340505 0.02903789 0 0.6286564 0.8955215 0 0.6286564 0.9138781 0 0.3296407 0.8955215 0 0.3296407 0.9147478 0 0.6286564 0.9525597 0 0.3296407 0.9547417 0 0.6286564 0.9638819 0 0.3296407 0.9638819 0 0.6428321 0.09282064 0 0.7274586 0.09314108 0 0.6428321 0.1408255 0 0.6428321 0.2001373 0 0.8382086 0.09356833 0 0.6428321 0.2579538 0 0.9506676 0.09399557 0 0.9822232 0.09411764 0 0.9822232 0.1435416 0 0.9822232 0.2703593 0 0.6428321 0.2703593 0 0.1264362 0.9818265 0 0.1297169 0.9738765 0 0.1297169 0.9897612 0 0.1376669 0.9930571 0 0.1376669 0.9705958 0 0.1456016 0.9738765 0 0.1456016 0.9897612 0 0.1488975 0.9818265 0 0.04419013 0.9818265 0 0.04748607 0.9738765 0 0.04748607 0.9897612 0 0.05542077 0.9930571 0 0.05542077 0.9705958 0 0.06337072 0.9738765 0 0.06337072 0.9897612 0 0.0666514 0.9818265 0 0.2960861 0.9322347 0 0.2998398 0.9261006 0 0.3021592 0.9322347 0 0.2933394 0.9261006 0 0.2683604 0.9322347 0 0.2826124 0.9261006 0 0.197467 0.9322652 0 0.2796979 0.9164111 0 0.2729839 0.903212 0 0.2655528 0.935607 0 0.2636606 0.8997329 0 0.2002899 0.9356375 0 0.2634623 0.9437095 0 0.2023804 0.94374 0 0.2560769 0.9479515 0 0.2048524 0.9479668 0 0.1664912 0.8997329 0 0.1664454 0.9322805 0 0.2636606 0.8721599 0 0.05374227 0.9155413 0 0.06004425 0.9029679 0 0.05091936 0.924773 0 0.06921493 0.8997329 0 0.03768978 0.9304341 0 0.04042115 0.924773 0 0.03422599 0.924773 0 0.03189136 0.9304341 0 0.06921493 0.8721599 0 0.05831998 0.8781262 0 0.05937285 0.9014878 0 0.1664912 0.6748303 0 0.04356451 0.8863508 0 0.0442359 0.9043565 0 0.03320363 0.9045396 0 0.05423056 0.8717021 0 0.03352407 0.8817884 0 0.02240025 0.9001755 0 0.01922637 0.8940566 0 0.05282673 0.8772259 0 0.04042115 0.8783093 0 0.04664683 0.8767071 0 0.04689097 0.8720531 0 0.03950561 0.873579 0 0.03080796 0.8755779 0 0.05551232 0.6742046 0 0.06292821 0.6745708 0 0.04509041 0.6735485 0 0.07032883 0.674815 0 0.03476005 0.6680552 0 0.01246662 0.8943008 0 0.02821393 0.6576943 0 0.07106127 0.6699321 0 0.06564431 0.6683452 0 0.06279088 0.6723888 0 0.05786221 0.6663615 0 0.1665064 0.6699321 0 0.06205844 0.6638285 0 0.262089 0.6699321 0 0.1665217 0.6562448 0 0.05900664 0.6562448 0 0.05401694 0.657084 0 0.2626688 0.674815 0 0.05587854 0.6465706 0 0.0509041 0.6468452 0 0.0495613 0.6352178 0 0.05378805 0.6300298 0 0.1664759 0.6300298 0 0.1665064 0.6465706 0 0.2777295 0.645945 0 0.2797742 0.6300298 0 0.2841382 0.634287 0 0.282826 0.6462196 0 0.2795911 0.6567178 0 0.2744946 0.6562448 0 0.2755779 0.6662089 0 0.2713054 0.6635996 0 0.267628 0.6682231 0 0.2704967 0.6723888 0 0.2782025 0.8715343 0 0.2700542 0.6746013 0 0.2742962 0.8782941 0 0.2730755 0.9013504 0 0.2853437 0.8717632 0 0.2774701 0.6742809 0 0.2796063 0.8764324 0 0.2885634 0.8855726 0 0.2879072 0.9034714 0 0.298497 0.9036545 0 0.2856184 0.8760204 0 0.2925307 0.8732433 0 0.2878767 0.6736705 0 0.2917372 0.8777447 0 0.2983139 0.8814679 0 0.3090104 0.8996109 0 0.3121386 0.8937057 0 0.3009689 0.8752575 0 0.2982071 0.6682383 0 0.3186999 0.8939956 0 0.304799 0.6579385 0 0.04383917 0.04808116 0 0.04209964 0.05458152 0 0.04209964 0.04158086 0 0.03733883 0.03681999 0 0.03733883 0.05934232 0 0.03083848 0.03508049 0 0.03083848 0.06108189 0 0.02433814 0.05934232 0 0.02433814 0.03681999 0 0.01957732 0.05458152 0 0.01957732 0.04158086 0 0.0178378 0.04808116 0 0.04734875 0.09124893 0 0.04528878 0.09893948 0 0.04528878 0.08355838 0 0.03964294 0.07792783 0 0.03964294 0.1045853 0 0.03195239 0.07585257 0 0.03195239 0.1066453 0 0.02426185 0.1045853 0 0.02426185 0.07792783 0 0.01861601 0.09893948 0 0.01861601 0.08355838 0 0.01655604 0.09124893 0 0.7925994 0.6316015 0 0.7925994 0.6128634 0 0.803418 0.6128634 0 0.803418 0.6316015 0 0.8142366 0.6128634 0 0.7925994 0.6503395 0 0.8142366 0.6316015 0 0.835874 0.6128634 0 0.803418 0.6503395 0 0.835874 0.6316015 0 0.857496 0.6128634 0 0.8142366 0.6503395 0 0.835874 0.6503395 0 0.857496 0.6316015 0 0.8791333 0.6128634 0 0.857496 0.6503395 0 0.835874 0.6690929 0 0.8791333 0.6316015 0 0.857496 0.6690929 0 0.8142366 0.6690929 0 0.835874 0.6878309 0 0.857496 0.6878309 0 0.8142366 0.6878309 0 0.803418 0.6878309 0 0.8791333 0.6690929 0 0.8791333 0.6878309 0 0.9007553 0.6878309 0 0.7925994 0.6878309 0 0.7925994 0.6690929 0 0.9007553 0.6690929 0 0.803418 0.6690929 0 0.9223926 0.6878309 0 0.8791333 0.6503395 0 0.9223926 0.6690929 0 0.9440299 0.6878309 0 0.9007553 0.6503395 0 0.9223926 0.6503395 0 0.9440299 0.6690929 0 0.9656519 0.6878309 0 0.9656519 0.6690929 0 0.9656519 0.6503395 0 0.9440299 0.6503395 0 0.9656519 0.6316015 0 0.9440299 0.6316015 0 0.9440299 0.6128634 0 0.9656519 0.6128634 0 0.9223926 0.6128634 0 0.9223926 0.6316015 0 0.9007553 0.6128634 0 0.9007553 0.6316015 0 0.1484245 0.2745403 0 0.1479057 0.2521096 0 0.133669 0.2688335 0 0.1571069 0.2547799 0 0.1692073 0.1237354 0 0.1629816 0.2734112 0 0.1735409 0.1243763 0 0.1667659 0.2565194 0 0.1752804 0.2693217 0 0.1778744 0.1248493 0 0.17673 0.2573892 0 0.182208 0.125124 0 0.186389 0.2670329 0 0.1865568 0.125246 0 0.1867552 0.2575723 0 0.1967193 0.2573739 0 0.1980926 0.2690471 0 0.1908904 0.1251392 0 0.2066072 0.2563668 0 0.2108949 0.2722973 0 0.1952392 0.1248341 0 0.2162203 0.2544289 0 0.22504 0.2727093 0 0.1996033 0.124361 0 0.2254368 0.251667 0 0.2389868 0.2671549 0 0.2039826 0.1237202 0 0.2369421 0.1172045 0 0.2210574 0.1244984 0 0.238529 0.1415427 0 0.2476387 0.1386282 0 0.2600595 0.2695964 0 0.252842 0.1174792 0 0.2644083 0.2689403 0 0.2572976 0.1366751 0 0.2661326 0.1208972 0 0.2687419 0.2684825 0 0.2673228 0.1356832 0 0.2730755 0.2681926 0 0.2777447 0.1225604 0 0.277409 0.268101 0 0.2774395 0.1354238 0 0.287541 0.1357901 0 0.2817426 0.2681926 0 0.2896467 0.1208209 0 0.2861066 0.2684825 0 0.2974746 0.1369955 0 0.3030137 0.118349 0 0.3070878 0.1391165 0 0.2904707 0.2689403 0 0.3179828 0.1190356 0 0.3162737 0.1420462 0 0.2948653 0.2695659 0 0.3326924 0.1262531 0 0.1484245 0.2745403 0 0.133669 0.2688335 0 0.1479057 0.2521096 0 0.1571069 0.2547799 0 0.1692073 0.1237354 0 0.1629816 0.2734112 0 0.1735409 0.1243763 0 0.1667659 0.2565194 0 0.1752804 0.2693217 0 0.1778744 0.1248493 0 0.17673 0.2573892 0 0.182208 0.125124 0 0.186389 0.2670329 0 0.1865568 0.125246 0 0.1867552 0.2575723 0 0.1967193 0.2573739 0 0.1980926 0.2690471 0 0.1908904 0.1251392 0 0.2066072 0.2563668 0 0.2108949 0.2722973 0 0.1952392 0.1248341 0 0.2162203 0.2544289 0 0.22504 0.2727093 0 0.1996033 0.124361 0 0.2254368 0.251667 0 0.2389868 0.2671549 0 0.2039826 0.1237202 0 0.2369421 0.1172045 0 0.238529 0.1415427 0 0.2210574 0.1244984 0 0.2476387 0.1386282 0 0.2600595 0.2695964 0 0.252842 0.1174792 0 0.2644083 0.2689403 0 0.2572976 0.1366751 0 0.2661326 0.1208972 0 0.2687419 0.2684825 0 0.2673228 0.1356832 0 0.2730755 0.2681926 0 0.2777447 0.1225604 0 0.277409 0.268101 0 0.2774395 0.1354238 0 0.287541 0.1357901 0 0.2817426 0.2681926 0 0.2896467 0.1208209 0 0.2861066 0.2684825 0 0.2974746 0.1369955 0 0.3030137 0.118349 0 0.3070878 0.1391165 0 0.2904707 0.2689403 0 0.3179828 0.1190356 0 0.3162737 0.1420462 0 0.2948653 0.2695659 0 0.3326924 0.1262531 0 0.638117 0.07440299 0 0.638117 0.08035403 0 0.6691844 0.08035403 0 0.6691844 0.07440299 0 0.6795453 0.08035403 0 0.6691844 0.06697184 0 0.6299992 0.06697184 0 0.6795453 0.07440299 0 0.7060655 0.08035403 0 0.6691844 0.06045622 0 0.6299992 0.06045622 0 0.638117 0.05276573 0 0.6691844 0.05276573 0 0.6795453 0.05276573 0 0.6795453 0.06045622 0 0.7060655 0.05276573 0 0.6795453 0.06697184 0 0.7060655 0.06045622 0 0.7118639 0.05276573 0 0.7060655 0.07440299 0 0.7118639 0.08035403 0 0.7060655 0.06697184 0 0.7118639 0.06045622 0 0.7118639 0.07440299 0 0.7118639 0.06697184 0 0.7177691 0.06045622 0 0.7177691 0.05276573 0 0.7177691 0.06697184 0 0.7177691 0.07440299 0 0.7177691 0.08035403 0 0.7397421 0.06697184 0 0.7397421 0.06045622 0 0.7397421 0.05276573 0 0.7397421 0.07440299 0 0.7397421 0.08035403 0 0.7467613 0.06697184 0 0.7467613 0.06045622 0 0.7467613 0.05276573 0 0.7535363 0.05276573 0 0.7467613 0.07440299 0 0.7467613 0.08035403 0 0.7535363 0.08035403 0 0.7535363 0.06045622 0 0.7764248 0.05276573 0 0.7535363 0.07440299 0 0.7764248 0.08035403 0 0.7535363 0.06697184 0 0.7764248 0.06045622 0 0.7825284 0.05276573 0 0.7764248 0.07440299 0 0.7825284 0.08035403 0 0.7764248 0.06697184 0 0.7825284 0.06045622 0 0.7825284 0.07440299 0 0.7825284 0.06697184 0 0.7888151 0.06045622 0 0.7888151 0.05276573 0 0.7888151 0.06697184 0 0.7888151 0.07440299 0 0.7888151 0.08035403 0 0.8143587 0.06697184 0 0.8143587 0.06045622 0 0.8143587 0.05276573 0 0.8143587 0.07440299 0 0.8143587 0.08035403 0 0.8229343 0.06697184 0 0.8229343 0.06045622 0 0.8229343 0.05276573 0 0.8285191 0.05276573 0 0.8229343 0.07440299 0 0.8229343 0.08035403 0 0.8285191 0.08035403 0 0.8285191 0.06045622 0 0.857847 0.05276573 0 0.8285191 0.07440299 0 0.857847 0.08035403 0 0.8285191 0.06697184 0 0.857847 0.06045622 0 0.867155 0.05276573 0 0.857847 0.07440299 0 0.867155 0.08035403 0 0.857847 0.06697184 0 0.867155 0.06045622 0 0.867155 0.07440299 0 0.867155 0.06697184 0 0.8746014 0.06045622 0 0.8746014 0.05276573 0 0.8746014 0.06697184 0 0.8746014 0.07440299 0 0.8746014 0.08035403 0 0.906096 0.06697184 0 0.906096 0.06045622 0 0.906096 0.05276573 0 0.906096 0.07440299 0 0.906096 0.08035403 0 0.9137255 0.06697184 0 0.9137255 0.06045622 0 0.9137255 0.05276573 0 0.919356 0.05276573 0 0.9137255 0.07440299 0 0.9137255 0.08035403 0 0.919356 0.08035403 0 0.919356 0.06045622 0 0.936141 0.05276573 0 0.919356 0.07440299 0 0.936141 0.08035403 0 0.919356 0.06697184 0 0.936141 0.06045622 0 0.9474174 0.05276573 0 0.936141 0.07440299 0 0.9474174 0.08035403 0 0.936141 0.06697184 0 0.9474174 0.06045622 0 0.9474174 0.07440299 0 0.9586633 0.08035403 0 0.9474174 0.06697184 0 0.9586633 0.06045622 0 0.9586633 0.05276573 0 0.9586633 0.06697184 0 0.9586633 0.07440299 0 0.969543 0.08035403 0 0.969543 0.06045622 0 0.969543 0.05276573 0 0.969543 0.06697184 0 0.9823605 0.06045622 0 0.9823605 0.05276573 0 0.9823605 0.06697184 0 0.969543 0.07440299 0 0.9823605 0.07440299 0 0.9823605 0.08035403 0 0.638117 0.07440299 0 0.6691844 0.08035403 0 0.638117 0.08035403 0 0.6691844 0.07440299 0 0.6795453 0.08035403 0 0.6691844 0.06697184 0 0.6299992 0.06697184 0 0.6795453 0.07440299 0 0.7060655 0.08035403 0 0.6691844 0.06045622 0 0.6299992 0.06045622 0 0.638117 0.05276573 0 0.6691844 0.05276573 0 0.6795453 0.05276573 0 0.6795453 0.06045622 0 0.7060655 0.05276573 0 0.6795453 0.06697184 0 0.7060655 0.06045622 0 0.7118639 0.05276573 0 0.7060655 0.07440299 0 0.7118639 0.08035403 0 0.7060655 0.06697184 0 0.7118639 0.06045622 0 0.7118639 0.07440299 0 0.7118639 0.06697184 0 0.7177691 0.06045622 0 0.7177691 0.05276573 0 0.7177691 0.06697184 0 0.7177691 0.07440299 0 0.7177691 0.08035403 0 0.7397421 0.06697184 0 0.7397421 0.06045622 0 0.7397421 0.05276573 0 0.7397421 0.07440299 0 0.7397421 0.08035403 0 0.7467613 0.06697184 0 0.7467613 0.06045622 0 0.7467613 0.05276573 0 0.7535363 0.05276573 0 0.7467613 0.07440299 0 0.7467613 0.08035403 0 0.7535363 0.08035403 0 0.7535363 0.06045622 0 0.7764248 0.05276573 0 0.7535363 0.07440299 0 0.7764248 0.08035403 0 0.7535363 0.06697184 0 0.7764248 0.06045622 0 0.7825284 0.05276573 0 0.7764248 0.07440299 0 0.7825284 0.08035403 0 0.7764248 0.06697184 0 0.7825284 0.06045622 0 0.7825284 0.07440299 0 0.7825284 0.06697184 0 0.7888151 0.06045622 0 0.7888151 0.05276573 0 0.7888151 0.06697184 0 0.7888151 0.07440299 0 0.7888151 0.08035403 0 0.8143587 0.06697184 0 0.8143587 0.06045622 0 0.8143587 0.05276573 0 0.8143587 0.07440299 0 0.8143587 0.08035403 0 0.8229343 0.06045622 0 0.8229343 0.05276573 0 0.8285191 0.05276573 0 0.8229343 0.06697184 0 0.8285191 0.06045622 0 0.857847 0.05276573 0 0.8229343 0.07440299 0 0.8229343 0.08035403 0 0.8285191 0.08035403 0 0.8285191 0.07440299 0 0.857847 0.08035403 0 0.8285191 0.06697184 0 0.857847 0.07440299 0 0.867155 0.08035403 0 0.857847 0.06045622 0 0.867155 0.05276573 0 0.857847 0.06697184 0 0.867155 0.07440299 0 0.867155 0.06045622 0 0.867155 0.06697184 0 0.8746014 0.07440299 0 0.8746014 0.08035403 0 0.8746014 0.06697184 0 0.8746014 0.06045622 0 0.8746014 0.05276573 0 0.906096 0.06697184 0 0.906096 0.07440299 0 0.906096 0.08035403 0 0.906096 0.06045622 0 0.906096 0.05276573 0 0.9137255 0.06697184 0 0.9137255 0.07440299 0 0.9137255 0.08035403 0 0.919356 0.08035403 0 0.9137255 0.06045622 0 0.9137255 0.05276573 0 0.919356 0.05276573 0 0.919356 0.07440299 0 0.936141 0.08035403 0 0.919356 0.06045622 0 0.936141 0.05276573 0 0.919356 0.06697184 0 0.936141 0.07440299 0 0.9474174 0.08035403 0 0.936141 0.06045622 0 0.9474174 0.05276573 0 0.936141 0.06697184 0 0.9474174 0.07440299 0 0.9586633 0.08035403 0 0.9474174 0.06045622 0 0.9474174 0.06697184 0 0.9586633 0.06045622 0 0.9586633 0.05276573 0 0.9586633 0.06697184 0 0.9586633 0.07440299 0 0.969543 0.08035403 0 0.969543 0.06045622 0 0.969543 0.05276573 0 0.969543 0.06697184 0 0.9823605 0.06045622 0 0.9823605 0.05276573 0 0.9823605 0.06697184 0 0.969543 0.07440299 0 0.9823605 0.07440299 0 0.9823605 0.08035403 0 0.6422064 0.01506066 0 0.6422064 0.02102691 0 0.6635386 0.01506066 0 0.6635386 0.02102691 0 0.686717 0.01506066 0 0.686717 0.02102691 0 0.6967269 0.01506066 0 0.6635386 0.02845806 0 0.6967269 0.02102691 0 0.7053483 0.01506066 0 0.686717 0.02845806 0 0.6967269 0.02845806 0 0.7053483 0.02102691 0 0.7053483 0.02845806 0 0.7137713 0.02102691 0 0.7137713 0.01506066 0 0.7137713 0.02845806 0 0.7053483 0.03495842 0 0.6967269 0.03495842 0 0.686717 0.03495842 0 0.6967269 0.04266423 0 0.686717 0.04266423 0 0.7053483 0.04266423 0 0.6635386 0.04266423 0 0.7137713 0.03495842 0 0.7137713 0.04266423 0 0.6635386 0.03495842 0 0.6422064 0.04266423 0 0.6422064 0.02845806 0 0.628336 0.02102691 0 0.628336 0.02845806 0 0.6422064 0.03495842 0 0.628336 0.04266423 0 0.628336 0.03495842 0 0.7235523 0.03495842 0 0.7235523 0.04266423 0 0.7235523 0.02845806 0 0.7300221 0.03495842 0 0.7300221 0.04266423 0 0.7357442 0.04266423 0 0.7235523 0.02102691 0 0.7235523 0.01506066 0 0.7300221 0.02845806 0 0.7300221 0.02102691 0 0.7300221 0.01506066 0 0.7357442 0.01506066 0 0.7357442 0.02102691 0 0.7597772 0.01506066 0 0.7357442 0.03495842 0 0.7597772 0.04266423 0 0.7357442 0.02845806 0 0.7597772 0.02102691 0 0.7716793 0.01506066 0 0.7597772 0.03495842 0 0.7716793 0.04266423 0 0.7597772 0.02845806 0 0.7716793 0.02102691 0 0.7716793 0.03495842 0 0.7716793 0.02845806 0 0.7817197 0.02102691 0 0.7817197 0.01506066 0 0.7817197 0.02845806 0 0.7817197 0.03495842 0 0.7817197 0.04266423 0 0.7993897 0.02845806 0 0.7993897 0.02102691 0 0.7993897 0.01506066 0 0.7993897 0.03495842 0 0.7993897 0.04266423 0 0.8035859 0.02845806 0 0.8035859 0.02102691 0 0.8035859 0.01506066 0 0.8080568 0.01506066 0 0.8035859 0.03495842 0 0.8035859 0.04266423 0 0.8080568 0.04266423 0 0.8080568 0.02102691 0 0.8461891 0.01506066 0 0.8080568 0.03495842 0 0.8461891 0.04266423 0 0.8080568 0.02845806 0 0.8461891 0.02102691 0 0.854017 0.01506066 0 0.8461891 0.03495842 0 0.854017 0.04266423 0 0.8461891 0.02845806 0 0.854017 0.02102691 0 0.854017 0.03495842 0 0.854017 0.02845806 0 0.8617685 0.02102691 0 0.8617685 0.01506066 0 0.8617685 0.02845806 0 0.8617685 0.03495842 0 0.8617685 0.04266423 0 0.8854353 0.02845806 0 0.8854353 0.02102691 0 0.8854353 0.01506066 0 0.8854353 0.03495842 0 0.8854353 0.04266423 0 0.8926223 0.02845806 0 0.8926223 0.02102691 0 0.8926223 0.01506066 0 0.8926223 0.03495842 0 0.8926223 0.04266423 0 0.8992141 0.02845806 0 0.8992141 0.03495842 0 0.8992141 0.04266423 0 0.9120622 0.03495842 0 0.9120622 0.04266423 0 0.8992141 0.02102691 0 0.8992141 0.01506066 0 0.9120622 0.01506066 0 0.9120622 0.02845806 0 0.9120622 0.02102691 0 0.930312 0.01506066 0 0.930312 0.03495842 0 0.930312 0.04266423 0 0.9489891 0.04266423 0 0.930312 0.02102691 0 0.9489891 0.01506066 0 0.930312 0.02845806 0 0.9489891 0.02102691 0 0.9535058 0.01506066 0 0.9489891 0.03495842 0 0.9535058 0.04266423 0 0.9489891 0.02845806 0 0.9535058 0.02102691 0 0.9573968 0.01506066 0 0.9535058 0.03495842 0 0.9535058 0.02845806 0 0.9573968 0.03495842 0 0.9573968 0.04266423 0 0.9573968 0.02845806 0 0.9573968 0.02102691 0 0.9685817 0.01506066 0 0.9685817 0.03495842 0 0.9685817 0.04266423 0 0.9816892 0.04266423 0 0.9816892 0.03495842 0 0.9816892 0.02845806 0 0.9685817 0.02845806 0 0.9816892 0.02102691 0 0.9685817 0.02102691 0 0.9816892 0.01506066 0 0.6422064 0.01506066 0 0.6635386 0.01506066 0 0.6422064 0.02102691 0 0.6635386 0.02102691 0 0.686717 0.01506066 0 0.686717 0.02102691 0 0.6967269 0.01506066 0 0.6635386 0.02845806 0 0.6967269 0.02102691 0 0.7053483 0.01506066 0 0.686717 0.02845806 0 0.6967269 0.02845806 0 0.7053483 0.02102691 0 0.7053483 0.02845806 0 0.7137713 0.02102691 0 0.7137713 0.01506066 0 0.7137713 0.02845806 0 0.7053483 0.03495842 0 0.7235523 0.02102691 0 0.7235523 0.01506066 0 0.7235523 0.02845806 0 0.7300221 0.02102691 0 0.7300221 0.01506066 0 0.7357442 0.01506066 0 0.7300221 0.02845806 0 0.7357442 0.02102691 0 0.7597772 0.01506066 0 0.7137713 0.03495842 0 0.7597772 0.02102691 0 0.7716793 0.01506066 0 0.7357442 0.02845806 0 0.7716793 0.02102691 0 0.7235523 0.03495842 0 0.7597772 0.02845806 0 0.7137713 0.04266423 0 0.7053483 0.04266423 0 0.7235523 0.04266423 0 0.6967269 0.04266423 0 0.7300221 0.03495842 0 0.7300221 0.04266423 0 0.7357442 0.04266423 0 0.7357442 0.03495842 0 0.7597772 0.04266423 0 0.7597772 0.03495842 0 0.7716793 0.04266423 0 0.7716793 0.03495842 0 0.7716793 0.02845806 0 0.7817197 0.03495842 0 0.7817197 0.04266423 0 0.7817197 0.02845806 0 0.7817197 0.02102691 0 0.7817197 0.01506066 0 0.7993897 0.02845806 0 0.7993897 0.03495842 0 0.7993897 0.04266423 0 0.7993897 0.02102691 0 0.7993897 0.01506066 0 0.8035859 0.02845806 0 0.8035859 0.03495842 0 0.8035859 0.04266423 0 0.8080568 0.04266423 0 0.8035859 0.02102691 0 0.8035859 0.01506066 0 0.8080568 0.01506066 0 0.8080568 0.03495842 0 0.8461891 0.04266423 0 0.8080568 0.02102691 0 0.8461891 0.01506066 0 0.8080568 0.02845806 0 0.8461891 0.03495842 0 0.854017 0.04266423 0 0.8461891 0.02102691 0 0.854017 0.01506066 0 0.8461891 0.02845806 0 0.854017 0.03495842 0 0.854017 0.02102691 0 0.854017 0.02845806 0 0.8617685 0.03495842 0 0.8617685 0.04266423 0 0.8617685 0.02845806 0 0.8617685 0.02102691 0 0.8617685 0.01506066 0 0.8854353 0.02845806 0 0.8854353 0.03495842 0 0.8854353 0.04266423 0 0.8854353 0.02102691 0 0.8854353 0.01506066 0 0.8926223 0.02845806 0 0.8926223 0.03495842 0 0.8926223 0.04266423 0 0.8926223 0.02102691 0 0.8926223 0.01506066 0 0.8992141 0.02845806 0 0.8992141 0.03495842 0 0.8992141 0.04266423 0 0.8992141 0.02102691 0 0.8992141 0.01506066 0 0.9120622 0.01506066 0 0.9120622 0.03495842 0 0.9120622 0.04266423 0 0.9120622 0.02845806 0 0.9120622 0.02102691 0 0.930312 0.01506066 0 0.930312 0.03495842 0 0.930312 0.04266423 0 0.9489891 0.04266423 0 0.930312 0.02845806 0 0.930312 0.02102691 0 0.9489891 0.01506066 0 0.9489891 0.03495842 0 0.9535058 0.04266423 0 0.9489891 0.02102691 0 0.9535058 0.01506066 0 0.9489891 0.02845806 0 0.9535058 0.03495842 0 0.9535058 0.02102691 0 0.9573968 0.01506066 0 0.9535058 0.02845806 0 0.9573968 0.03495842 0 0.9573968 0.04266423 0 0.9573968 0.02845806 0 0.9573968 0.02102691 0 0.9685817 0.01506066 0 0.9685817 0.03495842 0 0.9685817 0.04266423 0 0.9816892 0.04266423 0 0.9816892 0.03495842 0 0.9816892 0.02845806 0 0.9685817 0.02845806 0 0.9816892 0.02102691 0 0.9685817 0.02102691 0 0.9816892 0.01506066 0 0.6272069 0.2780346 0 0.8850843 0.3095598 0 0.8946975 0.3271077 0 0.6360418 0.2993668 0 0.9007706 0.339498 0 0.6412756 0.3145495 0 0.6455329 0.3296559 0 0.9067369 0.351812 0 0.6311895 0.3040971 0 0.649012 0.3448081 0 0.9123369 0.3641565 0 0.6358892 0.3172503 0 0.6396277 0.3306935 0 0.6535897 0.37467 0 0.917525 0.3879454 0 0.6427253 0.344686 0 0.6303959 0.3201648 0 0.6595865 0.4477913 0 0.9251392 0.4472725 0 0.6335241 0.3316701 0 0.6263523 0.3092698 0 0.6244907 0.3239033 0 0.6364996 0.3443656 0 0.6268559 0.3348135 0 0.6466011 0.37467 0 0.6303654 0.3739071 0 0.6527199 0.4477913 0 0.639643 0.37467 0 0.6458686 0.4477913 0 0.6356146 0.4477913 0 0.5842222 0.3676356 0 0.5857481 0.3997101 0 0.5823758 0.3609369 0 0.5638208 0.3976654 0 0.5668879 0.4226596 0 0.5564355 0.3778592 0 0.5877165 0.4472266 0 0.5674067 0.4472725 0 0.5658961 0.4688029 0 0.5849088 0.4897078 0 0.561471 0.4905165 0 0.636759 0.525124 0 0.5798581 0.5189899 0 0.5767758 0.5248493 0 0.5546349 0.5075608 0 0.6459144 0.5250629 0 0.6373846 0.5593957 0 0.652369 0.5247577 0 0.6458991 0.5459068 0 0.6588846 0.5239948 0 0.9326314 0.5090867 0 0.6518654 0.5456474 0 0.6578469 0.546273 0 0.9345998 0.5274739 0 0.6458381 0.5592431 0 0.6515755 0.5604334 0 0.6571755 0.5624475 0 0.9372396 0.5405356 0 0.644358 0.5716945 0 0.6501259 0.5749447 0 0.6556497 0.5786984 0 0.9401236 0.55346 0 0.6357519 0.5663996 0 0.6421912 0.5835966 0 0.630045 0.5713893 0 0.6481117 0.5895476 0 0.6379187 0.5945678 0 0.5708095 0.5284963 0 0.6073548 0.579736 0 0.5568628 0.5320668 0 0.5429313 0.5192493 0 0.5838254 0.5946746 0 0.5320668 0.5358511 0 0.5338979 0.5231556 0 0.5084764 0.5267567 0 0.5666133 0.579736 0 0.5068437 0.5381399 0 0.4809338 0.5283589 0 0.5238422 0.579736 0 0.5324941 0.5946746 0 0.4809491 0.53962 0 0.4808881 0.579736 0 0.4551156 0.5381552 0 0.4534218 0.5268025 0 0.4813458 0.5946746 0 0.4384832 0.579736 0 0.4299382 0.5359274 0 0.427985 0.5232624 0 0.4189212 0.5193866 0 0.405127 0.5321889 0 0.4070802 0.5077592 0 0.3958953 0.579736 0 0.4305485 0.5946746 0 0.355169 0.579736 0 0.3795682 0.5946746 0 0.3911345 0.5286489 0 0.3851224 0.5250019 0 0.4000458 0.4908065 0 0.3326619 0.5714809 0 0.325597 0.5946136 0 0.377676 0.6032501 0 0.4298466 0.6032501 0 0.3199512 0.6032044 0 0.481529 0.6032501 0 0.3210803 0.5837034 0 0.375967 0.6120088 0 0.3269551 0.5665217 0 0.3154192 0.5896696 0 0.3819791 0.519173 0 0.3140154 0.6120088 0 0.3764859 0.4900282 0 0.3953612 0.4692149 0 0.3513848 0.8797742 0 0.3961547 0.8797742 0 0.02056916 0.5669337 0 0.01812772 0.5804837 0 0.4291905 0.6120088 0 0.4389563 0.8797742 0 0.4816968 0.6120088 0 0.4816816 0.8797742 0 0.5243763 0.8797742 0 0.5344625 0.6120088 0 0.5671931 0.8797742 0 0.5334859 0.6032501 0 0.5882964 0.6120088 0 0.6120546 0.8797742 0 0.6502632 0.6120088 0 0.5861448 0.6032501 0 0.6439613 0.6031739 0 0.9433432 0.5669337 0 0.9459525 0.5804837 0 0.6539711 0.5951629 0 0.3098039 0.5953002 0 0.02360571 0.55346 0 0.3076829 0.5789425 0 0.02629129 0.5405356 0 0.3130236 0.575143 0 0.3057603 0.562768 0 0.02868696 0.5274739 0 0.3186084 0.5718471 0 0.311223 0.560708 0 0.3047074 0.5466545 0 0.03047227 0.5090867 0 0.3168536 0.559472 0 0.3031968 0.5244526 0 0.0373846 0.4472725 0 0.3105821 0.5459831 0 0.3013809 0.4477913 0 0.04446479 0.3879454 0 0.3096361 0.525185 0 0.3069657 0.37467 0 0.04954604 0.3641565 0 0.3081102 0.4477913 0 0.3164721 0.5461967 0 0.3159991 0.5254444 0 0.325185 0.5595636 0 0.3249866 0.5254749 0 0.3148241 0.4477913 0 0.3248798 0.4477913 0 0.313756 0.37467 0 0.3205463 0.37467 0 0.3730983 0.4477913 0 0.393637 0.4478828 0 0.3940337 0.4235141 0 0.3748531 0.4009461 0 0.3970092 0.3987945 0 0.3296864 0.37467 0 0.3765316 0.3696498 0 0.3784543 0.3631647 0 0.4044556 0.3791104 0 0.333547 0.3364614 0 0.3241779 0.3455863 0 0.3180133 0.34551 0 0.3269856 0.3328145 0 0.3118181 0.3453269 0 0.05503929 0.351812 0 0.3211566 0.331487 0 0.3154803 0.330129 0 0.06092928 0.339498 0 0.3304799 0.3215839 0 0.3199664 0.3149462 0 0.3252155 0.3180438 0 0.3254292 0.2996719 0 0.06689555 0.3271077 0 0.3302968 0.3050584 0 0.3344015 0.2780346 0 0.07641718 0.3095598 0 0.3349203 0.3111467 0 0.3398795 0.2886091 0 0.3360342 0.3261158 0 0.3415579 0.3191577 0 0.3448539 0.2989395 0 0.3815671 0.3579614 0 0.3563592 0.3077287 0 0.3987488 0.3499962 0 0.415671 0.3649805 0 0.3876554 0.2944686 0 0.4247654 0.3431144 0 0.4255741 0.3580682 0 0.4523537 0.3528191 0 0.4001373 0.3022354 0 0.452018 0.3410391 0 0.4799878 0.3509117 0 0.4402075 0.3022354 0 0.4341039 0.2944686 0 0.4798352 0.3395438 0 0.4791028 0.3022354 0 0.507866 0.3409476 0 0.5077897 0.3526512 0 0.4791028 0.2944686 0 0.5181964 0.3022354 0 0.5356985 0.3429923 0 0.5349966 0.3575952 0 0.5451133 0.3640497 0 0.5159838 0.2986648 0 0.560708 0.3022354 0 0.5622034 0.3481193 0 0.5793545 0.35552 0 0.6054322 0.3022354 0 0.61915 0.3163653 0 0.5690395 0.2986648 0 0.6176242 0.2944686 0 0.6223392 0.2862592 0 0.5777066 0.2944686 0 0.5876402 0.2780346 0 0.583978 0.2862592 0 0.5776761 0.2770581 0 0.5701228 0.2805066 0 0.5828794 0.2710002 0 0.5869688 0.2682841 0 0.5221637 0.2805676 0 0.6046235 0.01257342 0 0.5616541 0.01257342 0 0.5198596 0.2775311 0 0.5137866 0.2682841 0 0.5204852 0.01257342 0 0.4791028 0.01257342 0 0.5129015 0.2944686 0 0.5099871 0.2862592 0 0.5167925 0.2710765 0 0.4791028 0.2862592 0 0.5094835 0.2780346 0 0.4333562 0.2862592 0 0.4791028 0.2780346 0 0.4378119 0.01257342 0 0.4326848 0.2780346 0 0.396643 0.01257342 0 0.3857481 0.2862592 0 0.3838865 0.2780346 0 0.3535973 0.01257342 0 0.6422064 0.02845806 0 0.628336 0.02102691 0 0.628336 0.02845806 0 0.6422064 0.03495842 0 0.628336 0.03495842 0 0.628336 0.04266423 0 0.6422064 0.04266423 0 0.6635386 0.03495842 0 0.6635386 0.04266423 0 0.686717 0.03495842 0 0.686717 0.04266423 0 0.6967269 0.03495842 0 0.1222553 0.2583352 0 0.1238727 0.2542 0 0.1180896 0.2543069 0 0.1181811 0.2600901 0 0.1221027 0.2501259 0 0.1140612 0.2584726 0 0.1179828 0.2485085 0 0.1122911 0.2543984 0 0.1139086 0.2502785 0 0.09918364 0.2500343 0 0.09503319 0.2540627 0 0.1008164 0.2541543 0 0.09512474 0.2482643 0 0.09904631 0.2582132 0 0.0910048 0.249897 0 0.09492637 0.2598459 0 0.08923476 0.2539559 0 0.09086747 0.2580758 0 0.1222553 0.2583352 0 0.1180896 0.2543069 0 0.1238727 0.2542 0 0.1181811 0.2600901 0 0.1221027 0.2501259 0 0.1140612 0.2584726 0 0.1179828 0.2485085 0 0.1122911 0.2543984 0 0.1139086 0.2502785 0 0.09918364 0.2500343 0 0.1008164 0.2541543 0 0.09503319 0.2540627 0 0.09512474 0.2482643 0 0.09904631 0.2582132 0 0.0910048 0.249897 0 0.09492637 0.2598459 0 0.08923476 0.2539559 0 0.09086747 0.2580758 0 0.8510109 0.7090715 0 0.8124361 0.7208209 0 0.8124361 0.7090257 0 0.7738613 0.7090715 0 0.8509346 0.7208819 0 0.889601 0.7092394 0 0.7739376 0.7208667 0 0.7352407 0.7092394 0 0.8124361 0.7326467 0 0.8893569 0.7210345 0 0.8508583 0.7327077 0 0.7740139 0.7326925 0 0.9285115 0.7214465 0 0.930602 0.7098345 0 0.8124361 0.7723659 0 0.9419394 0.7244374 0 0.9466087 0.7136492 0 0.9603571 0.7223316 0 0.9268788 0.7331045 0 0.9530632 0.7315633 0 0.9706264 0.7351797 0 0.9373159 0.7360494 0 0.9452964 0.7403983 0 0.9610742 0.742153 0 0.9762875 0.7506523 0 0.8911726 0.7719539 0 0.9509422 0.7480583 0 0.9653773 0.7552453 0 0.9788663 0.7700465 0 0.954818 0.7580224 0 0.9669642 0.7713894 0 0.9717861 0.8252079 0 0.9837186 0.8247349 0 0.9550164 0.7727321 0 0.959762 0.8252842 0 0.8932632 0.8253605 0 0.9747463 0.8805524 0 0.9866636 0.8804761 0 0.986801 0.8974746 0 0.9627527 0.8808118 0 0.9748837 0.8972152 0 0.9835355 0.9152972 0 0.9626154 0.8959792 0 0.9719387 0.912398 0 0.9744106 0.930724 0 0.8948806 0.8796216 0 0.9603876 0.9087053 0 0.964477 0.9241932 0 0.9600214 0.9419394 0 0.9556878 0.9165789 0 0.9529412 0.9320363 0 0.9427329 0.9492943 0 0.9472954 0.9213398 0 0.9393606 0.9353476 0 0.8979477 0.9492943 0 0.9371939 0.9238575 0 0.8974746 0.9366903 0 0.8551461 0.9492943 0 0.8971237 0.9244679 0 0.8549935 0.937026 0 0.8124208 0.9492943 0 0.8548715 0.9248493 0 0.8124361 0.9371023 0 0.853666 0.8800793 0 0.8124361 0.9249256 0 0.7698787 0.9370413 0 0.7697261 0.9492943 0 0.7700008 0.9248646 0 0.7273976 0.9367361 0 0.7269093 0.9492943 0 0.7277485 0.9245136 0 0.685481 0.9353628 0 0.6820478 0.9492943 0 0.6877089 0.9239032 0 0.6719921 0.9319143 0 0.6648661 0.9417868 0 0.6776989 0.9212635 0 0.7299611 0.8796216 0 0.6693828 0.9163501 0 0.6605631 0.9240558 0 0.6506295 0.9306325 0 0.6645914 0.9085832 0 0.6530403 0.9123827 0 0.6414435 0.9153582 0 0.6621958 0.8959792 0 0.6499733 0.897261 0 0.638056 0.8975967 0 0.6500648 0.8805829 0 0.6381475 0.8805524 0 0.6411231 0.8247349 0 0.6620584 0.8808118 0 0.6530556 0.8251926 0 0.6459602 0.7700618 0 0.6650797 0.8252537 0 0.6578774 0.7713894 0 0.6593881 0.7551842 0 0.6484779 0.750576 0 0.6698405 0.7727016 0 0.6637217 0.7420462 0 0.6542153 0.7350271 0 0.6699626 0.7579614 0 0.6737773 0.747982 0 0.6718242 0.7315176 0 0.6646067 0.72224 0 0.6795148 0.7404135 0 0.7336843 0.7719539 0 0.6829786 0.7244984 0 0.6783704 0.7136797 0 0.6942855 0.709926 0 0.6875563 0.7361562 0 0.6963912 0.7215381 0 0.6980087 0.733196 0 0.7355154 0.7210345 0 0.7357595 0.7329214 0 0.7730983 0.7718471 0 0.772076 0.8254825 0 0.8124208 0.8255283 0 0.8517739 0.7718471 0 0.7315785 0.8253757 0 0.7711757 0.8800793 0 0.8124208 0.8802319 0 0.8527657 0.8254673 0 0.8891432 0.7329214 0 0.03862058 0.27776 0 0.03871214 0.271107 0 0.05014114 0.2746319 0 0.04690623 0.2688792 0 0.05850309 0.2662241 0 0.03048753 0.2689403 0 0.02703899 0.2746929 0 0.05288777 0.2628366 0 0.06158541 0.2547188 0 0.02446021 0.2629587 0 0.01857023 0.2662241 0 0.05503929 0.254612 0 0.05853361 0.2432288 0 0.02223239 0.2547494 0 0.01547265 0.2546578 0 0.05281147 0.2464027 0 0.05017167 0.23476 0 0.02438392 0.2465248 0 0.01860075 0.2430762 0 0.04678416 0.2404212 0 0.03866636 0.2316014 0 0.03036545 0.2404822 0 0.02710002 0.234638 0 0.03857481 0.2382544 0 0.6873426 0.6454108 0 0.6871748 0.6383917 0 0.6982986 0.6413214 0 0.6797742 0.6474098 0 0.6760815 0.6414282 0 0.6949111 0.6474708 0 0.7064317 0.6494392 0 0.6742352 0.6529183 0 0.66804 0.6496071 0 0.7004043 0.6530556 0 0.7094072 0.660502 0 0.6721904 0.6604715 0 0.665156 0.6606546 0 0.7023728 0.6606393 0 0.7064775 0.6715648 0 0.6741589 0.6680552 0 0.6681315 0.6716869 0 0.7002975 0.6681926 0 0.6984054 0.6796979 0 0.6796368 0.6736248 0 0.6762493 0.6797894 0 0.6947433 0.673701 0 0.6873426 0.6827192 0 0.6871748 0.6756848 0 0.7429618 0.6455482 0 0.7427787 0.6385291 0 0.7539025 0.6414587 0 0.735378 0.6475471 0 0.7316853 0.6415656 0 0.750515 0.6476082 0 0.7620355 0.6495765 0 0.729839 0.6530556 0 0.7236438 0.6497444 0 0.7560083 0.6531929 0 0.7650111 0.6606393 0 0.7277943 0.6606088 0 0.7207599 0.6607919 0 0.7579919 0.6607767 0 0.7620813 0.6717021 0 0.729778 0.6681926 0 0.7237354 0.6718242 0 0.7559015 0.6683299 0 0.7540246 0.6798352 0 0.735256 0.6737621 0 0.7318532 0.6799268 0 0.7503471 0.6738384 0 0.7429618 0.6828565 0 0.7427787 0.6758221 0 0.09704738 0.2184329 0 0.1519188 0.1506523 0 0.1035172 0.2211948 0 0.08377203 0.2285191 0 0.1471428 0.1445487 0 0.1503319 0.1319295 0 0.08386359 0.220737 0 0.1448081 0.1333791 0 0.07048142 0.2182498 0 0.06381323 0.2208439 0 0.01570153 0.150225 0 0.08361944 0.2095674 0 0.09285115 0.2072175 0 0.02009613 0.1443198 0 0.01931792 0.1295796 0 0.07464714 0.2068208 0 0.03596551 0.1507592 0 0.1315938 0.1507744 0 0.03611811 0.1428855 0 0.1317617 0.1425498 0 0.02243076 0.134844 0 0.03064012 0.1266956 0 0.03381399 0.1194019 0 0.04310674 0.1381552 0 0.1378805 0.1264057 0 0.1338674 0.1195087 0 0.1240101 0.1382162 0</float_array>
          <technique_common>
            <accessor source="#geom-Body_Mdl__m_obj_staffrolltv-map1-array" count="1613" stride="3">
              <param name="S" type="float"/>
              <param name="T" type="float"/>
              <param name="P" type="float"/>
            </accessor>
          </technique_common>
        </source>
        <vertices id="geom-Body_Mdl__m_obj_staffrolltv-vertices">
          <input semantic="POSITION" source="#geom-Body_Mdl__m_obj_staffrolltv-positions"/>
        </vertices>
        <triangles material="m_obj_staffrolltv" count="2259">
          <input semantic="VERTEX" source="#geom-Body_Mdl__m_obj_staffrolltv-vertices" offset="0"/>
          <input semantic="NORMAL" source="#geom-Body_Mdl__m_obj_staffrolltv-normals" offset="1"/>
          <input semantic="COLOR" source="#geom-Body_Mdl__m_obj_staffrolltv-map0" offset="2" set="0"/>
          <input semantic="TEXCOORD" source="#geom-Body_Mdl__m_obj_staffrolltv-map1" offset="3" set="0"/>
          <p>0 0 0 0 1 1 1 1 2 2 2 2 0 0 0 0 2 2 2 2 3 3 3 3 2 2 2 2 4 4 4 4 3 3 3 3 3 3 3 3 4 4 4 4 5 5 5 5 4 4 4 4 6 6 6 6 5 5 5 5 7 7 7 7 8 8 8 8 9 9 9 9 8 8 8 8 10 10 10 10 9 9 9 9 9 9 9 9 10 10 10 10 11 11 11 11 11 11 11 11 12 12 12 12 13 13 13 13 10 10 10 10 14 14 14 14 11 11 11 11 11 11 11 11 14 14 14 14 12 12 12 12 14 14 14 14 15 15 15 15 12 12 12 12 12 12 12 12 15 15 15 15 16 16 16 16 10 10 10 10 17 17 17 17 14 14 14 14 17 17 17 17 15 15 15 15 14 14 14 14 18 18 18 18 16 16 16 16 15 15 15 15 17 17 17 17 18 18 18 18 15 15 15 15 18 18 18 18 19 19 19 19 16 16 16 16 18 18 18 18 20 20 20 20 19 19 19 19 18 18 18 18 21 21 21 21 20 20 20 20 22 22 22 22 21 21 21 21 18 18 18 18 17 17 17 17 22 22 22 22 18 18 18 18 22 22 22 22 23 23 23 23 21 21 21 21 22 22 22 22 24 24 24 24 23 23 23 23 22 22 22 22 25 25 25 25 24 24 24 24 17 17 17 17 25 25 25 25 22 22 22 22 26 26 26 26 24 24 24 24 25 25 25 25 17 17 17 17 27 27 27 27 25 25 25 25 27 27 27 27 26 26 26 26 25 25 25 25 10 10 10 10 27 27 27 27 17 17 17 17 10 10 10 10 26 26 26 26 27 27 27 27 28 28 28 28 29 29 29 29 30 30 30 30 28 28 28 28 30 30 30 30 31 31 31 31 30 30 30 30 32 32 32 32 31 31 31 31 31 31 31 31 32 32 32 32 33 33 33 33 32 32 32 32 34 34 34 34 33 33 33 33 33 33 33 33 34 34 34 34 35 35 35 35 34 34 34 34 36 36 36 36 35 35 35 35 35 35 35 35 36 36 36 36 37 37 37 37 36 36 36 36 38 38 38 38 37 37 37 37 37 37 37 37 38 38 38 38 39 39 39 39 38 38 38 38 40 40 40 40 39 39 39 39 39 39 39 39 40 40 40 40 41 41 41 41 40 40 40 40 42 42 42 42 41 41 41 41 41 41 41 41 42 42 42 42 43 43 43 43 42 42 42 42 44 44 44 44 43 43 43 43 43 43 43 43 44 44 44 44 45 45 45 45 46 46 46 46 47 47 47 47 48 48 48 48 47 47 47 47 49 49 49 49 48 48 48 48 48 48 48 48 49 49 49 49 50 50 50 50 49 49 49 49 51 51 51 51 50 50 50 50 49 49 49 49 52 52 52 52 51 51 51 51 52 52 52 52 53 53 53 53 51 51 51 51 54 54 54 54 55 55 55 55 56 56 56 56 55 55 55 55 57 57 57 57 56 56 56 56 56 56 56 56 57 57 57 57 58 58 58 58 58 58 58 58 59 59 59 59 60 60 60 60 57 57 57 57 61 61 61 61 58 58 58 58 58 58 58 58 61 61 61 61 59 59 59 59 61 61 61 61 62 62 62 62 59 59 59 59 59 59 59 59 62 62 62 62 63 63 63 63 57 57 57 57 64 64 64 64 61 61 61 61 64 64 64 64 62 62 62 62 61 61 61 61 65 65 65 65 63 63 63 63 62 62 62 62 64 64 64 64 65 65 65 65 62 62 62 62 65 65 65 65 66 66 66 66 63 63 63 63 65 65 65 65 67 67 67 67 66 66 66 66 65 65 65 65 68 68 68 68 67 67 67 67 69 69 69 69 68 68 68 68 65 65 65 65 64 64 64 64 69 69 69 69 65 65 65 65 69 69 69 69 70 70 70 70 68 68 68 68 69 69 69 69 71 71 71 71 70 70 70 70 69 69 69 69 72 72 72 72 71 71 71 71 64 64 64 64 72 72 72 72 69 69 69 69 73 73 73 73 71 71 71 71 72 72 72 72 64 64 64 64 74 74 74 74 72 72 72 72 74 74 74 74 73 73 73 73 72 72 72 72 57 57 57 57 74 74 74 74 64 64 64 64 57 57 57 57 73 73 73 73 74 74 74 74 75 75 75 75 76 76 76 76 77 77 77 77 75 75 75 75 77 77 77 77 78 78 78 78 77 77 77 77 79 79 79 79 78 78 78 78 78 78 78 78 79 79 79 79 80 80 80 80 79 79 79 79 81 81 81 81 80 80 80 80 80 80 80 80 81 81 81 81 82 82 82 82 81 81 81 81 83 83 83 83 82 82 82 82 82 82 82 82 83 83 83 83 84 84 84 84 83 83 83 83 85 85 85 85 84 84 84 84 84 84 84 84 85 85 85 85 86 86 86 86 85 85 85 85 87 87 87 87 86 86 86 86 86 86 86 86 87 87 87 87 88 88 88 88 87 87 87 87 89 89 89 89 88 88 88 88 88 88 88 88 89 89 89 89 90 90 90 90 89 89 89 89 91 91 91 91 90 90 90 90 90 90 90 90 91 91 91 91 92 92 92 92 93 93 93 93 94 94 94 94 95 95 95 95 94 94 94 94 96 96 96 96 95 95 95 95 95 95 95 95 96 96 96 96 97 97 97 97 96 96 96 96 98 98 98 98 97 97 97 97 96 96 96 96 99 99 99 99 98 98 98 98 99 99 99 99 100 100 100 100 98 98 98 98 101 101 101 101 102 102 102 102 103 103 103 103 102 102 102 102 104 104 104 104 103 103 103 103 103 103 103 103 104 104 104 104 105 105 105 105 104 104 104 104 106 106 106 106 105 105 105 105 105 105 105 105 106 106 106 106 107 107 107 107 106 106 106 106 108 108 108 108 107 107 107 107 107 107 107 107 108 108 108 108 109 109 109 109 108 108 108 108 110 110 110 110 109 109 109 109 109 109 109 109 110 110 110 110 111 111 111 111 110 110 110 110 112 112 112 112 111 111 111 111 113 113 113 113 114 114 114 114 115 115 115 115 116 116 116 116 113 113 113 113 115 115 115 115 116 116 116 116 115 115 115 115 117 117 117 117 118 118 118 118 116 116 116 116 117 117 117 117 118 118 118 118 117 117 117 117 119 119 119 119 120 120 120 120 118 118 118 118 119 119 119 119 120 120 120 120 119 119 119 119 121 121 121 121 120 120 120 120 121 121 121 121 122 122 122 122 121 121 121 121 123 123 123 123 122 122 122 122 122 122 122 122 123 123 123 123 124 124 124 124 123 123 123 123 125 125 125 125 124 124 124 124 124 124 124 124 125 125 125 125 126 126 126 126 125 125 125 125 127 127 127 127 126 126 126 126 126 126 126 126 127 127 127 127 128 128 128 128 127 127 127 127 129 129 129 129 128 128 128 128 128 128 128 128 129 129 129 129 130 130 130 130 129 129 129 129 131 131 131 131 130 130 130 130 130 130 130 130 131 131 131 131 132 132 132 132 131 131 131 131 133 133 133 133 132 132 132 132 132 132 132 132 133 133 133 133 134 134 134 134 133 133 133 133 135 135 135 135 134 134 134 134 134 134 134 134 135 135 135 135 136 136 136 136 135 135 135 135 137 137 137 137 136 136 136 136 136 136 136 136 137 137 137 137 138 138 138 138 139 139 139 139 140 140 140 140 141 141 141 141 142 142 142 142 139 139 139 139 141 141 141 141 142 142 142 142 141 141 141 141 143 143 143 143 144 144 144 144 142 142 142 142 143 143 143 143 144 144 144 144 143 143 143 143 145 145 145 145 146 146 146 146 144 144 144 144 145 145 145 145 146 146 146 146 145 145 145 145 147 147 147 147 146 146 146 146 147 147 147 147 148 148 148 148 147 147 147 147 149 149 149 149 148 148 148 148 148 148 148 148 149 149 149 149 150 150 150 150 149 149 149 149 151 151 151 151 150 150 150 150 150 150 150 150 151 151 151 151 152 152 152 152 151 151 151 151 153 153 153 153 152 152 152 152 152 152 152 152 153 153 153 153 154 154 154 154 153 153 153 153 155 155 155 155 154 154 154 154 154 154 154 154 155 155 155 155 156 156 156 156 155 155 155 155 157 157 157 157 156 156 156 156 156 156 156 156 157 157 157 157 158 158 158 158 157 157 157 157 159 159 159 159 158 158 158 158 158 158 158 158 159 159 159 159 160 160 160 160 159 159 159 159 161 161 161 161 160 160 160 160 159 159 159 159 162 162 162 162 161 161 161 161 162 162 162 162 163 163 163 163 161 161 161 161 162 162 162 162 164 164 164 164 163 163 163 163 165 165 165 165 166 166 166 166 167 167 167 167 165 165 165 165 167 167 167 167 168 168 168 168 167 167 167 167 169 169 169 169 168 168 168 168 168 168 168 168 169 169 169 169 170 170 170 170 168 168 168 168 170 170 170 170 171 171 171 171 170 170 170 170 172 172 172 172 171 171 171 171 171 171 171 171 172 172 172 172 173 173 173 173 172 172 172 172 174 174 174 174 173 173 173 173 173 173 173 173 174 174 174 174 175 175 175 175 174 174 174 174 176 176 176 176 175 175 175 175 177 177 177 177 178 178 178 178 179 179 179 179 178 178 178 178 180 180 180 180 179 179 179 179 179 179 179 179 180 180 180 180 181 181 181 181 180 180 180 180 182 182 182 182 181 181 181 181 181 181 181 181 182 182 182 182 183 183 183 183 182 182 182 182 184 184 184 184 183 183 183 183 183 183 183 183 184 184 184 184 185 185 185 185 184 184 184 184 186 186 186 186 185 185 185 185 184 184 184 184 187 187 187 187 186 186 186 186 186 186 186 186 187 187 187 187 188 188 188 188 189 189 189 189 190 190 190 190 191 191 191 191 192 192 192 192 189 189 189 189 191 191 191 191 192 192 192 192 191 191 191 191 193 193 193 193 194 194 194 194 192 192 192 192 193 193 193 193 194 194 194 194 193 193 193 193 195 195 195 195 196 196 196 196 194 194 194 194 195 195 195 195 196 196 196 196 195 195 195 195 197 197 197 197 196 196 196 196 197 197 197 197 198 198 198 198 197 197 197 197 199 199 199 199 198 198 198 198 198 198 198 198 199 199 199 199 200 200 200 200 199 199 199 199 201 201 201 201 200 200 200 200 200 200 200 200 201 201 201 201 202 202 202 202 201 201 201 201 203 203 203 203 202 202 202 202 202 202 202 202 203 203 203 203 204 204 204 204 203 203 203 203 205 205 205 205 204 204 204 204 204 204 204 204 205 205 205 205 206 206 206 206 205 205 205 205 207 207 207 207 206 206 206 206 206 206 206 206 207 207 207 207 208 208 208 208 207 207 207 207 209 209 209 209 208 208 208 208 208 208 208 208 209 209 209 209 210 210 210 210 209 209 209 209 211 211 211 211 210 210 210 210 210 210 210 210 211 211 211 211 212 212 212 212 211 211 211 211 213 213 213 213 212 212 212 212 212 212 212 212 213 213 213 213 214 214 214 214 215 215 215 215 216 216 216 216 217 217 217 217 218 218 218 218 215 215 215 215 217 217 217 217 218 218 218 218 217 217 217 217 219 219 219 219 220 220 220 220 218 218 218 218 219 219 219 219 220 220 220 220 219 219 219 219 221 221 221 221 222 222 222 222 220 220 220 220 221 221 221 221 222 222 222 222 221 221 221 221 223 223 223 223 222 222 222 222 223 223 223 223 224 224 224 224 223 223 223 223 225 225 225 225 224 224 224 224 224 224 224 224 225 225 225 225 226 226 226 226 225 225 225 225 227 227 227 227 226 226 226 226 226 226 226 226 227 227 227 227 228 228 228 228 227 227 227 227 229 229 229 229 228 228 228 228 228 228 228 228 229 229 229 229 230 230 230 230 229 229 229 229 231 231 231 231 230 230 230 230 230 230 230 230 231 231 231 231 232 232 232 232 231 231 231 231 233 233 233 233 232 232 232 232 232 232 232 232 233 233 233 233 234 234 234 234 233 233 233 233 235 235 235 235 234 234 234 234 234 234 234 234 235 235 235 235 236 236 236 236 235 235 235 235 237 237 237 237 236 236 236 236 236 236 236 236 237 237 237 237 238 238 238 238 237 237 237 237 239 239 239 239 238 238 238 238 238 238 238 238 239 239 239 239 240 240 240 240 241 241 241 241 242 242 242 242 243 243 243 243 243 243 243 243 242 242 242 242 244 244 244 244 242 242 242 242 245 245 245 245 244 244 244 244 244 244 244 244 245 245 245 245 246 246 246 246 245 245 245 245 247 247 247 247 246 246 246 246 246 246 246 246 247 247 247 247 248 248 248 248 249 249 249 249 250 250 250 250 251 251 251 251 250 250 250 250 252 252 252 252 251 251 251 251 250 250 250 250 253 253 253 253 252 252 252 252 253 253 253 253 254 254 254 254 252 252 252 252 253 253 253 253 255 255 255 255 254 254 254 254 255 255 255 255 256 256 256 256 257 257 257 257 255 255 255 255 257 257 257 257 254 254 254 254 254 254 254 254 257 257 257 257 258 258 258 258 254 254 254 254 258 258 258 258 259 259 259 259 260 260 260 260 261 261 261 261 262 262 262 262 261 261 261 261 263 263 263 263 262 262 262 262 261 261 261 261 264 264 264 264 263 263 263 263 264 264 264 264 265 265 265 265 263 263 263 263 263 263 263 263 265 265 265 265 266 266 266 266 265 265 265 265 267 267 267 267 266 266 266 266 268 268 268 268 269 269 269 269 270 270 270 270 269 269 269 269 271 271 271 271 270 270 270 270 269 269 269 269 272 272 272 272 271 271 271 271 272 272 272 272 273 273 273 273 271 271 271 271 271 271 271 271 273 273 273 273 274 274 274 274 273 273 273 273 275 275 275 275 274 274 274 274 276 276 276 276 277 277 277 277 278 278 278 278 279 279 279 279 277 277 277 277 276 276 276 276 280 280 280 280 279 279 279 279 276 276 276 276 281 281 281 281 279 279 279 279 280 280 280 280 282 282 282 282 281 281 281 281 280 280 280 280 283 283 283 283 281 281 281 281 282 282 282 282 284 284 284 284 283 283 283 283 282 282 282 282 282 282 282 282 280 280 280 280 285 285 285 285 286 286 286 286 284 284 284 284 282 282 282 282 282 282 282 282 285 285 285 285 287 287 287 287 285 285 285 285 288 288 288 288 287 287 287 287 287 287 287 287 288 288 288 288 289 289 289 289 288 288 288 288 290 290 290 290 289 289 289 289 289 289 289 289 290 290 290 290 291 291 291 291 292 292 292 292 286 286 286 286 282 282 282 282 293 293 293 293 292 292 292 292 282 282 282 282 294 294 294 294 286 286 286 286 292 292 292 292 293 293 293 293 295 295 295 295 296 296 296 296 293 293 293 293 297 297 297 297 295 295 295 295 298 298 298 298 293 293 293 293 296 296 296 296 298 298 298 298 292 292 292 292 293 293 293 293 293 293 293 293 299 299 299 299 297 297 297 297 299 299 299 299 300 300 300 300 297 297 297 297 299 299 299 299 301 301 301 301 300 300 300 300 299 299 299 299 302 302 302 302 301 301 301 301 298 298 298 298 303 303 303 303 292 292 292 292 304 304 304 304 303 303 303 303 298 298 298 298 305 305 305 305 304 304 304 304 298 298 298 298 303 303 303 303 306 306 306 306 292 292 292 292 306 306 306 306 294 294 294 294 292 292 292 292 305 305 305 305 307 307 307 307 304 304 304 304 305 305 305 305 308 308 308 308 307 307 307 307 308 308 308 308 309 309 309 309 307 307 307 307 304 304 304 304 310 310 310 310 303 303 303 303 309 309 309 309 311 311 311 311 307 307 307 307 309 309 309 309 312 312 312 312 311 311 311 311 312 312 312 312 313 313 313 313 311 311 311 311 304 304 304 304 307 307 307 307 314 314 314 314 304 304 304 304 314 314 314 314 310 310 310 310 311 311 311 311 315 315 315 315 307 307 307 307 314 314 314 314 307 307 307 307 316 316 316 316 307 307 307 307 315 315 315 315 316 316 316 316 314 314 314 314 316 316 316 316 317 317 317 317 314 314 314 314 317 317 317 317 310 310 310 310 315 315 315 315 318 318 318 318 316 316 316 316 316 316 316 316 318 318 318 318 317 317 317 317 311 311 311 311 319 319 319 319 315 315 315 315 315 315 315 315 319 319 319 319 318 318 318 318 311 311 311 311 313 313 313 313 319 319 319 319 320 320 320 320 317 317 317 317 318 318 318 318 321 321 321 321 317 317 317 317 320 320 320 320 310 310 310 310 317 317 317 317 321 321 321 321 320 320 320 320 318 318 318 318 322 322 322 322 319 319 319 319 322 322 322 322 318 318 318 318 310 310 310 310 321 321 321 321 323 323 323 323 319 319 319 319 324 324 324 324 322 322 322 322 313 313 313 313 324 324 324 324 319 319 319 319 310 310 310 310 323 323 323 323 303 303 303 303 313 313 313 313 325 325 325 325 324 324 324 324 325 325 325 325 326 326 326 326 324 324 324 324 303 303 303 303 323 323 323 323 306 306 306 306 323 323 323 323 327 327 327 327 306 306 306 306 323 323 323 323 328 328 328 328 327 327 327 327 323 323 323 323 329 329 329 329 328 328 328 328 329 329 329 329 330 330 330 330 328 328 328 328 331 331 331 331 306 306 306 306 327 327 327 327 328 328 328 328 330 330 330 330 332 332 332 332 333 333 333 333 306 306 306 306 331 331 331 331 328 328 328 328 334 334 334 334 327 327 327 327 334 334 334 334 331 331 331 331 327 327 327 327 328 328 328 328 332 332 332 332 334 334 334 334 334 334 334 334 333 333 333 333 331 331 331 331 330 330 330 330 335 335 335 335 332 332 332 332 332 332 332 332 335 335 335 335 334 334 334 334 330 330 330 330 336 336 336 336 335 335 335 335 333 333 333 333 337 337 337 337 306 306 306 306 306 306 306 306 337 337 337 337 294 294 294 294 335 335 335 335 336 336 336 336 338 338 338 338 336 336 336 336 339 339 339 339 338 338 338 338 338 338 338 338 339 339 339 339 340 340 340 340 338 338 338 338 340 340 340 340 341 341 341 341 338 338 338 338 341 341 341 341 342 342 342 342 335 335 335 335 338 338 338 338 343 343 343 343 338 338 338 338 342 342 342 342 343 343 343 343 335 335 335 335 343 343 343 343 334 334 334 334 343 343 343 343 342 342 342 342 344 344 344 344 342 342 342 342 345 345 345 345 344 344 344 344 344 344 344 344 345 345 345 345 346 346 346 346 344 344 344 344 346 346 346 346 347 347 347 347 344 344 344 344 347 347 347 347 348 348 348 348 343 343 343 343 344 344 344 344 349 349 349 349 344 344 344 344 348 348 348 348 349 349 349 349 343 343 343 343 349 349 349 349 334 334 334 334 349 349 349 349 348 348 348 348 350 350 350 350 349 349 349 349 351 351 351 351 334 334 334 334 349 349 349 349 350 350 350 350 351 351 351 351 334 334 334 334 351 351 351 351 352 352 352 352 350 350 350 350 352 352 352 352 351 351 351 351 334 334 334 334 352 352 352 352 333 333 333 333 350 350 350 350 353 353 353 353 352 352 352 352 333 333 333 333 352 352 352 352 337 337 337 337 352 352 352 352 353 353 353 353 337 337 337 337 337 337 337 337 354 354 354 354 294 294 294 294 337 337 337 337 355 355 355 355 354 354 354 354 294 294 294 294 354 354 354 354 356 356 356 356 294 294 294 294 356 356 356 356 286 286 286 286 356 356 356 356 357 357 357 357 286 286 286 286 354 354 354 354 355 355 355 355 358 358 358 358 355 355 355 355 359 359 359 359 358 358 358 358 354 354 354 354 360 360 360 360 356 356 356 356 354 354 354 354 358 358 358 358 360 360 360 360 356 356 356 356 361 361 361 361 357 357 357 357 356 356 356 356 360 360 360 360 361 361 361 361 361 361 361 361 362 362 362 362 357 357 357 357 361 361 361 361 363 363 363 363 362 362 362 362 358 358 358 358 364 364 364 364 360 360 360 360 360 360 360 360 364 364 364 364 361 361 361 361 358 358 358 358 359 359 359 359 365 365 365 365 358 358 358 358 365 365 365 365 364 364 364 364 359 359 359 359 366 366 366 366 365 365 365 365 361 361 361 361 364 364 364 364 367 367 367 367 365 365 365 365 367 367 367 367 364 364 364 364 361 361 361 361 368 368 368 368 363 363 363 363 361 361 361 361 367 367 367 367 368 368 368 368 368 368 368 368 369 369 369 369 363 363 363 363 368 368 368 368 370 370 370 370 369 369 369 369 365 365 365 365 371 371 371 371 367 367 367 367 368 368 368 368 367 367 367 367 371 371 371 371 365 365 365 365 366 366 366 366 371 371 371 371 368 368 368 368 371 371 371 371 370 370 370 370 366 366 366 366 372 372 372 372 371 371 371 371 371 371 371 371 372 372 372 372 370 370 370 370 372 372 372 372 373 373 373 373 370 370 370 370 372 372 372 372 374 374 374 374 373 373 373 373 375 375 375 375 376 376 376 376 377 377 377 377 376 376 376 376 378 378 378 378 377 377 377 377 376 376 376 376 379 379 379 379 378 378 378 378 378 378 378 378 379 379 379 379 380 380 380 380 379 379 379 379 381 381 381 381 380 380 380 380 380 380 380 380 381 381 381 381 382 382 382 382 380 380 380 380 382 382 382 382 383 383 383 383 382 382 382 382 384 384 384 384 383 383 383 383 383 383 383 383 384 384 384 384 385 385 385 385 384 384 384 384 386 386 386 386 385 385 385 385 387 387 387 387 388 388 388 388 389 389 389 389 388 388 388 388 390 390 390 390 389 389 389 389 388 388 388 388 391 391 391 391 390 390 390 390 390 390 390 390 391 391 391 391 392 392 392 392 391 391 391 391 393 393 393 393 392 392 392 392 392 392 392 392 393 393 393 393 394 394 394 394 392 392 392 392 394 394 394 394 395 395 395 395 394 394 394 394 396 396 396 396 395 395 395 395 395 395 395 395 396 396 396 396 397 397 397 397 396 396 396 396 398 398 398 398 397 397 397 397 399 399 399 399 400 400 400 400 401 401 401 401 402 402 402 402 399 399 399 399 401 401 401 401 402 402 402 402 401 401 401 401 403 403 403 403 404 404 404 404 399 399 399 399 402 402 402 402 402 402 402 402 403 403 403 403 405 405 405 405 403 403 403 403 406 406 406 406 405 405 405 405 404 404 404 404 402 402 402 402 407 407 407 407 405 405 405 405 406 406 406 406 408 408 408 408 406 406 406 406 409 409 409 409 408 408 408 408 402 402 402 402 405 405 405 405 410 410 410 410 402 402 402 402 410 410 410 410 407 407 407 407 405 405 405 405 408 408 408 408 411 411 411 411 410 410 410 410 405 405 405 405 411 411 411 411 408 408 408 408 409 409 409 409 412 412 412 412 409 409 409 409 413 413 413 413 412 412 412 412 411 411 411 411 408 408 408 408 414 414 414 414 408 408 408 408 412 412 412 412 414 414 414 414 410 410 410 410 411 411 411 411 415 415 415 415 412 412 412 412 413 413 413 413 416 416 416 416 415 415 415 415 411 411 411 411 417 417 417 417 411 411 411 411 414 414 414 414 417 417 417 417 418 418 418 418 410 410 410 410 415 415 415 415 418 418 418 418 407 407 407 407 410 410 410 410 415 415 415 415 417 417 417 417 419 419 419 419 418 418 418 418 415 415 415 415 419 419 419 419 419 419 419 419 417 417 417 417 420 420 420 420 418 418 418 418 419 419 419 419 421 421 421 421 422 422 422 422 418 418 418 418 421 421 421 421 417 417 417 417 423 423 423 423 420 420 420 420 417 417 417 417 414 414 414 414 423 423 423 423 420 420 420 420 423 423 423 423 424 424 424 424 423 423 423 423 425 425 425 425 424 424 424 424 426 426 426 426 427 427 427 427 422 422 422 422 423 423 423 423 428 428 428 428 425 425 425 425 427 427 427 427 429 429 429 429 422 422 422 422 422 422 422 422 429 429 429 429 418 418 418 418 429 429 429 429 407 407 407 407 418 418 418 418 427 427 427 427 404 404 404 404 429 429 429 429 404 404 404 404 407 407 407 407 429 429 429 429 428 428 428 428 430 430 430 430 425 425 425 425 414 414 414 414 431 431 431 431 423 423 423 423 423 423 423 423 431 431 431 431 428 428 428 428 414 414 414 414 412 412 412 412 431 431 431 431 412 412 412 412 416 416 416 416 431 431 431 431 428 428 428 428 432 432 432 432 430 430 430 430 432 432 432 432 433 433 433 433 430 430 430 430 431 431 431 431 434 434 434 434 428 428 428 428 431 431 431 431 416 416 416 416 434 434 434 434 428 428 428 428 435 435 435 435 432 432 432 432 428 428 428 428 434 434 434 434 435 435 435 435 432 432 432 432 436 436 436 436 433 433 433 433 436 436 436 436 437 437 437 437 433 433 433 433 436 436 436 436 438 438 438 438 437 437 437 437 436 436 436 436 439 439 439 439 438 438 438 438 432 432 432 432 440 440 440 440 436 436 436 436 440 440 440 440 439 439 439 439 436 436 436 436 435 435 435 435 440 440 440 440 432 432 432 432 440 440 440 440 441 441 441 441 439 439 439 439 435 435 435 435 442 442 442 442 440 440 440 440 442 442 442 442 441 441 441 441 440 440 440 440 443 443 443 443 444 444 444 444 441 441 441 441 442 442 442 442 443 443 443 443 441 441 441 441 442 442 442 442 445 445 445 445 443 443 443 443 435 435 435 435 446 446 446 446 442 442 442 442 446 446 446 446 445 445 445 445 442 442 442 442 434 434 434 434 446 446 446 446 435 435 435 435 447 447 447 447 445 445 445 445 446 446 446 446 434 434 434 434 448 448 448 448 446 446 446 446 447 447 447 447 446 446 446 446 448 448 448 448 416 416 416 416 448 448 448 448 434 434 434 434 413 413 413 413 447 447 447 447 448 448 448 448 413 413 413 413 448 448 448 448 416 416 416 416 449 449 449 449 450 450 450 450 451 451 451 451 452 452 452 452 450 450 450 450 449 449 449 449 452 452 452 452 453 453 453 453 450 450 450 450 454 454 454 454 452 452 452 452 449 449 449 449 455 455 455 455 453 453 453 453 452 452 452 452 456 456 456 456 452 452 452 452 454 454 454 454 456 456 456 456 455 455 455 455 452 452 452 452 457 457 457 457 456 456 456 456 454 454 454 454 456 456 456 456 458 458 458 458 455 455 455 455 457 457 457 457 459 459 459 459 456 456 456 456 459 459 459 459 458 458 458 458 456 456 456 456 459 459 459 459 460 460 460 460 458 458 458 458 457 457 457 457 461 461 461 461 459 459 459 459 459 459 459 459 462 462 462 462 460 460 460 460 461 461 461 461 463 463 463 463 459 459 459 459 459 459 459 459 463 463 463 463 462 462 462 462 461 461 461 461 464 464 464 464 463 463 463 463 463 463 463 463 464 464 464 464 462 462 462 462 461 461 461 461 465 465 465 465 464 464 464 464 464 464 464 464 466 466 466 466 462 462 462 462 464 464 464 464 465 465 465 465 467 467 467 467 464 464 464 464 467 467 467 467 466 466 466 466 465 465 465 465 468 468 468 468 467 467 467 467 467 467 467 467 469 469 469 469 466 466 466 466 467 467 467 467 468 468 468 468 470 470 470 470 467 467 467 467 470 470 470 470 469 469 469 469 468 468 468 468 471 471 471 471 470 470 470 470 470 470 470 470 472 472 472 472 469 469 469 469 470 470 470 470 471 471 471 471 473 473 473 473 470 470 470 470 473 473 473 473 472 472 472 472 471 471 471 471 474 474 474 474 473 473 473 473 473 473 473 473 475 475 475 475 472 472 472 472 476 476 476 476 477 477 477 477 478 478 478 478 479 479 479 479 476 476 476 476 478 478 478 478 479 479 479 479 478 478 478 478 480 480 480 480 481 481 481 481 476 476 476 476 479 479 479 479 482 482 482 482 479 479 479 479 480 480 480 480 483 483 483 483 481 481 481 481 479 479 479 479 483 483 483 483 479 479 479 479 482 482 482 482 484 484 484 484 481 481 481 481 483 483 483 483 483 483 483 483 482 482 482 482 485 485 485 485 484 484 484 484 483 483 483 483 486 486 486 486 486 486 486 486 483 483 483 483 485 485 485 485 486 486 486 486 485 485 485 485 487 487 487 487 484 484 484 484 486 486 486 486 488 488 488 488 486 486 486 486 487 487 487 487 489 489 489 489 486 486 486 486 490 490 490 490 488 488 488 488 486 486 486 486 489 489 489 489 490 490 490 490 488 488 488 488 490 490 490 490 491 491 491 491 490 490 490 490 489 489 489 489 491 491 491 491 489 489 489 489 492 492 492 492 491 491 491 491 488 488 488 488 491 491 491 491 493 493 493 493 491 491 491 491 492 492 492 492 494 494 494 494 491 491 491 491 495 495 495 495 493 493 493 493 491 491 491 491 494 494 494 494 495 495 495 495 493 493 493 493 495 495 495 495 496 496 496 496 494 494 494 494 497 497 497 497 495 495 495 495 495 495 495 495 497 497 497 497 496 496 496 496 494 494 494 494 498 498 498 498 497 497 497 497 496 496 496 496 497 497 497 497 499 499 499 499 498 498 498 498 500 500 500 500 497 497 497 497 497 497 497 497 500 500 500 500 499 499 499 499 498 498 498 498 501 501 501 501 500 500 500 500 499 499 499 499 500 500 500 500 502 502 502 502 503 503 503 503 504 504 504 504 505 505 505 505 506 506 506 506 503 503 503 503 505 505 505 505 506 506 506 506 505 505 505 505 507 507 507 507 508 508 508 508 503 503 503 503 506 506 506 506 509 509 509 509 506 506 506 506 507 507 507 507 510 510 510 510 508 508 508 508 506 506 506 506 510 510 510 510 506 506 506 506 509 509 509 509 511 511 511 511 508 508 508 508 510 510 510 510 510 510 510 510 509 509 509 509 512 512 512 512 511 511 511 511 510 510 510 510 513 513 513 513 513 513 513 513 510 510 510 510 512 512 512 512 513 513 513 513 512 512 512 512 514 514 514 514 511 511 511 511 513 513 513 513 515 515 515 515 513 513 513 513 514 514 514 514 516 516 516 516 513 513 513 513 517 517 517 517 515 515 515 515 513 513 513 513 516 516 516 516 517 517 517 517 515 515 515 515 517 517 517 517 518 518 518 518 517 517 517 517 516 516 516 516 518 518 518 518 515 515 515 515 518 518 518 518 519 519 519 519 516 516 516 516 520 520 520 520 518 518 518 518 518 518 518 518 521 521 521 521 519 519 519 519 518 518 518 518 520 520 520 520 521 521 521 521 519 519 519 519 521 521 521 521 522 522 522 522 520 520 520 520 523 523 523 523 521 521 521 521 521 521 521 521 524 524 524 524 522 522 522 522 521 521 521 521 523 523 523 523 524 524 524 524 522 522 522 522 524 524 524 524 525 525 525 525 523 523 523 523 526 526 526 526 524 524 524 524 524 524 524 524 527 527 527 527 525 525 525 525 524 524 524 524 526 526 526 526 527 527 527 527 525 525 525 525 527 527 527 527 528 528 528 528 526 526 526 526 529 529 529 529 527 527 527 527 530 530 530 530 531 531 531 531 532 532 532 532 533 533 533 533 531 531 531 531 530 530 530 530 533 533 533 533 534 534 534 534 531 531 531 531 535 535 535 535 533 533 533 533 530 530 530 530 536 536 536 536 534 534 534 534 533 533 533 533 537 537 537 537 533 533 533 533 535 535 535 535 537 537 537 537 536 536 536 536 533 533 533 533 538 538 538 538 537 537 537 537 535 535 535 535 537 537 537 537 539 539 539 539 536 536 536 536 538 538 538 538 540 540 540 540 537 537 537 537 540 540 540 540 539 539 539 539 537 537 537 537 540 540 540 540 541 541 541 541 539 539 539 539 538 538 538 538 542 542 542 542 540 540 540 540 540 540 540 540 543 543 543 543 541 541 541 541 542 542 542 542 544 544 544 544 540 540 540 540 540 540 540 540 544 544 544 544 543 543 543 543 542 542 542 542 545 545 545 545 544 544 544 544 544 544 544 544 545 545 545 545 543 543 543 543 543 543 543 543 545 545 545 545 546 546 546 546 542 542 542 542 547 547 547 547 545 545 545 545 545 545 545 545 548 548 548 548 546 546 546 546 547 547 547 547 549 549 549 549 545 545 545 545 545 545 545 545 549 549 549 549 548 548 548 548 547 547 547 547 550 550 550 550 549 549 549 549 549 549 549 549 551 551 551 551 548 548 548 548 549 549 549 549 550 550 550 550 551 551 551 551 548 548 548 548 551 551 551 551 552 552 552 552 550 550 550 550 553 553 553 553 551 551 551 551 551 551 551 551 554 554 554 554 552 552 552 552 551 551 551 551 553 553 553 553 554 554 554 554 552 552 552 552 554 554 554 554 555 555 555 555 553 553 553 553 556 556 556 556 554 554 554 554 557 557 557 557 558 558 558 558 559 559 559 559 557 557 557 557 559 559 559 559 560 560 560 560 560 560 560 560 559 559 559 559 561 561 561 561 562 562 562 562 557 557 557 557 560 560 560 560 563 563 563 563 557 557 557 557 562 562 562 562 560 560 560 560 561 561 561 561 564 564 564 564 562 562 562 562 560 560 560 560 564 564 564 564 564 564 564 564 561 561 561 561 565 565 565 565 566 566 566 566 563 563 563 563 562 562 562 562 567 567 567 567 563 563 563 563 566 566 566 566 567 567 567 567 566 566 566 566 568 568 568 568 566 566 566 566 569 569 569 569 568 568 568 568 566 566 566 566 570 570 570 570 569 569 569 569 566 566 566 566 571 571 571 571 570 570 570 570 566 566 566 566 562 562 562 562 571 571 571 571 571 571 571 571 572 572 572 572 570 570 570 570 571 571 571 571 562 562 562 562 573 573 573 573 562 562 562 562 564 564 564 564 573 573 573 573 571 571 571 571 574 574 574 574 572 572 572 572 571 571 571 571 573 573 573 573 574 574 574 574 574 574 574 574 575 575 575 575 572 572 572 572 573 573 573 573 564 564 564 564 576 576 576 576 564 564 564 564 565 565 565 565 576 576 576 576 576 576 576 576 565 565 565 565 577 577 577 577 574 574 574 574 573 573 573 573 578 578 578 578 573 573 573 573 576 576 576 576 578 578 578 578 574 574 574 574 579 579 579 579 575 575 575 575 574 574 574 574 578 578 578 578 579 579 579 579 576 576 576 576 577 577 577 577 580 580 580 580 578 578 578 578 576 576 576 576 580 580 580 580 579 579 579 579 578 578 578 578 581 581 581 581 578 578 578 578 580 580 580 580 581 581 581 581 579 579 579 579 582 582 582 582 575 575 575 575 575 575 575 575 582 582 582 582 583 583 583 583 579 579 579 579 581 581 581 581 584 584 584 584 584 584 584 584 581 581 581 581 580 580 580 580 579 579 579 579 584 584 584 584 582 582 582 582 580 580 580 580 577 577 577 577 585 585 585 585 584 584 584 584 580 580 580 580 585 585 585 585 577 577 577 577 586 586 586 586 585 585 585 585 582 582 582 582 584 584 584 584 587 587 587 587 584 584 584 584 585 585 585 585 587 587 587 587 582 582 582 582 588 588 588 588 583 583 583 583 582 582 582 582 587 587 587 587 588 588 588 588 583 583 583 583 588 588 588 588 589 589 589 589 585 585 585 585 586 586 586 586 590 590 590 590 587 587 587 587 585 585 585 585 590 590 590 590 586 586 586 586 591 591 591 591 590 590 590 590 588 588 588 588 587 587 587 587 592 592 592 592 587 587 587 587 590 590 590 590 592 592 592 592 588 588 588 588 593 593 593 593 589 589 589 589 588 588 588 588 592 592 592 592 593 593 593 593 589 589 589 589 593 593 593 593 594 594 594 594 593 593 593 593 595 595 595 595 594 594 594 594 590 590 590 590 591 591 591 591 596 596 596 596 592 592 592 592 590 590 590 590 596 596 596 596 591 591 591 591 597 597 597 597 596 596 596 596 596 596 596 596 597 597 597 597 598 598 598 598 593 593 593 593 599 599 599 599 595 595 595 595 593 593 593 593 592 592 592 592 599 599 599 599 599 599 599 599 600 600 600 600 595 595 595 595 596 596 596 596 598 598 598 598 601 601 601 601 592 592 592 592 596 596 596 596 601 601 601 601 601 601 601 601 598 598 598 598 602 602 602 602 592 592 592 592 603 603 603 603 599 599 599 599 592 592 592 592 601 601 601 601 603 603 603 603 599 599 599 599 604 604 604 604 600 600 600 600 599 599 599 599 603 603 603 603 604 604 604 604 604 604 604 604 605 605 605 605 600 600 600 600 601 601 601 601 602 602 602 602 606 606 606 606 601 601 601 601 606 606 606 606 603 603 603 603 606 606 606 606 602 602 602 602 607 607 607 607 603 603 603 603 608 608 608 608 604 604 604 604 603 603 603 603 606 606 606 606 608 608 608 608 604 604 604 604 609 609 609 609 605 605 605 605 604 604 604 604 608 608 608 608 609 609 609 609 606 606 606 606 607 607 607 607 610 610 610 610 606 606 606 606 610 610 610 610 608 608 608 608 608 608 608 608 611 611 611 611 609 609 609 609 608 608 608 608 610 610 610 610 611 611 611 611 609 609 609 609 612 612 612 612 605 605 605 605 605 605 605 605 612 612 612 612 613 613 613 613 609 609 609 609 611 611 611 611 614 614 614 614 610 610 610 610 614 614 614 614 611 611 611 611 609 609 609 609 614 614 614 614 612 612 612 612 610 610 610 610 607 607 607 607 615 615 615 615 610 610 610 610 615 615 615 615 614 614 614 614 607 607 607 607 616 616 616 616 615 615 615 615 612 612 612 612 614 614 614 614 617 617 617 617 614 614 614 614 615 615 615 615 617 617 617 617 612 612 612 612 618 618 618 618 613 613 613 613 612 612 612 612 617 617 617 617 618 618 618 618 613 613 613 613 618 618 618 618 619 619 619 619 615 615 615 615 616 616 616 616 620 620 620 620 615 615 615 615 620 620 620 620 617 617 617 617 616 616 616 616 621 621 621 621 620 620 620 620 618 618 618 618 617 617 617 617 622 622 622 622 617 617 617 617 620 620 620 620 622 622 622 622 618 618 618 618 623 623 623 623 619 619 619 619 618 618 618 618 622 622 622 622 623 623 623 623 619 619 619 619 623 623 623 623 624 624 624 624 623 623 623 623 625 625 625 625 624 624 624 624 620 620 620 620 621 621 621 621 626 626 626 626 620 620 620 620 626 626 626 626 622 622 622 622 621 621 621 621 627 627 627 627 626 626 626 626 626 626 626 626 627 627 627 627 628 628 628 628 623 623 623 623 629 629 629 629 625 625 625 625 623 623 623 623 622 622 622 622 629 629 629 629 629 629 629 629 630 630 630 630 625 625 625 625 626 626 626 626 628 628 628 628 631 631 631 631 622 622 622 622 626 626 626 626 631 631 631 631 631 631 631 631 628 628 628 628 632 632 632 632 622 622 622 622 633 633 633 633 629 629 629 629 622 622 622 622 631 631 631 631 633 633 633 633 629 629 629 629 634 634 634 634 630 630 630 630 629 629 629 629 633 633 633 633 634 634 634 634 634 634 634 634 635 635 635 635 630 630 630 630 631 631 631 631 632 632 632 632 636 636 636 636 631 631 631 631 636 636 636 636 633 633 633 633 636 636 636 636 632 632 632 632 637 637 637 637 633 633 633 633 638 638 638 638 634 634 634 634 633 633 633 633 636 636 636 636 638 638 638 638 634 634 634 634 639 639 639 639 635 635 635 635 634 634 634 634 638 638 638 638 639 639 639 639 636 636 636 636 637 637 637 637 640 640 640 640 636 636 636 636 640 640 640 640 638 638 638 638 638 638 638 638 641 641 641 641 639 639 639 639 638 638 638 638 640 640 640 640 641 641 641 641 639 639 639 639 642 642 642 642 635 635 635 635 635 635 635 635 642 642 642 642 643 643 643 643 639 639 639 639 641 641 641 641 644 644 644 644 640 640 640 640 644 644 644 644 641 641 641 641 639 639 639 639 644 644 644 644 642 642 642 642 640 640 640 640 637 637 637 637 645 645 645 645 640 640 640 640 645 645 645 645 644 644 644 644 637 637 637 637 646 646 646 646 645 645 645 645 642 642 642 642 644 644 644 644 647 647 647 647 644 644 644 644 645 645 645 645 647 647 647 647 642 642 642 642 648 648 648 648 643 643 643 643 642 642 642 642 647 647 647 647 648 648 648 648 643 643 643 643 648 648 648 648 649 649 649 649 645 645 645 645 646 646 646 646 650 650 650 650 645 645 645 645 650 650 650 650 647 647 647 647 646 646 646 646 651 651 651 651 650 650 650 650 648 648 648 648 647 647 647 647 652 652 652 652 647 647 647 647 650 650 650 650 652 652 652 652 648 648 648 648 653 653 653 653 649 649 649 649 648 648 648 648 652 652 652 652 653 653 653 653 649 649 649 649 653 653 653 653 654 654 654 654 653 653 653 653 655 655 655 655 654 654 654 654 650 650 650 650 651 651 651 651 656 656 656 656 650 650 650 650 656 656 656 656 652 652 652 652 651 651 651 651 657 657 657 657 656 656 656 656 656 656 656 656 657 657 657 657 658 658 658 658 653 653 653 653 659 659 659 659 655 655 655 655 653 653 653 653 652 652 652 652 659 659 659 659 659 659 659 659 660 660 660 660 655 655 655 655 656 656 656 656 658 658 658 658 661 661 661 661 652 652 652 652 656 656 656 656 661 661 661 661 661 661 661 661 658 658 658 658 662 662 662 662 652 652 652 652 663 663 663 663 659 659 659 659 652 652 652 652 661 661 661 661 663 663 663 663 659 659 659 659 664 664 664 664 660 660 660 660 659 659 659 659 663 663 663 663 664 664 664 664 664 664 664 664 665 665 665 665 660 660 660 660 661 661 661 661 662 662 662 662 666 666 666 666 661 661 661 661 666 666 666 666 663 663 663 663 666 666 666 666 662 662 662 662 667 667 667 667 663 663 663 663 668 668 668 668 664 664 664 664 663 663 663 663 666 666 666 666 668 668 668 668 664 664 664 664 669 669 669 669 665 665 665 665 664 664 664 664 668 668 668 668 669 669 669 669 666 666 666 666 667 667 667 667 670 670 670 670 666 666 666 666 670 670 670 670 668 668 668 668 670 670 670 670 667 667 667 667 671 671 671 671 668 668 668 668 672 672 672 672 669 669 669 669 668 668 668 668 670 670 670 670 672 672 672 672 669 669 669 669 673 673 673 673 665 665 665 665 669 669 669 669 672 672 672 672 673 673 673 673 665 665 665 665 673 673 673 673 674 674 674 674 670 670 670 670 675 675 675 675 672 672 672 672 672 672 672 672 675 675 675 675 673 673 673 673 670 670 670 670 671 671 671 671 676 676 676 676 670 670 670 670 676 676 676 676 675 675 675 675 676 676 676 676 671 671 671 671 677 677 677 677 673 673 673 673 678 678 678 678 674 674 674 674 673 673 673 673 675 675 675 675 678 678 678 678 674 674 674 674 678 678 678 678 679 679 679 679 675 675 675 675 676 676 676 676 680 680 680 680 675 675 675 675 680 680 680 680 678 678 678 678 678 678 678 678 681 681 681 681 679 679 679 679 679 679 679 679 681 681 681 681 682 682 682 682 678 678 678 678 680 680 680 680 681 681 681 681 680 680 680 680 683 683 683 683 681 681 681 681 676 676 676 676 684 684 684 684 680 680 680 680 680 680 680 680 684 684 684 684 683 683 683 683 676 676 676 676 677 677 677 677 684 684 684 684 684 684 684 684 685 685 685 685 683 683 683 683 684 684 684 684 677 677 677 677 686 686 686 686 684 684 684 684 686 686 686 686 685 685 685 685 687 687 687 687 688 688 688 688 689 689 689 689 687 687 687 687 690 690 690 690 688 688 688 688 690 690 690 690 691 691 691 691 688 688 688 688 692 692 692 692 690 690 690 690 687 687 687 687 693 693 693 693 692 692 692 692 687 687 687 687 694 694 694 694 691 691 691 691 690 690 690 690 692 692 692 692 694 694 694 694 690 690 690 690 694 694 694 694 695 695 695 695 691 691 691 691 696 696 696 696 692 692 692 692 693 693 693 693 697 697 697 697 696 696 696 696 693 693 693 693 697 697 697 697 698 698 698 698 696 696 696 696 698 698 698 698 699 699 699 699 696 696 696 696 696 696 696 696 699 699 699 699 700 700 700 700 696 696 696 696 700 700 700 700 701 701 701 701 696 696 696 696 701 701 701 701 692 692 692 692 700 700 700 700 702 702 702 702 701 701 701 701 701 701 701 701 703 703 703 703 692 692 692 692 692 692 692 692 703 703 703 703 694 694 694 694 701 701 701 701 702 702 702 702 704 704 704 704 701 701 701 701 704 704 704 704 703 703 703 703 702 702 702 702 705 705 705 705 704 704 704 704 703 703 703 703 706 706 706 706 694 694 694 694 694 694 694 694 706 706 706 706 695 695 695 695 706 706 706 706 707 707 707 707 695 695 695 695 704 704 704 704 708 708 708 708 703 703 703 703 703 703 703 703 708 708 708 708 706 706 706 706 704 704 704 704 705 705 705 705 709 709 709 709 704 704 704 704 709 709 709 709 708 708 708 708 706 706 706 706 710 710 710 710 707 707 707 707 708 708 708 708 710 710 710 710 706 706 706 706 709 709 709 709 711 711 711 711 708 708 708 708 708 708 708 708 711 711 711 711 710 710 710 710 705 705 705 705 712 712 712 712 709 709 709 709 705 705 705 705 713 713 713 713 712 712 712 712 709 709 709 709 714 714 714 714 711 711 711 711 714 714 714 714 710 710 710 710 711 711 711 711 709 709 709 709 712 712 712 712 714 714 714 714 710 710 710 710 715 715 715 715 707 707 707 707 714 714 714 714 715 715 715 715 710 710 710 710 707 707 707 707 715 715 715 715 716 716 716 716 712 712 712 712 717 717 717 717 714 714 714 714 714 714 714 714 717 717 717 717 715 715 715 715 712 712 712 712 713 713 713 713 718 718 718 718 712 712 712 712 718 718 718 718 717 717 717 717 713 713 713 713 719 719 719 719 718 718 718 718 715 715 715 715 720 720 720 720 716 716 716 716 717 717 717 717 720 720 720 720 715 715 715 715 716 716 716 716 720 720 720 720 721 721 721 721 718 718 718 718 722 722 722 722 717 717 717 717 717 717 717 717 722 722 722 722 720 720 720 720 718 718 718 718 719 719 719 719 723 723 723 723 718 718 718 718 723 723 723 723 722 722 722 722 719 719 719 719 724 724 724 724 723 723 723 723 723 723 723 723 724 724 724 724 725 725 725 725 720 720 720 720 726 726 726 726 721 721 721 721 722 722 722 722 726 726 726 726 720 720 720 720 721 721 721 721 726 726 726 726 727 727 727 727 726 726 726 726 728 728 728 728 727 727 727 727 723 723 723 723 725 725 725 725 729 729 729 729 723 723 723 723 729 729 729 729 722 722 722 722 725 725 725 725 730 730 730 730 729 729 729 729 731 731 731 731 728 728 728 728 726 726 726 726 722 722 722 722 731 731 731 731 726 726 726 726 731 731 731 731 732 732 732 732 728 728 728 728 722 722 722 722 729 729 729 729 733 733 733 733 722 722 722 722 733 733 733 733 731 731 731 731 729 729 729 729 730 730 730 730 734 734 734 734 729 729 729 729 734 734 734 734 733 733 733 733 730 730 730 730 735 735 735 735 734 734 734 734 731 731 731 731 736 736 736 736 732 732 732 732 733 733 733 733 736 736 736 736 731 731 731 731 736 736 736 736 737 737 737 737 732 732 732 732 733 733 733 733 734 734 734 734 738 738 738 738 733 733 733 733 738 738 738 738 736 736 736 736 734 734 734 734 735 735 735 735 739 739 739 739 734 734 734 734 739 739 739 739 738 738 738 738 736 736 736 736 740 740 740 740 737 737 737 737 738 738 738 738 740 740 740 740 736 736 736 736 738 738 738 738 739 739 739 739 741 741 741 741 738 738 738 738 741 741 741 741 740 740 740 740 735 735 735 735 742 742 742 742 739 739 739 739 735 735 735 735 743 743 743 743 742 742 742 742 739 739 739 739 744 744 744 744 741 741 741 741 741 741 741 741 744 744 744 744 740 740 740 740 739 739 739 739 742 742 742 742 744 744 744 744 740 740 740 740 745 745 745 745 737 737 737 737 740 740 740 740 744 744 744 744 745 745 745 745 737 737 737 737 745 745 745 745 746 746 746 746 742 742 742 742 747 747 747 747 744 744 744 744 744 744 744 744 747 747 747 747 745 745 745 745 742 742 742 742 743 743 743 743 748 748 748 748 742 742 742 742 748 748 748 748 747 747 747 747 743 743 743 743 749 749 749 749 748 748 748 748 745 745 745 745 750 750 750 750 746 746 746 746 745 745 745 745 747 747 747 747 750 750 750 750 746 746 746 746 750 750 750 750 751 751 751 751 748 748 748 748 749 749 749 749 752 752 752 752 749 749 749 749 753 753 753 753 752 752 752 752 752 752 752 752 753 753 753 753 754 754 754 754 748 748 748 748 755 755 755 755 747 747 747 747 748 748 748 748 752 752 752 752 755 755 755 755 747 747 747 747 755 755 755 755 750 750 750 750 752 752 752 752 754 754 754 754 756 756 756 756 752 752 752 752 756 756 756 756 755 755 755 755 754 754 754 754 757 757 757 757 756 756 756 756 750 750 750 750 758 758 758 758 751 751 751 751 750 750 750 750 755 755 755 755 758 758 758 758 751 751 751 751 758 758 758 758 759 759 759 759 758 758 758 758 760 760 760 760 759 759 759 759 758 758 758 758 761 761 761 761 760 760 760 760 755 755 755 755 761 761 761 761 758 758 758 758 761 761 761 761 762 762 762 762 760 760 760 760 755 755 755 755 763 763 763 763 761 761 761 761 755 755 755 755 756 756 756 756 763 763 763 763 761 761 761 761 764 764 764 764 762 762 762 762 763 763 763 763 764 764 764 764 761 761 761 761 764 764 764 764 765 765 765 765 762 762 762 762 756 756 756 756 766 766 766 766 763 763 763 763 756 756 756 756 757 757 757 757 766 766 766 766 757 757 757 757 767 767 767 767 766 766 766 766 763 763 763 763 768 768 768 768 764 764 764 764 763 763 763 763 766 766 766 766 768 768 768 768 764 764 764 764 769 769 769 769 765 765 765 765 768 768 768 768 769 769 769 769 764 764 764 764 766 766 766 766 767 767 767 767 770 770 770 770 766 766 766 766 770 770 770 770 768 768 768 768 768 768 768 768 771 771 771 771 769 769 769 769 768 768 768 768 770 770 770 770 771 771 771 771 769 769 769 769 772 772 772 772 765 765 765 765 765 765 765 765 772 772 772 772 773 773 773 773 771 771 771 771 774 774 774 774 769 769 769 769 770 770 770 770 774 774 774 774 771 771 771 771 769 769 769 769 774 774 774 774 772 772 772 772 767 767 767 767 775 775 775 775 770 770 770 770 770 770 770 770 775 775 775 775 774 774 774 774 767 767 767 767 776 776 776 776 775 775 775 775 774 774 774 774 777 777 777 777 772 772 772 772 775 775 775 775 777 777 777 777 774 774 774 774 772 772 772 772 778 778 778 778 773 773 773 773 772 772 772 772 777 777 777 777 778 778 778 778 773 773 773 773 778 778 778 778 779 779 779 779 775 775 775 775 776 776 776 776 780 780 780 780 775 775 775 775 780 780 780 780 777 777 777 777 776 776 776 776 781 781 781 781 780 780 780 780 777 777 777 777 782 782 782 782 778 778 778 778 780 780 780 780 782 782 782 782 777 777 777 777 778 778 778 778 783 783 783 783 779 779 779 779 778 778 778 778 782 782 782 782 783 783 783 783 779 779 779 779 783 783 783 783 784 784 784 784 783 783 783 783 785 785 785 785 784 784 784 784 780 780 780 780 781 781 781 781 786 786 786 786 780 780 780 780 786 786 786 786 782 782 782 782 781 781 781 781 787 787 787 787 786 786 786 786 786 786 786 786 787 787 787 787 788 788 788 788 783 783 783 783 789 789 789 789 785 785 785 785 782 782 782 782 789 789 789 789 783 783 783 783 789 789 789 789 790 790 790 790 785 785 785 785 786 786 786 786 788 788 788 788 791 791 791 791 786 786 786 786 791 791 791 791 782 782 782 782 788 788 788 788 792 792 792 792 791 791 791 791 782 782 782 782 793 793 793 793 789 789 789 789 782 782 782 782 791 791 791 791 793 793 793 793 789 789 789 789 794 794 794 794 790 790 790 790 793 793 793 793 794 794 794 794 789 789 789 789 794 794 794 794 795 795 795 795 790 790 790 790 791 791 791 791 792 792 792 792 796 796 796 796 791 791 791 791 796 796 796 796 793 793 793 793 792 792 792 792 797 797 797 797 796 796 796 796 793 793 793 793 798 798 798 798 794 794 794 794 793 793 793 793 796 796 796 796 798 798 798 798 794 794 794 794 799 799 799 799 795 795 795 795 798 798 798 798 799 799 799 799 794 794 794 794 799 799 799 799 800 800 800 800 795 795 795 795 796 796 796 796 801 801 801 801 798 798 798 798 796 796 796 796 797 797 797 797 801 801 801 801 798 798 798 798 802 802 802 802 799 799 799 799 798 798 798 798 801 801 801 801 802 802 802 802 797 797 797 797 803 803 803 803 801 801 801 801 801 801 801 801 803 803 803 803 802 802 802 802 797 797 797 797 804 804 804 804 803 803 803 803 802 802 802 802 805 805 805 805 799 799 799 799 802 802 802 802 803 803 803 803 805 805 805 805 799 799 799 799 806 806 806 806 800 800 800 800 799 799 799 799 805 805 805 805 806 806 806 806 806 806 806 806 807 807 807 807 800 800 800 800 803 803 803 803 804 804 804 804 808 808 808 808 803 803 803 803 808 808 808 808 805 805 805 805 804 804 804 804 809 809 809 809 808 808 808 808 805 805 805 805 810 810 810 810 806 806 806 806 805 805 805 805 808 808 808 808 810 810 810 810 808 808 808 808 809 809 809 809 811 811 811 811 809 809 809 809 812 812 812 812 811 811 811 811 808 808 808 808 811 811 811 811 810 810 810 810 810 810 810 810 811 811 811 811 813 813 813 813 806 806 806 806 810 810 810 810 814 814 814 814 810 810 810 810 813 813 813 813 814 814 814 814 806 806 806 806 814 814 814 814 807 807 807 807 814 814 814 814 813 813 813 813 815 815 815 815 814 814 814 814 816 816 816 816 807 807 807 807 814 814 814 814 815 815 815 815 816 816 816 816 817 817 817 817 818 818 818 818 819 819 819 819 818 818 818 818 820 820 820 820 819 819 819 819 819 819 819 819 820 820 820 820 821 821 821 821 820 820 820 820 822 822 822 822 821 821 821 821 821 821 821 821 822 822 822 822 823 823 823 823 818 818 818 818 824 824 824 824 820 820 820 820 822 822 822 822 825 825 825 825 823 823 823 823 823 823 823 823 825 825 825 825 826 826 826 826 820 820 820 820 827 827 827 827 822 822 822 822 824 824 824 824 827 827 827 827 820 820 820 820 822 822 822 822 828 828 828 828 825 825 825 825 827 827 827 827 828 828 828 828 822 822 822 822 825 825 825 825 829 829 829 829 826 826 826 826 828 828 828 828 830 830 830 830 825 825 825 825 825 825 825 825 830 830 830 830 829 829 829 829 826 826 826 826 829 829 829 829 831 831 831 831 826 826 826 826 831 831 831 831 832 832 832 832 830 830 830 830 833 833 833 833 829 829 829 829 829 829 829 829 833 833 833 833 831 831 831 831 828 828 828 828 834 834 834 834 830 830 830 830 830 830 830 830 834 834 834 834 833 833 833 833 827 827 827 827 835 835 835 835 828 828 828 828 828 828 828 828 835 835 835 835 834 834 834 834 827 827 827 827 836 836 836 836 835 835 835 835 824 824 824 824 836 836 836 836 827 827 827 827 835 835 835 835 837 837 837 837 834 834 834 834 835 835 835 835 838 838 838 838 837 837 837 837 836 836 836 836 838 838 838 838 835 835 835 835 834 834 834 834 837 837 837 837 839 839 839 839 836 836 836 836 840 840 840 840 838 838 838 838 834 834 834 834 839 839 839 839 841 841 841 841 834 834 834 834 841 841 841 841 833 833 833 833 839 839 839 839 842 842 842 842 841 841 841 841 843 843 843 843 840 840 840 840 836 836 836 836 824 824 824 824 843 843 843 843 836 836 836 836 843 843 843 843 844 844 844 844 840 840 840 840 845 845 845 845 843 843 843 843 824 824 824 824 818 818 818 818 845 845 845 845 824 824 824 824 818 818 818 818 846 846 846 846 845 845 845 845 846 846 846 846 847 847 847 847 845 845 845 845 848 848 848 848 844 844 844 844 843 843 843 843 845 845 845 845 848 848 848 848 843 843 843 843 845 845 845 845 847 847 847 847 848 848 848 848 848 848 848 848 849 849 849 849 844 844 844 844 847 847 847 847 850 850 850 850 848 848 848 848 848 848 848 848 850 850 850 850 849 849 849 849 841 841 841 841 842 842 842 842 851 851 851 851 842 842 842 842 852 852 852 852 851 851 851 851 841 841 841 841 851 851 851 851 853 853 853 853 833 833 833 833 841 841 841 841 853 853 853 853 831 831 831 831 833 833 833 833 853 853 853 853 851 851 851 851 852 852 852 852 854 854 854 854 852 852 852 852 855 855 855 855 854 854 854 854 854 854 854 854 855 855 855 855 856 856 856 856 831 831 831 831 853 853 853 853 857 857 857 857 831 831 831 831 857 857 857 857 832 832 832 832 832 832 832 832 857 857 857 857 858 858 858 858 853 853 853 853 851 851 851 851 859 859 859 859 853 853 853 853 859 859 859 859 857 857 857 857 851 851 851 851 854 854 854 854 859 859 859 859 857 857 857 857 860 860 860 860 858 858 858 858 857 857 857 857 859 859 859 859 860 860 860 860 858 858 858 858 860 860 860 860 861 861 861 861 860 860 860 860 862 862 862 862 861 861 861 861 860 860 860 860 863 863 863 863 862 862 862 862 859 859 859 859 863 863 863 863 860 860 860 860 863 863 863 863 864 864 864 864 862 862 862 862 859 859 859 859 854 854 854 854 865 865 865 865 854 854 854 854 856 856 856 856 865 865 865 865 865 865 865 865 856 856 856 856 866 866 866 866 859 859 859 859 867 867 867 867 863 863 863 863 859 859 859 859 865 865 865 865 867 867 867 867 863 863 863 863 868 868 868 868 864 864 864 864 867 867 867 867 868 868 868 868 863 863 863 863 868 868 868 868 869 869 869 869 864 864 864 864 865 865 865 865 866 866 866 866 870 870 870 870 867 867 867 867 865 865 865 865 870 870 870 870 870 870 870 870 866 866 866 866 871 871 871 871 867 867 867 867 872 872 872 872 868 868 868 868 867 867 867 867 870 870 870 870 872 872 872 872 868 868 868 868 873 873 873 873 869 869 869 869 872 872 872 872 873 873 873 873 868 868 868 868 870 870 870 870 871 871 871 871 874 874 874 874 870 870 870 870 874 874 874 874 872 872 872 872 872 872 872 872 875 875 875 875 873 873 873 873 872 872 872 872 874 874 874 874 875 875 875 875 873 873 873 873 876 876 876 876 869 869 869 869 869 869 869 869 876 876 876 876 877 877 877 877 875 875 875 875 878 878 878 878 873 873 873 873 874 874 874 874 878 878 878 878 875 875 875 875 873 873 873 873 878 878 878 878 876 876 876 876 871 871 871 871 879 879 879 879 874 874 874 874 874 874 874 874 879 879 879 879 878 878 878 878 871 871 871 871 880 880 880 880 879 879 879 879 878 878 878 878 881 881 881 881 876 876 876 876 879 879 879 879 881 881 881 881 878 878 878 878 876 876 876 876 882 882 882 882 877 877 877 877 876 876 876 876 881 881 881 881 882 882 882 882 877 877 877 877 882 882 882 882 883 883 883 883 879 879 879 879 880 880 880 880 884 884 884 884 879 879 879 879 884 884 884 884 881 881 881 881 880 880 880 880 885 885 885 885 884 884 884 884 881 881 881 881 886 886 886 886 882 882 882 882 884 884 884 884 886 886 886 886 881 881 881 881 882 882 882 882 887 887 887 887 883 883 883 883 882 882 882 882 886 886 886 886 887 887 887 887 883 883 883 883 887 887 887 887 888 888 888 888 887 887 887 887 889 889 889 889 888 888 888 888 884 884 884 884 885 885 885 885 890 890 890 890 884 884 884 884 890 890 890 890 886 886 886 886 885 885 885 885 891 891 891 891 890 890 890 890 890 890 890 890 891 891 891 891 892 892 892 892 887 887 887 887 893 893 893 893 889 889 889 889 886 886 886 886 893 893 893 893 887 887 887 887 893 893 893 893 894 894 894 894 889 889 889 889 890 890 890 890 892 892 892 892 895 895 895 895 890 890 890 890 895 895 895 895 886 886 886 886 892 892 892 892 896 896 896 896 895 895 895 895 886 886 886 886 897 897 897 897 893 893 893 893 886 886 886 886 895 895 895 895 897 897 897 897 893 893 893 893 898 898 898 898 894 894 894 894 897 897 897 897 898 898 898 898 893 893 893 893 898 898 898 898 899 899 899 899 894 894 894 894 895 895 895 895 896 896 896 896 900 900 900 900 895 895 895 895 900 900 900 900 897 897 897 897 896 896 896 896 901 901 901 901 900 900 900 900 897 897 897 897 902 902 902 902 898 898 898 898 897 897 897 897 900 900 900 900 902 902 902 902 898 898 898 898 903 903 903 903 899 899 899 899 902 902 902 902 903 903 903 903 898 898 898 898 900 900 900 900 901 901 901 901 904 904 904 904 900 900 900 900 904 904 904 904 902 902 902 902 902 902 902 902 905 905 905 905 903 903 903 903 902 902 902 902 904 904 904 904 905 905 905 905 903 903 903 903 906 906 906 906 899 899 899 899 899 899 899 899 906 906 906 906 907 907 907 907 905 905 905 905 908 908 908 908 903 903 903 903 904 904 904 904 908 908 908 908 905 905 905 905 903 903 903 903 908 908 908 908 906 906 906 906 901 901 901 901 909 909 909 909 904 904 904 904 904 904 904 904 909 909 909 909 908 908 908 908 901 901 901 901 910 910 910 910 909 909 909 909 908 908 908 908 911 911 911 911 906 906 906 906 909 909 909 909 911 911 911 911 908 908 908 908 906 906 906 906 912 912 912 912 907 907 907 907 906 906 906 906 911 911 911 911 912 912 912 912 907 907 907 907 912 912 912 912 913 913 913 913 909 909 909 909 910 910 910 910 914 914 914 914 909 909 909 909 914 914 914 914 911 911 911 911 910 910 910 910 915 915 915 915 914 914 914 914 911 911 911 911 916 916 916 916 912 912 912 912 914 914 914 914 916 916 916 916 911 911 911 911 912 912 912 912 917 917 917 917 913 913 913 913 912 912 912 912 916 916 916 916 917 917 917 917 913 913 913 913 917 917 917 917 918 918 918 918 914 914 914 914 915 915 915 915 919 919 919 919 914 914 914 914 919 919 919 919 916 916 916 916 915 915 915 915 920 920 920 920 919 919 919 919 916 916 916 916 921 921 921 921 917 917 917 917 919 919 919 919 921 921 921 921 916 916 916 916 919 919 919 919 920 920 920 920 922 922 922 922 919 919 919 919 922 922 922 922 921 921 921 921 920 920 920 920 923 923 923 923 922 922 922 922 922 922 922 922 923 923 923 923 924 924 924 924 922 922 922 922 924 924 924 924 921 921 921 921 923 923 923 923 925 925 925 925 924 924 924 924 917 917 917 917 921 921 921 921 926 926 926 926 917 917 917 917 926 926 926 926 918 918 918 918 918 918 918 918 926 926 926 926 927 927 927 927 926 926 926 926 928 928 928 928 927 927 927 927 921 921 921 921 924 924 924 924 929 929 929 929 921 921 921 921 929 929 929 929 926 926 926 926 926 926 926 926 930 930 930 930 928 928 928 928 926 926 926 926 929 929 929 929 930 930 930 930 930 930 930 930 931 931 931 931 928 928 928 928 924 924 924 924 932 932 932 932 929 929 929 929 924 924 924 924 925 925 925 925 932 932 932 932 925 925 925 925 933 933 933 933 932 932 932 932 932 932 932 932 933 933 933 933 934 934 934 934 930 930 930 930 935 935 935 935 931 931 931 931 935 935 935 935 936 936 936 936 931 931 931 931 929 929 929 929 937 937 937 937 930 930 930 930 930 930 930 930 937 937 937 937 935 935 935 935 929 929 929 929 932 932 932 932 937 937 937 937 935 935 935 935 938 938 938 938 936 936 936 936 937 937 937 937 938 938 938 938 935 935 935 935 938 938 938 938 939 939 939 939 936 936 936 936 932 932 932 932 940 940 940 940 937 937 937 937 932 932 932 932 934 934 934 934 940 940 940 940 934 934 934 934 941 941 941 941 940 940 940 940 937 937 937 937 942 942 942 942 938 938 938 938 937 937 937 937 940 940 940 940 942 942 942 942 938 938 938 938 943 943 943 943 939 939 939 939 942 942 942 942 943 943 943 943 938 938 938 938 943 943 943 943 944 944 944 944 939 939 939 939 940 940 940 940 945 945 945 945 942 942 942 942 940 940 940 940 941 941 941 941 945 945 945 945 942 942 942 942 946 946 946 946 943 943 943 943 942 942 942 942 945 945 945 945 946 946 946 946 941 941 941 941 947 947 947 947 945 945 945 945 945 945 945 945 947 947 947 947 946 946 946 946 941 941 941 941 948 948 948 948 947 947 947 947 946 946 946 946 949 949 949 949 943 943 943 943 946 946 946 946 947 947 947 947 949 949 949 949 943 943 943 943 950 950 950 950 944 944 944 944 943 943 943 943 949 949 949 949 950 950 950 950 950 950 950 950 951 951 951 951 944 944 944 944 947 947 947 947 948 948 948 948 952 952 952 952 947 947 947 947 952 952 952 952 949 949 949 949 948 948 948 948 953 953 953 953 952 952 952 952 952 952 952 952 953 953 953 953 954 954 954 954 952 952 952 952 954 954 954 954 955 955 955 955 952 952 952 952 955 955 955 955 956 956 956 956 949 949 949 949 952 952 952 952 957 957 957 957 952 952 952 952 956 956 956 956 957 957 957 957 949 949 949 949 957 957 957 957 950 950 950 950 957 957 957 957 956 956 956 956 958 958 958 958 950 950 950 950 957 957 957 957 959 959 959 959 957 957 957 957 958 958 958 958 959 959 959 959 950 950 950 950 959 959 959 959 951 951 951 951 959 959 959 959 958 958 958 958 960 960 960 960 959 959 959 959 960 960 960 960 951 951 951 951 961 961 961 961 962 962 962 962 963 963 963 963 962 962 962 962 964 964 964 964 963 963 963 963 962 962 962 962 965 965 965 965 964 964 964 964 965 965 965 965 966 966 966 966 964 964 964 964 965 965 965 965 967 967 967 967 966 966 966 966 963 963 963 963 964 964 964 964 968 968 968 968 966 966 966 966 967 967 967 967 969 969 969 969 967 967 967 967 970 970 970 970 969 969 969 969 964 964 964 964 966 966 966 966 971 971 971 971 964 964 964 964 971 971 971 971 968 968 968 968 966 966 966 966 969 969 969 969 972 972 972 972 966 966 966 966 972 972 972 972 971 971 971 971 969 969 969 969 970 970 970 970 973 973 973 973 972 972 972 972 969 969 969 969 974 974 974 974 969 969 969 969 973 973 973 973 974 974 974 974 970 970 970 970 975 975 975 975 973 973 973 973 970 970 970 970 976 976 976 976 975 975 975 975 974 974 974 974 973 973 973 973 977 977 977 977 973 973 973 973 975 975 975 975 977 977 977 977 972 972 972 972 974 974 974 974 978 978 978 978 974 974 974 974 977 977 977 977 978 978 978 978 975 975 975 975 976 976 976 976 979 979 979 979 976 976 976 976 980 980 980 980 979 979 979 979 975 975 975 975 981 981 981 981 977 977 977 977 975 975 975 975 979 979 979 979 981 981 981 981 979 979 979 979 980 980 980 980 982 982 982 982 980 980 980 980 983 983 983 983 982 982 982 982 982 982 982 982 983 983 983 983 984 984 984 984 979 979 979 979 982 982 982 982 985 985 985 985 981 981 981 981 979 979 979 979 985 985 985 985 982 982 982 982 984 984 984 984 986 986 986 986 985 985 985 985 982 982 982 982 986 986 986 986 986 986 986 986 984 984 984 984 987 987 987 987 977 977 977 977 981 981 981 981 988 988 988 988 978 978 978 978 977 977 977 977 988 988 988 988 986 986 986 986 987 987 987 987 989 989 989 989 989 989 989 989 987 987 987 987 990 990 990 990 986 986 986 986 989 989 989 989 991 991 991 991 985 985 985 985 986 986 986 986 991 991 991 991 989 989 989 989 990 990 990 990 992 992 992 992 981 981 981 981 985 985 985 985 993 993 993 993 988 988 988 988 981 981 981 981 993 993 993 993 991 991 991 991 989 989 989 989 994 994 994 994 989 989 989 989 992 992 992 992 994 994 994 994 988 988 988 988 993 993 993 993 995 995 995 995 996 996 996 996 988 988 988 988 995 995 995 995 978 978 978 978 988 988 988 988 996 996 996 996 995 995 995 995 993 993 993 993 997 997 997 997 978 978 978 978 996 996 996 996 998 998 998 998 993 993 993 993 999 999 999 999 997 997 997 997 993 993 993 993 985 985 985 985 999 999 999 999 997 997 997 997 999 999 999 999 1000 1000 1000 1000 999 999 999 999 1001 1001 1001 1001 1000 1000 1000 1000 985 985 985 985 1002 1002 1002 1002 999 999 999 999 999 999 999 999 1002 1002 1002 1002 1001 1001 1001 1001 985 985 985 985 991 991 991 991 1002 1002 1002 1002 1002 1002 1002 1002 1003 1003 1003 1003 1001 1001 1001 1001 991 991 991 991 1004 1004 1004 1004 1002 1002 1002 1002 1002 1002 1002 1002 1004 1004 1004 1004 1003 1003 1003 1003 991 991 991 991 994 994 994 994 1004 1004 1004 1004 1004 1004 1004 1004 1005 1005 1005 1005 1003 1003 1003 1003 994 994 994 994 1006 1006 1006 1006 1004 1004 1004 1004 1004 1004 1004 1004 1006 1006 1006 1006 1005 1005 1005 1005 994 994 994 994 1007 1007 1007 1007 1006 1006 1006 1006 994 994 994 994 992 992 992 992 1007 1007 1007 1007 1006 1006 1006 1006 1008 1008 1008 1008 1005 1005 1005 1005 1005 1005 1005 1005 1008 1008 1008 1008 1009 1009 1009 1009 1007 1007 1007 1007 1010 1010 1010 1010 1006 1006 1006 1006 992 992 992 992 1010 1010 1010 1010 1007 1007 1007 1007 1006 1006 1006 1006 1010 1010 1010 1010 1008 1008 1008 1008 992 992 992 992 1011 1011 1011 1011 1010 1010 1010 1010 992 992 992 992 990 990 990 990 1011 1011 1011 1011 990 990 990 990 1012 1012 1012 1012 1011 1011 1011 1011 1010 1010 1010 1010 1013 1013 1013 1013 1008 1008 1008 1008 1010 1010 1010 1010 1011 1011 1011 1011 1013 1013 1013 1013 1008 1008 1008 1008 1014 1014 1014 1014 1009 1009 1009 1009 1008 1008 1008 1008 1013 1013 1013 1013 1014 1014 1014 1014 1009 1009 1009 1009 1014 1014 1014 1014 1015 1015 1015 1015 1011 1011 1011 1011 1012 1012 1012 1012 1016 1016 1016 1016 1011 1011 1011 1011 1016 1016 1016 1016 1013 1013 1013 1013 1012 1012 1012 1012 1017 1017 1017 1017 1016 1016 1016 1016 1013 1013 1013 1013 1018 1018 1018 1018 1014 1014 1014 1014 1013 1013 1013 1013 1016 1016 1016 1016 1018 1018 1018 1018 1014 1014 1014 1014 1019 1019 1019 1019 1015 1015 1015 1015 1014 1014 1014 1014 1018 1018 1018 1018 1019 1019 1019 1019 1015 1015 1015 1015 1019 1019 1019 1019 1020 1020 1020 1020 1019 1019 1019 1019 1021 1021 1021 1021 1020 1020 1020 1020 1016 1016 1016 1016 1017 1017 1017 1017 1022 1022 1022 1022 1016 1016 1016 1016 1022 1022 1022 1022 1018 1018 1018 1018 1017 1017 1017 1017 1023 1023 1023 1023 1022 1022 1022 1022 1022 1022 1022 1022 1023 1023 1023 1023 1024 1024 1024 1024 1019 1019 1019 1019 1025 1025 1025 1025 1021 1021 1021 1021 1018 1018 1018 1018 1025 1025 1025 1025 1019 1019 1019 1019 1025 1025 1025 1025 1026 1026 1026 1026 1021 1021 1021 1021 1022 1022 1022 1022 1024 1024 1024 1024 1027 1027 1027 1027 1018 1018 1018 1018 1022 1022 1022 1022 1027 1027 1027 1027 1027 1027 1027 1027 1024 1024 1024 1024 1028 1028 1028 1028 1018 1018 1018 1018 1029 1029 1029 1029 1025 1025 1025 1025 1018 1018 1018 1018 1027 1027 1027 1027 1029 1029 1029 1029 1025 1025 1025 1025 1030 1030 1030 1030 1026 1026 1026 1026 1029 1029 1029 1029 1030 1030 1030 1030 1025 1025 1025 1025 1030 1030 1030 1030 1031 1031 1031 1031 1026 1026 1026 1026 1027 1027 1027 1027 1028 1028 1028 1028 1032 1032 1032 1032 1027 1027 1027 1027 1032 1032 1032 1032 1029 1029 1029 1029 1032 1032 1032 1032 1028 1028 1028 1028 1033 1033 1033 1033 1029 1029 1029 1029 1034 1034 1034 1034 1030 1030 1030 1030 1029 1029 1029 1029 1032 1032 1032 1032 1034 1034 1034 1034 1030 1030 1030 1030 1035 1035 1035 1035 1031 1031 1031 1031 1034 1034 1034 1034 1035 1035 1035 1035 1030 1030 1030 1030 1032 1032 1032 1032 1033 1033 1033 1033 1036 1036 1036 1036 1032 1032 1032 1032 1036 1036 1036 1036 1034 1034 1034 1034 1034 1034 1034 1034 1037 1037 1037 1037 1035 1035 1035 1035 1034 1034 1034 1034 1036 1036 1036 1036 1037 1037 1037 1037 1035 1035 1035 1035 1038 1038 1038 1038 1031 1031 1031 1031 1031 1031 1031 1031 1038 1038 1038 1038 1039 1039 1039 1039 1037 1037 1037 1037 1040 1040 1040 1040 1035 1035 1035 1035 1036 1036 1036 1036 1040 1040 1040 1040 1037 1037 1037 1037 1035 1035 1035 1035 1040 1040 1040 1040 1038 1038 1038 1038 1036 1036 1036 1036 1033 1033 1033 1033 1041 1041 1041 1041 1036 1036 1036 1036 1041 1041 1041 1041 1040 1040 1040 1040 1033 1033 1033 1033 1042 1042 1042 1042 1041 1041 1041 1041 1040 1040 1040 1040 1043 1043 1043 1043 1038 1038 1038 1038 1040 1040 1040 1040 1041 1041 1041 1041 1043 1043 1043 1043 1038 1038 1038 1038 1044 1044 1044 1044 1039 1039 1039 1039 1038 1038 1038 1038 1043 1043 1043 1043 1044 1044 1044 1044 1039 1039 1039 1039 1044 1044 1044 1044 1045 1045 1045 1045 1041 1041 1041 1041 1042 1042 1042 1042 1046 1046 1046 1046 1041 1041 1041 1041 1046 1046 1046 1046 1043 1043 1043 1043 1042 1042 1042 1042 1047 1047 1047 1047 1046 1046 1046 1046 1043 1043 1043 1043 1048 1048 1048 1048 1044 1044 1044 1044 1043 1043 1043 1043 1046 1046 1046 1046 1048 1048 1048 1048 1044 1044 1044 1044 1049 1049 1049 1049 1045 1045 1045 1045 1044 1044 1044 1044 1048 1048 1048 1048 1049 1049 1049 1049 1045 1045 1045 1045 1049 1049 1049 1049 1050 1050 1050 1050 1046 1046 1046 1046 1047 1047 1047 1047 1051 1051 1051 1051 1046 1046 1046 1046 1051 1051 1051 1051 1048 1048 1048 1048 1047 1047 1047 1047 1052 1052 1052 1052 1051 1051 1051 1051 1048 1048 1048 1048 1053 1053 1053 1053 1049 1049 1049 1049 1048 1048 1048 1048 1051 1051 1051 1051 1053 1053 1053 1053 1049 1049 1049 1049 1054 1054 1054 1054 1050 1050 1050 1050 1049 1049 1049 1049 1053 1053 1053 1053 1054 1054 1054 1054 1050 1050 1050 1050 1054 1054 1054 1054 1055 1055 1055 1055 1051 1051 1051 1051 1052 1052 1052 1052 1056 1056 1056 1056 1051 1051 1051 1051 1056 1056 1056 1056 1053 1053 1053 1053 1052 1052 1052 1052 1057 1057 1057 1057 1056 1056 1056 1056 1056 1056 1056 1056 1057 1057 1057 1057 1058 1058 1058 1058 1054 1054 1054 1054 1059 1059 1059 1059 1055 1055 1055 1055 1053 1053 1053 1053 1059 1059 1059 1059 1054 1054 1054 1054 1055 1055 1055 1055 1059 1059 1059 1059 1060 1060 1060 1060 1053 1053 1053 1053 1056 1056 1056 1056 1061 1061 1061 1061 1053 1053 1053 1053 1061 1061 1061 1061 1059 1059 1059 1059 1056 1056 1056 1056 1058 1058 1058 1058 1062 1062 1062 1062 1056 1056 1056 1056 1062 1062 1062 1062 1061 1061 1061 1061 1062 1062 1062 1062 1058 1058 1058 1058 1063 1063 1063 1063 1059 1059 1059 1059 1064 1064 1064 1064 1060 1060 1060 1060 1061 1061 1061 1061 1064 1064 1064 1064 1059 1059 1059 1059 1060 1060 1060 1060 1064 1064 1064 1064 1065 1065 1065 1065 1064 1064 1064 1064 1066 1066 1066 1066 1065 1065 1065 1065 1061 1061 1061 1061 1062 1062 1062 1062 1067 1067 1067 1067 1061 1061 1061 1061 1067 1067 1067 1067 1064 1064 1064 1064 1062 1062 1062 1062 1063 1063 1063 1063 1068 1068 1068 1068 1062 1062 1062 1062 1068 1068 1068 1068 1067 1067 1067 1067 1068 1068 1068 1068 1063 1063 1063 1063 1069 1069 1069 1069 1064 1064 1064 1064 1070 1070 1070 1070 1066 1066 1066 1066 1067 1067 1067 1067 1070 1070 1070 1070 1064 1064 1064 1064 1070 1070 1070 1070 1071 1071 1071 1071 1066 1066 1066 1066 1068 1068 1068 1068 1069 1069 1069 1069 1072 1072 1072 1072 1067 1067 1067 1067 1068 1068 1068 1068 1072 1072 1072 1072 1072 1072 1072 1072 1069 1069 1069 1069 1073 1073 1073 1073 1067 1067 1067 1067 1074 1074 1074 1074 1070 1070 1070 1070 1067 1067 1067 1067 1072 1072 1072 1072 1074 1074 1074 1074 1070 1070 1070 1070 1075 1075 1075 1075 1071 1071 1071 1071 1074 1074 1074 1074 1075 1075 1075 1075 1070 1070 1070 1070 1072 1072 1072 1072 1073 1073 1073 1073 1076 1076 1076 1076 1072 1072 1072 1072 1076 1076 1076 1076 1074 1074 1074 1074 1076 1076 1076 1076 1073 1073 1073 1073 1077 1077 1077 1077 1074 1074 1074 1074 1078 1078 1078 1078 1075 1075 1075 1075 1074 1074 1074 1074 1076 1076 1076 1076 1078 1078 1078 1078 1075 1075 1075 1075 1079 1079 1079 1079 1071 1071 1071 1071 1078 1078 1078 1078 1079 1079 1079 1079 1075 1075 1075 1075 1071 1071 1071 1071 1079 1079 1079 1079 1080 1080 1080 1080 1076 1076 1076 1076 1081 1081 1081 1081 1078 1078 1078 1078 1078 1078 1078 1078 1081 1081 1081 1081 1079 1079 1079 1079 1076 1076 1076 1076 1077 1077 1077 1077 1082 1082 1082 1082 1076 1076 1076 1076 1082 1082 1082 1082 1081 1081 1081 1081 1082 1082 1082 1082 1077 1077 1077 1077 1083 1083 1083 1083 1079 1079 1079 1079 1084 1084 1084 1084 1080 1080 1080 1080 1081 1081 1081 1081 1084 1084 1084 1084 1079 1079 1079 1079 1080 1080 1080 1080 1084 1084 1084 1084 1085 1085 1085 1085 1084 1084 1084 1084 1086 1086 1086 1086 1085 1085 1085 1085 1084 1084 1084 1084 1087 1087 1087 1087 1086 1086 1086 1086 1084 1084 1084 1084 1088 1088 1088 1088 1087 1087 1087 1087 1081 1081 1081 1081 1089 1089 1089 1089 1084 1084 1084 1084 1089 1089 1089 1089 1088 1088 1088 1088 1084 1084 1084 1084 1081 1081 1081 1081 1082 1082 1082 1082 1089 1089 1089 1089 1089 1089 1089 1089 1090 1090 1090 1090 1088 1088 1088 1088 1082 1082 1082 1082 1091 1091 1091 1091 1089 1089 1089 1089 1089 1089 1089 1089 1091 1091 1091 1091 1090 1090 1090 1090 1082 1082 1082 1082 1083 1083 1083 1083 1091 1091 1091 1091 1091 1091 1091 1091 1092 1092 1092 1092 1090 1090 1090 1090 1091 1091 1091 1091 1083 1083 1083 1083 1092 1092 1092 1092 1093 1093 1093 1093 1094 1094 1094 1094 1095 1095 1095 1095 1093 1093 1093 1093 1095 1095 1095 1095 1096 1096 1096 1096 1095 1095 1095 1095 1097 1097 1097 1097 1096 1096 1096 1096 1096 1096 1096 1096 1097 1097 1097 1097 1098 1098 1098 1098 1097 1097 1097 1097 1099 1099 1099 1099 1098 1098 1098 1098 1097 1097 1097 1097 1100 1100 1100 1100 1099 1099 1099 1099 1096 1096 1096 1096 1098 1098 1098 1098 1101 1101 1101 1101 1100 1100 1100 1100 1102 1102 1102 1102 1099 1099 1099 1099 1100 1100 1100 1100 1103 1103 1103 1103 1102 1102 1102 1102 1099 1099 1099 1099 1104 1104 1104 1104 1098 1098 1098 1098 1101 1101 1101 1101 1098 1098 1098 1098 1104 1104 1104 1104 1102 1102 1102 1102 1105 1105 1105 1105 1099 1099 1099 1099 1099 1099 1099 1099 1105 1105 1105 1105 1104 1104 1104 1104 1103 1103 1103 1103 1106 1106 1106 1106 1102 1102 1102 1102 1103 1103 1103 1103 1107 1107 1107 1107 1106 1106 1106 1106 1102 1102 1102 1102 1108 1108 1108 1108 1105 1105 1105 1105 1102 1102 1102 1102 1106 1106 1106 1106 1108 1108 1108 1108 1104 1104 1104 1104 1105 1105 1105 1105 1109 1109 1109 1109 1107 1107 1107 1107 1110 1110 1110 1110 1106 1106 1106 1106 1107 1107 1107 1107 1111 1111 1111 1111 1110 1110 1110 1110 1105 1105 1105 1105 1112 1112 1112 1112 1109 1109 1109 1109 1105 1105 1105 1105 1108 1108 1108 1108 1112 1112 1112 1112 1113 1113 1113 1113 1104 1104 1104 1104 1109 1109 1109 1109 1113 1113 1113 1113 1101 1101 1101 1101 1104 1104 1104 1104 1114 1114 1114 1114 1109 1109 1109 1109 1112 1112 1112 1112 1114 1114 1114 1114 1113 1113 1113 1113 1109 1109 1109 1109 1112 1112 1112 1112 1108 1108 1108 1108 1115 1115 1115 1115 1114 1114 1114 1114 1112 1112 1112 1112 1116 1116 1116 1116 1116 1116 1116 1116 1112 1112 1112 1112 1115 1115 1115 1115 1108 1108 1108 1108 1117 1117 1117 1117 1115 1115 1115 1115 1108 1108 1108 1108 1106 1106 1106 1106 1117 1117 1117 1117 1116 1116 1116 1116 1115 1115 1115 1115 1118 1118 1118 1118 1106 1106 1106 1106 1119 1119 1119 1119 1117 1117 1117 1117 1106 1106 1106 1106 1110 1110 1110 1110 1119 1119 1119 1119 1115 1115 1115 1115 1117 1117 1117 1117 1120 1120 1120 1120 1115 1115 1115 1115 1120 1120 1120 1120 1118 1118 1118 1118 1120 1120 1120 1120 1117 1117 1117 1117 1121 1121 1121 1121 1117 1117 1117 1117 1119 1119 1119 1119 1121 1121 1121 1121 1118 1118 1118 1118 1120 1120 1120 1120 1122 1122 1122 1122 1122 1122 1122 1122 1120 1120 1120 1120 1121 1121 1121 1121 1116 1116 1116 1116 1118 1118 1118 1118 1123 1123 1123 1123 1118 1118 1118 1118 1122 1122 1122 1122 1124 1124 1124 1124 1123 1123 1123 1123 1118 1118 1118 1118 1124 1124 1124 1124 1125 1125 1125 1125 1116 1116 1116 1116 1123 1123 1123 1123 1125 1125 1125 1125 1114 1114 1114 1114 1116 1116 1116 1116 1126 1126 1126 1126 1123 1123 1123 1123 1124 1124 1124 1124 1126 1126 1126 1126 1125 1125 1125 1125 1123 1123 1123 1123 1126 1126 1126 1126 1124 1124 1124 1124 1127 1127 1127 1127 1128 1128 1128 1128 1125 1125 1125 1125 1126 1126 1126 1126 1127 1127 1127 1127 1124 1124 1124 1124 1129 1129 1129 1129 1124 1124 1124 1124 1122 1122 1122 1122 1129 1129 1129 1129 1127 1127 1127 1127 1129 1129 1129 1129 1130 1130 1130 1130 1130 1130 1130 1130 1129 1129 1129 1129 1131 1131 1131 1131 1129 1129 1129 1129 1132 1132 1132 1132 1131 1131 1131 1131 1129 1129 1129 1129 1122 1122 1122 1122 1132 1132 1132 1132 1131 1131 1131 1131 1132 1132 1132 1132 1133 1133 1133 1133 1132 1132 1132 1132 1122 1122 1122 1122 1134 1134 1134 1134 1122 1122 1122 1122 1121 1121 1121 1121 1134 1134 1134 1134 1133 1133 1133 1133 1132 1132 1132 1132 1135 1135 1135 1135 1132 1132 1132 1132 1134 1134 1134 1134 1135 1135 1135 1135 1133 1133 1133 1133 1135 1135 1135 1135 1136 1136 1136 1136 1133 1133 1133 1133 1136 1136 1136 1136 1137 1137 1137 1137 1121 1121 1121 1121 1138 1138 1138 1138 1134 1134 1134 1134 1119 1119 1119 1119 1138 1138 1138 1138 1121 1121 1121 1121 1134 1134 1134 1134 1139 1139 1139 1139 1135 1135 1135 1135 1119 1119 1119 1119 1140 1140 1140 1140 1138 1138 1138 1138 1138 1138 1138 1138 1141 1141 1141 1141 1134 1134 1134 1134 1138 1138 1138 1138 1140 1140 1140 1140 1141 1141 1141 1141 1134 1134 1134 1134 1141 1141 1141 1141 1139 1139 1139 1139 1142 1142 1142 1142 1140 1140 1140 1140 1119 1119 1119 1119 1110 1110 1110 1110 1142 1142 1142 1142 1119 1119 1119 1119 1111 1111 1111 1111 1142 1142 1142 1142 1110 1110 1110 1110 1111 1111 1111 1111 1143 1143 1143 1143 1142 1142 1142 1142 1140 1140 1140 1140 1144 1144 1144 1144 1141 1141 1141 1141 1142 1142 1142 1142 1144 1144 1144 1144 1140 1140 1140 1140 1143 1143 1143 1143 1145 1145 1145 1145 1142 1142 1142 1142 1142 1142 1142 1142 1145 1145 1145 1145 1144 1144 1144 1144 1143 1143 1143 1143 1146 1146 1146 1146 1145 1145 1145 1145 1147 1147 1147 1147 1141 1141 1141 1141 1144 1144 1144 1144 1147 1147 1147 1147 1139 1139 1139 1139 1141 1141 1141 1141 1145 1145 1145 1145 1148 1148 1148 1148 1144 1144 1144 1144 1148 1148 1148 1148 1147 1147 1147 1147 1144 1144 1144 1144 1146 1146 1146 1146 1149 1149 1149 1149 1145 1145 1145 1145 1145 1145 1145 1145 1149 1149 1149 1149 1148 1148 1148 1148 1146 1146 1146 1146 1150 1150 1150 1150 1149 1149 1149 1149 1148 1148 1148 1148 1151 1151 1151 1151 1147 1147 1147 1147 1147 1147 1147 1147 1151 1151 1151 1151 1139 1139 1139 1139 1149 1149 1149 1149 1152 1152 1152 1152 1148 1148 1148 1148 1152 1152 1152 1152 1151 1151 1151 1151 1148 1148 1148 1148 1150 1150 1150 1150 1153 1153 1153 1153 1149 1149 1149 1149 1149 1149 1149 1149 1153 1153 1153 1153 1152 1152 1152 1152 1150 1150 1150 1150 1154 1154 1154 1154 1153 1153 1153 1153 1151 1151 1151 1151 1155 1155 1155 1155 1139 1139 1139 1139 1139 1139 1139 1139 1155 1155 1155 1155 1135 1135 1135 1135 1135 1135 1135 1135 1155 1155 1155 1155 1136 1136 1136 1136 1151 1151 1151 1151 1156 1156 1156 1156 1155 1155 1155 1155 1152 1152 1152 1152 1156 1156 1156 1156 1151 1151 1151 1151 1155 1155 1155 1155 1157 1157 1157 1157 1136 1136 1136 1136 1156 1156 1156 1156 1157 1157 1157 1157 1155 1155 1155 1155 1158 1158 1158 1158 1156 1156 1156 1156 1152 1152 1152 1152 1153 1153 1153 1153 1158 1158 1158 1158 1152 1152 1152 1152 1156 1156 1156 1156 1159 1159 1159 1159 1157 1157 1157 1157 1158 1158 1158 1158 1159 1159 1159 1159 1156 1156 1156 1156 1136 1136 1136 1136 1157 1157 1157 1157 1160 1160 1160 1160 1137 1137 1137 1137 1136 1136 1136 1136 1160 1160 1160 1160 1157 1157 1157 1157 1161 1161 1161 1161 1160 1160 1160 1160 1159 1159 1159 1159 1161 1161 1161 1161 1157 1157 1157 1157 1137 1137 1137 1137 1160 1160 1160 1160 1162 1162 1162 1162 1160 1160 1160 1160 1161 1161 1161 1161 1162 1162 1162 1162 1137 1137 1137 1137 1162 1162 1162 1162 1163 1163 1163 1163 1159 1159 1159 1159 1164 1164 1164 1164 1161 1161 1161 1161 1163 1163 1163 1163 1162 1162 1162 1162 1165 1165 1165 1165 1163 1163 1163 1163 1165 1165 1165 1165 1166 1166 1166 1166 1166 1166 1166 1166 1165 1165 1165 1165 1167 1167 1167 1167 1161 1161 1161 1161 1168 1168 1168 1168 1162 1162 1162 1162 1162 1162 1162 1162 1168 1168 1168 1168 1165 1165 1165 1165 1164 1164 1164 1164 1168 1168 1168 1168 1161 1161 1161 1161 1165 1165 1165 1165 1169 1169 1169 1169 1167 1167 1167 1167 1169 1169 1169 1169 1170 1170 1170 1170 1167 1167 1167 1167 1168 1168 1168 1168 1171 1171 1171 1171 1165 1165 1165 1165 1165 1165 1165 1165 1171 1171 1171 1171 1169 1169 1169 1169 1164 1164 1164 1164 1172 1172 1172 1172 1168 1168 1168 1168 1172 1172 1172 1172 1171 1171 1171 1171 1168 1168 1168 1168 1169 1169 1169 1169 1173 1173 1173 1173 1170 1170 1170 1170 1171 1171 1171 1171 1174 1174 1174 1174 1169 1169 1169 1169 1174 1174 1174 1174 1173 1173 1173 1173 1169 1169 1169 1169 1173 1173 1173 1173 1175 1175 1175 1175 1170 1170 1170 1170 1174 1174 1174 1174 1175 1175 1175 1175 1173 1173 1173 1173 1176 1176 1176 1176 1170 1170 1170 1170 1175 1175 1175 1175 1177 1177 1177 1177 1174 1174 1174 1174 1171 1171 1171 1171 1172 1172 1172 1172 1177 1177 1177 1177 1171 1171 1171 1171 1174 1174 1174 1174 1178 1178 1178 1178 1175 1175 1175 1175 1177 1177 1177 1177 1178 1178 1178 1178 1174 1174 1174 1174 1176 1176 1176 1176 1175 1175 1175 1175 1179 1179 1179 1179 1179 1179 1179 1179 1175 1175 1175 1175 1178 1178 1178 1178 1180 1180 1180 1180 1176 1176 1176 1176 1179 1179 1179 1179 1181 1181 1181 1181 1180 1180 1180 1180 1179 1179 1179 1179 1181 1181 1181 1181 1179 1179 1179 1179 1182 1182 1182 1182 1183 1183 1183 1183 1181 1181 1181 1181 1182 1182 1182 1182 1179 1179 1179 1179 1178 1178 1178 1178 1184 1184 1184 1184 1179 1179 1179 1179 1184 1184 1184 1184 1182 1182 1182 1182 1184 1184 1184 1184 1178 1178 1178 1178 1185 1185 1185 1185 1185 1185 1185 1185 1178 1178 1178 1178 1177 1177 1177 1177 1182 1182 1182 1182 1184 1184 1184 1184 1186 1186 1186 1186 1184 1184 1184 1184 1185 1185 1185 1185 1187 1187 1187 1187 1186 1186 1186 1186 1184 1184 1184 1184 1187 1187 1187 1187 1183 1183 1183 1183 1182 1182 1182 1182 1188 1188 1188 1188 1182 1182 1182 1182 1186 1186 1186 1186 1188 1188 1188 1188 1183 1183 1183 1183 1188 1188 1188 1188 1189 1189 1189 1189 1190 1190 1190 1190 1183 1183 1183 1183 1189 1189 1189 1189 1188 1188 1188 1188 1186 1186 1186 1186 1191 1191 1191 1191 1188 1188 1188 1188 1191 1191 1191 1191 1189 1189 1189 1189 1186 1186 1186 1186 1187 1187 1187 1187 1192 1192 1192 1192 1191 1191 1191 1191 1186 1186 1186 1186 1192 1192 1192 1192 1187 1187 1187 1187 1185 1185 1185 1185 1193 1193 1193 1193 1187 1187 1187 1187 1193 1193 1193 1193 1192 1192 1192 1192 1185 1185 1185 1185 1194 1194 1194 1194 1193 1193 1193 1193 1185 1185 1185 1185 1177 1177 1177 1177 1194 1194 1194 1194 1192 1192 1192 1192 1193 1193 1193 1193 1195 1195 1195 1195 1194 1194 1194 1194 1177 1177 1177 1177 1196 1196 1196 1196 1191 1191 1191 1191 1192 1192 1192 1192 1197 1197 1197 1197 1193 1193 1193 1193 1194 1194 1194 1194 1198 1198 1198 1198 1199 1199 1199 1199 1191 1191 1191 1191 1197 1197 1197 1197 1189 1189 1189 1189 1191 1191 1191 1191 1199 1199 1199 1199 1192 1192 1192 1192 1200 1200 1200 1200 1197 1197 1197 1197 1192 1192 1192 1192 1195 1195 1195 1195 1200 1200 1200 1200 1189 1189 1189 1189 1199 1199 1199 1199 1201 1201 1201 1201 1190 1190 1190 1190 1189 1189 1189 1189 1201 1201 1201 1201 1195 1195 1195 1195 1193 1193 1193 1193 1202 1202 1202 1202 1193 1193 1193 1193 1198 1198 1198 1198 1202 1202 1202 1202 1190 1190 1190 1190 1201 1201 1201 1201 1203 1203 1203 1203 1204 1204 1204 1204 1190 1190 1190 1190 1203 1203 1203 1203 1198 1198 1198 1198 1205 1205 1205 1205 1202 1202 1202 1202 1198 1198 1198 1198 1206 1206 1206 1206 1205 1205 1205 1205 1207 1207 1207 1207 1202 1202 1202 1202 1208 1208 1208 1208 1198 1198 1198 1198 1209 1209 1209 1209 1206 1206 1206 1206 1198 1198 1198 1198 1194 1194 1194 1194 1209 1209 1209 1209 1209 1209 1209 1209 1210 1210 1210 1210 1206 1206 1206 1206 1194 1194 1194 1194 1196 1196 1196 1196 1209 1209 1209 1209 1209 1209 1209 1209 1211 1211 1211 1211 1210 1210 1210 1210 1209 1209 1209 1209 1196 1196 1196 1196 1211 1211 1211 1211 1211 1211 1211 1211 1212 1212 1212 1212 1210 1210 1210 1210 1211 1211 1211 1211 1213 1213 1213 1213 1212 1212 1212 1212 1211 1211 1211 1211 1214 1214 1214 1214 1213 1213 1213 1213 1196 1196 1196 1196 1214 1214 1214 1214 1211 1211 1211 1211 1214 1214 1214 1214 1215 1215 1215 1215 1213 1213 1213 1213 1196 1196 1196 1196 1216 1216 1216 1216 1214 1214 1214 1214 1196 1196 1196 1196 1177 1177 1177 1177 1216 1216 1216 1216 1216 1216 1216 1216 1177 1177 1177 1177 1172 1172 1172 1172 1214 1214 1214 1214 1217 1217 1217 1217 1215 1215 1215 1215 1216 1216 1216 1216 1217 1217 1217 1217 1214 1214 1214 1214 1217 1217 1217 1217 1218 1218 1218 1218 1215 1215 1215 1215 1219 1219 1219 1219 1218 1218 1218 1218 1217 1217 1217 1217 1220 1220 1220 1220 1216 1216 1216 1216 1172 1172 1172 1172 1220 1220 1220 1220 1217 1217 1217 1217 1216 1216 1216 1216 1220 1220 1220 1220 1219 1219 1219 1219 1217 1217 1217 1217 1220 1220 1220 1220 1172 1172 1172 1172 1164 1164 1164 1164 1159 1159 1159 1159 1220 1220 1220 1220 1164 1164 1164 1164 1221 1221 1221 1221 1220 1220 1220 1220 1159 1159 1159 1159 1221 1221 1221 1221 1219 1219 1219 1219 1220 1220 1220 1220 1221 1221 1221 1221 1159 1159 1159 1159 1158 1158 1158 1158 1222 1222 1222 1222 1223 1223 1223 1223 1219 1219 1219 1219 1224 1224 1224 1224 1221 1221 1221 1221 1158 1158 1158 1158 1224 1224 1224 1224 1219 1219 1219 1219 1221 1221 1221 1221 1222 1222 1222 1222 1219 1219 1219 1219 1224 1224 1224 1224 1153 1153 1153 1153 1224 1224 1224 1224 1158 1158 1158 1158 1154 1154 1154 1154 1222 1222 1222 1222 1224 1224 1224 1224 1154 1154 1154 1154 1224 1224 1224 1224 1153 1153 1153 1153 1207 1207 1207 1207 1225 1225 1225 1225 1202 1202 1202 1202 1195 1195 1195 1195 1202 1202 1202 1202 1225 1225 1225 1225 1226 1226 1226 1226 1225 1225 1225 1225 1207 1207 1207 1207 1195 1195 1195 1195 1225 1225 1225 1225 1200 1200 1200 1200 1226 1226 1226 1226 1227 1227 1227 1227 1225 1225 1225 1225 1200 1200 1200 1200 1225 1225 1225 1225 1227 1227 1227 1227 1228 1228 1228 1228 1227 1227 1227 1227 1226 1226 1226 1226 1200 1200 1200 1200 1227 1227 1227 1227 1229 1229 1229 1229 1200 1200 1200 1200 1229 1229 1229 1229 1197 1197 1197 1197 1228 1228 1228 1228 1230 1230 1230 1230 1227 1227 1227 1227 1230 1230 1230 1230 1229 1229 1229 1229 1227 1227 1227 1227 1231 1231 1231 1231 1230 1230 1230 1230 1228 1228 1228 1228 1232 1232 1232 1232 1197 1197 1197 1197 1229 1229 1229 1229 1232 1232 1232 1232 1199 1199 1199 1199 1197 1197 1197 1197 1233 1233 1233 1233 1229 1229 1229 1229 1230 1230 1230 1230 1232 1232 1232 1232 1229 1229 1229 1229 1233 1233 1233 1233 1231 1231 1231 1231 1234 1234 1234 1234 1230 1230 1230 1230 1234 1234 1234 1234 1233 1233 1233 1233 1230 1230 1230 1230 1235 1235 1235 1235 1234 1234 1234 1234 1231 1231 1231 1231 1236 1236 1236 1236 1232 1232 1232 1232 1233 1233 1233 1233 1237 1237 1237 1237 1234 1234 1234 1234 1235 1235 1235 1235 1237 1237 1237 1237 1235 1235 1235 1235 1238 1238 1238 1238 1239 1239 1239 1239 1233 1233 1233 1233 1234 1234 1234 1234 1239 1239 1239 1239 1234 1234 1234 1234 1237 1237 1237 1237 1239 1239 1239 1239 1236 1236 1236 1236 1233 1233 1233 1233 1240 1240 1240 1240 1237 1237 1237 1237 1238 1238 1238 1238 1240 1240 1240 1240 1238 1238 1238 1238 1241 1241 1241 1241 1242 1242 1242 1242 1239 1239 1239 1239 1237 1237 1237 1237 1243 1243 1243 1243 1240 1240 1240 1240 1241 1241 1241 1241 1244 1244 1244 1244 1243 1243 1243 1243 1241 1241 1241 1241 1245 1245 1245 1245 1237 1237 1237 1237 1240 1240 1240 1240 1242 1242 1242 1242 1237 1237 1237 1237 1245 1245 1245 1245 1245 1245 1245 1245 1240 1240 1240 1240 1243 1243 1243 1243 1242 1242 1242 1242 1246 1246 1246 1246 1239 1239 1239 1239 1246 1246 1246 1246 1236 1236 1236 1236 1239 1239 1239 1239 1247 1247 1247 1247 1242 1242 1242 1242 1245 1245 1245 1245 1247 1247 1247 1247 1246 1246 1246 1246 1242 1242 1242 1242 1246 1246 1246 1246 1248 1248 1248 1248 1236 1236 1236 1236 1236 1236 1236 1236 1248 1248 1248 1248 1232 1232 1232 1232 1248 1248 1248 1248 1199 1199 1199 1199 1232 1232 1232 1232 1201 1201 1201 1201 1199 1199 1199 1199 1248 1248 1248 1248 1249 1249 1249 1249 1248 1248 1248 1248 1246 1246 1246 1246 1201 1201 1201 1201 1248 1248 1248 1248 1249 1249 1249 1249 1249 1249 1249 1249 1246 1246 1246 1246 1247 1247 1247 1247 1203 1203 1203 1203 1201 1201 1201 1201 1249 1249 1249 1249 1250 1250 1250 1250 1249 1249 1249 1249 1247 1247 1247 1247 1250 1250 1250 1250 1247 1247 1247 1247 1245 1245 1245 1245 1203 1203 1203 1203 1249 1249 1249 1249 1251 1251 1251 1251 1251 1251 1251 1251 1249 1249 1249 1249 1250 1250 1250 1250 1250 1250 1250 1250 1245 1245 1245 1245 1252 1252 1252 1252 1252 1252 1252 1252 1245 1245 1245 1245 1243 1243 1243 1243 1251 1251 1251 1251 1250 1250 1250 1250 1253 1253 1253 1253 1253 1253 1253 1253 1250 1250 1250 1250 1252 1252 1252 1252 1203 1203 1203 1203 1251 1251 1251 1251 1254 1254 1254 1254 1204 1204 1204 1204 1203 1203 1203 1203 1254 1254 1254 1254 1255 1255 1255 1255 1204 1204 1204 1204 1254 1254 1254 1254 1256 1256 1256 1256 1255 1255 1255 1255 1254 1254 1254 1254 1256 1256 1256 1256 1254 1254 1254 1254 1257 1257 1257 1257 1254 1254 1254 1254 1251 1251 1251 1251 1257 1257 1257 1257 1258 1258 1258 1258 1256 1256 1256 1256 1257 1257 1257 1257 1259 1259 1259 1259 1251 1251 1251 1251 1253 1253 1253 1253 1257 1257 1257 1257 1251 1251 1251 1251 1259 1259 1259 1259 1258 1258 1258 1258 1257 1257 1257 1257 1260 1260 1260 1260 1257 1257 1257 1257 1259 1259 1259 1259 1260 1260 1260 1260 1258 1258 1258 1258 1260 1260 1260 1260 1261 1261 1261 1261 1262 1262 1262 1262 1258 1258 1258 1258 1261 1261 1261 1261 1260 1260 1260 1260 1259 1259 1259 1259 1263 1263 1263 1263 1261 1261 1261 1261 1260 1260 1260 1260 1263 1263 1263 1263 1259 1259 1259 1259 1253 1253 1253 1253 1264 1264 1264 1264 1263 1263 1263 1263 1259 1259 1259 1259 1264 1264 1264 1264 1253 1253 1253 1253 1252 1252 1252 1252 1264 1264 1264 1264 1264 1264 1264 1264 1252 1252 1252 1252 1265 1265 1265 1265 1252 1252 1252 1252 1243 1243 1243 1243 1265 1265 1265 1265 1263 1263 1263 1263 1264 1264 1264 1264 1266 1266 1266 1266 1264 1264 1264 1264 1265 1265 1265 1265 1266 1266 1266 1266 1265 1265 1265 1265 1243 1243 1243 1243 1267 1267 1267 1267 1267 1267 1267 1267 1243 1243 1243 1243 1244 1244 1244 1244 1268 1268 1268 1268 1267 1267 1267 1267 1244 1244 1244 1244 1269 1269 1269 1269 1265 1265 1265 1265 1267 1267 1267 1267 1266 1266 1266 1266 1265 1265 1265 1265 1269 1269 1269 1269 1270 1270 1270 1270 1267 1267 1267 1267 1268 1268 1268 1268 1269 1269 1269 1269 1267 1267 1267 1267 1270 1270 1270 1270 1271 1271 1271 1271 1270 1270 1270 1270 1268 1268 1268 1268 1266 1266 1266 1266 1269 1269 1269 1269 1272 1272 1272 1272 1273 1273 1273 1273 1270 1270 1270 1270 1271 1271 1271 1271 1269 1269 1269 1269 1270 1270 1270 1270 1274 1274 1274 1274 1274 1274 1274 1274 1270 1270 1270 1270 1273 1273 1273 1273 1269 1269 1269 1269 1274 1274 1274 1274 1272 1272 1272 1272 1273 1273 1273 1273 1271 1271 1271 1271 1275 1275 1275 1275 1275 1275 1275 1275 1271 1271 1271 1271 1276 1276 1276 1276 1274 1274 1274 1274 1273 1273 1273 1273 1277 1277 1277 1277 1277 1277 1277 1277 1273 1273 1273 1273 1275 1275 1275 1275 1278 1278 1278 1278 1276 1276 1276 1276 1279 1279 1279 1279 1275 1275 1275 1275 1276 1276 1276 1276 1278 1278 1278 1278 1274 1274 1274 1274 1277 1277 1277 1277 1280 1280 1280 1280 1272 1272 1272 1272 1274 1274 1274 1274 1280 1280 1280 1280 1277 1277 1277 1277 1275 1275 1275 1275 1281 1281 1281 1281 1281 1281 1281 1281 1275 1275 1275 1275 1278 1278 1278 1278 1280 1280 1280 1280 1277 1277 1277 1277 1281 1281 1281 1281 1282 1282 1282 1282 1266 1266 1266 1266 1272 1272 1272 1272 1282 1282 1282 1282 1272 1272 1272 1272 1280 1280 1280 1280 1282 1282 1282 1282 1263 1263 1263 1263 1266 1266 1266 1266 1261 1261 1261 1261 1263 1263 1263 1263 1282 1282 1282 1282 1283 1283 1283 1283 1282 1282 1282 1282 1280 1280 1280 1280 1283 1283 1283 1283 1261 1261 1261 1261 1282 1282 1282 1282 1284 1284 1284 1284 1280 1280 1280 1280 1281 1281 1281 1281 1283 1283 1283 1283 1280 1280 1280 1280 1284 1284 1284 1284 1285 1285 1285 1285 1261 1261 1261 1261 1283 1283 1283 1283 1285 1285 1285 1285 1262 1262 1262 1262 1261 1261 1261 1261 1286 1286 1286 1286 1285 1285 1285 1285 1283 1283 1283 1283 1286 1286 1286 1286 1283 1283 1283 1283 1284 1284 1284 1284 1287 1287 1287 1287 1262 1262 1262 1262 1285 1285 1285 1285 1286 1286 1286 1286 1287 1287 1287 1287 1285 1285 1285 1285 1287 1287 1287 1287 1288 1288 1288 1288 1262 1262 1262 1262 1289 1289 1289 1289 1286 1286 1286 1286 1284 1284 1284 1284 1287 1287 1287 1287 1290 1290 1290 1290 1288 1288 1288 1288 1288 1288 1288 1288 1290 1290 1290 1290 1291 1291 1291 1291 1290 1290 1290 1290 1292 1292 1292 1292 1291 1291 1291 1291 1293 1293 1293 1293 1287 1287 1287 1287 1286 1286 1286 1286 1293 1293 1293 1293 1290 1290 1290 1290 1287 1287 1287 1287 1289 1289 1289 1289 1293 1293 1293 1293 1286 1286 1286 1286 1290 1290 1290 1290 1294 1294 1294 1294 1292 1292 1292 1292 1294 1294 1294 1294 1295 1295 1295 1295 1292 1292 1292 1292 1296 1296 1296 1296 1290 1290 1290 1290 1293 1293 1293 1293 1296 1296 1296 1296 1294 1294 1294 1294 1290 1290 1290 1290 1297 1297 1297 1297 1293 1293 1293 1293 1289 1289 1289 1289 1297 1297 1297 1297 1296 1296 1296 1296 1293 1293 1293 1293 1298 1298 1298 1298 1295 1295 1295 1295 1294 1294 1294 1294 1296 1296 1296 1296 1299 1299 1299 1299 1294 1294 1294 1294 1299 1299 1299 1299 1298 1298 1298 1298 1294 1294 1294 1294 1298 1298 1298 1298 1300 1300 1300 1300 1295 1295 1295 1295 1299 1299 1299 1299 1300 1300 1300 1300 1298 1298 1298 1298 1295 1295 1295 1295 1300 1300 1300 1300 1301 1301 1301 1301 1302 1302 1302 1302 1299 1299 1299 1299 1296 1296 1296 1296 1302 1302 1302 1302 1296 1296 1296 1296 1297 1297 1297 1297 1303 1303 1303 1303 1300 1300 1300 1300 1299 1299 1299 1299 1300 1300 1300 1300 1304 1304 1304 1304 1301 1301 1301 1301 1303 1303 1303 1303 1304 1304 1304 1304 1300 1300 1300 1300 1301 1301 1301 1301 1304 1304 1304 1304 1305 1305 1305 1305 1304 1304 1304 1304 1306 1306 1306 1306 1305 1305 1305 1305 1307 1307 1307 1307 1303 1303 1303 1303 1299 1299 1299 1299 1302 1302 1302 1302 1307 1307 1307 1307 1299 1299 1299 1299 1303 1303 1303 1303 1308 1308 1308 1308 1304 1304 1304 1304 1307 1307 1307 1307 1308 1308 1308 1308 1303 1303 1303 1303 1309 1309 1309 1309 1306 1306 1306 1306 1304 1304 1304 1304 1308 1308 1308 1308 1309 1309 1309 1309 1304 1304 1304 1304 1128 1128 1128 1128 1306 1306 1306 1306 1309 1309 1309 1309 1310 1310 1310 1310 1128 1128 1128 1128 1309 1309 1309 1309 1310 1310 1310 1310 1125 1125 1125 1125 1128 1128 1128 1128 1308 1308 1308 1308 1311 1311 1311 1311 1309 1309 1309 1309 1311 1311 1311 1311 1310 1310 1310 1310 1309 1309 1309 1309 1310 1310 1310 1310 1312 1312 1312 1312 1125 1125 1125 1125 1311 1311 1311 1311 1312 1312 1312 1312 1310 1310 1310 1310 1125 1125 1125 1125 1312 1312 1312 1312 1114 1114 1114 1114 1312 1312 1312 1312 1113 1113 1113 1113 1114 1114 1114 1114 1313 1313 1313 1313 1311 1311 1311 1311 1308 1308 1308 1308 1313 1313 1313 1313 1308 1308 1308 1308 1307 1307 1307 1307 1311 1311 1311 1311 1314 1314 1314 1314 1312 1312 1312 1312 1314 1314 1314 1314 1113 1113 1113 1113 1312 1312 1312 1312 1313 1313 1313 1313 1314 1314 1314 1314 1311 1311 1311 1311 1314 1314 1314 1314 1315 1315 1315 1315 1113 1113 1113 1113 1315 1315 1315 1315 1101 1101 1101 1101 1113 1113 1113 1113 1315 1315 1315 1315 1096 1096 1096 1096 1101 1101 1101 1101 1093 1093 1093 1093 1096 1096 1096 1096 1315 1315 1315 1315 1316 1316 1316 1316 1314 1314 1314 1314 1313 1313 1313 1313 1317 1317 1317 1317 1093 1093 1093 1093 1315 1315 1315 1315 1318 1318 1318 1318 1315 1315 1315 1315 1314 1314 1314 1314 1316 1316 1316 1316 1318 1318 1318 1318 1314 1314 1314 1314 1318 1318 1318 1318 1317 1317 1317 1317 1315 1315 1315 1315 1319 1319 1319 1319 1316 1316 1316 1316 1313 1313 1313 1313 1319 1319 1319 1319 1318 1318 1318 1318 1316 1316 1316 1316 1319 1319 1319 1319 1313 1313 1313 1313 1320 1320 1320 1320 1321 1321 1321 1321 1318 1318 1318 1318 1319 1319 1319 1319 1321 1321 1321 1321 1317 1317 1317 1317 1318 1318 1318 1318 1320 1320 1320 1320 1313 1313 1313 1313 1307 1307 1307 1307 1322 1322 1322 1322 1317 1317 1317 1317 1321 1321 1321 1321 1322 1322 1322 1322 1093 1093 1093 1093 1317 1317 1317 1317 1323 1323 1323 1323 1320 1320 1320 1320 1307 1307 1307 1307 1322 1322 1322 1322 1324 1324 1324 1324 1093 1093 1093 1093 1325 1325 1325 1325 1324 1324 1324 1324 1322 1322 1322 1322 1326 1326 1326 1326 1323 1323 1323 1323 1307 1307 1307 1307 1327 1327 1327 1327 1325 1325 1325 1325 1322 1322 1322 1322 1328 1328 1328 1328 1325 1325 1325 1325 1327 1327 1327 1327 1328 1328 1328 1328 1327 1327 1327 1327 1329 1329 1329 1329 1326 1326 1326 1326 1307 1307 1307 1307 1330 1330 1330 1330 1330 1330 1330 1330 1307 1307 1307 1307 1302 1302 1302 1302 1331 1331 1331 1331 1326 1326 1326 1326 1330 1330 1330 1330 1331 1331 1331 1331 1330 1330 1330 1330 1302 1302 1302 1302 1332 1332 1332 1332 1326 1326 1326 1326 1331 1331 1331 1331 1331 1331 1331 1331 1302 1302 1302 1302 1333 1333 1333 1333 1333 1333 1333 1333 1302 1302 1302 1302 1297 1297 1297 1297 1334 1334 1334 1334 1332 1332 1332 1332 1331 1331 1331 1331 1334 1334 1334 1334 1331 1331 1331 1331 1333 1333 1333 1333 1327 1327 1327 1327 1332 1332 1332 1332 1334 1334 1334 1334 1333 1333 1333 1333 1297 1297 1297 1297 1335 1335 1335 1335 1335 1335 1335 1335 1297 1297 1297 1297 1289 1289 1289 1289 1334 1334 1334 1334 1333 1333 1333 1333 1336 1336 1336 1336 1327 1327 1327 1327 1334 1334 1334 1334 1336 1336 1336 1336 1336 1336 1336 1336 1333 1333 1333 1333 1335 1335 1335 1335 1327 1327 1327 1327 1336 1336 1336 1336 1329 1329 1329 1329 1329 1329 1329 1329 1336 1336 1336 1336 1337 1337 1337 1337 1336 1336 1336 1336 1338 1338 1338 1338 1337 1337 1337 1337 1336 1336 1336 1336 1335 1335 1335 1335 1338 1338 1338 1338 1337 1337 1337 1337 1338 1338 1338 1338 1339 1339 1339 1339 1335 1335 1335 1335 1289 1289 1289 1289 1340 1340 1340 1340 1335 1335 1335 1335 1340 1340 1340 1340 1338 1338 1338 1338 1289 1289 1289 1289 1284 1284 1284 1284 1340 1340 1340 1340 1284 1284 1284 1284 1281 1281 1281 1281 1340 1340 1340 1340 1340 1340 1340 1340 1281 1281 1281 1281 1278 1278 1278 1278 1338 1338 1338 1338 1341 1341 1341 1341 1339 1339 1339 1339 1338 1338 1338 1338 1340 1340 1340 1340 1341 1341 1341 1341 1341 1341 1341 1341 1340 1340 1340 1340 1278 1278 1278 1278 1339 1339 1339 1339 1341 1341 1341 1341 1342 1342 1342 1342 1341 1341 1341 1341 1278 1278 1278 1278 1342 1342 1342 1342 963 963 963 963 1343 1343 1343 1343 1344 1344 1344 1344 1343 1343 1343 1343 1345 1345 1345 1345 1344 1344 1344 1344 963 963 963 963 968 968 968 968 1343 1343 1343 1343 1343 1343 1343 1343 1346 1346 1346 1346 1345 1345 1345 1345 1345 1345 1345 1345 1346 1346 1346 1346 1347 1347 1347 1347 1346 1346 1346 1346 1348 1348 1348 1348 1347 1347 1347 1347 1346 1346 1346 1346 1349 1349 1349 1349 1348 1348 1348 1348 1343 1343 1343 1343 1350 1350 1350 1350 1346 1346 1346 1346 1346 1346 1346 1346 1350 1350 1350 1350 1349 1349 1349 1349 1343 1343 1343 1343 968 968 968 968 1350 1350 1350 1350 1350 1350 1350 1350 1351 1351 1351 1351 1349 1349 1349 1349 968 968 968 968 1352 1352 1352 1352 1350 1350 1350 1350 1350 1350 1350 1350 1352 1352 1352 1352 1351 1351 1351 1351 968 968 968 968 971 971 971 971 1352 1352 1352 1352 1352 1352 1352 1352 1353 1353 1353 1353 1351 1351 1351 1351 971 971 971 971 1354 1354 1354 1354 1352 1352 1352 1352 1352 1352 1352 1352 1354 1354 1354 1354 1353 1353 1353 1353 971 971 971 971 972 972 972 972 1354 1354 1354 1354 1354 1354 1354 1354 998 998 998 998 1353 1353 1353 1353 972 972 972 972 978 978 978 978 1354 1354 1354 1354 1354 1354 1354 1354 978 978 978 978 998 998 998 998 1355 1355 1355 1355 1356 1356 1356 1356 1357 1357 1357 1357 1355 1355 1355 1355 1357 1357 1357 1357 1358 1358 1358 1358 1356 1356 1356 1356 1359 1359 1359 1359 1357 1357 1357 1357 1357 1357 1357 1357 1360 1360 1360 1360 1358 1358 1358 1358 1357 1357 1357 1357 1359 1359 1359 1359 1361 1361 1361 1361 1357 1357 1357 1357 1362 1362 1362 1362 1360 1360 1360 1360 1357 1357 1357 1357 1361 1361 1361 1361 1363 1363 1363 1363 1357 1357 1357 1357 1363 1363 1363 1363 1362 1362 1362 1362 1364 1364 1364 1364 1365 1365 1365 1365 1366 1366 1366 1366 1364 1364 1364 1364 1367 1367 1367 1367 1365 1365 1365 1365 1365 1365 1365 1365 1368 1368 1368 1368 1366 1366 1366 1366 1365 1365 1365 1365 1367 1367 1367 1367 1369 1369 1369 1369 1365 1365 1365 1365 1370 1370 1370 1370 1368 1368 1368 1368 1365 1365 1365 1365 1369 1369 1369 1369 1371 1371 1371 1371 1365 1365 1365 1365 1372 1372 1372 1372 1370 1370 1370 1370 1365 1365 1365 1365 1371 1371 1371 1371 1372 1372 1372 1372 1373 1373 1373 1373 1374 1374 1374 1374 1375 1375 1375 1375 1373 1373 1373 1373 1376 1376 1376 1376 1374 1374 1374 1374 1374 1374 1374 1374 1377 1377 1377 1377 1375 1375 1375 1375 1374 1374 1374 1374 1376 1376 1376 1376 1378 1378 1378 1378 1374 1374 1374 1374 1379 1379 1379 1379 1377 1377 1377 1377 1374 1374 1374 1374 1378 1378 1378 1378 1380 1380 1380 1380 1374 1374 1374 1374 1381 1381 1381 1381 1379 1379 1379 1379 1374 1374 1374 1374 1380 1380 1380 1380 1381 1381 1381 1381 1382 1382 1382 1382 1383 1383 1383 1383 1384 1384 1384 1384 1382 1382 1382 1382 1384 1384 1384 1384 1385 1385 1385 1385 1383 1383 1383 1383 1386 1386 1386 1386 1384 1384 1384 1384 1384 1384 1384 1384 1387 1387 1387 1387 1385 1385 1385 1385 1384 1384 1384 1384 1386 1386 1386 1386 1388 1388 1388 1388 1384 1384 1384 1384 1389 1389 1389 1389 1387 1387 1387 1387 1384 1384 1384 1384 1388 1388 1388 1388 1390 1390 1390 1390 1384 1384 1384 1384 1390 1390 1390 1390 1389 1389 1389 1389 1391 1391 1391 1391 1392 1392 1392 1392 1393 1393 1393 1393 1392 1392 1392 1392 1394 1394 1394 1394 1393 1393 1393 1393 1395 1395 1395 1395 1392 1392 1392 1392 1391 1391 1391 1391 1396 1396 1396 1396 1395 1395 1395 1395 1391 1391 1391 1391 1392 1392 1392 1392 1397 1397 1397 1397 1394 1394 1394 1394 1394 1394 1394 1394 1397 1397 1397 1397 1398 1398 1398 1398 1395 1395 1395 1395 1399 1399 1399 1399 1392 1392 1392 1392 1392 1392 1392 1392 1399 1399 1399 1399 1397 1397 1397 1397 1396 1396 1396 1396 1400 1400 1400 1400 1395 1395 1395 1395 1395 1395 1395 1395 1401 1401 1401 1401 1399 1399 1399 1399 1400 1400 1400 1400 1401 1401 1401 1401 1395 1395 1395 1395 1399 1399 1399 1399 1402 1402 1402 1402 1397 1397 1397 1397 1403 1403 1403 1403 1400 1400 1400 1400 1396 1396 1396 1396 1404 1404 1404 1404 1403 1403 1403 1403 1396 1396 1396 1396 1401 1401 1401 1401 1405 1405 1405 1405 1399 1399 1399 1399 1405 1405 1405 1405 1402 1402 1402 1402 1399 1399 1399 1399 1406 1406 1406 1406 1403 1403 1403 1403 1404 1404 1404 1404 1406 1406 1406 1406 1404 1404 1404 1404 1407 1407 1407 1407 1406 1406 1406 1406 1407 1407 1407 1407 1408 1408 1408 1408 1403 1403 1403 1403 1409 1409 1409 1409 1400 1400 1400 1400 1406 1406 1406 1406 1408 1408 1408 1408 1410 1410 1410 1410 1410 1410 1410 1410 1408 1408 1408 1408 1411 1411 1411 1411 1406 1406 1406 1406 1412 1412 1412 1412 1403 1403 1403 1403 1412 1412 1412 1412 1409 1409 1409 1409 1403 1403 1403 1403 1413 1413 1413 1413 1406 1406 1406 1406 1410 1410 1410 1410 1413 1413 1413 1413 1412 1412 1412 1412 1406 1406 1406 1406 1410 1410 1410 1410 1411 1411 1411 1411 1414 1414 1414 1414 1413 1413 1413 1413 1410 1410 1410 1410 1414 1414 1414 1414 1414 1414 1414 1414 1411 1411 1411 1411 1415 1415 1415 1415 1413 1413 1413 1413 1416 1416 1416 1416 1412 1412 1412 1412 1412 1412 1412 1412 1416 1416 1416 1416 1409 1409 1409 1409 1413 1413 1413 1413 1414 1414 1414 1414 1417 1417 1417 1417 1413 1413 1413 1413 1417 1417 1417 1417 1416 1416 1416 1416 1414 1414 1414 1414 1415 1415 1415 1415 1418 1418 1418 1418 1414 1414 1414 1414 1418 1418 1418 1418 1417 1417 1417 1417 1418 1418 1418 1418 1415 1415 1415 1415 1419 1419 1419 1419 1417 1417 1417 1417 1418 1418 1418 1418 1420 1420 1420 1420 1417 1417 1417 1417 1420 1420 1420 1420 1416 1416 1416 1416 1418 1418 1418 1418 1419 1419 1419 1419 1421 1421 1421 1421 1418 1418 1418 1418 1421 1421 1421 1421 1420 1420 1420 1420 1421 1421 1421 1421 1419 1419 1419 1419 1422 1422 1422 1422 1419 1419 1419 1419 1423 1423 1423 1423 1422 1422 1422 1422 1420 1420 1420 1420 1421 1421 1421 1421 1424 1424 1424 1424 1420 1420 1420 1420 1424 1424 1424 1424 1416 1416 1416 1416 1421 1421 1421 1421 1425 1425 1425 1425 1424 1424 1424 1424 1421 1421 1421 1421 1422 1422 1422 1422 1425 1425 1425 1425 1424 1424 1424 1424 1426 1426 1426 1426 1416 1416 1416 1416 1424 1424 1424 1424 1425 1425 1425 1425 1426 1426 1426 1426 1422 1422 1422 1422 1423 1423 1423 1423 1427 1427 1427 1427 1423 1423 1423 1423 1428 1428 1428 1428 1427 1427 1427 1427 1428 1428 1428 1428 1429 1429 1429 1429 1427 1427 1427 1427 1425 1425 1425 1425 1422 1422 1422 1422 1430 1430 1430 1430 1422 1422 1422 1422 1427 1427 1427 1427 1430 1430 1430 1430 1427 1427 1427 1427 1429 1429 1429 1429 1431 1431 1431 1431 1429 1429 1429 1429 1432 1432 1432 1432 1431 1431 1431 1431 1430 1430 1430 1430 1427 1427 1427 1427 1433 1433 1433 1433 1427 1427 1427 1427 1431 1431 1431 1431 1433 1433 1433 1433 1431 1431 1431 1431 1432 1432 1432 1432 1434 1434 1434 1434 1431 1431 1431 1431 1434 1434 1434 1434 1433 1433 1433 1433 1432 1432 1432 1432 1435 1435 1435 1435 1434 1434 1434 1434 1425 1425 1425 1425 1430 1430 1430 1430 1436 1436 1436 1436 1430 1430 1430 1430 1433 1433 1433 1433 1436 1436 1436 1436 1425 1425 1425 1425 1436 1436 1436 1436 1426 1426 1426 1426 1434 1434 1434 1434 1437 1437 1437 1437 1433 1433 1433 1433 1437 1437 1437 1437 1436 1436 1436 1436 1433 1433 1433 1433 1434 1434 1434 1434 1435 1435 1435 1435 1438 1438 1438 1438 1434 1434 1434 1434 1438 1438 1438 1438 1437 1437 1437 1437 1435 1435 1435 1435 1439 1439 1439 1439 1438 1438 1438 1438 1437 1437 1437 1437 1438 1438 1438 1438 1440 1440 1440 1440 1437 1437 1437 1437 1440 1440 1440 1440 1436 1436 1436 1436 1438 1438 1438 1438 1439 1439 1439 1439 1441 1441 1441 1441 1438 1438 1438 1438 1441 1441 1441 1441 1440 1440 1440 1440 1439 1439 1439 1439 1442 1442 1442 1442 1441 1441 1441 1441 1440 1440 1440 1440 1441 1441 1441 1441 1443 1443 1443 1443 1440 1440 1440 1440 1443 1443 1443 1443 1436 1436 1436 1436 1441 1441 1441 1441 1442 1442 1442 1442 1444 1444 1444 1444 1441 1441 1441 1441 1444 1444 1444 1444 1443 1443 1443 1443 1442 1442 1442 1442 1445 1445 1445 1445 1444 1444 1444 1444 1443 1443 1443 1443 1444 1444 1444 1444 1446 1446 1446 1446 1443 1443 1443 1443 1446 1446 1446 1446 1436 1436 1436 1436 1444 1444 1444 1444 1445 1445 1445 1445 1447 1447 1447 1447 1444 1444 1444 1444 1447 1447 1447 1447 1446 1446 1446 1446 1445 1445 1445 1445 1448 1448 1448 1448 1447 1447 1447 1447 1446 1446 1446 1446 1447 1447 1447 1447 1449 1449 1449 1449 1446 1446 1446 1446 1449 1449 1449 1449 1436 1436 1436 1436 1447 1447 1447 1447 1448 1448 1448 1448 1450 1450 1450 1450 1447 1447 1447 1447 1450 1450 1450 1450 1449 1449 1449 1449 1448 1448 1448 1448 1451 1451 1451 1451 1450 1450 1450 1450 1436 1436 1436 1436 1449 1449 1449 1449 1452 1452 1452 1452 1449 1449 1449 1449 1450 1450 1450 1450 1452 1452 1452 1452 1450 1450 1450 1450 1451 1451 1451 1451 1453 1453 1453 1453 1452 1452 1452 1452 1450 1450 1450 1450 1453 1453 1453 1453 1436 1436 1436 1436 1452 1452 1452 1452 1454 1454 1454 1454 1426 1426 1426 1426 1436 1436 1436 1436 1454 1454 1454 1454 1452 1452 1452 1452 1453 1453 1453 1453 1455 1455 1455 1455 1452 1452 1452 1452 1455 1455 1455 1455 1454 1454 1454 1454 1451 1451 1451 1451 1456 1456 1456 1456 1453 1453 1453 1453 1451 1451 1451 1451 1457 1457 1457 1457 1456 1456 1456 1456 1453 1453 1453 1453 1458 1458 1458 1458 1455 1455 1455 1455 1453 1453 1453 1453 1456 1456 1456 1456 1458 1458 1458 1458 1457 1457 1457 1457 1459 1459 1459 1459 1456 1456 1456 1456 1457 1457 1457 1457 1460 1460 1460 1460 1459 1459 1459 1459 1456 1456 1456 1456 1461 1461 1461 1461 1458 1458 1458 1458 1456 1456 1456 1456 1459 1459 1459 1459 1461 1461 1461 1461 1460 1460 1460 1460 1462 1462 1462 1462 1459 1459 1459 1459 1460 1460 1460 1460 1463 1463 1463 1463 1462 1462 1462 1462 1459 1459 1459 1459 1464 1464 1464 1464 1461 1461 1461 1461 1459 1459 1459 1459 1462 1462 1462 1462 1464 1464 1464 1464 1462 1462 1462 1462 1463 1463 1463 1463 1465 1465 1465 1465 1463 1463 1463 1463 1466 1466 1466 1466 1465 1465 1465 1465 1462 1462 1462 1462 1467 1467 1467 1467 1464 1464 1464 1464 1462 1462 1462 1462 1465 1465 1465 1465 1467 1467 1467 1467 1461 1461 1461 1461 1464 1464 1464 1464 1468 1468 1468 1468 1468 1468 1468 1468 1464 1464 1464 1464 1467 1467 1467 1467 1458 1458 1458 1458 1461 1461 1461 1461 1468 1468 1468 1468 1469 1469 1469 1469 1467 1467 1467 1467 1465 1465 1465 1465 1468 1468 1468 1468 1467 1467 1467 1467 1469 1469 1469 1469 1470 1470 1470 1470 1465 1465 1465 1465 1466 1466 1466 1466 1470 1470 1470 1470 1469 1469 1469 1469 1465 1465 1465 1465 1471 1471 1471 1471 1470 1470 1470 1470 1466 1466 1466 1466 1472 1472 1472 1472 1469 1469 1469 1469 1470 1470 1470 1470 1472 1472 1472 1472 1468 1468 1468 1468 1469 1469 1469 1469 1473 1473 1473 1473 1470 1470 1470 1470 1471 1471 1471 1471 1473 1473 1473 1473 1472 1472 1472 1472 1470 1470 1470 1470 1473 1473 1473 1473 1471 1471 1471 1471 1474 1474 1474 1474 1475 1475 1475 1475 1472 1472 1472 1472 1473 1473 1473 1473 1475 1475 1475 1475 1468 1468 1468 1468 1472 1472 1472 1472 1476 1476 1476 1476 1473 1473 1473 1473 1474 1474 1474 1474 1475 1475 1475 1475 1473 1473 1473 1473 1476 1476 1476 1476 1477 1477 1477 1477 1476 1476 1476 1476 1474 1474 1474 1474 1478 1478 1478 1478 1476 1476 1476 1476 1477 1477 1477 1477 1478 1478 1478 1478 1475 1475 1475 1475 1476 1476 1476 1476 1478 1478 1478 1478 1477 1477 1477 1477 1479 1479 1479 1479 1480 1480 1480 1480 1478 1478 1478 1478 1479 1479 1479 1479 1481 1481 1481 1481 1475 1475 1475 1475 1478 1478 1478 1478 1481 1481 1481 1481 1468 1468 1468 1468 1475 1475 1475 1475 1482 1482 1482 1482 1478 1478 1478 1478 1480 1480 1480 1480 1482 1482 1482 1482 1481 1481 1481 1481 1478 1478 1478 1478 1483 1483 1483 1483 1482 1482 1482 1482 1480 1480 1480 1480 1484 1484 1484 1484 1481 1481 1481 1481 1482 1482 1482 1482 1484 1484 1484 1484 1468 1468 1468 1468 1481 1481 1481 1481 1485 1485 1485 1485 1482 1482 1482 1482 1483 1483 1483 1483 1485 1485 1485 1485 1484 1484 1484 1484 1482 1482 1482 1482 1486 1486 1486 1486 1485 1485 1485 1485 1483 1483 1483 1483 1486 1486 1486 1486 1483 1483 1483 1483 1487 1487 1487 1487 1488 1488 1488 1488 1484 1484 1484 1484 1485 1485 1485 1485 1486 1486 1486 1486 1487 1487 1487 1487 1489 1489 1489 1489 1489 1489 1489 1489 1487 1487 1487 1487 1490 1490 1490 1490 1491 1491 1491 1491 1485 1485 1485 1485 1486 1486 1486 1486 1488 1488 1488 1488 1485 1485 1485 1485 1491 1491 1491 1491 1492 1492 1492 1492 1486 1486 1486 1486 1489 1489 1489 1489 1491 1491 1491 1491 1486 1486 1486 1486 1492 1492 1492 1492 1493 1493 1493 1493 1489 1489 1489 1489 1490 1490 1490 1490 1494 1494 1494 1494 1493 1493 1493 1493 1490 1490 1490 1490 1495 1495 1495 1495 1492 1492 1492 1492 1489 1489 1489 1489 1495 1495 1495 1495 1489 1489 1489 1489 1493 1493 1493 1493 1496 1496 1496 1496 1491 1491 1491 1491 1492 1492 1492 1492 1496 1496 1496 1496 1492 1492 1492 1492 1495 1495 1495 1495 1488 1488 1488 1488 1491 1491 1491 1491 1496 1496 1496 1496 1497 1497 1497 1497 1493 1493 1493 1493 1494 1494 1494 1494 1497 1497 1497 1497 1495 1495 1495 1495 1493 1493 1493 1493 1498 1498 1498 1498 1497 1497 1497 1497 1494 1494 1494 1494 1499 1499 1499 1499 1497 1497 1497 1497 1498 1498 1498 1498 1500 1500 1500 1500 1495 1495 1495 1495 1497 1497 1497 1497 1500 1500 1500 1500 1496 1496 1496 1496 1495 1495 1495 1495 1501 1501 1501 1501 1497 1497 1497 1497 1499 1499 1499 1499 1501 1501 1501 1501 1500 1500 1500 1500 1497 1497 1497 1497 1398 1398 1398 1398 1501 1501 1501 1501 1499 1499 1499 1499 1501 1501 1501 1501 1502 1502 1502 1502 1500 1500 1500 1500 1502 1502 1502 1502 1496 1496 1496 1496 1500 1500 1500 1500 1398 1398 1398 1398 1503 1503 1503 1503 1501 1501 1501 1501 1503 1503 1503 1503 1502 1502 1502 1502 1501 1501 1501 1501 1398 1398 1398 1398 1397 1397 1397 1397 1503 1503 1503 1503 1402 1402 1402 1402 1503 1503 1503 1503 1397 1397 1397 1397 1504 1504 1504 1504 1502 1502 1502 1502 1503 1503 1503 1503 1402 1402 1402 1402 1504 1504 1504 1504 1503 1503 1503 1503 1504 1504 1504 1504 1496 1496 1496 1496 1502 1502 1502 1502 1505 1505 1505 1505 1504 1504 1504 1504 1402 1402 1402 1402 1505 1505 1505 1505 1496 1496 1496 1496 1504 1504 1504 1504 1405 1405 1405 1405 1505 1505 1505 1505 1402 1402 1402 1402 1505 1505 1505 1505 1506 1506 1506 1506 1496 1496 1496 1496 1405 1405 1405 1405 1507 1507 1507 1507 1505 1505 1505 1505 1507 1507 1507 1507 1506 1506 1506 1506 1505 1505 1505 1505 1508 1508 1508 1508 1507 1507 1507 1507 1405 1405 1405 1405 1401 1401 1401 1401 1508 1508 1508 1508 1405 1405 1405 1405 1506 1506 1506 1506 1509 1509 1509 1509 1496 1496 1496 1496 1509 1509 1509 1509 1488 1488 1488 1488 1496 1496 1496 1496 1509 1509 1509 1509 1484 1484 1484 1484 1488 1488 1488 1488 1509 1509 1509 1509 1468 1468 1468 1468 1484 1484 1484 1484 1510 1510 1510 1510 1468 1468 1468 1468 1509 1509 1509 1509 1506 1506 1506 1506 1510 1510 1510 1510 1509 1509 1509 1509 1510 1510 1510 1510 1458 1458 1458 1458 1468 1468 1468 1468 1510 1510 1510 1510 1455 1455 1455 1455 1458 1458 1458 1458 1511 1511 1511 1511 1510 1510 1510 1510 1506 1506 1506 1506 1511 1511 1511 1511 1455 1455 1455 1455 1510 1510 1510 1510 1507 1507 1507 1507 1511 1511 1511 1511 1506 1506 1506 1506 1511 1511 1511 1511 1454 1454 1454 1454 1455 1455 1455 1455 1512 1512 1512 1512 1511 1511 1511 1511 1507 1507 1507 1507 1512 1512 1512 1512 1454 1454 1454 1454 1511 1511 1511 1511 1508 1508 1508 1508 1512 1512 1512 1512 1507 1507 1507 1507 1426 1426 1426 1426 1454 1454 1454 1454 1512 1512 1512 1512 1416 1416 1416 1416 1426 1426 1426 1426 1512 1512 1512 1512 1416 1416 1416 1416 1512 1512 1512 1512 1508 1508 1508 1508 1513 1513 1513 1513 1416 1416 1416 1416 1508 1508 1508 1508 1513 1513 1513 1513 1508 1508 1508 1508 1401 1401 1401 1401 1409 1409 1409 1409 1416 1416 1416 1416 1513 1513 1513 1513 1400 1400 1400 1400 1513 1513 1513 1513 1401 1401 1401 1401 1409 1409 1409 1409 1513 1513 1513 1513 1400 1400 1400 1400 1514 1514 1514 1514 1515 1515 1515 1515 1516 1516 1516 1516 1515 1515 1515 1515 1517 1517 1517 1517 1516 1516 1516 1516 1516 1516 1516 1516 1517 1517 1517 1517 1518 1518 1518 1518 1514 1514 1514 1514 1519 1519 1519 1519 1515 1515 1515 1515 1515 1515 1515 1515 1519 1519 1519 1519 1517 1517 1517 1517 1514 1514 1514 1514 1520 1520 1520 1520 1519 1519 1519 1519 1517 1517 1517 1517 1521 1521 1521 1521 1518 1518 1518 1518 1519 1519 1519 1519 1521 1521 1521 1521 1517 1517 1517 1517 1518 1518 1518 1518 1521 1521 1521 1521 1522 1522 1522 1522 1520 1520 1520 1520 1523 1523 1523 1523 1519 1519 1519 1519 1519 1519 1519 1519 1523 1523 1523 1523 1521 1521 1521 1521 1520 1520 1520 1520 1524 1524 1524 1524 1523 1523 1523 1523 1521 1521 1521 1521 1525 1525 1525 1525 1522 1522 1522 1522 1523 1523 1523 1523 1525 1525 1525 1525 1521 1521 1521 1521 1522 1522 1522 1522 1525 1525 1525 1525 1526 1526 1526 1526 1524 1524 1524 1524 1527 1527 1527 1527 1523 1523 1523 1523 1523 1523 1523 1523 1527 1527 1527 1527 1525 1525 1525 1525 1524 1524 1524 1524 1528 1528 1528 1528 1527 1527 1527 1527 1525 1525 1525 1525 1529 1529 1529 1529 1526 1526 1526 1526 1526 1526 1526 1526 1529 1529 1529 1529 1530 1530 1530 1530 1527 1527 1527 1527 1531 1531 1531 1531 1525 1525 1525 1525 1528 1528 1528 1528 1531 1531 1531 1531 1527 1527 1527 1527 1525 1525 1525 1525 1531 1531 1531 1531 1529 1529 1529 1529 1528 1528 1528 1528 1532 1532 1532 1532 1531 1531 1531 1531 1529 1529 1529 1529 1533 1533 1533 1533 1530 1530 1530 1530 1530 1530 1530 1530 1533 1533 1533 1533 1534 1534 1534 1534 1531 1531 1531 1531 1535 1535 1535 1535 1529 1529 1529 1529 1532 1532 1532 1532 1535 1535 1535 1535 1531 1531 1531 1531 1529 1529 1529 1529 1535 1535 1535 1535 1533 1533 1533 1533 1532 1532 1532 1532 1536 1536 1536 1536 1535 1535 1535 1535 1533 1533 1533 1533 1537 1537 1537 1537 1534 1534 1534 1534 1536 1536 1536 1536 1534 1534 1534 1534 1537 1537 1537 1537 1535 1535 1535 1535 1537 1537 1537 1537 1533 1533 1533 1533 1536 1536 1536 1536 1537 1537 1537 1537 1535 1535 1535 1535 1538 1538 1538 1538 1539 1539 1539 1539 1540 1540 1540 1540 1538 1538 1538 1538 1541 1541 1541 1541 1539 1539 1539 1539 1541 1541 1541 1541 1542 1542 1542 1542 1539 1539 1539 1539 1538 1538 1538 1538 1540 1540 1540 1540 1543 1543 1543 1543 1538 1538 1538 1538 1543 1543 1543 1543 1541 1541 1541 1541 1540 1540 1540 1540 1544 1544 1544 1544 1543 1543 1543 1543 1541 1541 1541 1541 1545 1545 1545 1545 1542 1542 1542 1542 1541 1541 1541 1541 1543 1543 1543 1543 1545 1545 1545 1545 1545 1545 1545 1545 1546 1546 1546 1546 1542 1542 1542 1542 1543 1543 1543 1543 1544 1544 1544 1544 1547 1547 1547 1547 1543 1543 1543 1543 1547 1547 1547 1547 1545 1545 1545 1545 1544 1544 1544 1544 1548 1548 1548 1548 1547 1547 1547 1547 1545 1545 1545 1545 1549 1549 1549 1549 1546 1546 1546 1546 1545 1545 1545 1545 1547 1547 1547 1547 1549 1549 1549 1549 1549 1549 1549 1549 1550 1550 1550 1550 1546 1546 1546 1546 1547 1547 1547 1547 1548 1548 1548 1548 1551 1551 1551 1551 1547 1547 1547 1547 1551 1551 1551 1551 1549 1549 1549 1549 1548 1548 1548 1548 1552 1552 1552 1552 1551 1551 1551 1551 1549 1549 1549 1549 1553 1553 1553 1553 1550 1550 1550 1550 1553 1553 1553 1553 1554 1554 1554 1554 1550 1550 1550 1550 1549 1549 1549 1549 1551 1551 1551 1551 1555 1555 1555 1555 1551 1551 1551 1551 1552 1552 1552 1552 1555 1555 1555 1555 1549 1549 1549 1549 1555 1555 1555 1555 1553 1553 1553 1553 1555 1555 1555 1555 1552 1552 1552 1552 1556 1556 1556 1556 1553 1553 1553 1553 1557 1557 1557 1557 1554 1554 1554 1554 1557 1557 1557 1557 1558 1558 1558 1558 1554 1554 1554 1554 1553 1553 1553 1553 1555 1555 1555 1555 1559 1559 1559 1559 1555 1555 1555 1555 1556 1556 1556 1556 1559 1559 1559 1559 1553 1553 1553 1553 1559 1559 1559 1559 1557 1557 1557 1557 1559 1559 1559 1559 1556 1556 1556 1556 1560 1560 1560 1560 1557 1557 1557 1557 1561 1561 1561 1561 1558 1558 1558 1558 1557 1557 1557 1557 1559 1559 1559 1559 1561 1561 1561 1561 1561 1561 1561 1561 1560 1560 1560 1560 1558 1558 1558 1558 1559 1559 1559 1559 1560 1560 1560 1560 1561 1561 1561 1561 1562 1562 1562 1562 1563 1563 1563 1563 1564 1564 1564 1564 1562 1562 1562 1562 1565 1565 1565 1565 1563 1563 1563 1563 1565 1565 1565 1565 1566 1566 1566 1566 1563 1563 1563 1563 1562 1562 1562 1562 1564 1564 1564 1564 1567 1567 1567 1567 1562 1562 1562 1562 1567 1567 1567 1567 1565 1565 1565 1565 1564 1564 1564 1564 1568 1568 1568 1568 1567 1567 1567 1567 1565 1565 1565 1565 1569 1569 1569 1569 1566 1566 1566 1566 1565 1565 1565 1565 1567 1567 1567 1567 1569 1569 1569 1569 1569 1569 1569 1569 1570 1570 1570 1570 1566 1566 1566 1566 1567 1567 1567 1567 1568 1568 1568 1568 1571 1571 1571 1571 1567 1567 1567 1567 1571 1571 1571 1571 1569 1569 1569 1569 1568 1568 1568 1568 1572 1572 1572 1572 1571 1571 1571 1571 1569 1569 1569 1569 1573 1573 1573 1573 1570 1570 1570 1570 1569 1569 1569 1569 1571 1571 1571 1571 1573 1573 1573 1573 1573 1573 1573 1573 1574 1574 1574 1574 1570 1570 1570 1570 1571 1571 1571 1571 1572 1572 1572 1572 1575 1575 1575 1575 1571 1571 1571 1571 1575 1575 1575 1575 1573 1573 1573 1573 1572 1572 1572 1572 1576 1576 1576 1576 1575 1575 1575 1575 1573 1573 1573 1573 1577 1577 1577 1577 1574 1574 1574 1574 1577 1577 1577 1577 1578 1578 1578 1578 1574 1574 1574 1574 1573 1573 1573 1573 1575 1575 1575 1575 1579 1579 1579 1579 1575 1575 1575 1575 1576 1576 1576 1576 1579 1579 1579 1579 1573 1573 1573 1573 1579 1579 1579 1579 1577 1577 1577 1577 1579 1579 1579 1579 1576 1576 1576 1576 1580 1580 1580 1580 1577 1577 1577 1577 1581 1581 1581 1581 1578 1578 1578 1578 1581 1581 1581 1581 1582 1582 1582 1582 1578 1578 1578 1578 1577 1577 1577 1577 1579 1579 1579 1579 1583 1583 1583 1583 1579 1579 1579 1579 1580 1580 1580 1580 1583 1583 1583 1583 1577 1577 1577 1577 1583 1583 1583 1583 1581 1581 1581 1581 1583 1583 1583 1583 1580 1580 1580 1580 1584 1584 1584 1584 1581 1581 1581 1581 1585 1585 1585 1585 1582 1582 1582 1582 1581 1581 1581 1581 1583 1583 1583 1583 1585 1585 1585 1585 1585 1585 1585 1585 1584 1584 1584 1584 1582 1582 1582 1582 1583 1583 1583 1583 1584 1584 1584 1584 1585 1585 1585 1585 1586 1586 1586 1586 1587 1587 1587 1587 1588 1588 1588 1588 1589 1589 1589 1589 1586 1586 1586 1586 1588 1588 1588 1588 1586 1586 1586 1586 1590 1590 1590 1590 1587 1587 1587 1587 1590 1590 1590 1590 1591 1591 1591 1591 1587 1587 1587 1587 1589 1589 1589 1589 1592 1592 1592 1592 1586 1586 1586 1586 1590 1590 1590 1590 1593 1593 1593 1593 1591 1591 1591 1591 1589 1589 1589 1589 1594 1594 1594 1594 1592 1592 1592 1592 1589 1589 1589 1589 1595 1595 1595 1595 1594 1594 1594 1594 1595 1595 1595 1595 1596 1596 1596 1596 1594 1594 1594 1594 1592 1592 1592 1592 1597 1597 1597 1597 1586 1586 1586 1586 1592 1592 1592 1592 1594 1594 1594 1594 1597 1597 1597 1597 1586 1586 1586 1586 1597 1597 1597 1597 1598 1598 1598 1598 1594 1594 1594 1594 1596 1596 1596 1596 1599 1599 1599 1599 1596 1596 1596 1596 1600 1600 1600 1600 1599 1599 1599 1599 1594 1594 1594 1594 1601 1601 1601 1601 1597 1597 1597 1597 1597 1597 1597 1597 1601 1601 1601 1601 1598 1598 1598 1598 1594 1594 1594 1594 1602 1602 1602 1602 1601 1601 1601 1601 1594 1594 1594 1594 1599 1599 1599 1599 1602 1602 1602 1602 1598 1598 1598 1598 1601 1601 1601 1601 1603 1603 1603 1603 1586 1586 1586 1586 1598 1598 1598 1598 1603 1603 1603 1603 1603 1603 1603 1603 1601 1601 1601 1601 1602 1602 1602 1602 1586 1586 1586 1586 1603 1603 1603 1603 1590 1590 1590 1590 1599 1599 1599 1599 1604 1604 1604 1604 1602 1602 1602 1602 1603 1603 1603 1603 1602 1602 1602 1602 1604 1604 1604 1604 1590 1590 1590 1590 1603 1603 1603 1603 1605 1605 1605 1605 1603 1603 1603 1603 1604 1604 1604 1604 1605 1605 1605 1605 1590 1590 1590 1590 1605 1605 1605 1605 1593 1593 1593 1593 1599 1599 1599 1599 1606 1606 1606 1606 1604 1604 1604 1604 1599 1599 1599 1599 1600 1600 1600 1600 1606 1606 1606 1606 1600 1600 1600 1600 1607 1607 1607 1607 1606 1606 1606 1606 1604 1604 1604 1604 1606 1606 1606 1606 1607 1607 1607 1607 1600 1600 1600 1600 1608 1608 1608 1608 1607 1607 1607 1607 1604 1604 1604 1604 1607 1607 1607 1607 1609 1609 1609 1609 1605 1605 1605 1605 1604 1604 1604 1604 1609 1609 1609 1609 1610 1610 1610 1610 1607 1607 1607 1607 1608 1608 1608 1608 1610 1610 1610 1610 1609 1609 1609 1609 1607 1607 1607 1607 1610 1610 1610 1610 1608 1608 1608 1608 1611 1611 1611 1611 1591 1591 1591 1591 1610 1610 1610 1610 1611 1611 1611 1611 1591 1591 1591 1591 1593 1593 1593 1593 1610 1610 1610 1610 1593 1593 1593 1593 1605 1605 1605 1605 1610 1610 1610 1610 1605 1605 1605 1605 1609 1609 1609 1609 1612 1612 1612 1612 1605 1605 1605 1605 1612 1612 1612 1612 1610 1610 1610 1610 1610 1610 1610 1610 1612 1612 1612 1612 1609 1609 1609 1609</p>
        </triangles>
      </mesh>
    </geometry>
    <geometry id="geom-Body_Mdl__m_screen" name="Body_Mdl__m_screen">
      <mesh>
        <source id="geom-Body_Mdl__m_screen-positions">
          <float_array id="geom-Body_Mdl__m_screen-positions-array" count="129">-3.390869 -4.46892 17.51886 -4.106357 -4.515787 17.02071 -3.071688 -5.356112 16.26669 -4.565188 -4.609522 16.26669 -2.880539 -4.505188 17.68199 -4.864115 -4.805911 15.30197 -1.578186 -5.478933 16.26669 -1.483987 -4.585272 17.83027 -3.122124 -5.830051 14.33724 -4.977114 -4.991043 14.33724 -4.953387 -5.142992 13.22126 2.00112e-6 -5.54615 16.26669 2.00112e-6 -4.594412 17.87745 1.48399 -4.585272 17.83027 -1.61752 -6.018984 14.33724 -3.049181 -5.887583 12.10529 -4.743731 -5.313196 12.10529 -4.213854 -5.448007 11.25031 -3.500494 -5.603865 10.67984 -2.924461 -5.705462 10.41309 -1.545762 -6.075113 12.10529 -1.459779 -5.811582 10.21826 2.00112e-6 -6.080441 14.33724 2.00112e-6 -6.132078 12.10529 2.00112e-6 -5.878699 10.15305 1.459782 -5.811582 10.21826 1.545764 -6.075113 12.10529 2.924462 -5.705462 10.41309 1.617524 -6.018984 14.33724 3.049181 -5.887583 12.10529 3.500495 -5.603865 10.67984 4.213855 -5.448007 11.25031 4.743732 -5.313196 12.10529 4.953388 -5.142992 13.22126 3.122128 -5.830051 14.33724 4.977115 -4.991043 14.33724 4.864116 -4.805911 15.30197 1.578189 -5.478933 16.26669 2.88054 -4.505188 17.68199 3.071688 -5.356112 16.26669 4.565189 -4.609522 16.26669 3.390869 -4.46892 17.51886 4.106358 -4.515787 17.02071</float_array>
          <technique_common>
            <accessor source="#geom-Body_Mdl__m_screen-positions-array" count="43" stride="3">
              <param name="X" type="float"/>
              <param name="Y" type="float"/>
              <param name="Z" type="float"/>
            </accessor>
          </technique_common>
        </source>
        <source id="geom-Body_Mdl__m_screen-normals">
          <float_array id="geom-Body_Mdl__m_screen-normals-array" count="129">-0.1878229 -0.9373267 0.2934986 -0.2191687 -0.9392398 0.264185 -0.2836288 -0.8763716 0.3892654 -0.1916311 -0.9484764 0.2523294 -0.1271281 -0.9622823 0.2405229 -0.2153146 -0.9492916 0.2290966 -0.06457159 -0.9196653 0.387358 -0.04897021 -0.9794042 0.1958808 -0.3035242 -0.9420407 0.1429415 -0.2113145 -0.9628348 0.1682124 -0.1916514 -0.9757576 0.1056729 0 -0.9211752 0.3891484 0 -0.9843816 0.1760481 0.04897021 -0.9794042 0.1958808 -0.07635555 -0.9867927 0.1428642 -0.2506475 -0.9672053 -0.04110694 -0.1349455 -0.9816208 0.1349455 -0.1350985 -0.9810259 0.1390566 -0.1466308 -0.9776655 0.1505641 -0.09988132 -0.971393 0.2154518 -0.07822409 -0.995432 -0.05474017 -0.04496125 -0.9618752 0.2697676 0 -0.9891564 0.1468666 0 -0.9984951 -0.05484141 0 -0.9571095 0.2897268 0.04496125 -0.9618752 0.2697676 0.07822409 -0.995432 -0.05474017 0.09988132 -0.971393 0.2154518 0.07635555 -0.9867927 0.1428642 0.2506475 -0.9672053 -0.04110694 0.1466308 -0.9776655 0.1505641 0.1350985 -0.9810259 0.1390566 0.1349455 -0.9816208 0.1349455 0.1916514 -0.9757576 0.1056729 0.3035242 -0.9420407 0.1429415 0.2113145 -0.9628348 0.1682124 0.2153146 -0.9492916 0.2290966 0.06457159 -0.9196653 0.387358 0.1271281 -0.9622823 0.2405229 0.2836288 -0.8763716 0.3892654 0.1916311 -0.9484764 0.2523294 0.1878229 -0.9373267 0.2934986 0.2191687 -0.9392398 0.264185</float_array>
          <technique_common>
            <accessor source="#geom-Body_Mdl__m_screen-normals-array" count="43" stride="3">
              <param name="X" type="float"/>
              <param name="Y" type="float"/>
              <param name="Z" type="float"/>
            </accessor>
          </technique_common>
        </source>
        <source id="geom-Body_Mdl__m_screen-map-2">
          <float_array id="geom-Body_Mdl__m_screen-map-2-array" count="129">1 1 1 1 1 1 1 1 1 1 1 1 1 1 1 1 1 1 1 1 1 1 1 1 1 1 1 1 1 1 1 1 1 1 1 1 1 1 1 1 1 1 1 1 1 1 1 1 1 1 1 1 1 1 1 1 1 1 1 1 1 1 1 1 1 1 1 1 1 1 1 1 1 1 1 1 1 1 1 1 1 1 1 1 1 1 1 1 1 1 1 1 1 1 1 1 1 1 1 1 1 1 1 1 1 1 1 1 1 1 1 1 1 1 1 1 1 1 1 1 1 1 1 1 1 1 1 1 1</float_array>
          <technique_common>
            <accessor source="#geom-Body_Mdl__m_screen-map-2-array" count="43" stride="3">
              <param name="R" type="float"/>
              <param name="G" type="float"/>
              <param name="B" type="float"/>
            </accessor>
          </technique_common>
        </source>
        <source id="geom-Body_Mdl__m_screen-map0">
          <float_array id="geom-Body_Mdl__m_screen-map0-array" count="129">1 1 1 1 1 1 1 1 1 1 1 1 1 1 1 1 1 1 1 1 1 1 1 1 1 1 1 1 1 1 1 1 1 1 1 1 1 1 1 1 1 1 1 1 1 1 1 1 1 1 1 1 1 1 1 1 1 1 1 1 1 1 1 1 1 1 1 1 1 1 1 1 1 1 1 1 1 1 1 1 1 1 1 1 1 1 1 1 1 1 1 1 1 1 1 1 1 1 1 1 1 1 1 1 1 1 1 1 1 1 1 1 1 1 1 1 1 1 1 1 1 1 1 1 1 1 1 1 1</float_array>
          <technique_common>
            <accessor source="#geom-Body_Mdl__m_screen-map0-array" count="43" stride="3">
              <param name="R" type="float"/>
              <param name="G" type="float"/>
              <param name="B" type="float"/>
            </accessor>
          </technique_common>
        </source>
        <source id="geom-Body_Mdl__m_screen-map1">
          <float_array id="geom-Body_Mdl__m_screen-map1-array" count="129">0.184329 0.9203174 0 0.1177234 0.860563 0 0.2140536 0.7700923 0 0.07501335 0.7700923 0 0.2318456 0.9398947 0 0.04718089 0.6543679 0 0.3530785 0.7700923 0 0.3618524 0.9576715 0 0.2093538 0.5386282 0 0.03666743 0.5386282 0 0.03887999 0.4047456 0 0.5000076 0.7700923 0 0.5000076 0.9633326 0 0.6381475 0.9576715 0 0.3494163 0.5386282 0 0.216144 0.2708629 0 0.05839628 0.2708629 0 0.1077134 0.1682917 0 0.1741207 0.09985507 0 0.2277562 0.06785685 0 0.3560998 0.2708629 0 0.3641108 0.04448003 0 0.5000076 0.5386282 0 0.5000076 0.2708629 0 0.5000076 0.03666741 0 0.6358892 0.04448003 0 0.6439002 0.2708629 0 0.7722439 0.06785685 0 0.6505837 0.5386282 0 0.783856 0.2708629 0 0.8258793 0.09985507 0 0.8922865 0.1682917 0 0.9416037 0.2708629 0 0.96112 0.4047456 0 0.7906462 0.5386282 0 0.9633326 0.5386282 0 0.9528191 0.6543679 0 0.6469215 0.7700923 0 0.7681544 0.9398947 0 0.7859464 0.7700923 0 0.9249867 0.7700923 0 0.815671 0.9203174 0 0.8822767 0.860563 0</float_array>
          <technique_common>
            <accessor source="#geom-Body_Mdl__m_screen-map1-array" count="43" stride="3">
              <param name="S" type="float"/>
              <param name="T" type="float"/>
              <param name="P" type="float"/>
            </accessor>
          </technique_common>
        </source>
        <vertices id="geom-Body_Mdl__m_screen-vertices">
          <input semantic="POSITION" source="#geom-Body_Mdl__m_screen-positions"/>
        </vertices>
        <triangles material="m_screen" count="56">
          <input semantic="VERTEX" source="#geom-Body_Mdl__m_screen-vertices" offset="0"/>
          <input semantic="NORMAL" source="#geom-Body_Mdl__m_screen-normals" offset="1"/>
          <input semantic="COLOR" source="#geom-Body_Mdl__m_screen-map0" offset="2" set="0"/>
          <input semantic="TEXCOORD" source="#geom-Body_Mdl__m_screen-map1" offset="3" set="0"/>
          <p>0 0 0 0 1 1 1 1 2 2 2 2 3 3 3 3 2 2 2 2 1 1 1 1 4 4 4 4 0 0 0 0 2 2 2 2 5 5 5 5 2 2 2 2 3 3 3 3 6 6 6 6 4 4 4 4 2 2 2 2 6 6 6 6 7 7 7 7 4 4 4 4 8 8 8 8 2 2 2 2 5 5 5 5 8 8 8 8 6 6 6 6 2 2 2 2 8 8 8 8 5 5 5 5 9 9 9 9 10 10 10 10 8 8 8 8 9 9 9 9 11 11 11 11 7 7 7 7 6 6 6 6 11 11 11 11 12 12 12 12 7 7 7 7 11 11 11 11 13 13 13 13 12 12 12 12 14 14 14 14 6 6 6 6 8 8 8 8 14 14 14 14 11 11 11 11 6 6 6 6 10 10 10 10 15 15 15 15 8 8 8 8 15 15 15 15 14 14 14 14 8 8 8 8 16 16 16 16 15 15 15 15 10 10 10 10 17 17 17 17 15 15 15 15 16 16 16 16 18 18 18 18 15 15 15 15 17 17 17 17 18 18 18 18 19 19 19 19 15 15 15 15 19 19 19 19 20 20 20 20 15 15 15 15 20 20 20 20 14 14 14 14 15 15 15 15 19 19 19 19 21 21 21 21 20 20 20 20 20 20 20 20 22 22 22 22 14 14 14 14 22 22 22 22 11 11 11 11 14 14 14 14 21 21 21 21 23 23 23 23 20 20 20 20 20 20 20 20 23 23 23 23 22 22 22 22 21 21 21 21 24 24 24 24 23 23 23 23 24 24 24 24 25 25 25 25 23 23 23 23 23 23 23 23 25 25 25 25 26 26 26 26 23 23 23 23 26 26 26 26 22 22 22 22 25 25 25 25 27 27 27 27 26 26 26 26 22 22 22 22 28 28 28 28 11 11 11 11 22 22 22 22 26 26 26 26 28 28 28 28 26 26 26 26 27 27 27 27 29 29 29 29 26 26 26 26 29 29 29 29 28 28 28 28 27 27 27 27 30 30 30 30 29 29 29 29 30 30 30 30 31 31 31 31 29 29 29 29 31 31 31 31 32 32 32 32 29 29 29 29 29 29 29 29 32 32 32 32 33 33 33 33 29 29 29 29 33 33 33 33 34 34 34 34 28 28 28 28 29 29 29 29 34 34 34 34 34 34 34 34 33 33 33 33 35 35 35 35 34 34 34 34 35 35 35 35 36 36 36 36 28 28 28 28 37 37 37 37 11 11 11 11 28 28 28 28 34 34 34 34 37 37 37 37 11 11 11 11 37 37 37 37 13 13 13 13 37 37 37 37 38 38 38 38 13 13 13 13 39 39 39 39 34 34 34 34 36 36 36 36 37 37 37 37 34 34 34 34 39 39 39 39 37 37 37 37 39 39 39 39 38 38 38 38 39 39 39 39 36 36 36 36 40 40 40 40 38 38 38 38 39 39 39 39 41 41 41 41 39 39 39 39 40 40 40 40 42 42 42 42 39 39 39 39 42 42 42 42 41 41 41 41</p>
        </triangles>
      </mesh>
    </geometry>
  </library_geometries>
  <library_controllers>
    <controller id="geom-Body_Mdl__m_obj_staffrolltv-skin1">
      <skin source="#geom-Body_Mdl__m_obj_staffrolltv">
        <bind_shape_matrix>1 0 0 0 0 1 0 0 0 0 1 0 0 0 0 1</bind_shape_matrix>
        <source id="geom-Body_Mdl__m_obj_staffrolltv-skin1-joints">
          <Name_array id="geom-Body_Mdl__m_obj_staffrolltv-skin1-joints-array" count="1">joint0</Name_array>
          <technique_common>
            <accessor source="#geom-Body_Mdl__m_obj_staffrolltv-skin1-joints-array" count="1" stride="1">
              <param name="JOINT" type="name"/>
            </accessor>
          </technique_common>
        </source>
        <source id="geom-Body_Mdl__m_obj_staffrolltv-skin1-bind_poses">
          <float_array id="geom-Body_Mdl__m_obj_staffrolltv-skin1-bind_poses-array" count="16">1 0 0 0 0 0 1 0 0 -1 0 0 0 0 0 1</float_array>
          <technique_common>
            <accessor source="#geom-Body_Mdl__m_obj_staffrolltv-skin1-bind_poses-array" count="1" stride="16">
              <param name="TRANSFORM" type="float4x4"/>
            </accessor>
          </technique_common>
        </source>
        <source id="geom-Body_Mdl__m_obj_staffrolltv-skin1-weights">
          <float_array id="geom-Body_Mdl__m_obj_staffrolltv-skin1-weights-array" count="1">1</float_array>
          <technique_common>
            <accessor source="#geom-Body_Mdl__m_obj_staffrolltv-skin1-weights-array" count="1" stride="1">
              <param name="WEIGHT" type="float"/>
            </accessor>
          </technique_common>
        </source>
        <joints>
          <input semantic="JOINT" source="#geom-Body_Mdl__m_obj_staffrolltv-skin1-joints"/>
          <input semantic="INV_BIND_MATRIX" source="#geom-Body_Mdl__m_obj_staffrolltv-skin1-bind_poses"/>
        </joints>
        <vertex_weights count="1613">
          <input semantic="JOINT" source="#geom-Body_Mdl__m_obj_staffrolltv-skin1-joints" offset="0"/>
          <input semantic="WEIGHT" source="#geom-Body_Mdl__m_obj_staffrolltv-skin1-weights" offset="1"/>
          <vcount>1 1 1 1 1 1 1 1 1 1 1 1 1 1 1 1 1 1 1 1 1 1 1 1 1 1 1 1 1 1 1 1 1 1 1 1 1 1 1 1 1 1 1 1 1 1 1 1 1 1 1 1 1 1 1 1 1 1 1 1 1 1 1 1 1 1 1 1 1 1 1 1 1 1 1 1 1 1 1 1 1 1 1 1 1 1 1 1 1 1 1 1 1 1 1 1 1 1 1 1 1 1 1 1 1 1 1 1 1 1 1 1 1 1 1 1 1 1 1 1 1 1 1 1 1 1 1 1 1 1 1 1 1 1 1 1 1 1 1 1 1 1 1 1 1 1 1 1 1 1 1 1 1 1 1 1 1 1 1 1 1 1 1 1 1 1 1 1 1 1 1 1 1 1 1 1 1 1 1 1 1 1 1 1 1 1 1 1 1 1 1 1 1 1 1 1 1 1 1 1 1 1 1 1 1 1 1 1 1 1 1 1 1 1 1 1 1 1 1 1 1 1 1 1 1 1 1 1 1 1 1 1 1 1 1 1 1 1 1 1 1 1 1 1 1 1 1 1 1 1 1 1 1 1 1 1 1 1 1 1 1 1 1 1 1 1 1 1 1 1 1 1 1 1 1 1 1 1 1 1 1 1 1 1 1 1 1 1 1 1 1 1 1 1 1 1 1 1 1 1 1 1 1 1 1 1 1 1 1 1 1 1 1 1 1 1 1 1 1 1 1 1 1 1 1 1 1 1 1 1 1 1 1 1 1 1 1 1 1 1 1 1 1 1 1 1 1 1 1 1 1 1 1 1 1 1 1 1 1 1 1 1 1 1 1 1 1 1 1 1 1 1 1 1 1 1 1 1 1 1 1 1 1 1 1 1 1 1 1 1 1 1 1 1 1 1 1 1 1 1 1 1 1 1 1 1 1 1 1 1 1 1 1 1 1 1 1 1 1 1 1 1 1 1 1 1 1 1 1 1 1 1 1 1 1 1 1 1 1 1 1 1 1 1 1 1 1 1 1 1 1 1 1 1 1 1 1 1 1 1 1 1 1 1 1 1 1 1 1 1 1 1 1 1 1 1 1 1 1 1 1 1 1 1 1 1 1 1 1 1 1 1 1 1 1 1 1 1 1 1 1 1 1 1 1 1 1 1 1 1 1 1 1 1 1 1 1 1 1 1 1 1 1 1 1 1 1 1 1 1 1 1 1 1 1 1 1 1 1 1 1 1 1 1 1 1 1 1 1 1 1 1 1 1 1 1 1 1 1 1 1 1 1 1 1 1 1 1 1 1 1 1 1 1 1 1 1 1 1 1 1 1 1 1 1 1 1 1 1 1 1 1 1 1 1 1 1 1 1 1 1 1 1 1 1 1 1 1 1 1 1 1 1 1 1 1 1 1 1 1 1 1 1 1 1 1 1 1 1 1 1 1 1 1 1 1 1 1 1 1 1 1 1 1 1 1 1 1 1 1 1 1 1 1 1 1 1 1 1 1 1 1 1 1 1 1 1 1 1 1 1 1 1 1 1 1 1 1 1 1 1 1 1 1 1 1 1 1 1 1 1 1 1 1 1 1 1 1 1 1 1 1 1 1 1 1 1 1 1 1 1 1 1 1 1 1 1 1 1 1 1 1 1 1 1 1 1 1 1 1 1 1 1 1 1 1 1 1 1 1 1 1 1 1 1 1 1 1 1 1 1 1 1 1 1 1 1 1 1 1 1 1 1 1 1 1 1 1 1 1 1 1 1 1 1 1 1 1 1 1 1 1 1 1 1 1 1 1 1 1 1 1 1 1 1 1 1 1 1 1 1 1 1 1 1 1 1 1 1 1 1 1 1 1 1 1 1 1 1 1 1 1 1 1 1 1 1 1 1 1 1 1 1 1 1 1 1 1 1 1 1 1 1 1 1 1 1 1 1 1 1 1 1 1 1 1 1 1 1 1 1 1 1 1 1 1 1 1 1 1 1 1 1 1 1 1 1 1 1 1 1 1 1 1 1 1 1 1 1 1 1 1 1 1 1 1 1 1 1 1 1 1 1 1 1 1 1 1 1 1 1 1 1 1 1 1 1 1 1 1 1 1 1 1 1 1 1 1 1 1 1 1 1 1 1 1 1 1 1 1 1 1 1 1 1 1 1 1 1 1 1 1 1 1 1 1 1 1 1 1 1 1 1 1 1 1 1 1 1 1 1 1 1 1 1 1 1 1 1 1 1 1 1 1 1 1 1 1 1 1 1 1 1 1 1 1 1 1 1 1 1 1 1 1 1 1 1 1 1 1 1 1 1 1 1 1 1 1 1 1 1 1 1 1 1 1 1 1 1 1 1 1 1 1 1 1 1 1 1 1 1 1 1 1 1 1 1 1 1 1 1 1 1 1 1 1 1 1 1 1 1 1 1 1 1 1 1 1 1 1 1 1 1 1 1 1 1 1 1 1 1 1 1 1 1 1 1 1 1 1 1 1 1 1 1 1 1 1 1 1 1 1 1 1 1 1 1 1 1 1 1 1 1 1 1 1 1 1 1 1 1 1 1 1 1 1 1 1 1 1 1 1 1 1 1 1 1 1 1 1 1 1 1 1 1 1 1 1 1 1 1 1 1 1 1 1 1 1 1 1 1 1 1 1 1 1 1 1 1 1 1 1 1 1 1 1 1 1 1 1 1 1 1 1 1 1 1 1 1 1 1 1 1 1 1 1 1 1 1 1 1 1 1 1 1 1 1 1 1 1 1 1 1 1 1 1 1 1 1 1 1 1 1 1 1 1 1 1 1 1 1 1 1 1 1 1 1 1 1 1 1 1 1 1 1 1 1 1 1 1 1 1 1 1 1 1 1 1 1 1 1 1 1 1 1 1 1 1 1 1 1 1 1 1 1 1 1 1 1 1 1 1 1 1 1 1 1 1 1 1 1 1 1 1 1 1 1 1 1 1 1 1 1 1 1 1 1 1 1 1 1 1 1 1 1 1 1 1 1 1 1 1 1 1 1 1 1 1 1 1 1 1 1 1 1 1 1 1 1 1 1 1 1 1 1 1 1 1 1 1 1 1 1 1 1 1 1 1 1 1 1 1 1 1 1 1 1 1 1 1 1 1 1 1 1 1 1 1 1 1 1 1 1 1 1 1 1 1 1 1 1 1 1 1 1 1 1 1 1 1 1 1 1 1 1 1 1 1 1 1 1 1 1 1 1 1 1 1 1 1 1 1 1 1 1 1 1 1 1 1 1 1 1 1 1 1 1 1 1 1 1 1 1 1 1 1 1 1 1 1 1 1 1 1 1 1 1 1 1 1 1 1 1 1 1 1 1 1 1 1 1 1 1 1 1 1 1 1 1 1 1 1 1 1 1 1 1 1 1 1 1 1 1 1 1 1 1 1 1 1 1 1 1 1 1 1 1 1 1 1 1 1 1 1 1 1 1 1 1 1 1 1 1 1 1 1 1 1 1 1 1 1 1 1 1 1 1 1 1 1 1 1 1 1 1 1 1 1 1 1 1 1 1 1 1 1 1 1 1 1 1 1 1 1 1 1 1 1 1 1 1 1 1 1 1 1 1 1 1 1 1 1 1 1 1 1 1 1 1 1 1 1 1 1 1 1 1 1 1 1 1 1 1 1 1 1 1 1 1 1 1 1 1</vcount>
          <v>0 0 0 0 0 0 0 0 0 0 0 0 0 0 0 0 0 0 0 0 0 0 0 0 0 0 0 0 0 0 0 0 0 0 0 0 0 0 0 0 0 0 0 0 0 0 0 0 0 0 0 0 0 0 0 0 0 0 0 0 0 0 0 0 0 0 0 0 0 0 0 0 0 0 0 0 0 0 0 0 0 0 0 0 0 0 0 0 0 0 0 0 0 0 0 0 0 0 0 0 0 0 0 0 0 0 0 0 0 0 0 0 0 0 0 0 0 0 0 0 0 0 0 0 0 0 0 0 0 0 0 0 0 0 0 0 0 0 0 0 0 0 0 0 0 0 0 0 0 0 0 0 0 0 0 0 0 0 0 0 0 0 0 0 0 0 0 0 0 0 0 0 0 0 0 0 0 0 0 0 0 0 0 0 0 0 0 0 0 0 0 0 0 0 0 0 0 0 0 0 0 0 0 0 0 0 0 0 0 0 0 0 0 0 0 0 0 0 0 0 0 0 0 0 0 0 0 0 0 0 0 0 0 0 0 0 0 0 0 0 0 0 0 0 0 0 0 0 0 0 0 0 0 0 0 0 0 0 0 0 0 0 0 0 0 0 0 0 0 0 0 0 0 0 0 0 0 0 0 0 0 0 0 0 0 0 0 0 0 0 0 0 0 0 0 0 0 0 0 0 0 0 0 0 0 0 0 0 0 0 0 0 0 0 0 0 0 0 0 0 0 0 0 0 0 0 0 0 0 0 0 0 0 0 0 0 0 0 0 0 0 0 0 0 0 0 0 0 0 0 0 0 0 0 0 0 0 0 0 0 0 0 0 0 0 0 0 0 0 0 0 0 0 0 0 0 0 0 0 0 0 0 0 0 0 0 0 0 0 0 0 0 0 0 0 0 0 0 0 0 0 0 0 0 0 0 0 0 0 0 0 0 0 0 0 0 0 0 0 0 0 0 0 0 0 0 0 0 0 0 0 0 0 0 0 0 0 0 0 0 0 0 0 0 0 0 0 0 0 0 0 0 0 0 0 0 0 0 0 0 0 0 0 0 0 0 0 0 0 0 0 0 0 0 0 0 0 0 0 0 0 0 0 0 0 0 0 0 0 0 0 0 0 0 0 0 0 0 0 0 0 0 0 0 0 0 0 0 0 0 0 0 0 0 0 0 0 0 0 0 0 0 0 0 0 0 0 0 0 0 0 0 0 0 0 0 0 0 0 0 0 0 0 0 0 0 0 0 0 0 0 0 0 0 0 0 0 0 0 0 0 0 0 0 0 0 0 0 0 0 0 0 0 0 0 0 0 0 0 0 0 0 0 0 0 0 0 0 0 0 0 0 0 0 0 0 0 0 0 0 0 0 0 0 0 0 0 0 0 0 0 0 0 0 0 0 0 0 0 0 0 0 0 0 0 0 0 0 0 0 0 0 0 0 0 0 0 0 0 0 0 0 0 0 0 0 0 0 0 0 0 0 0 0 0 0 0 0 0 0 0 0 0 0 0 0 0 0 0 0 0 0 0 0 0 0 0 0 0 0 0 0 0 0 0 0 0 0 0 0 0 0 0 0 0 0 0 0 0 0 0 0 0 0 0 0 0 0 0 0 0 0 0 0 0 0 0 0 0 0 0 0 0 0 0 0 0 0 0 0 0 0 0 0 0 0 0 0 0 0 0 0 0 0 0 0 0 0 0 0 0 0 0 0 0 0 0 0 0 0 0 0 0 0 0 0 0 0 0 0 0 0 0 0 0 0 0 0 0 0 0 0 0 0 0 0 0 0 0 0 0 0 0 0 0 0 0 0 0 0 0 0 0 0 0 0 0 0 0 0 0 0 0 0 0 0 0 0 0 0 0 0 0 0 0 0 0 0 0 0 0 0 0 0 0 0 0 0 0 0 0 0 0 0 0 0 0 0 0 0 0 0 0 0 0 0 0 0 0 0 0 0 0 0 0 0 0 0 0 0 0 0 0 0 0 0 0 0 0 0 0 0 0 0 0 0 0 0 0 0 0 0 0 0 0 0 0 0 0 0 0 0 0 0 0 0 0 0 0 0 0 0 0 0 0 0 0 0 0 0 0 0 0 0 0 0 0 0 0 0 0 0 0 0 0 0 0 0 0 0 0 0 0 0 0 0 0 0 0 0 0 0 0 0 0 0 0 0 0 0 0 0 0 0 0 0 0 0 0 0 0 0 0 0 0 0 0 0 0 0 0 0 0 0 0 0 0 0 0 0 0 0 0 0 0 0 0 0 0 0 0 0 0 0 0 0 0 0 0 0 0 0 0 0 0 0 0 0 0 0 0 0 0 0 0 0 0 0 0 0 0 0 0 0 0 0 0 0 0 0 0 0 0 0 0 0 0 0 0 0 0 0 0 0 0 0 0 0 0 0 0 0 0 0 0 0 0 0 0 0 0 0 0 0 0 0 0 0 0 0 0 0 0 0 0 0 0 0 0 0 0 0 0 0 0 0 0 0 0 0 0 0 0 0 0 0 0 0 0 0 0 0 0 0 0 0 0 0 0 0 0 0 0 0 0 0 0 0 0 0 0 0 0 0 0 0 0 0 0 0 0 0 0 0 0 0 0 0 0 0 0 0 0 0 0 0 0 0 0 0 0 0 0 0 0 0 0 0 0 0 0 0 0 0 0 0 0 0 0 0 0 0 0 0 0 0 0 0 0 0 0 0 0 0 0 0 0 0 0 0 0 0 0 0 0 0 0 0 0 0 0 0 0 0 0 0 0 0 0 0 0 0 0 0 0 0 0 0 0 0 0 0 0 0 0 0 0 0 0 0 0 0 0 0 0 0 0 0 0 0 0 0 0 0 0 0 0 0 0 0 0 0 0 0 0 0 0 0 0 0 0 0 0 0 0 0 0 0 0 0 0 0 0 0 0 0 0 0 0 0 0 0 0 0 0 0 0 0 0 0 0 0 0 0 0 0 0 0 0 0 0 0 0 0 0 0 0 0 0 0 0 0 0 0 0 0 0 0 0 0 0 0 0 0 0 0 0 0 0 0 0 0 0 0 0 0 0 0 0 0 0 0 0 0 0 0 0 0 0 0 0 0 0 0 0 0 0 0 0 0 0 0 0 0 0 0 0 0 0 0 0 0 0 0 0 0 0 0 0 0 0 0 0 0 0 0 0 0 0 0 0 0 0 0 0 0 0 0 0 0 0 0 0 0 0 0 0 0 0 0 0 0 0 0 0 0 0 0 0 0 0 0 0 0 0 0 0 0 0 0 0 0 0 0 0 0 0 0 0 0 0 0 0 0 0 0 0 0 0 0 0 0 0 0 0 0 0 0 0 0 0 0 0 0 0 0 0 0 0 0 0 0 0 0 0 0 0 0 0 0 0 0 0 0 0 0 0 0 0 0 0 0 0 0 0 0 0 0 0 0 0 0 0 0 0 0 0 0 0 0 0 0 0 0 0 0 0 0 0 0 0 0 0 0 0 0 0 0 0 0 0 0 0 0 0 0 0 0 0 0 0 0 0 0 0 0 0 0 0 0 0 0 0 0 0 0 0 0 0 0 0 0 0 0 0 0 0 0 0 0 0 0 0 0 0 0 0 0 0 0 0 0 0 0 0 0 0 0 0 0 0 0 0 0 0 0 0 0 0 0 0 0 0 0 0 0 0 0 0 0 0 0 0 0 0 0 0 0 0 0 0 0 0 0 0 0 0 0 0 0 0 0 0 0 0 0 0 0 0 0 0 0 0 0 0 0 0 0 0 0 0 0 0 0 0 0 0 0 0 0 0 0 0 0 0 0 0 0 0 0 0 0 0 0 0 0 0 0 0 0 0 0 0 0 0 0 0 0 0 0 0 0 0 0 0 0 0 0 0 0 0 0 0 0 0 0 0 0 0 0 0 0 0 0 0 0 0 0 0 0 0 0 0 0 0 0 0 0 0 0 0 0 0 0 0 0 0 0 0 0 0 0 0 0 0 0 0 0 0 0 0 0 0 0 0 0 0 0 0 0 0 0 0 0 0 0 0 0 0 0 0 0 0 0 0 0 0 0 0 0 0 0 0 0 0 0 0 0 0 0 0 0 0 0 0 0 0 0 0 0 0 0 0 0 0 0 0 0 0 0 0 0 0 0 0 0 0 0 0 0 0 0 0 0 0 0 0 0 0 0 0 0 0 0 0 0 0 0 0 0 0 0 0 0 0 0 0 0 0 0 0 0 0 0 0 0 0 0 0 0 0 0 0 0 0 0 0 0 0 0 0 0 0 0 0 0 0 0 0 0 0 0 0 0 0 0 0 0 0 0 0 0 0 0 0 0 0 0 0 0 0 0 0 0 0 0 0 0 0 0 0 0 0 0 0 0 0 0 0 0 0 0 0 0 0 0 0 0 0 0 0 0 0 0 0 0 0 0 0 0 0 0 0 0 0 0 0 0 0 0 0 0 0 0 0 0 0 0 0 0 0 0 0 0 0 0 0 0 0 0 0 0 0 0 0 0 0 0 0 0 0 0 0 0 0 0 0 0 0 0 0 0 0 0 0 0 0 0 0 0 0 0 0 0 0 0 0 0 0 0 0 0 0 0 0 0 0 0 0 0 0 0 0 0 0 0 0 0 0 0 0 0 0 0 0 0 0 0 0 0 0 0 0 0 0 0 0 0 0 0 0 0 0 0 0 0 0 0 0 0 0 0 0 0 0 0 0 0 0 0 0 0 0 0 0 0 0 0 0 0 0 0 0 0 0 0 0 0 0 0 0 0 0 0 0 0 0 0 0 0 0 0 0 0 0 0 0 0 0 0 0 0 0 0 0 0 0 0 0 0 0 0 0 0 0 0 0 0 0 0 0 0 0 0 0 0 0 0 0 0 0 0 0 0 0 0 0 0 0 0 0 0 0 0 0 0 0 0 0 0 0 0 0 0 0 0 0 0 0 0 0 0 0 0 0 0 0 0 0 0 0 0 0 0 0 0 0 0 0 0 0 0 0 0 0 0 0 0 0 0 0 0 0 0 0 0 0 0 0 0 0 0 0 0 0 0 0 0 0 0 0 0 0 0 0 0 0 0 0 0 0 0 0 0 0 0 0 0 0 0 0 0 0 0 0 0 0 0 0 0 0 0 0 0 0 0 0 0 0 0 0 0 0 0 0 0 0 0 0 0 0 0 0 0 0 0 0 0 0 0 0 0 0 0 0 0 0 0 0 0 0 0 0 0 0 0 0 0 0 0 0 0 0 0 0 0 0 0 0 0 0 0 0 0 0 0 0 0 0 0 0 0 0 0 0 0 0 0 0 0 0 0 0 0 0 0 0 0 0 0 0 0 0 0 0 0 0 0 0 0 0 0 0 0 0 0 0 0 0 0 0 0 0 0 0 0 0 0 0 0 0 0 0 0 0 0 0 0 0 0 0 0 0 0 0 0 0 0 0 0 0 0 0 0 0 0 0 0 0 0 0 0 0 0 0 0 0 0 0 0 0 0 0 0 0 0 0 0 0 0 0 0 0 0 0 0 0 0 0 0 0 0 0 0 0 0 0 0 0 0 0 0 0 0 0 0 0 0 0 0 0 0 0 0 0 0 0 0 0 0 0 0 0 0 0 0 0 0 0 0 0 0 0 0 0 0 0 0 0 0 0 0 0 0 0 0 0 0 0 0 0 0 0 0 0 0 0 0 0 0 0 0 0 0 0 0 0 0 0 0 0 0 0 0 0 0 0 0 0 0 0 0 0 0 0 0 0 0 0 0 0 0 0 0 0 0 0 0 0 0 0 0 0 0 0 0 0 0 0 0 0 0 0 0 0 0 0 0 0 0 0 0 0 0 0 0 0 0 0 0 0 0 0 0 0 0 0 0 0 0 0 0 0 0 0 0 0 0 0 0 0 0 0 0 0 0 0 0 0 0 0 0 0 0 0 0 0 0 0 0 0 0 0 0 0 0 0 0 0 0 0 0 0 0 0 0 0 0 0 0 0 0 0 0 0 0 0 0 0 0 0 0 0 0 0 0 0 0 0 0 0 0 0 0 0 0 0 0 0 0 0 0 0 0 0 0 0 0 0 0 0 0 0 0 0 0 0 0 0 0 0 0 0 0 0 0 0 0 0 0 0 0 0 0 0 0 0 0 0 0 0 0 0 0 0 0 0 0 0 0 0 0 0 0 0 0 0 0 0 0 0 0 0 0 0 0 0 0 0 0 0 0 0 0 0 0 0 0 0 0 0 0 0 0 0 0 0 0 0 0 0 0 0 0 0 0 0 0 0 0 0 0 0 0 0 0 0 0 0 0 0 0 0 0 0 0 0 0 0 0 0 0 0 0 0 0 0 0 0 0 0 0 0 0 0 0 0 0 0 0 0 0 0 0 0 0 0 0 0 0 0 0 0 0 0 0 0 0 0 0 0 0 0 0 0 0 0 0 0 0 0 0 0 0 0 0 0 0 0 0 0 0 0 0 0 0 0 0 0 0 0 0 0 0 0 0 0 0 0 0 0 0 0 0 0 0 0 0 0 0 0 0 0 0 0 0 0 0 0 0 0 0 0 0 0 0 0 0 0 0 0 0 0 0 0 0 0 0 0 0 0 0 0 0 0 0 0 0 0 0 0 0 0 0 0 0 0 0 0 0 0 0 0 0 0 0 0 0 0 0 0 0 0 0 0 0 0 0 0 0 0 0 0 0 0 0 0 0 0 0 0 0 0 0 0 0 0 0 0 0 0 0 0 0 0 0 0 0 0 0 0 0 0 0 0 0 0 0 0 0 0 0 0 0 0 0 0 0 0 0 0 0 0 0 0 0 0 0 0 0 0 0 0 0 0 0 0 0 0 0 0 0 0 0 0 0 0 0 0 0 0 0 0 0 0 0 0 0 0 0 0 0 0 0 0 0 0 0 0 0 0 0 0 0 0 0 0 0 0 0 0 0 0 0 0 0 0 0 0 0 0 0 0 0 0 0 0 0 0 0 0 0 0 0 0 0 0 0 0 0 0 0 0 0 0 0 0 0 0 0 0 0 0 0 0 0 0 0 0 0 0 0 0 0 0 0 0 0 0 0 0 0 0 0 0 0 0 0 0 0 0 0 0 0 0 0 0 0 0 0 0 0 0 0 0 0 0 0 0 0 0 0 0 0 0 0 0 0 0 0 0 0 0 0 0 0 0 0 0 0 0 0 0 0 0 0 0 0 0 0 0 0 0 0 0 0 0 0 0 0 0 0 0 0 0 0 0 0 0 0 0 0 0 0 0 0 0 0 0 0 0 0 0 0 0 0 0 0 0 0 0 0 0 0 0 0</v>
        </vertex_weights>
      </skin>
    </controller>
    <controller id="geom-Body_Mdl__m_screen-skin1">
      <skin source="#geom-Body_Mdl__m_screen">
        <bind_shape_matrix>1 0 0 0 0 1 0 0 0 0 1 0 0 0 0 1</bind_shape_matrix>
        <source id="geom-Body_Mdl__m_screen-skin1-joints">
          <Name_array id="geom-Body_Mdl__m_screen-skin1-joints-array" count="1">joint0</Name_array>
          <technique_common>
            <accessor source="#geom-Body_Mdl__m_screen-skin1-joints-array" count="1" stride="1">
              <param name="JOINT" type="name"/>
            </accessor>
          </technique_common>
        </source>
        <source id="geom-Body_Mdl__m_screen-skin1-bind_poses">
          <float_array id="geom-Body_Mdl__m_screen-skin1-bind_poses-array" count="16">1 0 0 0 0 0 1 0 0 -1 0 0 0 0 0 1</float_array>
          <technique_common>
            <accessor source="#geom-Body_Mdl__m_screen-skin1-bind_poses-array" count="1" stride="16">
              <param name="TRANSFORM" type="float4x4"/>
            </accessor>
          </technique_common>
        </source>
        <source id="geom-Body_Mdl__m_screen-skin1-weights">
          <float_array id="geom-Body_Mdl__m_screen-skin1-weights-array" count="1">1</float_array>
          <technique_common>
            <accessor source="#geom-Body_Mdl__m_screen-skin1-weights-array" count="1" stride="1">
              <param name="WEIGHT" type="float"/>
            </accessor>
          </technique_common>
        </source>
        <joints>
          <input semantic="JOINT" source="#geom-Body_Mdl__m_screen-skin1-joints"/>
          <input semantic="INV_BIND_MATRIX" source="#geom-Body_Mdl__m_screen-skin1-bind_poses"/>
        </joints>
        <vertex_weights count="43">
          <input semantic="JOINT" source="#geom-Body_Mdl__m_screen-skin1-joints" offset="0"/>
          <input semantic="WEIGHT" source="#geom-Body_Mdl__m_screen-skin1-weights" offset="1"/>
          <vcount>1 1 1 1 1 1 1 1 1 1 1 1 1 1 1 1 1 1 1 1 1 1 1 1 1 1 1 1 1 1 1 1 1 1 1 1 1 1 1 1 1 1 1</vcount>
          <v>0 0 0 0 0 0 0 0 0 0 0 0 0 0 0 0 0 0 0 0 0 0 0 0 0 0 0 0 0 0 0 0 0 0 0 0 0 0 0 0 0 0 0 0 0 0 0 0 0 0 0 0 0 0 0 0 0 0 0 0 0 0 0 0 0 0 0 0 0 0 0 0 0 0 0 0 0 0 0 0 0 0 0 0 0 0</v>
        </vertex_weights>
      </skin>
    </controller>
  </library_controllers>
  <library_lights>
    <light id="EnvironmentAmbientLight" name="EnvironmentAmbientLight">
      <technique_common>
        <ambient>
          <color>0 0 0</color>
        </ambient>
      </technique_common>
    </light>
  </library_lights>
  <library_images>
    <image id="m_obj_staffrolltv_alb_png">
      <init_from>./images/m_obj_staffrolltv_alb.png</init_from>
    </image>
    <image id="m_obj_staffrolltv_nrm_png">
      <init_from>./images/m_obj_staffrolltv_nrm.png</init_from>
    </image>
    <image id="m_obj_staffrolltv_rgh_png">
      <init_from>./images/m_obj_staffrolltv_rgh.png</init_from>
    </image>
    <image id="m_screen_alb_00_png">
      <init_from>./images/m_screen_alb.00.png</init_from>
    </image>
    <image id="m_screen_nrm_png">
      <init_from>./images/m_screen_nrm.png</init_from>
    </image>
  </library_images>
  <library_visual_scenes>
    <visual_scene id="MaxScene">
      <node name="EnvironmentAmbientLight">
        <instance_light url="#EnvironmentAmbientLight"/>
      </node>
      <node id="node-Obj_StaffRollTV" name="Obj_StaffRollTV" sid="joint0" type="JOINT">
        <rotate>-1 0 0 -90</rotate>
        <extra>
          <technique profile="OpenCOLLADA">
            <cast_shadows sid="cast_shadows" type="bool">1</cast_shadows>
            <receive_shadows sid="receive_shadows" type="bool">1</receive_shadows>
            <primary_visibility sid="primary_visibility" type="bool">1</primary_visibility>
            <secondary_visibility sid="secondary_visibility" type="bool">1</secondary_visibility>
          </technique>
        </extra>
      </node>
      <node id="node-Body_Mdl__m_obj_staffrolltv" name="Body_Mdl__m_obj_staffrolltv">
        <instance_controller url="#geom-Body_Mdl__m_obj_staffrolltv-skin1">
          <skeleton>#node-Obj_StaffRollTV</skeleton>
          <bind_material>
            <technique_common>
              <instance_material symbol="m_obj_staffrolltv" target="#m_obj_staffrolltv-material">
                <bind_vertex_input semantic="CHANNEL1" input_semantic="TEXCOORD" input_set="0"/>
                <bind_vertex_input semantic="CHANNEL1" input_semantic="TEXCOORD" input_set="0"/>
                <bind_vertex_input semantic="CHANNEL1" input_semantic="TEXCOORD" input_set="0"/>
                <bind_vertex_input semantic="CHANNEL1" input_semantic="TEXCOORD" input_set="0"/>
              </instance_material>
            </technique_common>
          </bind_material>
        </instance_controller>
        <extra>
          <technique profile="OpenCOLLADA">
            <cast_shadows sid="cast_shadows" type="bool">1</cast_shadows>
            <receive_shadows sid="receive_shadows" type="bool">1</receive_shadows>
            <primary_visibility sid="primary_visibility" type="bool">1</primary_visibility>
            <secondary_visibility sid="secondary_visibility" type="bool">1</secondary_visibility>
          </technique>
        </extra>
      </node>
      <node id="node-Body_Mdl__m_screen" name="Body_Mdl__m_screen">
        <instance_controller url="#geom-Body_Mdl__m_screen-skin1">
          <skeleton>#node-Obj_StaffRollTV</skeleton>
          <bind_material>
            <technique_common>
              <instance_material symbol="m_screen" target="#m_screen-material">
                <bind_vertex_input semantic="CHANNEL1" input_semantic="TEXCOORD" input_set="0"/>
                <bind_vertex_input semantic="CHANNEL1" input_semantic="TEXCOORD" input_set="0"/>
                <bind_vertex_input semantic="CHANNEL1" input_semantic="TEXCOORD" input_set="0"/>
              </instance_material>
            </technique_common>
          </bind_material>
        </instance_controller>
        <extra>
          <technique profile="OpenCOLLADA">
            <cast_shadows sid="cast_shadows" type="bool">1</cast_shadows>
            <receive_shadows sid="receive_shadows" type="bool">1</receive_shadows>
            <primary_visibility sid="primary_visibility" type="bool">1</primary_visibility>
            <secondary_visibility sid="secondary_visibility" type="bool">1</secondary_visibility>
          </technique>
        </extra>
      </node>
    </visual_scene>
  </library_visual_scenes>
  <scene>
    <instance_visual_scene url="#MaxScene"/>
  </scene>
</COLLADA>