<?xml version="1.0" encoding="utf-8"?>
<COLLADA xmlns="http://www.collada.org/2005/11/COLLADASchema" version="1.4.1" xmlns:xsi="http://www.w3.org/2001/XMLSchema-instance">
  <asset>
    <contributor>
      <author>Centrixe</author>
      <authoring_tool>OpenCOLLADA for 3ds Max;  Version: 1.6;  Revision: 68</authoring_tool>
    </contributor>
    <created>2022-09-23T22:25:22</created>
    <modified>2022-09-23T22:25:22</modified>
    <unit name="inch" meter="0.0254"/>
    <up_axis>Z_UP</up_axis>
  </asset>
  <library_effects>
    <effect id="colorsample">
      <profile_COMMON>
        <newparam sid="colorsample_alb_png-surface">
          <surface type="2D">
            <init_from>colorsample_alb_png</init_from>
          </surface>
        </newparam>
        <newparam sid="colorsample_alb_png-sampler">
          <sampler2D>
            <source>colorsample_alb_png-surface</source>
          </sampler2D>
        </newparam>
        <technique sid="common">
          <blinn>
            <emission>
              <color>0 0 0 1</color>
            </emission>
            <ambient>
              <color>0.588 0.588 0.588 1</color>
            </ambient>
            <diffuse>
              <texture texture="colorsample_alb_png-sampler" texcoord="CHANNEL1"/>
            </diffuse>
            <specular>
              <color>0 0 0 1</color>
            </specular>
            <shininess>
              <float>10</float>
            </shininess>
            <reflective>
              <color>0 0 0 1</color>
            </reflective>
            <transparent opaque="A_ONE">
              <texture texture="colorsample_alb_png-sampler" texcoord="CHANNEL1"/>
            </transparent>
            <transparency>
              <float>1</float>
            </transparency>
          </blinn>
        </technique>
      </profile_COMMON>
      <extra>
        <technique profile="OpenCOLLADA3dsMax">
          <extended_shader>
            <opacity_type sid="opacity_type" type="int">0</opacity_type>
            <falloff_type sid="falloff_type" type="int">0</falloff_type>
            <falloff sid="falloff" type="float">0</falloff>
            <index_of_refraction sid="index_of_refraction" type="float">1.5</index_of_refraction>
            <wire_size sid="wire_size" type="float">1</wire_size>
            <wire_units sid="wire_units" type="int">0</wire_units>
            <apply_reflection_dimming sid="apply_reflection_dimming" type="bool">0</apply_reflection_dimming>
            <dim_level sid="dim_level" type="float">0</dim_level>
            <reflection_level sid="reflection_level" type="float">3</reflection_level>
          </extended_shader>
          <shader>
            <ambient_diffuse_texture_lock sid="ambient_diffuse_texture_lock" type="bool">1</ambient_diffuse_texture_lock>
            <ambient_diffuse_lock sid="ambient_diffuse_lock" type="bool">1</ambient_diffuse_lock>
            <diffuse_specular_lock sid="diffuse_specular_lock" type="bool">0</diffuse_specular_lock>
            <use_self_illum_color sid="use_self_illum_color" type="bool">0</use_self_illum_color>
            <self_illumination sid="self_illumination" type="float">0</self_illumination>
            <specular_level sid="specular_level" type="float">0</specular_level>
            <soften sid="soften" type="float">0.1</soften>
          </shader>
        </technique>
      </extra>
    </effect>
  </library_effects>
  <library_materials>
    <material id="colorsample-material" name="colorsample">
      <instance_effect url="#colorsample"/>
    </material>
  </library_materials>
  <library_geometries>
    <geometry id="geom-AccessoryB1__colorsample" name="AccessoryB1__colorsample">
      <mesh>
        <source id="geom-AccessoryB1__colorsample-positions">
          <float_array id="geom-AccessoryB1__colorsample-positions-array" count="21333">0.7365049 -0.7265819 0.2259821 0.736505 -0.5031096 0.2259821 0.7765 -0.5812203 0.2260701 0.7765 -0.5812203 0.2260701 0.736505 -0.5031096 0.2259821 0.7765 -0.5031096 0.2261583 1.204252 -0.7265845 0.2259821 1.164257 -0.5812204 0.2260701 1.204252 -0.5031096 0.2259821 1.204252 -0.5031096 0.2259821 1.164257 -0.5812204 0.2260701 1.164257 -0.5031096 0.2261583 1.24981 -0.4578791 0.7302577 1.204252 -0.5031097 0.7302577 1.164257 -0.5031097 0.7302577 0.2985229 -0.617496 0.7302577 0.3344781 -0.6599534 0.7302577 0.2819793 -0.6337674 0.7302577 0.3344781 -0.6599533 0.8727577 0.2985229 -0.6174961 0.8727577 0.2819793 -0.6337673 0.8727577 -0.7365049 -0.7265819 0.2259821 -0.7765 -0.5812203 0.2260701 -0.736505 -0.5031096 0.2259821 -0.7765 -0.5812203 0.2260701 -0.7765 -0.5031096 0.2261583 -0.736505 -0.5031096 0.2259821 -1.204252 -0.7265845 0.2259821 -1.204252 -0.5031096 0.2259821 -1.164257 -0.5812204 0.2260701 -1.204252 -0.5031096 0.2259821 -1.164257 -0.5031096 0.2261583 -1.164257 -0.5812204 0.2260701 -1.24981 -0.4578791 0.7302577 -1.164257 -0.5031097 0.7302577 -1.204252 -0.5031097 0.7302577 -0.2985229 -0.617496 0.7302577 -0.2819793 -0.6337674 0.7302577 -0.3344781 -0.6599534 0.7302577 -0.3344781 -0.6599533 0.8727577 -0.2819793 -0.6337673 0.8727577 -0.2985229 -0.6174961 0.8727577 -1.130103 -0.4190249 1.990523 -1.166682 -0.454743 1.898238 -1.203015 -0.4900053 2.041061 -1.203015 -0.4900053 2.041061 -1.166682 -0.454743 1.898238 -1.251551 -0.5360863 2.002317 -1.166682 -0.454743 1.898238 -1.251551 -0.5360863 1.898106 -1.251551 -0.5360863 2.002317 -0.8737471 -0.9430189 2.276435 -1.07262 -0.9430184 2.276435 -0.973177 -0.95649 2.276435 -1.07262 -0.9430184 1.898106 -0.8737471 -0.9430189 1.898106 -0.9731772 -0.9564903 1.898106 -1.251551 -0.5360863 2.276435 -1.13639 -0.4831939 2.276304 -1.166681 -0.4547429 2.276435 -1.130103 -0.4190249 2.184167 -1.203015 -0.4900053 2.133451 -1.166681 -0.4547429 2.276435 -1.203015 -0.4900053 2.133451 -1.251551 -0.5360863 2.172195 -1.166681 -0.4547429 2.276435 -1.251551 -0.5360863 2.172195 -1.251551 -0.5360863 2.276435 -1.166681 -0.4547429 2.276435 -1.13639 -0.483194 1.898369 -0.8114718 -0.4831939 2.002436 -0.7937071 -0.4410955 1.898239 -0.8114719 -0.4831939 2.172255 -1.13639 -0.4831939 2.276304 -0.7937071 -0.4410954 2.276435 0.242964 -0.6949623 3.520347 0.242964 -0.6171732 3.029617 0.242964 -0.553092 3.501162 0.242964 -0.553092 3.501162 0.242964 -0.6171732 3.029617 0.242964 -0.4477067 3.450824 -0.242964 -0.6949623 3.520347 -0.242964 -0.553092 3.501162 -0.242964 -0.6171732 3.029617 -0.242964 -0.553092 3.501162 -0.242964 -0.4477067 3.450824 -0.242964 -0.6171732 3.029617 0.1573784 -1.059573 3.278511 0.1347921 -1.069769 3.256153 0.2433373 -1.11567 3.155066 -0.1573337 -1.059834 3.278585 -0.2429736 -1.059854 3.278716 -0.2408268 -1.115277 3.156923 -0.1573337 -1.059834 3.278585 -0.2408268 -1.115277 3.156923 -0.1346746 -1.070261 3.255624 -0.1346746 -1.070261 3.255624 -0.2408268 -1.115277 3.156923 -0.104705 -1.076778 3.241243 -0.2408268 -1.115277 3.156923 -0.04490146 -1.082245 3.229107 -0.104705 -1.076778 3.241243 0.04481636 -1.082224 3.228969 0.2433373 -1.11567 3.155066 0.1046947 -1.076247 3.24198 0.2433373 -1.11567 3.155066 0.1347921 -1.069769 3.256153 0.1046947 -1.076247 3.24198 -0.242964 0.5435119 3.450824 -0.165 0.5435119 3.450824 -0.242964 0.5836463 3.500181 0.242964 0.5435119 3.450824 0.242964 0.5836463 3.500181 0.165 0.5435119 3.450824 0.2433373 -1.11567 3.155066 0.242954 -1.059478 3.278546 0.1573784 -1.059573 3.278511 0.1351141 -1.026142 3.234406 0.1575 -1.042863 3.270909 0.1576141 -1.015851 3.257856 -0.1575 -1.042863 3.270909 -0.1348859 -1.026142 3.233716 -0.1573859 -1.015851 3.257856 -0.1575 -1.042863 3.270909 -0.1573337 -1.059834 3.278585 -0.1346746 -1.070261 3.255624 -1.122187 -0.6192796 2.456158 -0.7749007 -0.6192796 2.269577 -0.7749007 -0.6192796 2.456158 -1.122187 0.7607205 2.456158 -0.8895449 0.7607204 1.129019 -1.002487 0.7607204 0.6714888 -0.6209286 0.7019184 0.5006886 -0.6209286 0.7019184 0.6519531 -0.5821064 0.7019184 0.5757725 0.7365049 -0.7265819 0.2259821 0.7765 -0.5812203 0.2260701 0.7765 -0.7117893 0.2259821 0.7913002 -0.7701793 0.2259831 0.7365049 -0.7265819 0.2259821 0.7515651 -0.7943239 0.2259834 1.164257 -0.5812204 0.2260701 1.204252 -0.7265845 0.2259821 1.164257 -0.7117893 0.2259821 1.149434 -0.7701824 0.2259809 1.204252 -0.7265845 0.2259821 1.18917 -0.7943287 0.2259807 0.736505 -0.4578791 0.7302577 0.7765 -0.5031097 0.7302577 0.736505 -0.5031097 0.7302577 0.736505 -0.4578791 0.7302577 1.164257 -0.5031097 0.7302577 1.24981 -0.4578791 0.7302577 -0.7365049 -0.7265819 0.2259821 -0.7765 -0.7117893 0.2259821 -0.7765 -0.5812203 0.2260701 -0.7365049 -0.7265819 0.2259821 -0.7913002 -0.7701793 0.2259831 -0.7515651 -0.7943239 0.2259834 -1.164257 -0.5812204 0.2260701 -1.164257 -0.7117893 0.2259821 -1.204252 -0.7265845 0.2259821 -1.204252 -0.7265845 0.2259821 -1.149434 -0.7701824 0.2259809 -1.18917 -0.7943287 0.2259807 -0.736505 -0.4578791 0.7302577 -0.736505 -0.5031097 0.7302577 -0.7765 -0.5031097 0.7302577 -1.164257 -0.5031097 0.7302577 -0.736505 -0.4578791 0.7302577 -1.24981 -0.4578791 0.7302577 0.8841898 -0.9034774 1.898106 1.062051 -0.903477 1.898106 0.9731247 -0.9147527 1.898106 1.142057 -0.8766203 1.898106 0.8841898 -0.9034774 1.898106 0.8041747 -0.8766208 1.898106 1.187613 -0.8083375 1.898106 0.7586442 -0.8083327 1.898106 0.7373948 -0.7400484 1.898106 1.208887 -0.7400508 1.898106 1.208887 -0.5528123 1.898106 0.7373949 -0.5528123 1.898106 0.8114518 -0.4817079 1.898239 1.13483 -0.4817079 1.898239 0.5318424 -0.6192796 0.5933226 0.4928793 -0.6192795 0.4848014 1.122187 -0.6192796 0.2172577 0.4105639 -0.6192796 0.3883975 1.122187 -0.6192796 0.2172577 0.3059283 -0.6192796 0.3242201 0.1540487 -0.6192796 0.276983 0.5318424 -0.6192795 1.328758 0.5318424 -0.6192796 0.5933226 0 -0.6192795 0.2633778 -1.122187 -0.6192796 0.2172577 -0.1540487 -0.6192796 0.276983 -0.3059283 -0.6192796 0.3242201 -0.4105639 -0.6192796 0.3883975 -0.4928793 -0.6192795 0.4848014 -0.5318424 -0.6192796 0.5933226 -1.122187 -0.6192796 0.2172577 -0.5318424 -0.6192795 1.328758 -0.5318424 -0.6192796 0.5933226 -1.13639 -0.483194 1.898369 -1.251551 -0.5360863 1.898106 -1.166682 -0.454743 1.898238 -0.694772 -0.5360863 1.898106 -1.13639 -0.483194 1.898369 -0.7937071 -0.4410955 1.898239 -1.251551 -0.7490408 1.898106 -0.694772 -0.7490499 1.898106 0.1575 -1.042863 3.270909 0.1351141 -1.026142 3.234406 0.1347921 -1.069769 3.256153 0.1573784 -1.059573 3.278511 0.1575 -1.042863 3.270909 0.1046947 -1.076247 3.24198 0.1351141 -1.026142 3.234406 0.1051141 -1.032021 3.221314 0.04481636 -1.082224 3.228969 0.1051141 -1.032021 3.221314 0.04511414 -1.037331 3.207602 0.04481636 -1.082224 3.228969 -0.04488586 -1.037331 3.207547 -0.04490146 -1.082245 3.229107 0.7749007 -0.6192796 2.456158 0.7749007 -0.6192796 2.269577 1.122187 -0.6192796 2.456158 1.122187 -0.6192796 0.2172577 0.5318424 -0.6192795 1.328758 0.7749007 -0.6192796 2.269577 0.6722099 -0.6192796 2.269221 0.6722099 -0.6192796 2.456158 -0.6722099 -0.6192796 2.456158 -0.6722099 -0.6192796 2.269221 -0.5318424 -0.6192795 1.328758 0.5318424 -0.6192795 1.328758 -0.7749007 -0.6192796 2.269577 -0.5318424 -0.6192795 1.328758 -1.122187 -0.6192796 2.456158 -1.122187 -0.6192796 0.2172577 -0.8895449 0.7607204 1.129019 -0.6732429 0.7607204 0.6714888 -1.002487 0.7607204 0.6714888 -0.6732429 0.7607204 0.6714888 -0.6209286 0.7607204 0.651953 0.8895449 0.7607204 1.129019 -0.5821064 0.7607204 0.5757725 1.122187 0.7607204 0.2172577 -0.6209286 0.7607204 0.5006886 -0.6732429 0.7607204 0.4793038 -1.122187 0.7607204 0.2172577 -1.002487 0.7607204 0.4793038 0.345327 -0.6092224 1.607296 0.345327 -0.6092224 1.673706 0.2802688 -0.6876843 1.607296 0.2802688 -0.6876843 1.673706 0.2802688 -0.6876843 1.607296 0.2802688 -0.6876843 1.673706 0.1356104 -0.6876843 1.607296 0.1356104 -0.6876843 1.673706 0.1356104 -0.6876843 1.607296 0.1356104 -0.6876843 1.673706 0.07055225 -0.6092224 1.607296 0.07055225 -0.6092224 1.673706 0.345327 -0.6092224 1.673706 0.07055225 -0.6092224 1.673706 0.2802688 -0.6876843 1.673706 0.1356104 -0.6876843 1.673706 0.07055225 -0.6092224 1.607296 0.345327 -0.6092224 1.607296 0.1356104 -0.6876843 1.607296 0.2802688 -0.6876843 1.607296 -0.1326126 -0.6092224 1.616795 -0.1326126 -0.6092225 1.683205 -0.1976708 -0.6876844 1.616795 -0.1976708 -0.6876844 1.683205 -0.1976708 -0.6876844 1.616795 -0.1976708 -0.6876844 1.683205 -0.3423293 -0.6876844 1.616795 -0.3423293 -0.6876844 1.683205 -0.3423293 -0.6876844 1.616795 -0.3423293 -0.6876844 1.683205 -0.4073873 -0.6092224 1.616795 -0.4073873 -0.6092225 1.683205 -0.1326126 -0.6092225 1.683205 -0.4073873 -0.6092225 1.683205 -0.1976708 -0.6876844 1.683205 -0.3423293 -0.6876844 1.683205 -0.4073873 -0.6092224 1.616795 -0.1326126 -0.6092224 1.616795 -0.3423293 -0.6876844 1.616795 -0.1976708 -0.6876844 1.616795 0.3263966 -0.613746 1.859054 0.4738835 -0.613746 1.859054 0.3263966 -0.8614784 1.953239 0.4738835 -0.8614784 1.953239 0.3263966 -0.6137462 2.319988 0.3263966 -0.686218 2.319988 0.4738835 -0.6137462 2.319988 0.4738835 -0.686218 2.319988 -0.4738835 -0.613746 1.859054 -0.3263966 -0.613746 1.859054 -0.4738835 -0.8614784 1.953239 -0.3263966 -0.8614784 1.953239 -0.4738835 -0.6137462 2.319988 -0.4738835 -0.686218 2.319988 -0.3263966 -0.6137462 2.319988 -0.3263966 -0.686218 2.319988 -0.03261563 -0.613746 1.859054 0.03261563 -0.613746 1.859054 -0.03261563 -0.8614784 1.953239 0.03261563 -0.8614784 1.953239 -0.03261563 -0.7657666 2.079998 -0.03261563 -0.8614784 1.953239 0.03261563 -0.7657664 2.079999 0.03261563 -0.8614784 1.953239 -0.03261563 -0.7230823 2.176408 -0.03261563 -0.7657666 2.079998 0.03261563 -0.7230821 2.176408 0.03261563 -0.7657664 2.079999 -0.03261563 -0.686218 2.319988 -0.03261563 -0.7230823 2.176408 0.03261563 -0.686218 2.319988 0.03261563 -0.7230821 2.176408 -0.03261563 -0.6137462 2.319988 -0.03261563 -0.686218 2.319988 0.03261563 -0.6137462 2.319988 0.03261563 -0.686218 2.319988 -1.123092 0.7157137 2.456152 -1.115862 0.7157137 2.601627 -1.167981 0.7157137 2.458694 -1.160616 0.7157137 2.608767 1.123517 0.7157136 1.764282 1.168405 0.7157137 1.764285 1.123092 0.7157137 2.456152 1.167981 0.7157137 2.458694 1.167075 0.8601395 0.2172577 1.167075 0.7157137 0.2172577 1.122187 0.7607101 0.2172577 1.122187 0.7157137 0.2172577 1.167075 0.8601395 0.2172577 1.122187 0.7607101 0.2172577 1.002487 0.8601395 0.2172577 1.002487 0.7607101 0.2172577 -1.122187 0.7157137 0.2172577 -1.167075 0.7157137 0.2172577 -1.122187 0.7607101 0.2172577 -1.167075 0.8601395 0.2172577 -1.167075 0.8601395 0.2172577 -1.002487 0.8601395 0.2172577 -1.122187 0.7607101 0.2172577 -1.002487 0.7607101 0.2172577 -1.122187 0.7157137 0.2172577 -1.123092 0.7157137 2.456152 -1.167075 0.7157137 0.2172577 -1.167981 0.7157137 2.458694 -1.167981 0.8601395 2.458694 -1.003389 0.8601395 2.449379 -1.167075 0.8601395 0.2172577 -1.002487 0.8601395 0.2172577 0.4527617 0.7157137 3.355874 0.695789 0.7157137 3.252573 0.466404 0.7157137 3.397645 0.719276 0.7157137 3.289019 -0.2003372 0.7157137 3.397373 -0.2063739 0.7157137 3.439753 -0.4527622 0.7157137 3.355874 -0.4664041 0.7157137 3.397645 1.115862 0.7157137 2.601627 1.160616 0.7157137 2.608768 1.086536 0.7157137 2.747102 1.130269 0.7157137 2.75884 0.902191 0.7157137 3.096514 1.033064 0.7157137 2.910978 0.9352809 0.7157137 3.126199 1.074019 0.7157137 2.930146 -0.4527622 0.7157137 3.355874 -0.4664041 0.7157137 3.397645 -0.6957891 0.7157137 3.252573 -0.719277 0.7157137 3.289018 -1.086536 0.7157137 2.747102 -1.033064 0.7157137 2.910978 -1.130269 0.7157137 2.75884 -1.074019 0.7157137 2.930146 0 0.7157137 3.409088 0.2003371 0.7157137 3.397373 0 0.7157137 3.452078 0.206373 0.7157137 3.439753 -0.6957891 0.7157137 3.252573 -0.719277 0.7157137 3.289018 -0.9021908 0.7157137 3.096514 -0.9352804 0.7157137 3.126199 0.695789 0.7157137 3.252573 0.902191 0.7157137 3.096514 0.719276 0.7157137 3.289019 0.9352809 0.7157137 3.126199 -1.160616 0.8601395 2.608767 -0.9965187 0.8601395 2.582589 -1.167981 0.8601395 2.458694 -1.003389 0.8601395 2.449379 -1.074019 0.8601396 2.930147 -0.9238518 0.8601395 2.859861 -1.130269 0.8601395 2.758841 -0.969915 0.8601395 2.715798 -0.6331557 0.8601396 3.155387 -0.8139517 0.8601394 3.017354 -0.7192766 0.8601394 3.289019 -0.9352804 0.8601396 3.1262 -0.4163824 0.8601394 3.244486 -0.6331557 0.8601396 3.155387 -0.4664045 0.8601394 3.397645 -0.7192766 0.8601394 3.289019 -0.18424 0.8601394 3.284359 -0.4163824 0.8601394 3.244486 -0.2063731 0.8601394 3.439754 -0.4664045 0.8601394 3.397645 0.2063738 0.8601394 3.439754 0.1842401 0.8601394 3.284359 0 0.8601394 3.452078 0 0.8601396 3.29445 0.7192762 0.8601394 3.289019 0.6331555 0.8601396 3.155387 0.4664035 0.8601394 3.397645 0.4163826 0.8601394 3.244486 0.9352806 0.8601396 3.126199 0.8139517 0.8601396 3.017355 0.7192762 0.8601394 3.289019 0.6331555 0.8601396 3.155387 1.074019 0.8601396 2.930147 0.9238516 0.8601395 2.859861 0.9352806 0.8601396 3.126199 0.8139517 0.8601396 3.017355 0.9965187 0.8601395 2.582588 0.969915 0.8601395 2.715797 1.160616 0.8601395 2.608767 1.130269 0.8601395 2.758841 1.003164 0.8601395 1.764275 1.003389 0.8601395 2.449378 1.167754 0.8601395 1.764284 1.167981 0.8601395 2.458694 0.2003371 0.7157137 3.397373 0.4527617 0.7157137 3.355874 0.206373 0.7157137 3.439753 0.466404 0.7157137 3.397645 0.4664035 0.8601394 3.397645 0.4163826 0.8601394 3.244486 0.2063738 0.8601394 3.439754 0.1842401 0.8601394 3.284359 0 0.7157137 3.409088 0 0.7157137 3.452078 -0.2003372 0.7157137 3.397373 -0.2063739 0.7157137 3.439753 0 0.8601396 3.29445 -0.18424 0.8601394 3.284359 0 0.8601394 3.452078 -0.2063731 0.8601394 3.439754 1.086536 0.7157137 2.747102 1.130269 0.7157137 2.75884 1.033064 0.7157137 2.910978 1.074019 0.7157137 2.930146 0.969915 0.8601395 2.715797 0.9238516 0.8601395 2.859861 1.130269 0.8601395 2.758841 1.074019 0.8601396 2.930147 -0.9021908 0.7157137 3.096514 -0.9352804 0.7157137 3.126199 -1.033064 0.7157137 2.910978 -1.074019 0.7157137 2.930146 -0.8139517 0.8601394 3.017354 -0.9238518 0.8601395 2.859861 -0.9352804 0.8601396 3.1262 -1.074019 0.8601396 2.930147 -1.115862 0.7157137 2.601627 -1.086536 0.7157137 2.747102 -1.160616 0.7157137 2.608767 -1.130269 0.7157137 2.75884 -1.130269 0.8601395 2.758841 -0.969915 0.8601395 2.715798 -1.160616 0.8601395 2.608767 -0.9965187 0.8601395 2.582589 1.123092 0.7157137 2.456152 1.167981 0.7157137 2.458694 1.115862 0.7157137 2.601627 1.160616 0.7157137 2.608768 1.003389 0.8601395 2.449378 0.9965187 0.8601395 2.582588 1.167981 0.8601395 2.458694 1.160616 0.8601395 2.608767 1.168179 0.7157137 1.684174 1.123291 0.7157137 1.684169 1.167075 0.7157137 0.2172577 1.122187 0.7157137 0.2172577 1.167528 0.8601395 1.684173 1.168179 0.7157137 1.684174 1.167075 0.8601395 0.2172577 1.167075 0.7157137 0.2172577 1.167075 0.8601395 0.2172577 1.002487 0.8601395 0.2172577 1.167528 0.8601395 1.684173 1.002938 0.8601395 1.684155 1.287037 0.8601395 1.764284 1.287037 0.7157137 1.764285 1.286811 0.8601395 1.684173 1.286811 0.7157137 1.684174 1.167754 0.8601395 1.764284 1.168405 0.7157137 1.764285 1.287037 0.8601395 1.764284 1.287037 0.7157137 1.764285 1.167528 0.8601395 1.684173 1.286811 0.8601395 1.684173 1.168179 0.7157137 1.684174 1.286811 0.7157137 1.684174 1.167754 0.8601395 1.764284 1.287037 0.8601395 1.764284 1.286811 0.8601395 1.684173 1.167528 0.8601395 1.684173 1.003164 0.8601395 1.764275 1.167754 0.8601395 1.764284 1.002938 0.8601395 1.684155 -0.5985 -0.6798884 1.328758 0.5985 -0.6798884 1.328758 -0.5985 -0.7459705 1.471258 0.5985 -0.7459705 1.471258 -0.5985 -0.7459705 1.471258 0.5985 -0.7459705 1.471258 -0.5985 -0.6136732 1.471258 0.5985 -0.6136732 1.471258 -0.5985 -0.6136733 1.328758 0.5985 -0.6136733 1.328758 -0.5985 -0.6798884 1.328758 0.5985 -0.6798884 1.328758 0.5985 -0.6136733 1.328758 0.5985 -0.6136732 1.471258 0.5985 -0.6798884 1.328758 0.5985 -0.7459705 1.471258 -0.5985 -0.6136733 1.328758 -0.5985 -0.6798884 1.328758 -0.5985 -0.6136732 1.471258 -0.5985 -0.7459705 1.471258 0.7765 -0.5031097 0.7302577 1.164257 -0.5031097 0.7302577 0.7765 -0.5031096 0.2261583 1.164257 -0.5031096 0.2261583 0.7913002 -0.7701793 0.2259831 0.835668 -0.8285724 0.2259821 0.7515651 -0.7943239 0.2259834 0.8027543 -0.8620695 0.2259821 0.8840444 -0.892141 0.2259821 0.835668 -0.8285724 0.2259821 0.9009945 -0.8563699 0.2259821 1.03972 -0.8563697 0.2259821 1.105038 -0.8285724 0.2259821 1.056671 -0.8921406 0.2259821 1.137952 -0.862069 0.2259821 1.18917 -0.7943287 0.2259807 1.105038 -0.8285724 0.2259821 1.149434 -0.7701824 0.2259809 1.164257 -0.5031096 0.2261583 1.164257 -0.5031097 0.7302577 1.204252 -0.5031096 0.2259821 1.204252 -0.5031097 0.7302577 0.2985229 -0.617496 0.7302577 0.2819793 -0.6337674 0.7302577 0.2985229 -0.6174961 0.8727577 0.2819793 -0.6337673 0.8727577 0.736505 -0.4578791 0.7302577 0.736505 -0.457879 0.8727577 1.24981 -0.4578791 0.7302577 1.24981 -0.457879 0.8727577 1.204252 -0.5031097 0.7302577 1.24981 -0.4578791 0.7302577 1.24981 -0.7369502 0.7302577 1.204252 -0.7265844 0.7302577 1.189167 -0.7943287 0.7302563 1.24981 -0.7369502 0.7302577 1.233323 -0.8176561 0.730256 1.189167 -0.7943287 0.7302563 1.173414 -0.8983576 0.7302577 1.137952 -0.8620691 0.7302577 1.204252 -0.7265845 0.8727577 1.24981 -0.7369503 0.8727577 1.204252 -0.5031096 0.8727577 1.24981 -0.457879 0.8727577 1.189166 -0.7943287 0.8727564 1.137952 -0.8620691 0.8727577 1.173414 -0.8983577 0.8727577 1.233322 -0.8176562 0.8727561 1.189166 -0.7943287 0.8727564 1.24981 -0.7369503 0.8727577 1.204252 -0.7265845 0.8727577 1.056671 -0.8921406 0.8727577 1.074934 -0.9322262 0.8727577 1.137952 -0.8620691 0.8727577 1.173414 -0.8983577 0.8727577 1.056671 -0.8921406 0.7302577 1.137952 -0.8620691 0.7302577 1.074934 -0.9322262 0.7302577 1.173414 -0.8983576 0.7302577 0.8840444 -0.8921408 0.8727577 0.8027546 -0.8620695 0.8727577 0.8657787 -0.9322261 0.8727577 0.767287 -0.8983572 0.8727577 0.8840444 -0.892141 0.7302577 0.8657791 -0.9322262 0.7302577 0.8027545 -0.8620696 0.7302577 0.767287 -0.8983574 0.7302577 0.7074029 -0.8176476 0.7302592 0.7515618 -0.7943239 0.730259 0.767287 -0.8983574 0.7302577 0.8027545 -0.8620696 0.7302577 0.8027546 -0.8620695 0.8727577 0.7515608 -0.7943239 0.872759 0.767287 -0.8983572 0.8727577 0.7074021 -0.8176475 0.8727592 0.7515608 -0.7943239 0.872759 0.6909466 -0.7369422 0.8727577 0.7365049 -0.726582 0.8727577 0.736505 -0.617496 0.7302577 0.7365049 -0.7265819 0.7302577 0.6909466 -0.6599534 0.7302577 0.6909466 -0.7369423 0.7302577 0.736505 -0.5031096 0.8727577 1.204252 -0.5031096 0.8727577 0.736505 -0.457879 0.8727577 1.24981 -0.457879 0.8727577 0.7765 -0.5812203 0.2260701 0.7765 -0.5031096 0.2261583 1.164257 -0.5812204 0.2260701 1.164257 -0.5031096 0.2261583 1.164353 -0.5812204 0.04625773 0.7765958 -0.5812203 0.04625773 1.164257 -0.5812204 0.2260701 0.7765 -0.5812203 0.2260701 0.736505 -0.6174961 0.8727577 0.6909466 -0.6599533 0.8727577 0.7365049 -0.726582 0.8727577 0.6909466 -0.7369422 0.8727577 0.736505 -0.6174961 0.8727577 0.736505 -0.617496 0.7302577 0.2985229 -0.6174961 0.8727577 0.2985229 -0.617496 0.7302577 0.736505 -0.617496 0.7302577 0.6909466 -0.6599534 0.7302577 0.2985229 -0.617496 0.7302577 0.3344781 -0.6599534 0.7302577 0.6909466 -0.6599534 0.7302577 0.6909466 -0.6599533 0.8727577 0.3344781 -0.6599534 0.7302577 0.3344781 -0.6599533 0.8727577 0.736505 -0.6174961 0.8727577 0.2985229 -0.6174961 0.8727577 0.6909466 -0.6599533 0.8727577 0.3344781 -0.6599533 0.8727577 0.3344781 -0.7764384 0.7302577 0.3344781 -0.7764384 0.8727577 0.2819793 -0.7764384 0.7302577 0.2819793 -0.7764384 0.8727577 0.3344781 -0.6599534 0.7302577 0.3344781 -0.6599533 0.8727577 0.3344781 -0.7764384 0.7302577 0.3344781 -0.7764384 0.8727577 0.2819793 -0.6337673 0.8727577 0.2819793 -0.7764384 0.8727577 0.3344781 -0.6599533 0.8727577 0.3344781 -0.7764384 0.8727577 0.2819793 -0.6337673 0.8727577 0.2819793 -0.6337674 0.7302577 0.2819793 -0.7764384 0.8727577 0.2819793 -0.7764384 0.7302577 0.2819793 -0.6337674 0.7302577 0.3344781 -0.6599534 0.7302577 0.2819793 -0.7764384 0.7302577 0.3344781 -0.7764384 0.7302577 0.7365049 -0.7265819 0.7302577 0.7515618 -0.7943239 0.730259 0.6909466 -0.7369423 0.7302577 0.7074029 -0.8176476 0.7302592 0.8840444 -0.892141 0.2259821 0.9009945 -0.8563699 0.2259821 0.9703622 -0.8998985 0.2259821 0.9703614 -0.8618536 0.2259821 1.03972 -0.8563697 0.2259821 0.9703622 -0.8998985 0.2259821 1.056671 -0.8921406 0.2259821 0.8657791 -0.9322262 0.7302577 0.8840444 -0.892141 0.7302577 0.9703631 -0.9437814 0.7302577 0.9703622 -0.8998985 0.7302577 1.056671 -0.8921406 0.7302577 0.9703631 -0.9437814 0.7302577 1.074934 -0.9322262 0.7302577 0.8840444 -0.8921408 0.8727577 0.8657787 -0.9322261 0.8727577 0.9703624 -0.9437814 0.8727577 0.9703622 -0.8998985 0.8727577 1.056671 -0.8921406 0.8727577 0.9703624 -0.9437814 0.8727577 1.074934 -0.9322262 0.8727577 0.736505 -0.5031096 0.2259821 0.736505 -0.5031097 0.7302577 0.7765 -0.5031096 0.2261583 0.7765 -0.5031097 0.7302577 -0.7765 -0.5031097 0.7302577 -0.7765 -0.5031096 0.2261583 -1.164257 -0.5031097 0.7302577 -1.164257 -0.5031096 0.2261583 -0.835668 -0.8285724 0.2259821 -0.7913002 -0.7701793 0.2259831 -0.7515651 -0.7943239 0.2259834 -0.8027543 -0.8620695 0.2259821 -0.8840444 -0.892141 0.2259821 -0.835668 -0.8285724 0.2259821 -0.9009945 -0.8563699 0.2259821 -1.105038 -0.8285724 0.2259821 -1.03972 -0.8563697 0.2259821 -1.056671 -0.8921406 0.2259821 -1.137952 -0.862069 0.2259821 -1.18917 -0.7943287 0.2259807 -1.105038 -0.8285724 0.2259821 -1.149434 -0.7701824 0.2259809 -1.164257 -0.5031096 0.2261583 -1.204252 -0.5031096 0.2259821 -1.164257 -0.5031097 0.7302577 -1.204252 -0.5031097 0.7302577 -0.2985229 -0.617496 0.7302577 -0.2985229 -0.6174961 0.8727577 -0.2819793 -0.6337674 0.7302577 -0.2819793 -0.6337673 0.8727577 -0.736505 -0.4578791 0.7302577 -1.24981 -0.4578791 0.7302577 -0.736505 -0.457879 0.8727577 -1.24981 -0.457879 0.8727577 -1.24981 -0.7369502 0.7302577 -1.24981 -0.4578791 0.7302577 -1.204252 -0.5031097 0.7302577 -1.204252 -0.7265844 0.7302577 -1.24981 -0.7369502 0.7302577 -1.189167 -0.7943287 0.7302563 -1.233323 -0.8176561 0.730256 -1.173414 -0.8983576 0.7302577 -1.189167 -0.7943287 0.7302563 -1.137952 -0.8620691 0.7302577 -1.24981 -0.457879 0.8727577 -1.24981 -0.7369503 0.8727577 -1.204252 -0.5031096 0.8727577 -1.204252 -0.7265845 0.8727577 -1.173414 -0.8983577 0.8727577 -1.137952 -0.8620691 0.8727577 -1.189166 -0.7943287 0.8727564 -1.233322 -0.8176562 0.8727561 -1.24981 -0.7369503 0.8727577 -1.189166 -0.7943287 0.8727564 -1.204252 -0.7265845 0.8727577 -1.173414 -0.8983577 0.8727577 -1.074934 -0.9322262 0.8727577 -1.137952 -0.8620691 0.8727577 -1.056671 -0.8921406 0.8727577 -1.173414 -0.8983576 0.7302577 -1.137952 -0.8620691 0.7302577 -1.074934 -0.9322262 0.7302577 -1.056671 -0.8921406 0.7302577 -0.767287 -0.8983572 0.8727577 -0.8027546 -0.8620695 0.8727577 -0.8657787 -0.9322261 0.8727577 -0.8840444 -0.8921408 0.8727577 -0.767287 -0.8983574 0.7302577 -0.8657791 -0.9322262 0.7302577 -0.8027545 -0.8620696 0.7302577 -0.8840444 -0.892141 0.7302577 -0.7074029 -0.8176476 0.7302592 -0.767287 -0.8983574 0.7302577 -0.7515618 -0.7943239 0.730259 -0.8027545 -0.8620696 0.7302577 -0.8027546 -0.8620695 0.8727577 -0.767287 -0.8983572 0.8727577 -0.7515608 -0.7943239 0.872759 -0.7074021 -0.8176475 0.8727592 -0.6909466 -0.7369422 0.8727577 -0.7515608 -0.7943239 0.872759 -0.7365049 -0.726582 0.8727577 -0.736505 -0.617496 0.7302577 -0.6909466 -0.6599534 0.7302577 -0.7365049 -0.7265819 0.7302577 -0.6909466 -0.7369423 0.7302577 -1.24981 -0.457879 0.8727577 -1.204252 -0.5031096 0.8727577 -0.736505 -0.457879 0.8727577 -0.736505 -0.5031096 0.8727577 -0.7765 -0.5812203 0.2260701 -1.164257 -0.5812204 0.2260701 -0.7765 -0.5031096 0.2261583 -1.164257 -0.5031096 0.2261583 -0.7765 -0.5812203 0.2260701 -0.7765958 -0.5812203 0.04625773 -1.164257 -0.5812204 0.2260701 -1.164353 -0.5812204 0.04625773 -0.6909466 -0.7369422 0.8727577 -0.6909466 -0.6599533 0.8727577 -0.7365049 -0.726582 0.8727577 -0.736505 -0.6174961 0.8727577 -0.736505 -0.6174961 0.8727577 -0.2985229 -0.6174961 0.8727577 -0.736505 -0.617496 0.7302577 -0.2985229 -0.617496 0.7302577 -0.736505 -0.617496 0.7302577 -0.2985229 -0.617496 0.7302577 -0.6909466 -0.6599534 0.7302577 -0.3344781 -0.6599534 0.7302577 -0.6909466 -0.6599534 0.7302577 -0.3344781 -0.6599534 0.7302577 -0.6909466 -0.6599533 0.8727577 -0.3344781 -0.6599533 0.8727577 -0.3344781 -0.6599533 0.8727577 -0.2985229 -0.6174961 0.8727577 -0.6909466 -0.6599533 0.8727577 -0.736505 -0.6174961 0.8727577 -0.3344781 -0.7764384 0.7302577 -0.2819793 -0.7764384 0.7302577 -0.3344781 -0.7764384 0.8727577 -0.2819793 -0.7764384 0.8727577 -0.3344781 -0.6599534 0.7302577 -0.3344781 -0.7764384 0.7302577 -0.3344781 -0.6599533 0.8727577 -0.3344781 -0.7764384 0.8727577 -0.3344781 -0.7764384 0.8727577 -0.2819793 -0.7764384 0.8727577 -0.3344781 -0.6599533 0.8727577 -0.2819793 -0.6337673 0.8727577 -0.2819793 -0.6337673 0.8727577 -0.2819793 -0.7764384 0.8727577 -0.2819793 -0.6337674 0.7302577 -0.2819793 -0.7764384 0.7302577 -0.2819793 -0.6337674 0.7302577 -0.2819793 -0.7764384 0.7302577 -0.3344781 -0.6599534 0.7302577 -0.3344781 -0.7764384 0.7302577 -0.7365049 -0.7265819 0.7302577 -0.6909466 -0.7369423 0.7302577 -0.7515618 -0.7943239 0.730259 -0.7074029 -0.8176476 0.7302592 -0.8840444 -0.892141 0.2259821 -0.9703622 -0.8998985 0.2259821 -0.9009945 -0.8563699 0.2259821 -0.9703614 -0.8618536 0.2259821 -0.9703622 -0.8998985 0.2259821 -1.03972 -0.8563697 0.2259821 -1.056671 -0.8921406 0.2259821 -0.8657791 -0.9322262 0.7302577 -0.9703631 -0.9437814 0.7302577 -0.8840444 -0.892141 0.7302577 -0.9703622 -0.8998985 0.7302577 -0.9703631 -0.9437814 0.7302577 -1.056671 -0.8921406 0.7302577 -1.074934 -0.9322262 0.7302577 -0.9703624 -0.9437814 0.8727577 -0.8657787 -0.9322261 0.8727577 -0.8840444 -0.8921408 0.8727577 -0.9703622 -0.8998985 0.8727577 -0.9703624 -0.9437814 0.8727577 -1.056671 -0.8921406 0.8727577 -1.074934 -0.9322262 0.8727577 -0.736505 -0.5031096 0.2259821 -0.7765 -0.5031096 0.2261583 -0.736505 -0.5031097 0.7302577 -0.7765 -0.5031097 0.7302577 1.077805 -0.9418368 2.154907 1.062051 -0.903477 2.154907 0.9731247 -0.95649 2.154907 0.9731247 -0.9147527 2.154907 0.8841899 -0.9034772 2.154907 0.9731247 -0.95649 2.154907 0.8684317 -0.9418364 2.154907 1.062051 -0.903477 2.019634 1.077805 -0.9418366 2.019634 0.973125 -0.95649 2.019634 0.9731247 -0.9147527 2.019634 0.8841899 -0.9034774 2.019634 0.973125 -0.95649 2.019634 0.8684319 -0.9418366 2.019634 0.7586443 -0.8083327 2.019634 0.8041748 -0.8766208 2.019634 0.7201777 -0.8303192 2.019634 0.770739 -0.9060767 2.019634 0.8684319 -0.9418366 2.019634 0.8041748 -0.8766208 2.019634 0.8841899 -0.9034774 2.019634 0.7586443 -0.8083327 2.154907 0.7201777 -0.8303192 2.154907 0.8041748 -0.8766208 2.154907 0.770739 -0.9060767 2.154907 0.8041748 -0.8766208 2.154907 0.8684317 -0.9418364 2.154907 0.8841899 -0.9034772 2.154907 0.8114518 -0.4817078 2.154954 0.7936873 -0.4410954 2.154954 0.7373949 -0.5528121 2.154907 0.6947518 -0.5360863 2.154907 0.7373949 -0.5528121 2.154907 0.6947517 -0.7490411 2.154907 0.7373948 -0.7400484 2.154907 0.7586443 -0.8083327 2.154907 0.6947517 -0.7490411 2.154907 0.7201777 -0.8303192 2.154907 0.8114518 -0.4817078 2.019729 0.7373949 -0.5528123 2.019634 0.7936873 -0.4410954 2.019729 0.6947518 -0.5360863 2.019634 0.6947517 -0.7490411 2.019634 0.7373949 -0.5528123 2.019634 0.7373948 -0.7400484 2.019634 0.7586443 -0.8083327 2.019634 0.6947517 -0.7490411 2.019634 0.7201777 -0.8303192 2.019634 0.8114518 -0.4817078 2.154954 1.13483 -0.4817078 2.154954 0.7936873 -0.4410954 2.154954 1.152595 -0.4410954 2.154954 0.8114518 -0.4817078 2.019729 0.7936873 -0.4410954 2.019729 1.152595 -0.4410954 2.019729 1.13483 -0.4817078 2.019729 1.152595 -0.4410954 2.019729 1.208887 -0.5528123 2.019634 1.25153 -0.5360863 2.019634 1.208887 -0.5528123 2.019634 1.25153 -0.7490499 2.019634 1.208887 -0.7400508 2.019634 1.187613 -0.8083375 2.019634 1.25153 -0.7490499 2.019634 1.226076 -0.8303282 2.019634 1.13483 -0.4817078 2.154954 1.208887 -0.5528121 2.154907 1.152595 -0.4410954 2.154954 1.25153 -0.5360863 2.154907 1.25153 -0.7490497 2.154907 1.208887 -0.5528121 2.154907 1.208887 -0.7400508 2.154907 1.187613 -0.8083375 2.154907 1.25153 -0.7490497 2.154907 1.226076 -0.8303282 2.154907 1.187613 -0.8083375 2.154907 1.142057 -0.8766203 2.154907 1.226076 -0.8303282 2.154907 1.175485 -0.9060776 2.154907 1.077805 -0.9418368 2.154907 1.142057 -0.8766203 2.154907 1.062051 -0.903477 2.154907 1.187613 -0.8083375 2.019634 1.226076 -0.8303282 2.019634 1.142057 -0.8766203 2.019634 1.175485 -0.9060776 2.019634 1.142057 -0.8766203 2.019634 1.077805 -0.9418366 2.019634 1.062051 -0.903477 2.019634 0.2028503 -0.5142978 0.8171427 0.1725547 -0.5142977 0.876601 0.2028503 -0.5537133 0.8171427 0.1725547 -0.5537134 0.8766011 0.1725547 -0.5142977 0.876601 0.1253683 -0.5142978 0.9237875 0.1725547 -0.5537134 0.8766011 0.1253683 -0.5537134 0.9237875 0.1253683 -0.5142978 0.9237875 0.06591002 -0.5142977 0.954083 0.1253683 -0.5537134 0.9237875 0.06591002 -0.5537134 0.954083 0.06591002 -0.5142977 0.954083 0 -0.5142977 0.9645222 0.06591002 -0.5537134 0.954083 0 -0.5537134 0.9645222 0 -0.5142977 0.9645222 -0.06591002 -0.5142977 0.954083 0 -0.5537134 0.9645222 -0.06591002 -0.5537134 0.954083 -0.06591002 -0.5142977 0.954083 -0.1253683 -0.5142978 0.9237875 -0.06591002 -0.5537134 0.954083 -0.1253683 -0.5537134 0.9237875 -0.1253683 -0.5142978 0.9237875 -0.1725547 -0.5142977 0.876601 -0.1253683 -0.5537134 0.9237875 -0.1725547 -0.5537134 0.8766011 -0.1725547 -0.5142977 0.876601 -0.2028502 -0.5142978 0.8171427 -0.1725547 -0.5537134 0.8766011 -0.2028502 -0.5537133 0.8171427 -0.2028502 -0.5142978 0.8171427 -0.2132893 -0.5142977 0.7512329 -0.2028502 -0.5537133 0.8171427 -0.2132893 -0.5537134 0.7512329 -0.2132893 -0.5142977 0.7512329 -0.2028502 -0.5142978 0.6853227 -0.2132893 -0.5537134 0.7512329 -0.2028502 -0.5537134 0.6853227 -0.2028502 -0.5142978 0.6853227 -0.1725547 -0.5142977 0.6258644 -0.2028502 -0.5537134 0.6853227 -0.1725547 -0.5537134 0.6258644 -0.1725547 -0.5142977 0.6258644 -0.1253683 -0.5142978 0.5786781 -0.1725547 -0.5537134 0.6258644 -0.1253683 -0.5537134 0.5786781 -0.1253683 -0.5142978 0.5786781 -0.06591 -0.5142977 0.5483825 -0.1253683 -0.5537134 0.5786781 -0.06591 -0.5537134 0.5483825 -0.06591 -0.5142977 0.5483825 0 -0.5142977 0.5379434 -0.06591 -0.5537134 0.5483825 0 -0.5537133 0.5379434 0 -0.5142977 0.5379434 0.06591 -0.5142978 0.5483827 0 -0.5537133 0.5379434 0.06591 -0.5537134 0.5483827 0.06591 -0.5142978 0.5483827 0.1253683 -0.5142978 0.5786781 0.06591 -0.5537134 0.5483827 0.1253683 -0.5537134 0.5786781 0.1253683 -0.5142978 0.5786781 0.1725546 -0.5142977 0.6258644 0.1253683 -0.5537134 0.5786781 0.1725546 -0.5537134 0.6258644 0.1725546 -0.5142977 0.6258644 0.2028501 -0.5142978 0.6853227 0.1725546 -0.5537134 0.6258644 0.2028501 -0.5537134 0.6853227 0.2028501 -0.5142978 0.6853227 0.2132892 -0.5142977 0.7512329 0.2028501 -0.5537134 0.6853227 0.2132892 -0.5537134 0.7512329 0.2132892 -0.5142977 0.7512329 0.2028503 -0.5142978 0.8171427 0.2132892 -0.5537134 0.7512329 0.2028503 -0.5537133 0.8171427 0.1253683 -0.5537134 0.9237875 0.06591002 -0.5537134 0.954083 0.09242153 -0.6157294 0.8784401 0.04858887 -0.6157294 0.9007739 0.1725547 -0.5537134 0.8766011 0.1253683 -0.5537134 0.9237875 0.1272073 -0.6157293 0.8436544 0.09242153 -0.6157294 0.8784401 0.2028503 -0.5537133 0.8171427 0.1725547 -0.5537134 0.8766011 0.1495412 -0.6157294 0.7998216 0.1272073 -0.6157293 0.8436544 0.2132892 -0.5537134 0.7512329 0.2028503 -0.5537133 0.8171427 0.1572368 -0.6157293 0.7512329 0.1495412 -0.6157294 0.7998216 0.2028501 -0.5537134 0.6853227 0.2132892 -0.5537134 0.7512329 0.1495411 -0.6157293 0.7026439 0.1572368 -0.6157293 0.7512329 0.1725546 -0.5537134 0.6258644 0.2028501 -0.5537134 0.6853227 0.1272072 -0.6157293 0.6588113 0.1495411 -0.6157293 0.7026439 0.1253683 -0.5537134 0.5786781 0.1725546 -0.5537134 0.6258644 0.09242149 -0.6157294 0.6240255 0.1272072 -0.6157293 0.6588113 0.06591 -0.5537134 0.5483827 0.1253683 -0.5537134 0.5786781 0.04858884 -0.6157294 0.6016917 0.09242149 -0.6157294 0.6240255 0 -0.5537133 0.5379434 0.06591 -0.5537134 0.5483827 0 -0.6157294 0.593996 0.04858884 -0.6157294 0.6016917 -0.06591 -0.5537134 0.5483825 0 -0.5537133 0.5379434 -0.04858887 -0.6157294 0.6016917 0 -0.6157294 0.593996 -0.1253683 -0.5537134 0.5786781 -0.06591 -0.5537134 0.5483825 -0.0924215 -0.6157294 0.6240255 -0.04858887 -0.6157294 0.6016917 -0.1725547 -0.5537134 0.6258644 -0.1253683 -0.5537134 0.5786781 -0.1272073 -0.6157294 0.6588113 -0.0924215 -0.6157294 0.6240255 -0.2028502 -0.5537134 0.6853227 -0.1725547 -0.5537134 0.6258644 -0.1495411 -0.6157293 0.7026439 -0.1272073 -0.6157294 0.6588113 -0.2132893 -0.5537134 0.7512329 -0.2028502 -0.5537134 0.6853227 -0.1572368 -0.6157293 0.7512329 -0.1495411 -0.6157293 0.7026439 -0.2028502 -0.5537133 0.8171427 -0.2132893 -0.5537134 0.7512329 -0.1495411 -0.6157294 0.7998216 -0.1572368 -0.6157293 0.7512329 -0.1725547 -0.5537134 0.8766011 -0.2028502 -0.5537133 0.8171427 -0.1272073 -0.6157293 0.8436543 -0.1495411 -0.6157294 0.7998216 -0.1253683 -0.5537134 0.9237875 -0.1725547 -0.5537134 0.8766011 -0.09242153 -0.6157294 0.8784401 -0.1272073 -0.6157293 0.8436543 -0.06591002 -0.5537134 0.954083 -0.1253683 -0.5537134 0.9237875 -0.04858889 -0.6157294 0.9007739 -0.09242153 -0.6157294 0.8784401 0 -0.5537134 0.9645222 -0.06591002 -0.5537134 0.954083 0 -0.6157295 0.9084696 -0.04858889 -0.6157294 0.9007739 0.06591002 -0.5537134 0.954083 0 -0.5537134 0.9645222 0.04858887 -0.6157294 0.9007739 0 -0.6157295 0.9084696 0.1292036 -0.6157293 0.7932136 0.1099072 -0.6157295 0.8310848 0.1292036 -0.5664368 0.7932136 0.1099072 -0.5664367 0.8310849 0.1099072 -0.6157295 0.8310848 0.07985218 -0.6157293 0.86114 0.1099072 -0.5664367 0.8310849 0.07985218 -0.5664366 0.86114 0.07985218 -0.6157293 0.86114 0.04198077 -0.6157295 0.8804363 0.07985218 -0.5664366 0.86114 0.04198077 -0.5664366 0.8804363 0.04198077 -0.6157295 0.8804363 0 -0.6157294 0.8870855 0.04198077 -0.5664366 0.8804363 0 -0.5664366 0.8870856 0 -0.6157294 0.8870855 -0.04198079 -0.6157295 0.8804363 0 -0.5664366 0.8870856 -0.04198079 -0.5664366 0.8804363 -0.04198079 -0.6157295 0.8804363 -0.07985218 -0.6157293 0.86114 -0.04198079 -0.5664366 0.8804363 -0.07985218 -0.5664366 0.86114 -0.07985218 -0.6157293 0.86114 -0.1099071 -0.6157295 0.8310848 -0.07985218 -0.5664366 0.86114 -0.1099071 -0.5664367 0.8310849 -0.1099071 -0.6157295 0.8310848 -0.1292035 -0.6157293 0.7932136 -0.1099071 -0.5664367 0.8310849 -0.1292035 -0.5664368 0.7932136 -0.1292035 -0.6157293 0.7932136 -0.1358527 -0.6157293 0.7512329 -0.1292035 -0.5664368 0.7932136 -0.1358527 -0.5664366 0.7512329 -0.1358527 -0.6157293 0.7512329 -0.1292035 -0.6157293 0.7092519 -0.1358527 -0.5664366 0.7512329 -0.1292035 -0.5664366 0.7092519 -0.1292035 -0.6157293 0.7092519 -0.1099071 -0.6157293 0.6713805 -0.1292035 -0.5664366 0.7092519 -0.1099071 -0.5664366 0.6713805 -0.1099071 -0.6157293 0.6713805 -0.07985218 -0.6157293 0.6413257 -0.1099071 -0.5664366 0.6713805 -0.07985218 -0.5664366 0.6413257 -0.07985218 -0.6157293 0.6413257 -0.04198077 -0.6157293 0.6220291 -0.07985218 -0.5664366 0.6413257 -0.04198077 -0.5664367 0.6220291 -0.04198077 -0.6157293 0.6220291 0 -0.6157293 0.61538 -0.04198077 -0.5664367 0.6220291 0 -0.5664367 0.6153801 0 -0.6157293 0.61538 0.04198076 -0.6157294 0.6220292 0 -0.5664367 0.6153801 0.04198076 -0.5664366 0.6220292 0.04198076 -0.6157294 0.6220292 0.07985216 -0.6157293 0.6413257 0.04198076 -0.5664366 0.6220292 0.07985216 -0.5664366 0.6413257 0.07985216 -0.6157293 0.6413257 0.1099071 -0.6157293 0.6713805 0.07985216 -0.5664366 0.6413257 0.1099071 -0.5664366 0.6713805 0.1099071 -0.6157293 0.6713805 0.1292035 -0.6157295 0.709252 0.1099071 -0.5664366 0.6713805 0.1292035 -0.5664366 0.709252 0.1292035 -0.6157295 0.709252 0.1358526 -0.6157293 0.7512329 0.1292035 -0.5664366 0.709252 0.1358526 -0.5664366 0.7512329 0.1358526 -0.6157293 0.7512329 0.1292036 -0.6157293 0.7932136 0.1358526 -0.5664366 0.7512329 0.1292036 -0.5664368 0.7932136 -1.251551 -0.5360863 1.898106 -1.251551 -0.7490408 1.898106 -1.251551 -0.5360863 2.002317 -1.251551 -0.7490408 2.002317 -1.228511 -0.8303213 1.898106 -1.172063 -0.9116018 1.898106 -1.172063 -0.9116018 2.002317 -1.228511 -0.8303213 2.002317 -1.228511 -0.8303213 1.898106 -1.251551 -0.7490408 2.002317 -1.251551 -0.7490408 1.898106 -1.251551 -0.7490411 2.276435 -0.694772 -0.7490499 2.276435 -0.694772 -0.5360863 2.276435 -1.251551 -0.5360863 2.276435 -0.694772 -0.5360863 2.276435 -1.13639 -0.4831939 2.276304 -0.7937071 -0.4410954 2.276435 -0.8737471 -0.9430189 2.276435 -0.7743171 -0.9116025 2.276435 -1.07262 -0.9430184 2.276435 -1.172063 -0.9116018 2.276435 -1.228511 -0.8303213 1.898106 -0.7178405 -0.8303261 1.898106 -1.172063 -0.9116018 1.898106 -0.7743173 -0.9116025 1.898106 -1.228511 -0.8303213 2.172195 -1.172063 -0.9116018 2.172195 -1.172063 -0.9116018 2.276435 -1.228511 -0.8303213 2.276435 -1.228511 -0.8303213 2.172195 -1.251551 -0.7490411 2.276435 -1.251551 -0.7490411 2.172195 -1.251551 -0.5360863 2.172195 -1.251551 -0.7490411 2.172195 -1.251551 -0.5360863 2.276435 -1.251551 -0.7490411 2.276435 -0.8737471 -0.9430189 2.172195 -0.8887116 -0.904659 2.172195 -0.8042456 -0.8766203 2.172195 -0.7743171 -0.9116025 2.172195 -0.7178404 -0.8303261 2.172195 -0.8042456 -0.8766203 2.172195 -0.7566662 -0.8083355 2.172195 -0.8887116 -0.9046593 2.002317 -0.8737471 -0.9430189 2.002317 -0.8042457 -0.8766205 2.002317 -0.7743171 -0.9116025 2.002317 -0.7178404 -0.8303261 2.002317 -0.8042457 -0.8766205 2.002317 -0.7566662 -0.8083358 2.002317 -1.07262 -0.9430184 2.172195 -1.057652 -0.9046593 2.172195 -0.973177 -0.95649 2.172195 -0.9731775 -0.9147527 2.172195 -0.973177 -0.95649 2.172195 -0.8887116 -0.904659 2.172195 -0.8737471 -0.9430189 2.172195 -1.07262 -0.9430184 2.002317 -0.973177 -0.9564903 2.002317 -1.057652 -0.9046593 2.002317 -0.9731775 -0.9147527 2.002317 -0.8887116 -0.9046593 2.002317 -0.973177 -0.9564903 2.002317 -0.8737471 -0.9430189 2.002317 -1.189681 -0.8083346 2.002317 -1.228511 -0.8303213 2.002317 -1.142128 -0.8766208 2.002317 -1.172063 -0.9116018 2.002317 -1.07262 -0.9430184 2.002317 -1.142128 -0.8766208 2.002317 -1.057652 -0.9046593 2.002317 -1.228511 -0.8303213 2.172195 -1.189681 -0.8083346 2.172195 -1.142128 -0.8766208 2.172195 -1.172063 -0.9116018 2.172195 -1.07262 -0.9430184 2.172195 -1.142128 -0.8766208 2.172195 -1.057652 -0.9046593 2.172195 -0.7937071 -0.4410954 2.002436 -0.8114718 -0.4831939 2.002436 -0.7374151 -0.5528123 2.002317 -0.694772 -0.5360863 2.002317 -0.7374151 -0.5528123 2.002317 -0.694772 -0.7490499 2.002317 -0.7374151 -0.7400508 2.002317 -0.694772 -0.7490499 2.002317 -0.7566662 -0.8083358 2.002317 -0.7178404 -0.8303261 2.002317 -0.7374151 -0.5528123 2.172195 -0.8114719 -0.4831939 2.172255 -0.7937071 -0.4410954 2.172255 -0.694772 -0.5360863 2.172195 -0.694772 -0.7490499 2.172195 -0.7374151 -0.5528123 2.172195 -0.7374151 -0.7400508 2.172195 -0.7566662 -0.8083355 2.172195 -0.694772 -0.7490499 2.172195 -0.7178404 -0.8303261 2.172195 -1.130103 -0.4190249 2.184167 -1.130103 -0.4190249 1.990523 -1.203015 -0.4900053 2.133451 -1.203015 -0.4900053 2.041061 -1.166681 -0.4547429 2.276435 -1.13639 -0.4831939 2.276304 -1.130103 -0.4190249 2.184167 -1.099751 -0.447418 2.184093 -1.166682 -0.454743 1.898238 -1.130103 -0.4190249 1.990523 -1.13639 -0.483194 1.898369 -1.099751 -0.447418 1.990597 -1.130103 -0.4190249 1.990523 -1.130103 -0.4190249 2.184167 -1.099751 -0.447418 1.990597 -1.099751 -0.447418 2.184093 -1.099751 -0.447418 1.990597 -1.099751 -0.447418 2.184093 -1.13639 -0.483194 1.898369 -1.13639 -0.4831939 2.276304 -1.13639 -0.483194 1.898369 -1.13639 -0.4831939 2.276304 -0.8114718 -0.4831939 2.002436 -0.8114719 -0.4831939 2.172255 -0.694772 -0.7490499 1.898106 -0.7178405 -0.8303261 1.898106 -1.251551 -0.7490408 1.898106 -1.228511 -0.8303213 1.898106 -1.228511 -0.8303213 2.172195 -1.251551 -0.7490411 2.172195 -1.189681 -0.8083346 2.172195 -1.208907 -0.7400484 2.172195 -1.208907 -0.5528121 2.172195 -1.251551 -0.7490411 2.172195 -1.251551 -0.5360863 2.172195 -1.208907 -0.5528121 2.172195 -1.203015 -0.4900053 2.133451 -1.171594 -0.5174541 2.133451 -1.171594 -0.5174541 2.041061 -1.203015 -0.4900053 2.133451 -1.203015 -0.4900053 2.041061 -1.203015 -0.4900053 2.041061 -1.208907 -0.5528123 2.002317 -1.251551 -0.5360863 2.002317 -1.251551 -0.7490408 2.002317 -1.208907 -0.5528123 2.002317 -1.208907 -0.7400484 2.002317 -1.189681 -0.8083346 2.002317 -1.251551 -0.7490408 2.002317 -1.228511 -0.8303213 2.002317 -1.07262 -0.9430184 2.276435 -1.172063 -0.9116018 2.276435 -1.172063 -0.9116018 2.172195 -1.07262 -0.9430184 2.172195 -1.07262 -0.9430184 2.276435 -0.973177 -0.95649 2.172195 -0.973177 -0.95649 2.276435 -0.8737471 -0.9430189 2.276435 -0.973177 -0.95649 2.172195 -0.8737471 -0.9430189 2.172195 -0.8737471 -0.9430189 2.276435 -0.7743171 -0.9116025 2.172195 -0.7743171 -0.9116025 2.276435 -0.7178404 -0.8303261 2.276435 -0.7178404 -0.8303261 2.172195 -0.7178404 -0.8303261 2.276435 -0.694772 -0.7490499 2.172195 -0.694772 -0.7490499 2.276435 -0.694772 -0.5360863 2.172195 -0.694772 -0.5360863 2.276435 -0.7937071 -0.4410954 2.172255 -0.7937071 -0.4410954 2.276435 -1.07262 -0.9430184 2.002317 -1.172063 -0.9116018 2.002317 -1.172063 -0.9116018 1.898106 -1.07262 -0.9430184 1.898106 -1.07262 -0.9430184 2.002317 -0.9731772 -0.9564903 1.898106 -0.973177 -0.9564903 2.002317 -0.8737471 -0.9430189 2.002317 -0.9731772 -0.9564903 1.898106 -0.8737471 -0.9430189 1.898106 -0.8737471 -0.9430189 2.002317 -0.7743173 -0.9116025 1.898106 -0.7743171 -0.9116025 2.002317 -0.7178404 -0.8303261 2.002317 -0.7178405 -0.8303261 1.898106 -0.694772 -0.7490499 1.898106 -0.694772 -0.7490499 2.002317 -0.694772 -0.5360863 1.898106 -0.694772 -0.5360863 2.002317 -0.7937071 -0.4410955 1.898239 -0.7937071 -0.4410954 2.002436 -1.172063 -0.9116018 1.898106 -0.7743173 -0.9116025 1.898106 -1.07262 -0.9430184 1.898106 -0.8737471 -0.9430189 1.898106 -0.09583405 -0.5658584 0.3783591 0.09583405 -0.5658584 0.3783591 -0.09583405 -0.5658584 0.5946464 0.09583405 -0.5658584 0.5946464 -0.09583405 -0.5146502 0.2395652 -0.09583405 -0.5658584 0.3783591 -0.09583405 -0.5146502 0.5946464 -0.09583405 -0.5658584 0.5946464 0.09583405 -0.5146502 0.2395652 0.09583405 -0.5146502 0.5946464 0.09583405 -0.5658584 0.3783591 0.09583405 -0.5658584 0.5946464 0.1575 -1.042863 3.270909 0.242964 -1.042863 3.270909 0.165 -1.017595 3.318134 0.242964 -1.017595 3.318134 0.165 -1.017595 3.318134 0.242964 -0.9377644 3.423932 0.165 -0.9377644 3.423932 -0.04490146 -1.082245 3.229107 -0.2408268 -1.115277 3.156923 0.04481636 -1.082224 3.228969 0.2433373 -1.11567 3.155066 -0.165 0.5435119 3.420824 -0.165 -0.4569016 3.420824 0.165 0.5435119 3.420824 0.165 -0.4569013 3.420824 -0.242964 -0.4477067 3.450824 -0.165 -0.4477067 3.450824 -0.242964 0.5435119 3.450824 -0.165 0.5435119 3.450824 -0.242964 -0.553092 3.501162 -0.165 -0.553092 3.501162 -0.242964 -0.4477067 3.450824 -0.165 -0.4477067 3.450824 -0.242964 -0.6949623 3.520347 -0.165 -0.6949623 3.520347 -0.242964 -0.553092 3.501162 -0.165 -0.553092 3.501162 -0.242964 -0.843585 3.497506 -0.165 -0.843585 3.497506 -0.242964 -0.6949623 3.520347 -0.165 -0.6949623 3.520347 -0.242964 -0.9377644 3.423932 -0.165 -0.9377644 3.423932 -0.242964 -0.843585 3.497506 -0.165 -0.843585 3.497506 -0.165 -1.017595 3.318134 -0.165 -0.9377644 3.423932 -0.242964 -0.9377644 3.423932 -0.242964 -1.017595 3.318134 -0.242964 -1.042863 3.270909 -0.165 -1.017595 3.318134 -0.1575 -1.042863 3.270909 0.165 -0.843585 3.497506 0.165 -0.9377644 3.423932 0.242964 -0.843585 3.497506 0.242964 -0.9377644 3.423932 0.165 -0.6949623 3.520347 0.165 -0.843585 3.497506 0.242964 -0.6949623 3.520347 0.242964 -0.843585 3.497506 0.165 -0.553092 3.501163 0.165 -0.6949623 3.520347 0.242964 -0.553092 3.501162 0.242964 -0.6949623 3.520347 0.165 -0.4477067 3.450824 0.165 -0.553092 3.501163 0.242964 -0.4477067 3.450824 0.242964 -0.553092 3.501162 0.165 0.5435119 3.450824 0.165 -0.4477067 3.450824 0.242964 0.5435119 3.450824 0.242964 -0.4477067 3.450824 -0.165 -0.9377644 3.423932 -0.165 -0.917516 3.400959 -0.165 -0.8330786 3.468949 -0.165 -0.843585 3.497506 -0.165 -0.8330786 3.468949 -0.165 -0.6949623 3.520347 -0.165 -0.6942832 3.489955 -0.165 -0.6949623 3.520347 -0.165 -0.5641503 3.472423 -0.165 -0.553092 3.501162 0.165 -0.8330791 3.468949 0.165 -0.917516 3.400959 0.165 -0.9377644 3.423932 0.165 -0.843585 3.497506 0.165 -0.6949623 3.520347 0.165 -0.8330791 3.468949 0.165 -0.6942828 3.489956 0.165 -0.5641503 3.472423 0.165 -0.6949623 3.520347 0.165 -0.553092 3.501163 -0.165 -0.553092 3.501162 -0.165 -0.5641503 3.472423 -0.165 -0.4477067 3.450824 -0.165 -0.4569016 3.420824 0.165 -0.553092 3.501163 0.165 -0.4477067 3.450824 0.165 -0.5641503 3.472423 0.165 -0.4569013 3.420824 -0.165 0.5435119 3.450824 -0.165 -0.4477067 3.450824 -0.165 0.5435119 3.420824 -0.165 -0.4569016 3.420824 0.165 -0.4477067 3.450824 0.165 0.5435119 3.450824 0.165 -0.4569013 3.420824 0.165 0.5435119 3.420824 0.165 0.5435119 3.450824 -0.165 0.5435119 3.450824 0.165 0.5435119 3.420824 -0.165 0.5435119 3.420824 -0.165 -0.9377644 3.423932 -0.165 -1.017595 3.318134 -0.165 -0.917516 3.400959 -0.1649424 -0.9918683 3.302421 0.165 -0.9377644 3.423932 0.165 -0.917516 3.400959 0.165 -1.017595 3.318134 0.1650576 -0.9918678 3.302422 -0.165 -1.017595 3.318134 -0.1575 -1.042863 3.270909 -0.1649424 -0.9918683 3.302421 -0.1573859 -1.015851 3.257856 0.165 -1.017595 3.318134 0.1650576 -0.9918678 3.302422 0.1575 -1.042863 3.270909 0.1576141 -1.015851 3.257856 -0.242964 -1.042863 3.270909 -0.2429736 -1.059854 3.278716 -0.1575 -1.042863 3.270909 -0.1573337 -1.059834 3.278585 -0.104705 -1.076778 3.241243 -0.04490146 -1.082245 3.229107 -0.1048859 -1.032021 3.219962 -0.04488586 -1.037331 3.207547 0.242964 -1.042863 3.270909 0.1575 -1.042863 3.270909 0.242954 -1.059478 3.278546 0.1573784 -1.059573 3.278511 -0.7913442 -0.6489685 2.274988 -0.4635958 -0.6489685 2.274988 -0.7913442 -0.6137462 2.274988 -0.4635958 -0.6137462 2.274988 -0.7913442 -0.6137462 1.900651 -0.4635958 -0.6137462 1.900651 -0.7913442 -0.7881191 1.972613 -0.4635958 -0.7881191 1.972613 0.4635957 -0.6137462 1.900651 0.7913442 -0.6137462 1.900651 0.4635957 -0.7881191 1.972613 0.7913442 -0.7881191 1.972613 0.4635957 -0.6137462 2.274988 0.4635957 -0.6489685 2.274988 0.7913442 -0.6137462 2.274988 0.7913442 -0.6489685 2.274988 -0.3355326 -0.6137463 1.878287 0.3355326 -0.6137463 1.878287 -0.3355326 -0.813553 1.960598 0.3355326 -0.813553 1.960598 -0.3355326 -0.7821469 2.002105 -0.3355326 -0.813553 1.960598 0.3355326 -0.7821469 2.002105 0.3355326 -0.813553 1.960598 -0.3355326 -0.7277839 2.094157 -0.3355326 -0.7506654 2.044148 0.3355326 -0.7277839 2.094157 0.3355326 -0.7506654 2.044148 0.3355326 -0.708488 2.141318 0.3355326 -0.6919515 2.192816 -0.3355326 -0.708488 2.141318 -0.3355326 -0.6919515 2.192816 -0.3355326 -0.6137462 2.294613 -0.3355326 -0.6681433 2.294613 0.3355326 -0.6137462 2.294613 0.3355326 -0.6681433 2.294613 -0.3355326 -0.6681433 2.294613 -0.3355326 -0.6808693 2.2402 0.3355326 -0.6681433 2.294613 0.3355326 -0.6808693 2.2402 -0.3355326 -0.6589606 2.235076 -0.3355326 -0.6700428 2.187692 0.3355326 -0.6589606 2.235076 0.3355326 -0.6700428 2.187692 -0.3355326 -0.6876636 2.132798 -0.3355326 -0.7069595 2.085636 0.3355326 -0.6876636 2.132798 0.3355326 -0.7069595 2.085636 -0.3355326 -0.732655 2.030661 -0.3355326 -0.7641364 1.988619 0.3355326 -0.732655 2.030661 0.3355326 -0.7641364 1.988619 -0.3355326 -0.6919515 2.192816 0.3355326 -0.6919515 2.192816 -0.3355326 -0.6700428 2.187692 0.3355326 -0.6700428 2.187692 0.3355326 -0.6808693 2.2402 -0.3355326 -0.6808693 2.2402 0.3355326 -0.6589606 2.235076 -0.3355326 -0.6589606 2.235076 -0.3355326 -0.7277839 2.094157 0.3355326 -0.7277839 2.094157 -0.3355326 -0.7069595 2.085636 0.3355326 -0.7069595 2.085636 0.3355326 -0.708488 2.141318 -0.3355326 -0.708488 2.141318 0.3355326 -0.6876636 2.132798 -0.3355326 -0.6876636 2.132798 -0.3355326 -0.7821469 2.002105 0.3355326 -0.7821469 2.002105 -0.3355326 -0.7641364 1.988619 0.3355326 -0.7641364 1.988619 0.3355326 -0.7506654 2.044148 -0.3355326 -0.7506654 2.044148 0.3355326 -0.732655 2.030661 -0.3355326 -0.732655 2.030661 1.172242 -0.5480404 1.121951 1.172242 -0.8026177 1.121951 1.171564 -0.5480404 0.8727577 1.171564 -0.8026177 0.8727577 1.088647 -0.5050288 0.8727577 1.089323 -0.5050287 1.121951 1.171564 -0.5480404 0.8727577 1.172242 -0.5480404 1.121951 1.083753 -0.5050287 2.594289 1.056046 -0.5050287 2.737399 1.166473 -0.5480404 2.607304 1.136927 -0.5480404 2.759012 1.083753 -0.8456297 2.594289 1.166473 -0.8026175 2.607304 1.056046 -0.8456295 2.737399 1.136927 -0.8026175 2.759012 1.002105 -0.5050287 2.899297 0.8741499 -0.5050285 3.080276 0.9352553 -0.5480404 3.13499 1.077792 -0.5480404 2.934612 1.002105 -0.5050287 2.899297 1.136927 -0.5480404 2.759012 1.056046 -0.5050287 2.737399 0.8741496 -0.8456295 3.080276 1.002105 -0.8456295 2.899298 0.9352552 -0.8026175 3.13499 1.077792 -0.8026178 2.934612 1.002105 -0.8456295 2.899298 1.136927 -0.8026175 2.759012 1.056046 -0.8456295 2.737399 1.083753 -0.8456297 2.594289 0.9751652 -0.8456295 2.715786 1.001033 -0.8456295 2.581274 0.6835136 -0.5050287 3.226962 0.7269678 -0.5480404 3.294315 0.8741499 -0.5050285 3.080276 0.9352553 -0.5480404 3.13499 0.6835133 -0.8456295 3.226961 0.8741496 -0.8456295 3.080276 0.7269678 -0.8026175 3.294314 0.9352552 -0.8026175 3.13499 0.8507317 -0.8026175 2.828669 0.7519384 -0.8026175 2.970845 0.8053198 -0.8456292 2.80748 0.7152753 -0.8456292 2.938016 -0.8507321 -0.8026175 2.828669 -0.8942844 -0.8026175 2.694174 -0.80532 -0.8456292 2.80748 -0.8457558 -0.8456295 2.681207 -0.5705323 -0.8456292 3.051844 -0.596605 -0.8026175 3.092256 -0.715275 -0.8456292 2.938016 -0.7519385 -0.8026175 2.970845 -0.3783486 -0.8456295 3.12589 -0.3933299 -0.8026175 3.172196 -0.5705323 -0.8456292 3.051844 -0.596605 -0.8026175 3.092256 0.5966046 -0.8026173 3.092256 0.3933292 -0.8026175 3.172196 0.570532 -0.845629 3.051845 0.3783481 -0.8456295 3.12589 0.570532 -0.845629 3.051845 0.7152753 -0.8456292 2.938016 0.5966046 -0.8026173 3.092256 0.7519384 -0.8026175 2.970845 0.7519384 -0.8026175 2.970845 0.8507317 -0.8026175 2.828669 0.8130441 -0.8456292 3.02556 0.9264185 -0.8456295 2.863983 0.8507317 -0.8026175 2.828669 0.9751652 -0.8456295 2.715786 0.8942842 -0.8026175 2.694174 0.9183132 -0.8026178 2.568259 1.001033 -0.8456295 2.581274 0.8942842 -0.8026175 2.694174 0.9751652 -0.8456295 2.715786 0.9264185 -0.8456295 2.863983 1.056046 -0.8456295 2.737399 1.002105 -0.8456295 2.899298 0.9264185 -0.8456295 2.863983 0.8741496 -0.8456295 3.080276 0.8130441 -0.8456292 3.02556 -0.8942844 -0.8026175 2.694174 -0.8507321 -0.8026175 2.828669 -0.9751652 -0.8456295 2.715786 -0.9264187 -0.8456295 2.863983 -0.596605 -0.8026175 3.092256 -0.6400591 -0.8456292 3.159608 -0.7519385 -0.8026175 2.970845 -0.8130438 -0.8456292 3.02556 -0.3933299 -0.8026175 3.172196 -0.4182984 -0.8456297 3.249372 -0.596605 -0.8026175 3.092256 -0.6400591 -0.8456292 3.159608 -0.1850876 -0.8456295 3.28939 -0.1740396 -0.8026175 3.211095 0 -0.8456297 3.299624 0 -0.8026175 3.220211 0 -0.8026175 3.220211 0.1740396 -0.8026175 3.211095 0 -0.8456297 3.299624 0.1850877 -0.8456295 3.28939 0.3933292 -0.8026175 3.172196 0.5966046 -0.8026173 3.092256 0.4182979 -0.8456297 3.249372 0.6400591 -0.8456292 3.159609 0.5966046 -0.8026173 3.092256 0.7519384 -0.8026175 2.970845 0.6400591 -0.8456292 3.159609 0.8130441 -0.8456292 3.02556 -0.9751652 -0.8456295 2.715786 -0.9264187 -0.8456295 2.863983 -1.056046 -0.8456295 2.737399 -1.002105 -0.8456295 2.899298 -0.6400591 -0.8456292 3.159608 -0.6835133 -0.8456297 3.226961 -0.8130438 -0.8456292 3.02556 -0.8741494 -0.8456295 3.080276 -0.4182984 -0.8456297 3.249372 -0.443267 -0.8456295 3.326549 -0.6400591 -0.8456292 3.159608 -0.6835133 -0.8456297 3.226961 -0.1961357 -0.8456295 3.367686 -0.1850876 -0.8456295 3.28939 0 -0.8456297 3.379038 0 -0.8456297 3.299624 0 -0.8456297 3.299624 0.1850877 -0.8456295 3.28939 0 -0.8456297 3.379038 0.1961358 -0.8456295 3.367686 0.4182979 -0.8456297 3.249372 0.6400591 -0.8456292 3.159609 0.4432666 -0.8456295 3.326549 0.6835133 -0.8456295 3.226961 0.6400591 -0.8456292 3.159609 0.8130441 -0.8456292 3.02556 0.6835133 -0.8456295 3.226961 0.8741496 -0.8456295 3.080276 -0.3633674 -0.8456292 3.079584 -0.5444597 -0.845629 3.011433 -0.5183872 -0.8026173 2.971021 -0.3483862 -0.8026175 3.033279 -0.5183872 -0.8026173 2.971021 -0.5183868 -0.6192796 2.971022 -0.3483839 -0.6192796 3.033279 -0.5183872 -0.8026173 2.971021 -0.6419482 -0.6192796 2.872358 -0.6419484 -0.8026173 2.872358 -0.5444597 -0.845629 3.011433 -0.6786117 -0.845629 2.905187 -0.6419484 -0.8026173 2.872358 -0.7144958 -0.6192796 2.765103 -0.7144959 -0.8026175 2.765102 -0.6786117 -0.845629 2.905187 -0.759908 -0.8456292 2.786291 -0.7144959 -0.8026175 2.765102 -0.7486987 -0.6192796 2.655272 -0.7486987 -0.8026175 2.655271 -0.7972273 -0.8456295 2.668239 -0.759908 -0.8456292 2.786291 -0.7486987 -0.8026175 2.655271 -0.7694177 -0.6192796 2.544833 -0.7694177 -0.8026178 2.544833 -0.8190497 -0.8456295 2.552643 -0.7972273 -0.8456295 2.668239 -0.8686816 -0.8456295 2.560451 -0.8457558 -0.8456295 2.681207 -0.9183136 -0.8026178 2.56826 -0.8942844 -0.8026175 2.694174 -0.7694177 -0.8026178 2.544833 -0.7749007 -0.6192796 2.434395 -0.7749007 -0.8026178 2.434396 -0.8246531 -0.8456297 2.437046 -0.8190497 -0.8456295 2.552643 -0.8744056 -0.8456297 2.439696 -0.8686816 -0.8456295 2.560451 -0.9241582 -0.8026175 2.442346 -0.9183136 -0.8026178 2.56826 -0.7742311 -0.8026175 2.087219 -0.7742311 -0.6192796 2.087219 -0.7749007 -0.8026178 2.434396 -0.8239825 -0.8456297 2.087219 -0.8246531 -0.8456297 2.437046 -0.8737338 -0.8456297 2.087219 -0.8744056 -0.8456297 2.439696 -0.9234853 -0.8026175 2.087219 -0.9241582 -0.8026175 2.442346 0.5444594 -0.845629 3.011433 0.3633669 -0.8456292 3.079584 0.5183869 -0.8026173 2.971021 0.3483857 -0.8026175 3.033279 0.518388 -0.6192796 2.971021 0.5183869 -0.8026173 2.971021 0.3483843 -0.6192796 3.033279 0.6419488 -0.6192796 2.872357 0.5183869 -0.8026173 2.971021 0.6419487 -0.8026173 2.872358 0.5444594 -0.845629 3.011433 0.678612 -0.845629 2.905186 0.7144958 -0.6192796 2.765102 0.6419487 -0.8026173 2.872358 0.7144958 -0.8026173 2.765102 0.678612 -0.845629 2.905186 0.7599078 -0.8456292 2.786291 0.7486987 -0.6192796 2.655271 0.7486988 -0.8026175 2.655271 0.7144958 -0.8026173 2.765102 0.7972273 -0.8456292 2.668239 0.7599078 -0.8456292 2.786291 0.7694176 -0.6192796 2.544833 0.7486988 -0.8026175 2.655271 0.7694177 -0.8026175 2.544833 0.8190496 -0.8456295 2.552642 0.7972273 -0.8456292 2.668239 0.8686815 -0.8456295 2.560451 0.8457558 -0.8456295 2.681207 0.9183132 -0.8026178 2.568259 0.8942842 -0.8026175 2.694174 0.7749007 -0.6192796 2.434396 0.7694177 -0.8026175 2.544833 0.7749007 -0.8026178 2.434395 0.8246531 -0.8456297 2.437045 0.8190496 -0.8456295 2.552642 0.8744056 -0.8456297 2.439695 0.8686815 -0.8456295 2.560451 0.9241579 -0.8026178 2.442345 0.9183132 -0.8026178 2.568259 0.7742311 -0.6192796 2.087219 0.7742311 -0.8026178 2.087219 0.7749007 -0.8026178 2.434395 0.8239825 -0.8456297 2.087219 0.8246531 -0.8456297 2.437045 0.8737338 -0.8456297 2.087219 0.8744056 -0.8456297 2.439695 0.9238216 -0.8026178 2.087219 0.9241579 -0.8026178 2.442345 0.8053198 -0.8456292 2.80748 0.7152753 -0.8456292 2.938016 0.7599078 -0.8456292 2.786291 0.678612 -0.845629 2.905186 -0.80532 -0.8456292 2.80748 -0.8457558 -0.8456295 2.681207 -0.759908 -0.8456292 2.786291 -0.7972273 -0.8456295 2.668239 -0.5444597 -0.845629 3.011433 -0.5705323 -0.8456292 3.051844 -0.6786117 -0.845629 2.905187 -0.715275 -0.8456292 2.938016 -0.3633674 -0.8456292 3.079584 -0.3783486 -0.8456295 3.12589 -0.5444597 -0.845629 3.011433 -0.5705323 -0.8456292 3.051844 0.570532 -0.845629 3.051845 0.3783481 -0.8456295 3.12589 0.5444594 -0.845629 3.011433 0.3633669 -0.8456292 3.079584 0.5444594 -0.845629 3.011433 0.678612 -0.845629 2.905186 0.570532 -0.845629 3.051845 0.7152753 -0.8456292 2.938016 1.089661 -0.5050287 2.087219 1.09 -0.5050287 2.451179 1.172581 -0.5480404 2.087219 1.17292 -0.5480404 2.455596 1.089661 -0.8456297 2.087219 1.172581 -0.8026178 2.087219 1.09 -0.8456297 2.451179 1.17292 -0.8026175 2.455596 1.006742 -0.8456297 2.087219 1.089661 -0.8456297 2.087219 1.007079 -0.8456297 2.446762 1.09 -0.8456297 2.451179 0.9238216 -0.8026178 2.087219 1.006742 -0.8456297 2.087219 0.9241579 -0.8026178 2.442345 1.007079 -0.8456297 2.446762 0.3783481 -0.8456295 3.12589 0.1674109 -0.8456295 3.164118 0.3633669 -0.8456292 3.079584 0.1607821 -0.8456295 3.117141 0.3933292 -0.8026175 3.172196 0.1740396 -0.8026175 3.211095 0.3783481 -0.8456295 3.12589 0.1674109 -0.8456295 3.164118 0.1740396 -0.8026175 3.211095 0.3933292 -0.8026175 3.172196 0.1850877 -0.8456295 3.28939 0.4182979 -0.8456297 3.249372 0.1850877 -0.8456295 3.28939 0.4182979 -0.8456297 3.249372 0.1961358 -0.8456295 3.367686 0.4432666 -0.8456295 3.326549 -0.1850876 -0.8456295 3.28939 -0.1961357 -0.8456295 3.367686 -0.4182984 -0.8456297 3.249372 -0.443267 -0.8456295 3.326549 -0.1740396 -0.8026175 3.211095 -0.1850876 -0.8456295 3.28939 -0.3933299 -0.8026175 3.172196 -0.4182984 -0.8456297 3.249372 -0.1674106 -0.8456295 3.164118 -0.1740396 -0.8026175 3.211095 -0.3783486 -0.8456295 3.12589 -0.3933299 -0.8026175 3.172196 -0.1607818 -0.8456295 3.117141 -0.1674106 -0.8456295 3.164118 -0.3633674 -0.8456292 3.079584 -0.3783486 -0.8456295 3.12589 0.7972273 -0.8456292 2.668239 0.8457558 -0.8456295 2.681207 0.7599078 -0.8456292 2.786291 0.8053198 -0.8456292 2.80748 0.8457558 -0.8456295 2.681207 0.8942842 -0.8026175 2.694174 0.8053198 -0.8456292 2.80748 0.8507317 -0.8026175 2.828669 -0.6786117 -0.845629 2.905187 -0.715275 -0.8456292 2.938016 -0.759908 -0.8456292 2.786291 -0.80532 -0.8456292 2.80748 -0.715275 -0.8456292 2.938016 -0.7519385 -0.8026175 2.970845 -0.80532 -0.8456292 2.80748 -0.8507321 -0.8026175 2.828669 -0.9264187 -0.8456295 2.863983 -0.8507321 -0.8026175 2.828669 -0.8130438 -0.8456292 3.02556 -0.7519385 -0.8026175 2.970845 -1.002105 -0.8456295 2.899298 -0.9264187 -0.8456295 2.863983 -0.8741494 -0.8456295 3.080276 -0.8130438 -0.8456292 3.02556 1.001033 -0.8456295 2.581274 0.9183132 -0.8026178 2.568259 1.007079 -0.8456297 2.446762 0.9241579 -0.8026178 2.442345 1.083753 -0.8456297 2.594289 1.001033 -0.8456295 2.581274 1.09 -0.8456297 2.451179 1.007079 -0.8456297 2.446762 1.166473 -0.8026175 2.607304 1.083753 -0.8456297 2.594289 1.17292 -0.8026175 2.455596 1.09 -0.8456297 2.451179 1.09 -0.5050287 2.451179 1.083753 -0.5050287 2.594289 1.17292 -0.5480404 2.455596 1.166473 -0.5480404 2.607304 -1.0773 -0.5592796 0.04625773 -1.0773 0.7007204 0.04625773 1.0773 -0.5592796 0.04625773 1.0773 0.7007204 0.04625773 -1.0773 -0.5592796 0.2172577 -1.0773 0.7007204 0.2172577 -1.0773 -0.5592796 0.04625773 -1.0773 0.7007204 0.04625773 -1.0773 0.7007204 0.04625773 -1.0773 0.7007204 0.2172577 1.0773 0.7007204 0.04625773 1.0773 0.7007204 0.2172577 1.0773 0.7007204 0.2172577 1.0773 -0.5592796 0.2172577 1.0773 0.7007204 0.04625773 1.0773 -0.5592796 0.04625773 1.0773 -0.5592796 0.2172577 -1.0773 -0.5592796 0.2172577 1.0773 -0.5592796 0.04625773 -1.0773 -0.5592796 0.04625773 -0.6722099 -0.6192796 2.456158 0.6722099 -0.6192796 2.456158 -0.6722099 0.5562539 2.456158 0.6722099 0.5562539 2.456158 -0.7694177 -0.6192796 2.555715 -0.6673928 -0.6192796 2.542363 -0.7486987 -0.6192796 2.655272 -0.6493599 -0.6192796 2.628568 -0.7144958 -0.6192796 2.765103 -0.7486987 -0.6192796 2.655272 -0.620317 -0.6192796 2.719923 -0.6493599 -0.6192796 2.628568 -0.6419482 -0.6192796 2.872358 -0.5648789 -0.6192796 2.801507 -0.5183868 -0.6192796 2.971022 -0.4589464 -0.6192796 2.882353 -0.5183868 -0.6192796 2.971022 -0.4589464 -0.6192796 2.882353 -0.3483839 -0.6192796 3.033279 -0.31454 -0.6192796 2.930532 -0.1391769 -0.6192796 2.963367 -0.1541524 -0.6192796 3.070164 -0.31454 -0.6192796 2.930532 -0.3483839 -0.6192796 3.033279 0.3483843 -0.6192796 3.033279 0.1541521 -0.6192796 3.070163 0.3145395 -0.6192796 2.930532 0.1391768 -0.6192796 2.963367 0.518388 -0.6192796 2.971021 0.3483843 -0.6192796 3.033279 0.4589464 -0.6192796 2.882353 0.3145395 -0.6192796 2.930532 0.6419488 -0.6192796 2.872357 0.518388 -0.6192796 2.971021 0.5648792 -0.6192796 2.801507 0.4589464 -0.6192796 2.882353 0.7144958 -0.6192796 2.765102 0.6203168 -0.6192796 2.719923 0.7486987 -0.6192796 2.655271 0.6493599 -0.6192796 2.628568 0.7694176 -0.6192796 2.555714 0.7486987 -0.6192796 2.655271 0.6673927 -0.6192796 2.542363 0.6493599 -0.6192796 2.628568 0.7749007 -0.6192796 2.456158 0.6722099 -0.6192796 2.456158 0.7749007 -0.6192796 2.269577 0.6722099 -0.6192796 2.269221 -0.6722099 -0.6192796 2.269221 -0.6722099 -0.6192796 2.456158 -0.7749007 -0.6192796 2.269577 -0.7749007 -0.6192796 2.456158 -0.8895449 0.7607204 1.129019 -1.122187 0.7607205 2.456158 -0.8744056 0.7607205 2.456158 -1.002487 0.7607204 0.6714888 -1.122187 0.7607204 0.2172577 -1.002487 0.7607204 0.4793038 -0.8686816 0.7607205 2.568682 -1.122187 0.7607205 2.456158 -1.115405 0.7607205 2.60163 1.122187 0.7607204 0.2172577 0.8895449 0.7607204 1.129019 1.122187 0.7607205 2.456158 0.8744056 0.7607205 2.456158 1.122187 0.7607205 2.456158 0.8686815 0.7607205 2.568682 1.115405 0.7607205 2.60163 0.695789 0.7607205 3.252573 0.570532 0.7607205 3.051845 0.4527617 0.7607205 3.355874 0.3783481 0.7607205 3.12589 0.902191 0.7607205 3.096514 0.7152753 0.7607205 2.938016 0.695789 0.7607205 3.252573 0.570532 0.7607205 3.051845 -0.9021908 0.7607205 3.096514 -0.6957891 0.7607205 3.252573 -0.715275 0.7607205 2.938016 -0.5705323 0.7607205 3.051844 0.8895449 0.7607204 1.129019 -0.8895449 0.7607204 1.129019 0.8895449 0.7307205 1.129019 -0.8895449 0.7307205 1.129019 -0.8895449 0.7607204 1.129019 -0.8744056 0.7607205 2.456158 -0.8895449 0.7307205 1.129019 -0.8744056 0.7307205 2.456158 0.8744056 0.7607205 2.456158 0.8895449 0.7607204 1.129019 0.8744056 0.7307205 2.456158 0.8895449 0.7307205 1.129019 -0.5705323 0.7607205 3.051844 -0.3783486 0.7607205 3.12589 -0.5705323 0.7307205 3.051844 -0.3783486 0.7307205 3.12589 0.3783481 0.7607205 3.12589 0.570532 0.7607205 3.051845 0.3783481 0.7307205 3.12589 0.570532 0.7307205 3.051845 0 0.7607205 3.174483 0.1674107 0.7607205 3.165078 0 0.7307205 3.174483 0.1674107 0.7307205 3.165078 0.1674107 0.7607205 3.165078 0.3783481 0.7307205 3.12589 0.3783481 0.7607205 3.12589 0.570532 0.7607205 3.051845 0.7152753 0.7607205 2.938016 0.570532 0.7307205 3.051845 0.7152753 0.7307205 2.938016 -0.715275 0.7607205 2.938016 -0.5705323 0.7607205 3.051844 -0.715275 0.7307205 2.938016 -0.5705323 0.7307205 3.051844 0.2003371 0.7607205 3.397373 0.4527617 0.7607205 3.355874 0.3783481 0.7607205 3.12589 0.1674107 0.7607205 3.165078 0 0.7607205 3.174483 0 0.7607205 3.409088 0.2003371 0.7607205 3.397373 0.1541521 -0.6192796 3.070163 0 -0.6192796 3.077265 0.1391768 -0.6192796 2.963367 0 -0.6192796 2.966419 -0.1541524 -0.6192796 3.070164 -0.1391769 -0.6192796 2.963367 0 -0.6192796 3.077265 0 -0.6192796 2.966419 0.7144958 -0.6192796 2.765102 0.6419488 -0.6192796 2.872357 0.6203168 -0.6192796 2.719923 0.5648792 -0.6192796 2.801507 -0.7144958 -0.6192796 2.765103 -0.620317 -0.6192796 2.719923 -0.6419482 -0.6192796 2.872358 -0.5648789 -0.6192796 2.801507 -0.8686816 0.7607205 2.568682 -1.115405 0.7607205 2.60163 -0.8457558 0.7607205 2.681207 -1.086536 0.7607205 2.747102 -0.80532 0.7607205 2.80748 -0.8457558 0.7607205 2.681207 -1.033064 0.7607205 2.910978 -0.9021908 0.7607205 3.096514 -0.715275 0.7607205 2.938016 -1.033064 0.7607205 2.910978 1.115405 0.7607205 2.60163 0.8686815 0.7607205 2.568682 0.8457558 0.7607205 2.681207 1.086536 0.7607205 2.747102 0.8457558 0.7607205 2.681207 0.8053198 0.7607205 2.80748 1.033064 0.7607205 2.910978 0.7152753 0.7607205 2.938016 0.902191 0.7607205 3.096514 1.033064 0.7607205 2.910978 -0.7694177 -0.6192796 2.555715 -0.7749007 -0.6192796 2.456158 -0.6673928 -0.6192796 2.542363 -0.6722099 -0.6192796 2.456158 0.7694176 -0.6192796 2.555714 0.6673927 -0.6192796 2.542363 0.7749007 -0.6192796 2.456158 0.6722099 -0.6192796 2.456158 -0.6732429 0.7019184 0.4793038 -1.002487 0.7019184 0.4793038 -0.6732429 0.7019184 0.6714888 -1.002487 0.7019184 0.6714888 -0.6209286 0.7019184 0.6519531 -0.6209286 0.7019184 0.5006886 -0.6732429 0.7019184 0.6714888 -0.6732429 0.7019184 0.4793038 -0.6732429 0.7607204 0.4793038 -1.002487 0.7607204 0.4793038 -0.6732429 0.7019184 0.4793038 -1.002487 0.7019184 0.4793038 -1.002487 0.7607204 0.4793038 -1.002487 0.7607204 0.6714888 -1.002487 0.7019184 0.4793038 -1.002487 0.7019184 0.6714888 -1.002487 0.7607204 0.6714888 -0.6732429 0.7607204 0.6714888 -1.002487 0.7019184 0.6714888 -0.6732429 0.7019184 0.6714888 -0.6209286 0.7607204 0.651953 -0.5821064 0.7607204 0.5757725 -0.6209286 0.7019184 0.6519531 -0.5821064 0.7019184 0.5757725 -0.5821064 0.7607204 0.5757725 -0.6209286 0.7607204 0.5006886 -0.5821064 0.7019184 0.5757725 -0.6209286 0.7019184 0.5006886 -0.6209286 0.7607204 0.5006886 -0.6732429 0.7607204 0.4793038 -0.6209286 0.7019184 0.5006886 -0.6732429 0.7019184 0.4793038 -0.6732429 0.7607204 0.6714888 -0.6209286 0.7607204 0.651953 -0.6732429 0.7019184 0.6714888 -0.6209286 0.7019184 0.6519531 -0.4230274 -0.517746 0.6273568 -0.4978377 -0.5980199 0.6039583 -0.4000371 -0.517746 0.5385302 -0.461366 -0.59802 0.5029421 -0.3843134 -0.59802 0.4132187 -0.4000371 -0.517746 0.5385302 -0.3264952 -0.517746 0.463504 -0.286368 -0.59802 0.3514951 -0.1441992 -0.59802 0.3067118 -0.2433354 -0.517746 0.4115001 -0.1225303 -0.517746 0.3721151 -0.1441992 -0.59802 0.3067118 0 -0.59802 0.2951092 -0.1225303 -0.517746 0.3721151 0 -0.517746 0.3622375 0 -0.517746 0.3622375 0 -0.59802 0.2951092 0.1225303 -0.517746 0.3721151 0.1441992 -0.59802 0.3067118 0.2433354 -0.517746 0.4115001 0.286368 -0.59802 0.3514951 0.3264952 -0.517746 0.463504 0.3843134 -0.59802 0.4132187 0.3264952 -0.517746 0.463504 0.3843134 -0.59802 0.4132187 0.4000371 -0.517746 0.5385302 0.461366 -0.59802 0.5029421 0.4978377 -0.5980199 0.6039583 0.4000371 -0.517746 0.5385302 0.4230274 -0.517746 0.6273568 0.4230274 -0.517746 0.793459 0.4978377 -0.59802 0.793459 0.4230274 -0.5177461 1.328758 0.4978377 -0.59802 1.328758 -0.4230274 -0.5177461 1.328758 -0.4978377 -0.59802 1.328758 -0.4230274 -0.517746 0.793459 -0.4978377 -0.59802 0.793459 -0.4978377 -0.5980199 0.6039583 -0.5318424 -0.6192796 0.5933226 -0.461366 -0.59802 0.5029421 -0.4928793 -0.6192795 0.4848014 -0.461366 -0.59802 0.5029421 -0.4105639 -0.6192796 0.3883975 -0.3843134 -0.59802 0.4132187 -0.1441992 -0.59802 0.3067118 -0.286368 -0.59802 0.3514951 -0.1540487 -0.6192796 0.276983 -0.3059283 -0.6192796 0.3242201 0 -0.59802 0.2951092 -0.1441992 -0.59802 0.3067118 0 -0.6192795 0.2633778 -0.1540487 -0.6192796 0.276983 0 -0.59802 0.2951092 0 -0.6192795 0.2633778 0.1441992 -0.59802 0.3067118 0.1540487 -0.6192796 0.276983 0.3843134 -0.59802 0.4132187 0.4105639 -0.6192796 0.3883975 0.461366 -0.59802 0.5029421 0.4928793 -0.6192795 0.4848014 0.461366 -0.59802 0.5029421 0.5318424 -0.6192796 0.5933226 0.4978377 -0.5980199 0.6039583 0.4978377 -0.59802 1.328758 0.4978377 -0.59802 0.793459 0.5318424 -0.6192795 1.328758 0.5318424 -0.6192796 0.793459 -0.5318424 -0.6192796 0.793459 -0.4978377 -0.59802 0.793459 -0.5318424 -0.6192795 1.328758 -0.4978377 -0.59802 1.328758 0.4978377 -0.5980199 0.6039583 0.4978377 -0.59802 0.793459 0.4230274 -0.517746 0.6273568 0.4230274 -0.517746 0.793459 0.4978377 -0.59802 0.793459 0.4978377 -0.5980199 0.6039583 0.5318424 -0.6192796 0.793459 0.5318424 -0.6192796 0.5933226 -0.5318424 -0.6192796 0.5933226 -0.4978377 -0.5980199 0.6039583 -0.5318424 -0.6192796 0.793459 -0.4978377 -0.59802 0.793459 -0.4230274 -0.517746 0.793459 -0.4978377 -0.59802 0.793459 -0.4230274 -0.517746 0.6273568 -0.4978377 -0.5980199 0.6039583 -0.3843134 -0.59802 0.4132187 -0.286368 -0.59802 0.3514951 -0.3264952 -0.517746 0.463504 -0.2433354 -0.517746 0.4115001 -0.286368 -0.59802 0.3514951 -0.3843134 -0.59802 0.4132187 -0.3059283 -0.6192796 0.3242201 -0.4105639 -0.6192796 0.3883975 0.1225303 -0.517746 0.3721151 0.1441992 -0.59802 0.3067118 0.2433354 -0.517746 0.4115001 0.286368 -0.59802 0.3514951 -0.1956618 -0.621425 1.563174 0.14139 -0.621425 1.563174 -0.1956618 -0.621425 1.729999 0.1413901 -0.6214252 1.729999 -0.2354241 -0.6585839 1.764458 0.1811523 -0.6585839 1.764458 -0.2354241 -0.6137469 1.764458 0.1811523 -0.6137469 1.764458 -0.2354241 -0.6137468 1.528715 0.1811523 -0.6137468 1.528715 -0.2354241 -0.6585838 1.528715 0.1811523 -0.6585838 1.528715 0.1811523 -0.6585838 1.528715 0.1811523 -0.6137468 1.528715 0.1811523 -0.6585839 1.764458 0.1811523 -0.6137469 1.764458 -0.2354241 -0.6137468 1.528715 -0.2354241 -0.6585838 1.528715 -0.2354241 -0.6137469 1.764458 -0.2354241 -0.6585839 1.764458 -0.2354241 -0.6585838 1.528715 0.1811523 -0.6585838 1.528715 -0.1956618 -0.6585838 1.563174 0.14139 -0.6585838 1.563174 0.1811523 -0.6585838 1.528715 0.1811523 -0.6585839 1.764458 0.14139 -0.6585838 1.563174 0.1413901 -0.6585839 1.729999 0.1811523 -0.6585839 1.764458 -0.2354241 -0.6585839 1.764458 0.1413901 -0.6585839 1.729999 -0.1956618 -0.6585838 1.729999 -0.2354241 -0.6585839 1.764458 -0.2354241 -0.6585838 1.528715 -0.1956618 -0.6585838 1.729999 -0.1956618 -0.6585838 1.563174 -0.1956618 -0.6585838 1.563174 0.14139 -0.6585838 1.563174 -0.1956618 -0.621425 1.563174 0.14139 -0.621425 1.563174 0.14139 -0.6585838 1.563174 0.1413901 -0.6585839 1.729999 0.14139 -0.621425 1.563174 0.1413901 -0.6214252 1.729999 0.1413901 -0.6585839 1.729999 -0.1956618 -0.6585838 1.729999 0.1413901 -0.6214252 1.729999 -0.1956618 -0.621425 1.729999 -0.1956618 -0.6585838 1.729999 -0.1956618 -0.6585838 1.563174 -0.1956618 -0.621425 1.729999 -0.1956618 -0.621425 1.563174 0.3035434 -0.621425 1.56896 0.6405953 -0.6214249 1.56896 0.3035434 -0.6214249 1.735785 0.6405953 -0.621425 1.735785 0.2637811 -0.6585838 1.770244 0.6803575 -0.6585839 1.770244 0.2637811 -0.6137468 1.770244 0.6803575 -0.6137469 1.770244 0.2637811 -0.613747 1.534502 0.6803575 -0.6137469 1.534502 0.2637811 -0.6585838 1.534502 0.6803575 -0.6585839 1.534502 0.6803575 -0.6585839 1.534502 0.6803575 -0.6137469 1.534502 0.6803575 -0.6585839 1.770244 0.6803575 -0.6137469 1.770244 0.2637811 -0.613747 1.534502 0.2637811 -0.6585838 1.534502 0.2637811 -0.6137468 1.770244 0.2637811 -0.6585838 1.770244 0.2637811 -0.6585838 1.534502 0.6803575 -0.6585839 1.534502 0.3035434 -0.6585838 1.56896 0.6405953 -0.6585839 1.56896 0.6803575 -0.6585839 1.534502 0.6803575 -0.6585839 1.770244 0.6405953 -0.6585839 1.56896 0.6405953 -0.6585838 1.735785 0.6803575 -0.6585839 1.770244 0.2637811 -0.6585838 1.770244 0.6405953 -0.6585838 1.735785 0.3035434 -0.6585839 1.735785 0.2637811 -0.6585838 1.770244 0.2637811 -0.6585838 1.534502 0.3035434 -0.6585839 1.735785 0.3035434 -0.6585838 1.56896 0.3035434 -0.6585838 1.56896 0.6405953 -0.6585839 1.56896 0.3035434 -0.621425 1.56896 0.6405953 -0.6214249 1.56896 0.6405953 -0.6585839 1.56896 0.6405953 -0.6585838 1.735785 0.6405953 -0.6214249 1.56896 0.6405953 -0.621425 1.735785 0.6405953 -0.6585838 1.735785 0.3035434 -0.6585839 1.735785 0.6405953 -0.621425 1.735785 0.3035434 -0.6214249 1.735785 0.3035434 -0.6585839 1.735785 0.3035434 -0.6585838 1.56896 0.3035434 -0.6214249 1.735785 0.3035434 -0.621425 1.56896 -0.6901558 -0.621425 1.570096 -0.353104 -0.6214249 1.570096 -0.6901558 -0.6214249 1.736921 -0.3531039 -0.6214249 1.736921 -0.7299181 -0.6585839 1.77138 -0.3133417 -0.6585838 1.77138 -0.7299181 -0.6137469 1.77138 -0.3133417 -0.6137468 1.77138 -0.7299181 -0.613747 1.535637 -0.3133417 -0.6137469 1.535638 -0.7299181 -0.6585838 1.535637 -0.3133417 -0.6585839 1.535638 -0.3133417 -0.6585839 1.535638 -0.3133417 -0.6137469 1.535638 -0.3133417 -0.6585838 1.77138 -0.3133417 -0.6137468 1.77138 -0.7299181 -0.613747 1.535637 -0.7299181 -0.6585838 1.535637 -0.7299181 -0.6137469 1.77138 -0.7299181 -0.6585839 1.77138 -0.7299181 -0.6585838 1.535637 -0.3133417 -0.6585839 1.535638 -0.6901558 -0.6585838 1.570096 -0.353104 -0.6585839 1.570096 -0.3133417 -0.6585839 1.535638 -0.3133417 -0.6585838 1.77138 -0.353104 -0.6585839 1.570096 -0.3531039 -0.6585839 1.736921 -0.3133417 -0.6585838 1.77138 -0.7299181 -0.6585839 1.77138 -0.3531039 -0.6585839 1.736921 -0.6901558 -0.6585839 1.736921 -0.7299181 -0.6585839 1.77138 -0.7299181 -0.6585838 1.535637 -0.6901558 -0.6585839 1.736921 -0.6901558 -0.6585838 1.570096 -0.6901558 -0.6585838 1.570096 -0.353104 -0.6585839 1.570096 -0.6901558 -0.621425 1.570096 -0.353104 -0.6214249 1.570096 -0.353104 -0.6585839 1.570096 -0.3531039 -0.6585839 1.736921 -0.353104 -0.6214249 1.570096 -0.3531039 -0.6214249 1.736921 -0.3531039 -0.6585839 1.736921 -0.6901558 -0.6585839 1.736921 -0.3531039 -0.6214249 1.736921 -0.6901558 -0.6214249 1.736921 -0.6901558 -0.6585839 1.736921 -0.6901558 -0.6585838 1.570096 -0.6901558 -0.6214249 1.736921 -0.6901558 -0.621425 1.570096 1.19117 -0.5876836 0.6961709 1.19117 -0.6478273 0.6961709 1.243558 -0.5876849 0.6961709 1.243558 -0.6478276 0.6961709 1.19117 -0.5576117 0.6440847 1.19117 -0.5876836 0.6961709 1.243558 -0.5576124 0.6440847 1.243558 -0.5876849 0.6961709 1.19117 -0.5876836 0.5919985 1.19117 -0.5576117 0.6440847 1.243558 -0.5876849 0.591999 1.243558 -0.5576124 0.6440847 1.19117 -0.6478273 0.5919985 1.19117 -0.5876836 0.5919985 1.243558 -0.6478277 0.591999 1.243558 -0.5876849 0.591999 1.19117 -0.677899 0.6440847 1.19117 -0.6478273 0.5919985 1.243558 -0.6778991 0.6440847 1.243558 -0.6478277 0.591999 1.19117 -0.6478273 0.6961709 1.19117 -0.677899 0.6440847 1.243558 -0.6478276 0.6961709 1.243558 -0.6778991 0.6440847 1.236998 -0.5876837 2.138781 1.236998 -0.6478274 2.138781 1.289386 -0.5876851 2.13878 1.289386 -0.6478276 2.13878 1.236997 -0.5576117 2.086694 1.236998 -0.5876837 2.138781 1.289386 -0.5576124 2.086694 1.289386 -0.5876851 2.13878 1.236998 -0.5876837 2.034608 1.236997 -0.5576117 2.086694 1.289386 -0.5876851 2.034608 1.289386 -0.5576124 2.086694 1.236998 -0.6478274 2.034608 1.236998 -0.5876837 2.034608 1.289386 -0.6478276 2.034608 1.289386 -0.5876851 2.034608 1.236997 -0.6778989 2.086694 1.236998 -0.6478274 2.034608 1.289386 -0.6778991 2.086694 1.289386 -0.6478276 2.034608 1.236998 -0.6478274 2.138781 1.236997 -0.6778989 2.086694 1.289386 -0.6478276 2.13878 1.289386 -0.6778991 2.086694 1.240729 -0.5858739 0.8598494 1.240729 -0.6496368 0.8598494 1.296271 -0.5858755 0.8598494 1.296271 -0.649637 0.8598494 1.240729 -0.5539929 0.8046287 1.240729 -0.5858739 0.8598494 1.29627 -0.5539936 0.8046287 1.296271 -0.5858755 0.8598494 1.240729 -0.5858739 0.7494089 1.240729 -0.5539929 0.8046287 1.296271 -0.5858754 0.7494092 1.29627 -0.5539936 0.8046287 1.240729 -0.6496368 0.7494089 1.240729 -0.5858739 0.7494089 1.296271 -0.6496372 0.7494092 1.296271 -0.5858754 0.7494092 1.240729 -0.681518 0.8046287 1.240729 -0.6496368 0.7494089 1.29627 -0.6815181 0.8046287 1.296271 -0.6496372 0.7494092 1.240729 -0.6496368 0.8598494 1.240729 -0.681518 0.8046287 1.296271 -0.649637 0.8598494 1.29627 -0.6815181 0.8046287 0.4288135 -0.7897396 2.041511 0.3809914 -0.7897396 2.041511 0.4288124 -0.8233669 2.066096 0.3809912 -0.8233669 2.066096 0.4527243 -0.8141825 2.008078 0.4288135 -0.7897396 2.041511 0.4527239 -0.8478098 2.032663 0.4288124 -0.8233669 2.066096 0.4288135 -0.8386251 1.974645 0.4527243 -0.8141825 2.008078 0.4288124 -0.8722525 1.99923 0.4527239 -0.8478098 2.032663 0.3809914 -0.8386251 1.974645 0.4288135 -0.8386251 1.974645 0.3809912 -0.8722525 1.99923 0.4288124 -0.8722525 1.99923 0.3570806 -0.8141825 2.008078 0.3809914 -0.8386251 1.974645 0.3570804 -0.8478098 2.032663 0.3809912 -0.8722525 1.99923 0.3809914 -0.7897396 2.041511 0.3570806 -0.8141825 2.008078 0.3809912 -0.8233669 2.066096 0.3570804 -0.8478098 2.032663 -0.3767021 -0.6876838 2.291047 -0.4245234 -0.6875713 2.291293 -0.3767432 -0.7279696 2.301642 -0.4245637 -0.7278574 2.301888 -0.3530226 -0.6982732 2.25087 -0.3767021 -0.6876838 2.291047 -0.3530632 -0.738559 2.261466 -0.3767432 -0.7279696 2.301642 -0.377164 -0.7087507 2.210942 -0.3530226 -0.6982732 2.25087 -0.3772052 -0.7490366 2.221537 -0.3530632 -0.738559 2.261466 -0.4249853 -0.7086384 2.211188 -0.377164 -0.7087507 2.210942 -0.4250256 -0.7489243 2.221783 -0.3772052 -0.7490366 2.221537 -0.4486648 -0.6980486 2.251363 -0.4249853 -0.7086384 2.211188 -0.4487051 -0.7383344 2.261958 -0.4250256 -0.7489243 2.221783 -0.4245234 -0.6875713 2.291293 -0.4486648 -0.6980486 2.251363 -0.4245637 -0.7278574 2.301888 -0.4487051 -0.7383344 2.261958 -0.165 -0.3570399 2.455635 0.165 -0.3570399 2.455635 -0.165 -0.3570399 2.875635 0.165 -0.3570399 2.875635 -0.165 -0.3570399 2.875635 0.165 -0.3570399 2.875635 -0.165 -0.2370398 2.875635 0.165 -0.2370398 2.875635 -0.165 -0.2370398 2.875635 0.165 -0.2370398 2.875635 -0.165 -0.2370398 2.455635 0.165 -0.2370398 2.455635 0.165 -0.3570399 2.455635 0.165 -0.2370398 2.455635 0.165 -0.3570399 2.875635 0.165 -0.2370398 2.875635 -0.165 -0.2370398 2.455635 -0.165 -0.3570399 2.455635 -0.165 -0.2370398 2.875635 -0.165 -0.3570399 2.875635 -0.09847031 -0.3410704 2.873828 -0.01777854 -0.3410704 2.873828 -0.09847031 -0.3410704 2.894374 -0.01777854 -0.3410704 2.894374 -0.09847031 -0.3410704 2.894374 -0.01777854 -0.3410704 2.894374 -0.09847031 -0.2530093 2.894374 -0.01777854 -0.2530093 2.894374 -0.09847031 -0.2530093 2.894374 -0.01777854 -0.2530093 2.894374 -0.09847031 -0.2530093 2.873828 -0.01777854 -0.2530093 2.873828 -0.01777854 -0.3410704 2.873828 -0.01777854 -0.2530093 2.873828 -0.01777854 -0.3410704 2.894374 -0.01777854 -0.2530093 2.894374 -0.09847031 -0.2530093 2.873828 -0.09847031 -0.3410704 2.873828 -0.09847031 -0.2530093 2.894374 -0.09847031 -0.3410704 2.894374 0.3263966 -0.8614784 1.953239 0.4738835 -0.8614784 1.953239 0.4738835 -0.7657664 2.079999 0.3263966 -0.7657666 2.079998 0.4738835 -0.7230821 2.176408 0.3263966 -0.7230823 2.176408 0.4738835 -0.686218 2.319988 0.3263966 -0.686218 2.319988 -0.4738835 -0.8614784 1.953239 -0.3263966 -0.8614784 1.953239 -0.3263966 -0.7657664 2.079999 -0.4738835 -0.7657666 2.079998 -0.3263966 -0.7230821 2.176408 -0.4738835 -0.7230823 2.176408 -0.3263966 -0.686218 2.319988 -0.4738835 -0.686218 2.319988 0 0.8601394 3.452078 0 0.7157137 3.452078 0.2063738 0.8601394 3.439754 0.206373 0.7157137 3.439753 0.4664035 0.8601394 3.397645 0.466404 0.7157137 3.397645 0.7192762 0.8601394 3.289019 0.719276 0.7157137 3.289019 0.9352806 0.8601396 3.126199 0.9352809 0.7157137 3.126199 1.074019 0.7157137 2.930146 1.074019 0.8601396 2.930147 1.130269 0.8601395 2.758841 1.130269 0.7157137 2.75884 1.160616 0.8601395 2.608767 1.160616 0.7157137 2.608768 1.167981 0.8601395 2.458694 1.167981 0.7157137 2.458694 1.167754 0.8601395 1.764284 1.168405 0.7157137 1.764285 1.123517 0.7157136 1.764282 1.123291 0.7157137 1.684169 1.168179 0.7157137 1.684174 1.168405 0.7157137 1.764285 1.286811 0.7157137 1.684174 1.287037 0.7157137 1.764285 0.736505 -0.5031097 0.7302577 0.736505 -0.5031096 0.2259821 0.736505 -0.617496 0.7302577 0.7365049 -0.7265819 0.2259821 0.7365049 -0.7265819 0.7302577 0.7515651 -0.7943239 0.2259834 0.7515618 -0.7943239 0.730259 0.8027545 -0.8620696 0.7302577 0.8027543 -0.8620695 0.2259821 0.8840444 -0.892141 0.7302577 0.8840444 -0.892141 0.2259821 0.9703622 -0.8998985 0.2259821 0.9703622 -0.8998985 0.7302577 1.056671 -0.8921406 0.7302577 1.056671 -0.8921406 0.2259821 1.137952 -0.862069 0.2259821 1.137952 -0.8620691 0.7302577 1.189167 -0.7943287 0.7302563 1.18917 -0.7943287 0.2259807 1.204252 -0.7265845 0.2259821 1.204252 -0.7265844 0.7302577 1.204252 -0.5031096 0.2259821 1.204252 -0.5031097 0.7302577 1.24981 -0.4578791 0.7302577 1.24981 -0.457879 0.8727577 1.24981 -0.7369503 0.8727577 1.24981 -0.7369502 0.7302577 1.233322 -0.8176562 0.8727561 1.233323 -0.8176561 0.730256 1.173414 -0.8983576 0.7302577 1.173414 -0.8983577 0.8727577 1.074934 -0.9322262 0.8727577 1.074934 -0.9322262 0.7302577 0.9703631 -0.9437814 0.7302577 0.9703624 -0.9437814 0.8727577 0.8657787 -0.9322261 0.8727577 0.8657791 -0.9322262 0.7302577 0.767287 -0.8983574 0.7302577 0.767287 -0.8983572 0.8727577 0.7074029 -0.8176476 0.7302592 0.7074021 -0.8176475 0.8727592 0.6909466 -0.7369422 0.8727577 0.6909466 -0.7369423 0.7302577 0.6909466 -0.6599534 0.7302577 0.6909466 -0.6599533 0.8727577 1.164353 -0.5812204 0.04625773 1.164257 -0.5812204 0.2260701 1.164257 -0.7117893 0.2259821 1.164257 -0.7117893 0.04616958 1.149434 -0.7701824 0.2259809 1.149436 -0.7701824 0.04616851 1.105038 -0.8285724 0.04616958 1.105038 -0.8285724 0.2259821 1.03972 -0.8563697 0.2259821 1.03972 -0.8563698 0.04616958 0.9703614 -0.8618537 0.04616958 0.9703614 -0.8618536 0.2259821 0.9009945 -0.8563699 0.2259821 0.9009945 -0.8563699 0.04616958 0.835668 -0.8285724 0.04616958 0.835668 -0.8285724 0.2259821 0.7913014 -0.7701793 0.04617071 0.7913002 -0.7701793 0.2259831 0.7765 -0.7117893 0.2259821 0.7765 -0.7117893 0.04616958 0.7765958 -0.5812203 0.04625773 0.7765 -0.5812203 0.2260701 -0.736505 -0.5031096 0.8727577 -1.204252 -0.5031096 0.8727577 -0.736505 -0.6174961 0.8727577 -1.204252 -0.7265845 0.8727577 -0.7365049 -0.726582 0.8727577 -1.189166 -0.7943287 0.8727564 -0.7515608 -0.7943239 0.872759 -1.137952 -0.8620691 0.8727577 -0.8027546 -0.8620695 0.8727577 -1.056671 -0.8921406 0.8727577 -0.8840444 -0.8921408 0.8727577 -0.9703622 -0.8998985 0.8727577 -0.8114718 -0.4831939 2.002436 -0.8114719 -0.4831939 2.172255 -0.7374151 -0.5528123 2.172195 -0.7374151 -0.5528123 2.002317 -0.7374151 -0.7400508 2.172195 -0.7374151 -0.7400508 2.002317 -0.7566662 -0.8083358 2.002317 -0.7566662 -0.8083355 2.172195 -0.8042456 -0.8766203 2.172195 -0.8042457 -0.8766205 2.002317 -0.8887116 -0.9046593 2.002317 -0.8887116 -0.904659 2.172195 -0.9731775 -0.9147527 2.172195 -0.9731775 -0.9147527 2.002317 -1.057652 -0.9046593 2.002317 -1.057652 -0.9046593 2.172195 -1.142128 -0.8766208 2.172195 -1.142128 -0.8766208 2.002317 -1.189681 -0.8083346 2.002317 -1.189681 -0.8083346 2.172195 -1.208907 -0.7400484 2.002317 -1.208907 -0.7400484 2.172195 -1.208907 -0.5528123 2.002317 -1.208907 -0.5528121 2.172195 -1.171594 -0.5174541 2.041061 -1.171594 -0.5174541 2.133451 0.09583405 -0.5146502 0.2395652 0.09583405 -0.5658584 0.3783591 0.09583405 -0.6305774 0.3334312 0.09583405 -0.6305773 0.2357738 0.09583405 -0.6444427 0.2865919 0.09583405 -0.5658584 0.3783591 -0.09583405 -0.5658584 0.3783591 0.09583405 -0.6305774 0.3334312 -0.09583405 -0.6305774 0.3334312 0.09583405 -0.6444427 0.2865919 -0.09583405 -0.6444427 0.2865919 0.09583405 -0.6305773 0.2357738 -0.09583405 -0.6305773 0.2357738 0.09583405 -0.5146502 0.2395652 -0.09583405 -0.5146502 0.2395652 0.242964 -0.4477067 3.450824 0.242964 -0.6171732 3.029617 0.242964 0.5435119 3.450824 0.242964 0.8123813 3.393987 0.242964 0.5836463 3.500181 0.242964 0.7791574 3.500181 0.242964 0.6784823 3.528181 -0.2408268 -1.115277 3.156923 -0.2429736 -1.059854 3.278716 -0.242964 -1.042863 3.270909 -0.242964 -0.9827659 3.074511 -0.242964 -1.017595 3.318134 -0.242964 -0.8408751 3.029617 -0.242964 -0.9377644 3.423932 -0.242964 -0.843585 3.497506 -0.242964 -0.6949623 3.520347 -0.242964 -0.6171732 3.029617 -0.104705 -1.076778 3.241243 -0.1048859 -1.032021 3.219962 -0.1348859 -1.026142 3.233716 -0.1346746 -1.070261 3.255624 -0.1575 -1.042863 3.270909 0.2433373 -1.11567 3.155066 -0.2408268 -1.115277 3.156923 0.242964 -0.9827659 3.074511 -0.242964 -0.9827659 3.074511 0.242964 -0.8408751 3.029617 -0.242964 -0.8408751 3.029617 0.242964 -0.6171732 3.029617 -0.242964 -0.6171732 3.029617 0.242954 -1.059478 3.278546 0.2433373 -1.11567 3.155066 0.242964 -1.042863 3.270909 0.242964 -0.9827659 3.074511 0.242964 -1.017595 3.318134 0.242964 -0.8408751 3.029617 0.242964 -0.9377644 3.423932 0.242964 -0.843585 3.497506 0.242964 -0.6949623 3.520347 0.242964 -0.6171732 3.029617 -0.7913442 -0.7881191 1.972613 -0.4635958 -0.7881191 1.972613 -0.7913442 -0.7243791 2.057029 -0.4635958 -0.7243791 2.057029 -0.7913442 -0.6780806 2.161602 -0.4635958 -0.6780806 2.161602 -0.7913442 -0.6489685 2.274988 -0.4635958 -0.6489685 2.274988 0.4635957 -0.7881191 1.972613 0.7913442 -0.7881191 1.972613 0.7913442 -0.7243791 2.057029 0.4635957 -0.7243791 2.057029 0.7913442 -0.6780806 2.161602 0.4635957 -0.6780806 2.161602 0.7913442 -0.6489685 2.274988 0.4635957 -0.6489685 2.274988 0.7269678 -0.5480404 3.294315 0.7269678 -0.8026175 3.294314 0.9352553 -0.5480404 3.13499 0.9352552 -0.8026175 3.13499 1.077792 -0.5480404 2.934612 1.077792 -0.8026178 2.934612 1.136927 -0.5480404 2.759012 1.136927 -0.8026175 2.759012 1.166473 -0.5480404 2.607304 1.166473 -0.8026175 2.607304 1.17292 -0.5480404 2.455596 1.17292 -0.8026175 2.455596 1.172581 -0.8026178 2.087219 1.172581 -0.5480404 2.087219 0.196135 -0.5050287 3.367686 0 -0.5050287 3.379038 0 -0.5480404 3.458452 0.2071831 -0.5480404 3.44598 0 -0.8026175 3.458452 0.2071838 -0.8026178 3.44598 0.1961358 -0.8456295 3.367686 0 -0.8456297 3.379038 -1.089323 -0.5050287 2.087219 -1.088647 -0.5050288 0.8727577 -1.171564 -0.5480404 0.8727577 -1.172242 -0.5480404 2.087219 -1.171564 -0.8026177 0.8727577 -1.089323 -0.5050287 2.087219 -1.09 -0.5050287 2.451179 -1.17292 -0.5480404 2.455596 -1.172242 -0.8026175 2.087219 -1.17292 -0.8026175 2.455596 -1.09 -0.8456297 2.451179 -1.089323 -0.8456297 2.087219 -1.089323 -0.8456297 2.087219 -1.088647 -0.8456296 0.8727577 -1.007079 -0.8456297 2.446762 -1.006404 -0.8456297 2.087219 -1.006404 -0.8456297 2.087219 -1.00573 -0.8456296 0.8727577 -0.9241582 -0.8026175 2.442346 -0.9234853 -0.8026175 2.087219 -0.9234853 -0.8026175 2.087219 -0.9228125 -0.8026177 0.8727577 -0.4432653 -0.5050287 3.326549 -0.6835133 -0.5050285 3.226963 -0.468234 -0.5480404 3.403725 -0.7269676 -0.5480404 3.294315 -0.4682356 -0.8026178 3.403725 -0.7269676 -0.8026175 3.294314 -0.6835133 -0.8456297 3.226961 -0.443267 -0.8456295 3.326549 -1.056046 -0.8456295 2.737399 -1.002105 -0.8456295 2.899298 -1.136927 -0.8026175 2.759012 -1.077792 -0.8026178 2.934612 -1.136927 -0.5480404 2.759012 -1.077792 -0.5480404 2.934612 -1.002105 -0.5050287 2.899297 -1.056046 -0.5050287 2.737399 -0.1961357 -0.8456295 3.367686 0 -0.8456297 3.379038 0 -0.8026175 3.458452 -0.2071838 -0.8026178 3.44598 0 -0.5480404 3.458452 -0.2071831 -0.5480404 3.44598 -0.1961351 -0.5050287 3.367686 0 -0.5050287 3.379038 -0.6835133 -0.5050285 3.226963 -0.8741496 -0.5050287 3.080276 -0.7269676 -0.5480404 3.294315 -0.9352551 -0.5480404 3.134991 -0.7269676 -0.8026175 3.294314 -0.935255 -0.8026178 3.134991 -0.8741494 -0.8456295 3.080276 -0.6835133 -0.8456297 3.226961 -0.9234853 -0.8026175 2.087219 -0.9228125 -0.8026177 0.8727577 -0.8730621 -0.8456296 0.8727577 -0.8737338 -0.8456297 2.087219 -0.8233117 -0.8456296 0.8727577 -0.8239825 -0.8456297 2.087219 -0.7735615 -0.8026177 0.8727577 -0.7742311 -0.8026175 2.087219 -0.7735615 -0.6192797 0.8727577 -0.7742311 -0.6192796 2.087219 0 -0.8026175 3.220211 -0.1740396 -0.8026175 3.211095 -0.1674106 -0.8456295 3.164118 0 -0.8456295 3.172562 -0.1607818 -0.8456295 3.117141 0 -0.8456295 3.124914 0 -0.8456295 3.124914 -0.1541529 -0.8026175 3.070163 0 -0.8026175 3.077265 -0.1541524 -0.6192796 3.070164 0 -0.6192796 3.077265 -0.3483862 -0.8026175 3.033279 -0.1541529 -0.8026175 3.070163 -0.1607818 -0.8456295 3.117141 -0.3633674 -0.8456292 3.079584 0.1740396 -0.8026175 3.211095 0 -0.8026175 3.220211 0.1674109 -0.8456295 3.164118 0 -0.8456295 3.172562 0 -0.8456295 3.172562 0.1607821 -0.8456295 3.117141 0 -0.8456295 3.124914 0 -0.8456295 3.124914 0.1541533 -0.8026175 3.070163 0 -0.8026175 3.077265 0 -0.6192796 3.077265 0.1541521 -0.6192796 3.070163 0.3483857 -0.8026175 3.033279 0.1541533 -0.8026175 3.070163 0.1607821 -0.8456295 3.117141 0.3633669 -0.8456292 3.079584 0.9234851 -0.8026177 1.121951 0.9228123 -0.8026177 0.8727577 1.00573 -0.8456296 0.8727577 1.006404 -0.8456297 1.121951 1.088647 -0.8456296 0.8727577 1.089323 -0.8456297 1.121951 1.171564 -0.8026177 0.8727577 1.172242 -0.8026177 1.121951 -0.9241582 -0.8026175 2.442346 -0.9183136 -0.8026178 2.56826 -1.007079 -0.8456297 2.446762 -1.001033 -0.8456295 2.581275 -1.09 -0.8456297 2.451179 -1.083753 -0.8456297 2.594289 -1.17292 -0.8026175 2.455596 -1.166473 -0.8026175 2.607304 -1.17292 -0.5480404 2.455596 -1.166473 -0.5480404 2.607304 -1.083753 -0.5050287 2.594289 -1.09 -0.5050287 2.451179 1.172242 -0.5480404 1.121951 1.089323 -0.5050287 1.121951 1.172581 -0.5480404 2.087219 1.089661 -0.5050287 2.087219 1.172581 -0.8026178 2.087219 1.172242 -0.5480404 1.121951 1.172242 -0.8026177 1.121951 1.089661 -0.8456297 2.087219 1.172242 -0.8026177 1.121951 1.089323 -0.8456297 1.121951 1.006742 -0.8456297 2.087219 1.006404 -0.8456297 1.121951 0.9238216 -0.8026178 2.087219 0.9234851 -0.8026177 1.121951 0.1961358 -0.8456295 3.367686 0.4432666 -0.8456295 3.326549 0.2071838 -0.8026178 3.44598 0.4682353 -0.8026178 3.403725 0.2071831 -0.5480404 3.44598 0.4682337 -0.5480404 3.403725 0.443265 -0.5050287 3.326549 0.196135 -0.5050287 3.367686 -0.8741496 -0.5050287 3.080276 -1.002105 -0.5050287 2.899297 -0.9352551 -0.5480404 3.134991 -1.077792 -0.5480404 2.934612 -0.935255 -0.8026178 3.134991 -1.077792 -0.8026178 2.934612 -1.002105 -0.8456295 2.899298 -0.8741494 -0.8456295 3.080276 -0.9183136 -0.8026178 2.56826 -0.8942844 -0.8026175 2.694174 -1.001033 -0.8456295 2.581275 -0.9751652 -0.8456295 2.715786 -0.9751652 -0.8456295 2.715786 -1.083753 -0.8456297 2.594289 -1.056046 -0.8456295 2.737399 -1.056046 -0.8456295 2.737399 -1.166473 -0.8026175 2.607304 -1.136927 -0.8026175 2.759012 -1.166473 -0.5480404 2.607304 -1.136927 -0.5480404 2.759012 -1.056046 -0.5050287 2.737399 -1.083753 -0.5050287 2.594289 0.8895449 0.7307205 1.129019 -0.8895449 0.7307205 1.129019 0.8744056 0.7307205 2.456158 -0.8744056 0.7307205 2.456158 0.8686815 0.7307205 2.568682 -0.8686816 0.7307205 2.568682 0.8457558 0.7307205 2.681207 -0.8457558 0.7307205 2.681207 0.8053198 0.7307205 2.80748 -0.80532 0.7307205 2.80748 0.7152753 0.7307205 2.938016 -0.715275 0.7307205 2.938016 0.570532 0.7307205 3.051845 -0.5705323 0.7307205 3.051844 0.3783481 0.7307205 3.12589 -0.3783486 0.7307205 3.12589 -0.1674108 0.7307205 3.165078 0.1674107 0.7307205 3.165078 0 0.7307205 3.174483 1.122187 -0.6192796 0.2172577 1.122187 0.7607204 0.2172577 1.122187 -0.6192796 2.456158 1.122187 0.7607205 2.456158 1.115405 -0.6192796 2.60163 1.115405 0.7607205 2.60163 1.086536 -0.6192796 2.747102 1.086536 0.7607205 2.747102 1.033064 -0.6192796 2.910978 1.033064 0.7607205 2.910978 0.9021911 -0.6192796 3.096514 0.902191 0.7607205 3.096514 0.695789 -0.6192796 3.252573 0.695789 0.7607205 3.252573 0.4527617 -0.6192796 3.355874 0.4527617 0.7607205 3.355874 0.2003371 -0.6192796 3.397373 0.2003371 0.7607205 3.397373 0 -0.6192794 3.409088 0 0.7607205 3.409088 -1.122187 0.7607204 0.2172577 -1.122187 -0.6192796 0.2172577 -1.122187 0.7607205 2.456158 -1.122187 -0.6192796 2.456158 -1.115405 0.7607205 2.60163 -1.115405 -0.6192796 2.60163 -1.086536 0.7607205 2.747102 -1.086536 -0.6192796 2.747102 -1.033064 0.7607205 2.910978 -1.033064 -0.6192796 2.910978 -0.9021908 0.7607205 3.096514 -0.9021908 -0.6192796 3.096514 -0.6957891 0.7607205 3.252573 -0.6957891 -0.6192796 3.252573 -0.4527622 0.7607205 3.355874 -0.4527622 -0.6192796 3.355874 -0.2003372 0.7607205 3.397373 -0.2003372 -0.6192796 3.397373 0 0.7607205 3.409088 0 -0.6192794 3.409088 1.122731 0.7245456 0.8692777 1.122731 -0.5201359 0.8692777 1.167075 -0.5201359 0.8306023 1.167075 0.7245456 0.8306023 1.167075 -0.5201358 0.7738531 1.167075 0.7245456 0.7738532 1.122731 -0.5201359 0.7351778 1.122731 0.7245456 0.7351778 -0.2003372 0.7607205 3.397373 0 0.7607205 3.409088 -0.1674108 0.7607205 3.165078 0 0.7607205 3.174483 -0.2003372 0.7607205 3.397373 -0.3783486 0.7607205 3.12589 -0.4527622 0.7607205 3.355874 -0.3783486 0.7607205 3.12589 -0.5705323 0.7607205 3.051844 -0.6957891 0.7607205 3.252573 0.286368 -0.59802 0.3514951 0.2997266 -0.6125391 0.3328677 0.3843134 -0.59802 0.4132187 0.3059283 -0.6192796 0.3242201 0.4105639 -0.6192796 0.3883975 0.3059283 -0.6192796 0.3242201 0.2997266 -0.6125391 0.3328677 0.1540487 -0.6192796 0.276983 0.286368 -0.59802 0.3514951 0.1441992 -0.59802 0.3067118 1.243558 -0.5876849 0.6961709 1.243558 -0.6478276 0.6961709 1.243558 -0.5576124 0.6440847 1.243558 -0.6778991 0.6440847 1.243558 -0.5876849 0.591999 1.243558 -0.6478277 0.591999 1.289386 -0.5876851 2.13878 1.289386 -0.6478276 2.13878 1.289386 -0.5576124 2.086694 1.289386 -0.6778991 2.086694 1.289386 -0.5876851 2.034608 1.289386 -0.6478276 2.034608 0.4738835 -0.7230821 2.176408 0.4738835 -0.6137462 2.319988 0.4738835 -0.686218 2.319988 0.4738835 -0.613746 1.859054 0.4738835 -0.7657664 2.079999 0.4738835 -0.8614784 1.953239 0.3263966 -0.6137462 2.319988 0.3263966 -0.7230823 2.176408 0.3263966 -0.686218 2.319988 0.3263966 -0.613746 1.859054 0.3263966 -0.7657666 2.079998 0.3263966 -0.8614784 1.953239 -0.3263966 -0.7230821 2.176408 -0.3263966 -0.6137462 2.319988 -0.3263966 -0.686218 2.319988 -0.3263966 -0.613746 1.859054 -0.3263966 -0.7657664 2.079999 -0.3263966 -0.8614784 1.953239 -0.4738835 -0.6137462 2.319988 -0.4738835 -0.7230823 2.176408 -0.4738835 -0.686218 2.319988 -0.4738835 -0.613746 1.859054 -0.4738835 -0.7657666 2.079998 -0.4738835 -0.8614784 1.953239 0.03261563 -0.7230821 2.176408 0.03261563 -0.6137462 2.319988 0.03261563 -0.686218 2.319988 0.03261563 -0.613746 1.859054 0.03261563 -0.7657664 2.079999 0.03261563 -0.8614784 1.953239 -0.03261563 -0.6137462 2.319988 -0.03261563 -0.7230823 2.176408 -0.03261563 -0.686218 2.319988 -0.03261563 -0.613746 1.859054 -0.03261563 -0.7657666 2.079998 -0.03261563 -0.8614784 1.953239 -1.002487 0.8601395 0.2172577 -1.003389 0.8601395 2.449379 -1.002487 0.7607101 0.2172577 -1.003389 0.76071 2.449378 -0.9965187 0.8601395 2.582589 -0.9965189 0.76071 2.582588 -0.9699153 0.76071 2.715798 -0.969915 0.8601395 2.715798 -0.9238518 0.8601395 2.859861 -0.923852 0.76071 2.859861 -0.8139517 0.76071 3.017354 -0.8139517 0.8601394 3.017354 -0.6331557 0.8601396 3.155387 -0.6331555 0.76071 3.155387 -0.4163824 0.8601394 3.244486 -0.416384 0.76071 3.244486 -0.18424 0.8601394 3.284359 -0.1842406 0.76071 3.284359 0 0.76071 3.29445 0 0.8601396 3.29445 -0.2063739 0.7157137 3.439753 0 0.7157137 3.452078 0 0.8601394 3.452078 -0.2063731 0.8601394 3.439754 -0.4664041 0.7157137 3.397645 -0.4664045 0.8601394 3.397645 -0.719277 0.7157137 3.289018 -0.7192766 0.8601394 3.289019 -0.9352804 0.7157137 3.126199 -0.9352804 0.8601396 3.1262 -1.074019 0.7157137 2.930146 -1.074019 0.8601396 2.930147 -1.130269 0.7157137 2.75884 -1.130269 0.8601395 2.758841 -1.160616 0.7157137 2.608767 -1.160616 0.8601395 2.608767 -1.167981 0.7157137 2.458694 -1.167981 0.8601395 2.458694 -1.167075 0.8601395 0.2172577 -1.167075 0.7157137 0.2172577 0.736505 -0.5031096 0.8727577 0.736505 -0.6174961 0.8727577 1.204252 -0.5031096 0.8727577 1.204252 -0.7265845 0.8727577 0.7365049 -0.726582 0.8727577 1.189166 -0.7943287 0.8727564 0.7515608 -0.7943239 0.872759 1.137952 -0.8620691 0.8727577 0.8027546 -0.8620695 0.8727577 1.056671 -0.8921406 0.8727577 0.8840444 -0.8921408 0.8727577 0.9703622 -0.8998985 0.8727577 0.9009945 -0.8563699 0.04616958 1.03972 -0.8563698 0.04616958 0.9703614 -0.8618537 0.04616958 1.105038 -0.8285724 0.04616958 0.835668 -0.8285724 0.04616958 0.7913014 -0.7701793 0.04617071 1.149436 -0.7701824 0.04616851 1.164257 -0.7117893 0.04616958 0.7765 -0.7117893 0.04616958 0.7765958 -0.5812203 0.04625773 1.164353 -0.5812204 0.04625773 -0.736505 -0.5031097 0.7302577 -0.736505 -0.617496 0.7302577 -0.736505 -0.5031096 0.2259821 -0.7365049 -0.7265819 0.2259821 -0.7365049 -0.7265819 0.7302577 -0.7515651 -0.7943239 0.2259834 -0.7515618 -0.7943239 0.730259 -0.8027545 -0.8620696 0.7302577 -0.8027543 -0.8620695 0.2259821 -0.8840444 -0.892141 0.7302577 -0.8840444 -0.892141 0.2259821 -0.9703622 -0.8998985 0.2259821 -0.9703622 -0.8998985 0.7302577 -1.056671 -0.8921406 0.7302577 -1.056671 -0.8921406 0.2259821 -1.137952 -0.862069 0.2259821 -1.137952 -0.8620691 0.7302577 -1.189167 -0.7943287 0.7302563 -1.18917 -0.7943287 0.2259807 -1.204252 -0.7265845 0.2259821 -1.204252 -0.7265844 0.7302577 -1.204252 -0.5031096 0.2259821 -1.204252 -0.5031097 0.7302577 -1.24981 -0.7369503 0.8727577 -1.24981 -0.457879 0.8727577 -1.24981 -0.4578791 0.7302577 -1.24981 -0.7369502 0.7302577 -1.233322 -0.8176562 0.8727561 -1.233323 -0.8176561 0.730256 -1.173414 -0.8983576 0.7302577 -1.173414 -0.8983577 0.8727577 -1.074934 -0.9322262 0.8727577 -1.074934 -0.9322262 0.7302577 -0.9703631 -0.9437814 0.7302577 -0.9703624 -0.9437814 0.8727577 -0.8657787 -0.9322261 0.8727577 -0.8657791 -0.9322262 0.7302577 -0.767287 -0.8983574 0.7302577 -0.767287 -0.8983572 0.8727577 -0.7074029 -0.8176476 0.7302592 -0.7074021 -0.8176475 0.8727592 -0.6909466 -0.7369422 0.8727577 -0.6909466 -0.7369423 0.7302577 -0.6909466 -0.6599534 0.7302577 -0.6909466 -0.6599533 0.8727577 -1.164257 -0.7117893 0.2259821 -1.164257 -0.5812204 0.2260701 -1.164353 -0.5812204 0.04625773 -1.164257 -0.7117893 0.04616958 -1.149434 -0.7701824 0.2259809 -1.149436 -0.7701824 0.04616851 -1.105038 -0.8285724 0.04616958 -1.105038 -0.8285724 0.2259821 -1.03972 -0.8563697 0.2259821 -1.03972 -0.8563698 0.04616958 -0.9703614 -0.8618537 0.04616958 -0.9703614 -0.8618536 0.2259821 -0.9009945 -0.8563699 0.2259821 -0.9009945 -0.8563699 0.04616958 -0.835668 -0.8285724 0.04616958 -0.835668 -0.8285724 0.2259821 -0.7913014 -0.7701793 0.04617071 -0.7913002 -0.7701793 0.2259831 -0.7765 -0.7117893 0.2259821 -0.7765 -0.7117893 0.04616958 -0.7765958 -0.5812203 0.04625773 -0.7765 -0.5812203 0.2260701 -0.9009945 -0.8563699 0.04616958 -0.9703614 -0.8618537 0.04616958 -1.03972 -0.8563698 0.04616958 -1.105038 -0.8285724 0.04616958 -0.835668 -0.8285724 0.04616958 -0.7913014 -0.7701793 0.04617071 -1.149436 -0.7701824 0.04616851 -1.164257 -0.7117893 0.04616958 -0.7765 -0.7117893 0.04616958 -0.7765958 -0.5812203 0.04625773 -1.164353 -0.5812204 0.04625773 0.8114518 -0.4817078 2.019729 1.13483 -0.4817078 2.019729 0.8114518 -0.4817079 1.898239 1.13483 -0.4817079 1.898239 1.208887 -0.5528123 2.019634 1.208887 -0.5528123 1.898106 1.208887 -0.7400508 2.019634 1.208887 -0.7400508 1.898106 1.187613 -0.8083375 2.019634 1.187613 -0.8083375 1.898106 1.142057 -0.8766203 1.898106 1.142057 -0.8766203 2.019634 1.062051 -0.903477 2.019634 1.062051 -0.903477 1.898106 0.9731247 -0.9147527 1.898106 0.9731247 -0.9147527 2.019634 0.8841899 -0.9034774 2.019634 0.8841898 -0.9034774 1.898106 0.8041747 -0.8766208 1.898106 0.8041748 -0.8766208 2.019634 0.7586442 -0.8083327 1.898106 0.7586443 -0.8083327 2.019634 0.7373948 -0.7400484 2.019634 0.7373948 -0.7400484 1.898106 0.7373949 -0.5528123 2.019634 0.7373949 -0.5528123 1.898106 0.8114518 -0.4817079 1.898239 0.8114518 -0.4817078 2.019729 1.062051 -0.9034772 2.276435 0.8841899 -0.9034772 2.276435 0.9731247 -0.9147527 2.276435 0.804175 -0.8766208 2.276435 1.142057 -0.8766203 2.276435 0.7586443 -0.8083327 2.276435 1.187613 -0.8083375 2.276435 0.7373948 -0.7400484 2.276435 1.208887 -0.7400508 2.276435 1.208887 -0.5528121 2.276435 0.7373949 -0.5528121 2.276435 0.8114518 -0.4817078 2.276435 1.13483 -0.4817078 2.276435 0.8114518 -0.4817078 2.276435 1.13483 -0.4817078 2.276435 0.8114518 -0.4817078 2.154954 1.13483 -0.4817078 2.154954 1.208887 -0.5528121 2.276435 1.208887 -0.5528121 2.154907 1.208887 -0.7400508 2.276435 1.208887 -0.7400508 2.154907 1.187613 -0.8083375 2.276435 1.187613 -0.8083375 2.154907 1.142057 -0.8766203 2.154907 1.142057 -0.8766203 2.276435 1.062051 -0.9034772 2.276435 1.062051 -0.903477 2.154907 0.9731247 -0.9147527 2.154907 0.9731247 -0.9147527 2.276435 0.8841899 -0.9034772 2.276435 0.8841899 -0.9034772 2.154907 0.8041748 -0.8766208 2.154907 0.804175 -0.8766208 2.276435 0.7586443 -0.8083327 2.154907 0.7586443 -0.8083327 2.276435 0.7373948 -0.7400484 2.276435 0.7373948 -0.7400484 2.154907 0.7373949 -0.5528121 2.276435 0.7373949 -0.5528121 2.154907 0.8114518 -0.4817078 2.154954 0.8114518 -0.4817078 2.276435 0.7936873 -0.4410954 2.154954 1.152595 -0.4410954 2.154954 0.7936873 -0.4410954 2.019729 1.152595 -0.4410954 2.019729 1.25153 -0.5360863 2.154907 1.25153 -0.5360863 2.019634 1.25153 -0.7490497 2.154907 1.25153 -0.7490499 2.019634 1.226076 -0.8303282 2.154907 1.226076 -0.8303282 2.019634 1.175485 -0.9060776 2.019634 1.175485 -0.9060776 2.154907 1.077805 -0.9418368 2.154907 1.077805 -0.9418366 2.019634 0.973125 -0.95649 2.019634 0.9731247 -0.95649 2.154907 0.8684317 -0.9418364 2.154907 0.8684319 -0.9418366 2.019634 0.770739 -0.9060767 2.019634 0.770739 -0.9060767 2.154907 0.7201777 -0.8303192 2.019634 0.7201777 -0.8303192 2.154907 0.6947517 -0.7490411 2.154907 0.6947517 -0.7490411 2.019634 0.6947518 -0.5360863 2.154907 0.6947518 -0.5360863 2.019634 0.7936873 -0.4410954 2.019729 0.7936873 -0.4410954 2.154954 -0.09583405 -0.6305774 0.3334312 -0.09583405 -0.5658584 0.3783591 -0.09583405 -0.5146502 0.2395652 -0.09583405 -0.6305773 0.2357738 -0.09583405 -0.6444427 0.2865919 -0.242964 -0.4477067 3.450824 -0.242964 0.5435119 3.450824 -0.242964 -0.6171732 3.029617 -0.242964 0.8123813 3.393987 -0.242964 0.5836463 3.500181 -0.242964 0.7791574 3.500181 -0.242964 0.6784823 3.528181 -0.165 -0.4569016 3.420824 -0.165 -0.5641503 3.472423 0.165 -0.4569013 3.420824 0.165 -0.5641503 3.472423 -0.165 -0.6942832 3.489955 0.165 -0.6942828 3.489956 -0.165 -0.8330786 3.468949 0.165 -0.8330791 3.468949 -0.165 -0.917516 3.400959 0.165 -0.917516 3.400959 -0.1649424 -0.9918683 3.302421 0.1650576 -0.9918678 3.302422 0.1576141 -1.015851 3.257856 -0.1573859 -1.015851 3.257856 0.1351141 -1.026142 3.234406 -0.1348859 -1.026142 3.233716 0.1051141 -1.032021 3.221314 -0.1048859 -1.032021 3.219962 -0.04488586 -1.037331 3.207547 0.04511414 -1.037331 3.207602 -0.242964 0.5836463 3.500181 -0.165 0.5435119 3.450824 0.165 0.5435119 3.450824 0.242964 0.5836463 3.500181 -0.242964 0.6784823 3.528181 0.242964 0.6784823 3.528181 -0.242964 0.7791574 3.500181 0.242964 0.7791574 3.500181 -0.242964 0.8123813 3.393987 0.242964 0.8123813 3.393987 0.443265 -0.5050287 3.326549 0.4682337 -0.5480404 3.403725 0.6835136 -0.5050287 3.226962 0.7269678 -0.5480404 3.294315 0.4682353 -0.8026178 3.403725 0.7269678 -0.8026175 3.294314 0.6835133 -0.8456295 3.226961 0.4432666 -0.8456295 3.326549 0.7738963 -0.6192796 1.121951 0.7735615 -0.6192797 0.8727577 0.7735615 -0.8026177 0.8727577 0.7738963 -0.8026177 1.121951 0.7742311 -0.6192796 2.087219 0.7742311 -0.8026178 2.087219 0.7735615 -0.8026177 0.8727577 0.8233117 -0.8456296 0.8727577 0.8236471 -0.8456297 1.121951 0.8239825 -0.8456297 2.087219 0.8730621 -0.8456296 0.8727577 0.873398 -0.8456297 1.121951 0.8737338 -0.8456297 2.087219 0.9228123 -0.8026177 0.8727577 0.9238216 -0.8026178 2.087219 0.9234851 -0.8026177 1.121951 -0.1961357 -0.8456295 3.367686 -0.2071838 -0.8026178 3.44598 -0.443267 -0.8456295 3.326549 -0.4682356 -0.8026178 3.403725 -0.2071831 -0.5480404 3.44598 -0.468234 -0.5480404 3.403725 -0.4432653 -0.5050287 3.326549 -0.1961351 -0.5050287 3.367686 0.1225303 -0.517746 0.3721151 -0.1225303 -0.517746 0.3721151 0 -0.517746 0.3622375 -0.2433354 -0.517746 0.4115001 0.2433354 -0.517746 0.4115001 -0.3264952 -0.517746 0.463504 0.3264952 -0.517746 0.463504 0.4000371 -0.517746 0.5385302 -0.4000371 -0.517746 0.5385302 0.4230274 -0.517746 0.6273568 -0.4230274 -0.517746 0.6273568 -0.4230274 -0.5177461 1.328758 0.4230274 -0.5177461 1.328758 -0.1391769 0.5562539 2.963367 0.1391768 0.5562539 2.963367 0 0.5562537 2.966418 0.3145395 0.5562539 2.930532 -0.31454 0.5562539 2.930532 -0.4589464 0.5562539 2.882353 0.4589464 0.5562539 2.882353 0.5648792 0.5562537 2.801507 -0.5648789 0.5562539 2.801507 0.6203168 0.5562539 2.719923 -0.620317 0.5562539 2.719923 -0.6493599 0.5562539 2.628568 0.6493599 0.5562539 2.628568 -0.6673928 0.5562539 2.542363 0.6673927 0.5562539 2.542363 0.6722099 0.5562539 2.456158 -0.6722099 0.5562539 2.456158 -0.1391769 -0.6192796 2.963367 0.1391768 -0.6192796 2.963367 0 -0.6192796 2.966419 0.3145395 -0.6192796 2.930532 -0.31454 -0.6192796 2.930532 -0.4589464 -0.6192796 2.882353 0.4589464 -0.6192796 2.882353 0.5648792 -0.6192796 2.801506 -0.5648789 -0.6192796 2.801507 0.6203168 -0.6192796 2.719922 -0.620317 -0.6192796 2.719922 -0.6493599 -0.6192796 2.628568 0.6493599 -0.6192796 2.628568 -0.6673928 -0.6192796 2.542363 0.6673927 -0.6192796 2.542363 0.6722099 -0.6192796 2.456158 -0.6722099 -0.6192796 2.456158 1.29627 -0.6815181 0.8046287 1.296271 -0.6496372 0.7494092 1.296271 -0.5858754 0.7494092 1.29627 -0.5539936 0.8046287 1.296271 -0.649637 0.8598494 1.296271 -0.5858755 0.8598494 0.3570804 -0.8478098 2.032663 0.3809912 -0.8722525 1.99923 0.4288124 -0.8722525 1.99923 0.4527239 -0.8478098 2.032663 0.3809912 -0.8233669 2.066096 0.4288124 -0.8233669 2.066096 -0.4487051 -0.7383344 2.261958 -0.4250256 -0.7489243 2.221783 -0.3772052 -0.7490366 2.221537 -0.3530632 -0.738559 2.261466 -0.4245637 -0.7278574 2.301888 -0.3767432 -0.7279696 2.301642 0 0.8601396 3.29445 0.1842401 0.8601394 3.284359 0 0.76071 3.29445 0.1842399 0.76071 3.28436 0.4163819 0.76071 3.244486 0.4163826 0.8601394 3.244486 0.6331555 0.8601396 3.155387 0.6331556 0.76071 3.155387 0.8139517 0.8601396 3.017355 0.813952 0.76071 3.017354 0.9238516 0.8601395 2.859861 0.9238517 0.76071 2.859861 0.969915 0.76071 2.715798 0.969915 0.8601395 2.715797 0.9965187 0.8601395 2.582588 0.9965187 0.76071 2.582588 1.003389 0.76071 2.449379 1.003389 0.8601395 2.449378 1.003164 0.7607101 1.764275 1.003164 0.8601395 1.764275 1.002938 0.7607101 1.684155 1.002938 0.8601395 1.684155 1.002487 0.8601395 0.2172577 1.002487 0.7607101 0.2172577 -0.7178404 -0.8303261 2.276435 -1.228511 -0.8303213 2.276435 -0.7743171 -0.9116025 2.276435 -1.172063 -0.9116018 2.276435 -1.251551 -0.7490411 2.276435 -0.694772 -0.7490499 2.276435 -0.7178404 -0.8303261 2.276435 0.4230274 -0.5177461 1.328758 0.4978377 -0.59802 1.328758 -0.4230274 -0.5177461 1.328758 -0.4978377 -0.59802 1.328758 -0.5318424 -0.6192795 1.328758 0.5318424 -0.6192795 1.328758 -0.8744056 0.7607205 2.456158 -0.8686816 0.7607205 2.568682 -0.8744056 0.7307205 2.456158 -0.8686816 0.7307205 2.568682 -0.8457558 0.7307205 2.681207 -0.8457558 0.7607205 2.681207 0.8686815 0.7607205 2.568682 0.8744056 0.7607205 2.456158 0.8744056 0.7307205 2.456158 0.8686815 0.7307205 2.568682 0.8457558 0.7307205 2.681207 0.8457558 0.7607205 2.681207 0.8053198 0.7607205 2.80748 0.8457558 0.7607205 2.681207 0.8457558 0.7307205 2.681207 0.8053198 0.7307205 2.80748 0.7152753 0.7307205 2.938016 0.7152753 0.7607205 2.938016 -0.8457558 0.7607205 2.681207 -0.80532 0.7607205 2.80748 -0.8457558 0.7307205 2.681207 -0.80532 0.7307205 2.80748 -0.715275 0.7307205 2.938016 -0.715275 0.7607205 2.938016 -0.3783486 0.7607205 3.12589 -0.1674108 0.7607205 3.165078 -0.3783486 0.7307205 3.12589 -0.1674108 0.7307205 3.165078 0 0.7307205 3.174483 0 0.7607205 3.174483 -0.6673928 -0.6192796 2.542363 -0.6722099 -0.6192796 2.456158 -0.6722099 0.5562539 2.456158 -0.6673928 0.5562539 2.542363 -0.6493599 0.5562539 2.628568 -0.6493599 -0.6192796 2.628568 -0.620317 -0.6192796 2.719923 -0.620317 0.5562539 2.719923 -0.5648789 0.5562539 2.801507 -0.5648789 -0.6192796 2.801507 -0.4589464 0.5562539 2.882353 -0.4589464 -0.6192796 2.882353 -0.31454 0.5562539 2.930532 -0.31454 -0.6192796 2.930532 -0.1391769 -0.6192796 2.963367 -0.1391769 0.5562539 2.963367 0 0.5562537 2.966418 0 -0.6192796 2.966419 0.1391768 -0.6192796 2.963367 0.1391768 0.5562539 2.963367 0.3145395 0.5562539 2.930532 0.3145395 -0.6192796 2.930532 0.4589464 0.5562539 2.882353 0.4589464 -0.6192796 2.882353 0.5648792 0.5562537 2.801507 0.5648792 -0.6192796 2.801507 0.6203168 -0.6192796 2.719923 0.6203168 0.5562539 2.719923 0.6493599 0.5562539 2.628568 0.6493599 -0.6192796 2.628568 0.6673927 -0.6192796 2.542363 0.6673927 0.5562539 2.542363 0.6722099 0.5562539 2.456158 0.6722099 -0.6192796 2.456158 0.02497864 -1.031716 3.186942 0.02497864 -1.068878 3.209506 0.02497856 -0.9408655 3.336568 0.02497856 -0.9780264 3.359132 0.06368704 -1.068878 3.209506 0.01498745 -0.9335625 3.348595 0.06368704 -0.9721084 3.368879 0.06368704 -1.031716 3.186942 0.06368704 -0.934947 3.346315 0.01498745 -0.9707239 3.371159 0 -0.9305406 3.353572 0.04336051 -0.9532428 3.39995 0.04336051 -0.9160812 3.377386 0 -0.9677017 3.376136 -0.01498742 -0.9335625 3.348595 0 -0.9458749 3.412083 0 -0.9087138 3.38952 -0.01498742 -0.9707239 3.371159 -0.02497849 -0.9408655 3.336568 -0.04336032 -0.9532428 3.39995 -0.04336032 -0.9160812 3.377386 -0.06368688 -0.9343171 3.347353 -0.02497849 -0.9780264 3.359132 -0.02497849 -1.031716 3.186942 -0.02497849 -1.068878 3.209506 -0.06368688 -1.068878 3.209506 -0.06368688 -0.9721084 3.368879 -0.06368688 -1.031716 3.186942 0.1381617 -0.558541 0.8528917 0.1381617 -0.5828246 0.8528917 0.1856135 -0.5585411 0.9003437 0.1856135 -0.5828247 0.9003437 0.1562204 -0.5828247 0.8348331 0.1845046 -0.5585409 0.9213513 0.2125937 -0.5828247 0.8912065 0.1562204 -0.5585411 0.8348331 0.1845046 -0.5828246 0.9213513 0.1676827 -0.558541 0.9381731 0.2095766 -0.5828246 0.9315373 0.1676827 -0.5828246 0.9381731 0.146675 -0.5585411 0.9392821 0.2125937 -0.5585411 0.8912065 0.1381617 -0.558541 0.8528917 0.1856135 -0.5585411 0.9003437 0.2095766 -0.558541 0.9315373 0.1845046 -0.5585409 0.9213513 0.1778687 -0.5828247 0.9632452 0.1778687 -0.5585411 0.9632452 0.1676827 -0.558541 0.9381731 0.146675 -0.5585411 0.9392821 0.146675 -0.5828247 0.9392821 0.09922317 -0.558541 0.8918303 0.09922317 -0.5828246 0.8918303 0.08116455 -0.5828247 0.909889 0.1375379 -0.5828247 0.9662623 0.1375379 -0.5585411 0.9662623 0.08116455 -0.5585411 0.909889 0.09922317 -0.558541 0.8918303 -1.122187 0.7607204 0.2172577 1.122187 0.7607204 0.2172577 -1.0773 0.7007204 0.2172577 1.0773 0.7007204 0.2172577 1.122187 -0.6192796 0.2172577 1.0773 0.7007204 0.2172577 1.0773 -0.5592796 0.2172577 -1.122187 0.7607204 0.2172577 -1.0773 -0.5592796 0.2172577 -1.122187 -0.6192796 0.2172577 1.122187 -0.6192796 0.2172577 -1.0773 -0.5592796 0.2172577 -1.201809 -0.5516627 2.139967 -1.166209 -0.5181575 2.139967 -1.191574 -0.496434 2.139967 -1.234415 -0.536577 2.139967 -1.191574 -0.4964337 2.110936 -1.234415 -0.6582432 2.139967 -1.201809 -0.6591537 2.139967 -1.234415 -0.5365767 2.110936 -1.234415 -0.6855056 2.124722 -1.201809 -0.6855056 2.124722 -1.201809 -0.6961522 2.092202 -1.201809 -0.5516627 2.110936 -1.166209 -0.5181575 2.110936 -1.234415 -0.6496909 2.110936 -1.201809 -0.6496909 2.110936 -1.234415 -0.6602437 2.103442 -1.201809 -0.6602437 2.103442 -1.234415 -0.6961522 2.092202 -1.201809 -0.6855056 2.059681 -1.234415 -0.6646109 2.092202 -1.201809 -0.6646109 2.092202 -1.234415 -0.6855056 2.059681 -1.201809 -0.6582432 2.044436 -1.234415 -0.6602437 2.080961 -1.201809 -0.6602437 2.080961 -1.234415 -0.6582432 2.044436 -1.201809 -0.5516627 2.044436 -1.234415 -0.6496909 2.073467 -1.201809 -0.6496909 2.073467 -1.201809 -0.5516627 2.073467 -1.234415 -0.536577 2.044436 -1.191574 -0.496434 2.044436 -1.166209 -0.5181575 2.044436 -1.234415 -0.536577 2.073467 -1.191574 -0.496434 2.073467 -1.166209 -0.5181575 2.073467 0.1196052 -0.2384498 2.711746 0.2098368 -0.03895497 2.670583 0.1281836 -0.2384498 2.724304 0.2184152 -0.03895497 2.683142 0.3045059 0.1605396 2.656874 0.2012583 -0.03895497 2.683142 0.1110268 -0.2384498 2.724304 0.1196052 -0.2384498 2.711746 0.2098368 -0.03895497 2.670583 0.2959275 0.1605396 2.669433 0.3045059 0.1605396 2.656874 0.3130844 0.1605396 2.669433 0.3991751 0.3600345 2.670583 0.3905967 0.3600345 2.683142 0.3991751 0.3600345 2.670583 0.4873916 0.5595291 2.740188 0.4788131 0.5595291 2.752747 0.4077535 0.3600345 2.683142 0.4873916 0.5595291 2.740188 0.49597 0.5595291 2.752747 0.1196052 -0.2384498 2.540839 0.228466 -0.03895497 2.499677 0.1281836 -0.2384498 2.553398 0.2370445 -0.03895497 2.512235 0.3474967 0.1605396 2.485967 0.2198876 -0.03895497 2.512235 0.1110268 -0.2384498 2.553398 0.1196052 -0.2384498 2.540839 0.228466 -0.03895497 2.499677 0.3389183 0.1605396 2.498526 0.3474967 0.1605396 2.485967 0.3560752 0.1605396 2.498526 0.4674059 0.3600345 2.499677 0.4588274 0.3600345 2.512235 0.4674059 0.3600345 2.499677 0.4759843 0.3600345 2.512235 0.5835274 0.5595291 2.52201 0.5921059 0.5595291 2.534568 0.574949 0.5595291 2.534568 0.5835274 0.5595291 2.52201 -0.2698966 0.3600345 2.500346 -0.3298336 0.5595291 2.518409 -0.3212552 0.5595291 2.530967 -0.2613183 0.3600345 2.512905 -0.2051661 0.1605396 2.492667 -0.278475 0.3600345 2.512905 -0.338412 0.5595291 2.530967 -0.3298336 0.5595291 2.518409 -0.2698966 0.3600345 2.500346 -0.2137446 0.1605396 2.505225 -0.2051661 0.1605396 2.492667 -0.1965877 0.1605396 2.505225 -0.1496207 -0.03895497 2.506376 -0.1581991 -0.03895497 2.518934 -0.1496207 -0.03895497 2.506376 -0.1087139 -0.2384498 2.547539 -0.1172924 -0.2384498 2.560097 -0.1410423 -0.03895497 2.518934 -0.1087139 -0.2384498 2.547539 -0.1001355 -0.2384498 2.560097 -0.2217656 -0.03895497 2.649397 -0.1443405 -0.2384498 2.69056 -0.1529189 -0.2384498 2.703118 -0.230344 -0.03895497 2.661956 -0.3110206 0.1605396 2.635688 -0.2131872 -0.03895497 2.661956 -0.135762 -0.2384498 2.703118 -0.1443405 -0.2384498 2.69056 -0.2217656 -0.03895497 2.649397 -0.3024421 0.1605396 2.648247 -0.3110206 0.1605396 2.635688 -0.319599 0.1605396 2.648247 -0.4150787 0.3600345 2.643368 -0.4065003 0.3600345 2.655926 -0.4150787 0.3600345 2.643368 -0.423657 0.3600345 2.655926 -0.5279732 0.5595291 2.68577 -0.5365517 0.5595291 2.698328 -0.5193948 0.5595291 2.698328 -0.5279732 0.5595291 2.68577 0.0807788 -0.2384498 2.646933 0.07220039 -0.2384498 2.659492 0.1210142 -0.03895497 2.618329 0.1295926 -0.03895497 2.605771 0.08935721 -0.2384498 2.659492 0.1757448 0.1605396 2.60462 0.1843232 0.1605396 2.592062 0.138171 -0.03895497 2.618329 0.0807788 -0.2384498 2.646933 0.1295926 -0.03895497 2.605771 0.1843232 0.1605396 2.592062 0.1929016 0.1605396 2.60462 0.2390538 0.3600345 2.605771 0.2304754 0.3600345 2.618329 0.2390538 0.3600345 2.605771 0.2876005 0.5595291 2.663054 0.279022 0.5595291 2.675613 0.2476322 0.3600345 2.618329 0.2876005 0.5595291 2.663054 0.2961789 0.5595291 2.675613 -0.1398266 -0.03895497 2.791943 -0.11616 -0.2384498 2.833106 -0.1247384 -0.2384498 2.820548 -0.1333168 -0.2384498 2.833106 -0.148405 -0.03895497 2.779385 -0.1569834 -0.03895497 2.791943 -0.1247384 -0.2384498 2.820548 -0.148405 -0.03895497 2.779385 -0.1853842 0.1605396 2.765676 -0.1768058 0.1605396 2.778234 -0.1853842 0.1605396 2.765676 -0.1939626 0.1605396 2.778234 -0.2288963 0.3600345 2.779385 -0.2203179 0.3600345 2.791943 -0.2288963 0.3600345 2.779385 -0.2840228 0.5595291 2.850539 -0.2754444 0.5595291 2.863098 -0.2374747 0.3600345 2.791943 -0.2840228 0.5595291 2.850539 -0.2926012 0.5595291 2.863098 0 -0.2384498 2.820548 -0.008578414 -0.2384498 2.833106 0.006213637 -0.03895497 2.791943 0.01479205 -0.03895497 2.779385 0.008578414 -0.2384498 2.833106 0.0269225 0.1605396 2.778234 0.03550092 0.1605396 2.765676 0.05768901 0.3600345 2.779385 0.02337046 -0.03895497 2.791943 0 -0.2384498 2.820548 0.01479205 -0.03895497 2.779385 0.04911059 0.3600345 2.791943 0.08176775 0.5595291 2.86015 0.07318933 0.5595291 2.872709 0.04407934 0.1605396 2.778234 0.03550092 0.1605396 2.765676 0.05768901 0.3600345 2.779385 0.06626743 0.3600345 2.791943 0.09034617 0.5595291 2.872709 0.08176775 0.5595291 2.86015 0.1495412 -0.6157294 0.7998216 0.1272073 -0.6157293 0.8436544 0.1292036 -0.6157293 0.7932136 0.1358526 -0.6157293 0.7512329 0.1099072 -0.6157295 0.8310848 0.1572368 -0.6157293 0.7512329 0.09242153 -0.6157294 0.8784401 0.1292035 -0.6157295 0.709252 0.07985218 -0.6157293 0.86114 0.1495411 -0.6157293 0.7026439 0.04858887 -0.6157294 0.9007739 0.1099071 -0.6157293 0.6713805 0.04198077 -0.6157295 0.8804363 0.1272072 -0.6157293 0.6588113 0 -0.6157295 0.9084696 0.07985216 -0.6157293 0.6413257 0 -0.6157294 0.8870855 0.09242149 -0.6157294 0.6240255 -0.04858889 -0.6157294 0.9007739 0.04198076 -0.6157294 0.6220292 -0.04198079 -0.6157295 0.8804363 0.04858884 -0.6157294 0.6016917 -0.09242153 -0.6157294 0.8784401 0 -0.6157293 0.61538 -0.07985218 -0.6157293 0.86114 0 -0.6157294 0.593996 -0.1272073 -0.6157293 0.8436543 -0.04198077 -0.6157293 0.6220291 -0.1099071 -0.6157295 0.8310848 -0.04858887 -0.6157294 0.6016917 -0.1495411 -0.6157294 0.7998216 -0.07985218 -0.6157293 0.6413257 -0.1292035 -0.6157293 0.7932136 -0.0924215 -0.6157294 0.6240255 -0.1572368 -0.6157293 0.7512329 -0.1099071 -0.6157293 0.6713805 -0.1358527 -0.6157293 0.7512329 -0.1272073 -0.6157294 0.6588113 -0.1495411 -0.6157293 0.7026439 -0.1292035 -0.6157293 0.7092519 0.1292036 -0.5664368 0.7932136 0.1099072 -0.5664367 0.8310849 0 -0.5664366 0.7512329 0.1358526 -0.5664366 0.7512329 0.07985218 -0.5664366 0.86114 0.1292035 -0.5664366 0.709252 0.04198077 -0.5664366 0.8804363 0.1099071 -0.5664366 0.6713805 0 -0.5664366 0.8870856 0.07985216 -0.5664366 0.6413257 -0.04198079 -0.5664366 0.8804363 0.04198076 -0.5664366 0.6220292 -0.07985218 -0.5664366 0.86114 0 -0.5664367 0.6153801 -0.1099071 -0.5664367 0.8310849 -0.04198077 -0.5664367 0.6220291 -0.1292035 -0.5664368 0.7932136 -0.07985218 -0.5664366 0.6413257 -0.1358527 -0.5664366 0.7512329 -0.1099071 -0.5664366 0.6713805 -0.1292035 -0.5664366 0.7092519 0.736505 -0.5031096 0.8727577 1.250079 -0.4578924 0.8728684 0.736505 -0.457879 0.8727577 0.9731218 -0.9150167 2.019617 1.142277 -0.8768282 2.019587 1.175969 -0.906702 2.019296 -1.166682 -0.454743 1.898238 -1.12978 -0.4189305 1.990446 -1.135974 -0.483072 1.89827 0.1644396 -0.8336987 3.470401 0.1573011 -1.017234 3.259595 0.1653635 -0.938504 3.424612 -0.4635958 -0.6483011 2.274757 -0.4635972 -0.6137373 2.274988 -0.7914291 -0.6475191 2.274759 0.4632435 -0.6483207 2.274767 0.7914184 -0.6474996 2.274753 0.4635971 -0.6137373 2.274988 1.19117 -0.6478273 0.6961709 1.243659 -0.6477458 0.6963126 1.191241 -0.5876245 0.6962719 1.19117 -0.5576117 0.6440847 1.191241 -0.5876245 0.6962719 1.243659 -0.5575306 0.6442264 1.19117 -0.5876836 0.5919985 1.243659 -0.5877668 0.5918573 1.191241 -0.6478863 0.5918975 1.19117 -0.677899 0.6440847 1.191241 -0.6478863 0.5918975 1.243659 -0.677981 0.643943 1.236998 -0.6478274 2.138781 1.289487 -0.6477458 2.138922 1.237069 -0.5876248 2.138887 1.236997 -0.5576117 2.086694 1.237069 -0.5876248 2.138887 1.289486 -0.5575306 2.086836 1.236998 -0.5876837 2.034608 1.289486 -0.5877669 2.034467 1.237069 -0.6478863 2.034502 1.236997 -0.6778989 2.086694 1.237069 -0.6478863 2.034502 1.289486 -0.6779811 2.086552 1.240729 -0.6496368 0.8598494 1.296391 -0.64954 0.8600178 1.240817 -0.585804 0.8599702 1.240729 -0.5539929 0.8046287 1.240817 -0.585804 0.8599702 1.29639 -0.5538964 0.8047972 1.240729 -0.5858739 0.7494089 1.296391 -0.5859724 0.7492408 1.240817 -0.6497067 0.7492881 1.240729 -0.681518 0.8046287 1.240817 -0.6497067 0.7492881 1.29639 -0.6816151 0.8044603 0.4527243 -0.8141825 2.008078 0.428815 -0.7897396 2.041523 0.4527327 -0.8478186 2.033001 0.4288135 -0.8386251 1.974645 0.4287711 -0.8723356 1.999201 0.3809619 -0.8386841 1.974627 0.3570806 -0.8141825 2.008078 0.3809619 -0.8386841 1.974627 0.3569893 -0.8478999 2.032828 0.3570806 -0.8141825 2.008078 0.3569893 -0.8478999 2.032828 0.380956 -0.7897513 2.041913 -0.3530226 -0.6982732 2.25087 -0.3767006 -0.6876867 2.291059 -0.3530045 -0.7388418 2.261663 -0.3530226 -0.6982732 2.25087 -0.3530045 -0.7388418 2.261663 -0.3771301 -0.7090671 2.210694 -0.4486648 -0.6980486 2.251363 -0.4249868 -0.7086473 2.211176 -0.4487642 -0.738677 2.261923 -0.4486648 -0.6980486 2.251363 -0.4487642 -0.738677 2.261923 -0.4245573 -0.6877267 2.291659 0.9731184 -0.957212 2.019291 0.9731247 -0.957356 2.155257 0.7703239 -0.9066417 2.019293 0.1375136 -0.5584998 0.9661646 0.1857176 -0.5585499 0.9003791 0.177992 -0.5827912 0.9632215 0.1375136 -0.5584998 0.9661646 0.177992 -0.5827912 0.9632215 0.1857176 -0.5585499 0.9003791 0.09917069 -0.5585029 0.8918303 0.1375136 -0.5584998 0.9661646 0.09920873 -0.5828483 0.891845 0.05768901 0.3600345 2.779385 0.01479205 -0.03895497 2.779385 0.0269225 0.1605396 2.778234 -0.0659356 -0.5142741 0.5483471 2.15774e-4 -0.5147558 0.536635 -0.1257312 -0.5542319 0.578198 -0.1734029 -0.5146655 0.6255001 -0.1257312 -0.5542319 0.578198 -0.1379552 -0.6177769 0.7517119 -0.2141652 -0.5146564 0.7510621 -0.2034141 -0.5540793 0.817714 -0.1726269 -0.5142585 0.876659 -0.2034141 -0.5540793 0.817714 -0.06695329 -0.5152986 0.955755 -0.06695329 -0.5152986 0.955755 -0.1379552 -0.6177769 0.7517119 -0.04895484 -0.6165556 0.9016668 0.06659586 -0.5151114 0.9556363 -0.04895484 -0.6165556 0.9016668 0.09321634 -0.6169679 0.8790134 0.2038871 -0.5147999 0.8179511 0.2138105 -0.5541579 0.7513168 0.09321634 -0.6169679 0.8790134 0.1299514 -0.6165963 0.7091565 0.2029554 -0.514259 0.6852874 0.2138105 -0.5541579 0.7513168 0.1730319 -0.5541661 0.6251009 0.1254206 -0.5142595 0.5786 0.1730319 -0.5541661 0.6251009 2.15774e-4 -0.5147558 0.536635 0.1730319 -0.5541661 0.6251009 0.1299514 -0.6165963 0.7091565 0.04880096 -0.616069 0.6013407 2.15774e-4 -0.5147558 0.536635 -8.95416e-5 -0.6161683 0.5936819 -0.1257312 -0.5542319 0.578198 -0.1257312 -0.5542319 0.578198 -8.95416e-5 -0.6161683 0.5936819 -0.1101288 -0.6161848 0.6711549 -0.1379552 -0.6177769 0.7517119 -0.1101288 -0.6161848 0.6711549 0.8895549 0.7607223 1.129019 0.8895449 0.7307205 1.129019 0.8747618 0.7305377 2.456179 0.8701529 0.7604936 2.568746 0.8895549 0.7607223 1.129019 0.8500673 0.7282884 2.682782 0.8457558 0.7607205 2.681207 0.7490858 -0.7945855 0.2247368 0.7359177 -0.5031676 0.2257347 0.7763789 -0.5812284 0.2260746 0.7901804 -0.7706258 0.2255555 0.8024812 -0.8630602 0.2254853 0.7490858 -0.7945855 0.2247368 0.9008334 -0.8567337 0.2259408 0.9703519 -0.901777 0.2249752 1.039875 -0.8566433 0.2259849 1.138222 -0.8630617 0.2254855 1.149889 -0.7704809 0.2259291 1.191703 -0.7945874 0.22472 1.138222 -0.8630617 0.2254855 1.164438 -0.5812345 0.226043 1.204835 -0.5031651 0.2257398 -1.191703 -0.794585 0.2246718 -1.204834 -0.5031644 0.2257295 -1.164438 -0.5812345 0.2260431 -1.149889 -0.7704809 0.2259293 -1.138222 -0.8630617 0.2254855 -1.191703 -0.794585 0.2246718 -1.039875 -0.8566433 0.2259849 -0.9703519 -0.901777 0.2249752 -0.9008217 -0.8567375 0.2259339 -0.8024796 -0.8630607 0.2254843 -0.7909154 -0.7703894 0.2259871 -0.7490839 -0.7945863 0.2247356 -0.7763221 -0.581236 0.2260441 -0.7359177 -0.5031676 0.2257351 0.345327 -0.6092224 1.607296 0.345327 -0.6092224 1.673706 0.2802688 -0.6876843 1.607296 0.2802688 -0.6876843 1.673706 0.2802688 -0.6876843 1.607296 0.2802688 -0.6876843 1.673706 0.1356104 -0.6876843 1.607296 0.1356104 -0.6876843 1.673706 0.1356104 -0.6876843 1.607296 0.1356104 -0.6876843 1.673706 0.07055225 -0.6092224 1.607296 0.07055225 -0.6092224 1.673706 0.345327 -0.6092224 1.673706 0.07055225 -0.6092224 1.673706 0.2802688 -0.6876843 1.673706 0.1356104 -0.6876843 1.673706 0.07055225 -0.6092224 1.607296 0.345327 -0.6092224 1.607296 0.1356104 -0.6876843 1.607296 0.2802688 -0.6876843 1.607296 -0.1326126 -0.6092224 1.616795 -0.1326126 -0.6092225 1.683205 -0.1976708 -0.6876844 1.616795 -0.1976708 -0.6876844 1.683205 -0.1976708 -0.6876844 1.616795 -0.1976708 -0.6876844 1.683205 -0.3423293 -0.6876844 1.616795 -0.3423293 -0.6876844 1.683205 -0.3423293 -0.6876844 1.616795 -0.3423293 -0.6876844 1.683205 -0.4073873 -0.6092224 1.616795 -0.4073873 -0.6092225 1.683205 -0.1326126 -0.6092225 1.683205 -0.4073873 -0.6092225 1.683205 -0.1976708 -0.6876844 1.683205 -0.3423293 -0.6876844 1.683205 -0.4073873 -0.6092224 1.616795 -0.1326126 -0.6092224 1.616795 -0.3423293 -0.6876844 1.616795 -0.1976708 -0.6876844 1.616795 0.3263966 -0.613746 1.859054 0.4738835 -0.613746 1.859054 0.3263966 -0.8614784 1.953239 0.4738835 -0.8614784 1.953239 0.3263966 -0.6136734 2.319963 0.3263966 -0.6858985 2.319865 0.4738835 -0.6136734 2.319963 0.4738835 -0.6858842 2.31986 -0.4738835 -0.613746 1.859054 -0.3263966 -0.613746 1.859054 -0.4738835 -0.8614784 1.953239 -0.3263966 -0.8614784 1.953239 -0.4738835 -0.6136734 2.319963 -0.4738835 -0.6858985 2.319865 -0.3263966 -0.6136734 2.319963 -0.3263966 -0.6858842 2.31986 -0.03261563 -0.613746 1.859054 0.03261563 -0.613746 1.859054 -0.03261563 -0.8614784 1.953239 0.03261563 -0.8614784 1.953239 -0.03261563 -0.613687 2.319965 -0.03261563 -0.6859691 2.319892 0.03261563 -0.613687 2.319965 0.03261563 -0.6859431 2.319883 -1.122187 0.7157137 0.2172577 -1.123092 0.7157137 2.456152 -1.167075 0.7157137 0.2172577 -1.168471 0.7155318 2.458746 1.167528 0.8601395 1.684173 1.168179 0.7157137 1.684174 1.167075 0.8601395 0.2172577 1.167075 0.7157137 0.2172577 1.287037 0.8601395 1.764284 1.287037 0.7157137 1.764285 1.286811 0.8601395 1.684173 1.286811 0.7157137 1.684174 1.168075 0.860288 1.764288 1.168697 0.7156134 1.76429 1.287037 0.8601395 1.764284 1.287037 0.7157137 1.764285 1.167528 0.8601395 1.684173 1.286811 0.8601395 1.684173 1.168179 0.7157137 1.684174 1.286811 0.7157137 1.684174 -0.5985 -0.6798884 1.328758 0.5985 -0.6798884 1.328758 -0.5985 -0.7459705 1.471258 0.5985 -0.7459705 1.471258 -0.5985 -0.7459705 1.471258 0.5985 -0.7459705 1.471258 -0.5985 -0.6136732 1.471258 0.5985 -0.6136732 1.471258 -0.5985 -0.6136733 1.328758 0.5985 -0.6136733 1.328758 -0.5985 -0.6798884 1.328758 0.5985 -0.6798884 1.328758 0.5985 -0.6136733 1.328758 0.5985 -0.6136732 1.471258 0.5985 -0.6798884 1.328758 0.5985 -0.7459705 1.471258 -0.5985 -0.6136733 1.328758 -0.5985 -0.6798884 1.328758 -0.5985 -0.6136732 1.471258 -0.5985 -0.7459705 1.471258 0.7364947 -0.5031097 0.7302577 1.204523 -0.5031267 0.7302445 0.7359177 -0.5031676 0.2257347 1.204835 -0.5031651 0.2257398 0.736505 -0.4578791 0.7302577 0.736505 -0.457879 0.8727577 1.249879 -0.4578846 0.7302927 1.250079 -0.4578924 0.8728684 0.7763789 -0.5812284 0.2260746 0.7359177 -0.5031676 0.2257347 1.164438 -0.5812345 0.226043 1.204835 -0.5031651 0.2257398 1.164882 -0.5812652 0.04598075 0.7736024 -0.5821474 0.04450166 1.164438 -0.5812345 0.226043 0.7763789 -0.5812284 0.2260746 0.736509 -0.617483 0.8727432 0.7362417 -0.6175338 0.7302412 0.2978982 -0.6172398 0.8731124 0.2978048 -0.6172375 0.7299247 0.6906236 -0.659991 0.7301526 0.6907275 -0.6599733 0.8728696 0.3344781 -0.6599534 0.7302577 0.3344781 -0.6599533 0.8727577 0.3344781 -0.7764384 0.7302577 0.3344781 -0.7764384 0.8727577 0.2819127 -0.7764147 0.7302225 0.2818221 -0.7763762 0.8727992 0.3344781 -0.6599534 0.7302577 0.3344781 -0.6599533 0.8727577 0.3344781 -0.7764384 0.7302577 0.3344781 -0.7764384 0.8727577 0.2978982 -0.6172398 0.8731124 0.2818221 -0.7763762 0.8727992 0.3344781 -0.6599533 0.8727577 0.3344781 -0.7764384 0.8727577 0.2978982 -0.6172398 0.8731124 0.2978048 -0.6172375 0.7299247 0.2818221 -0.7763762 0.8727992 0.2819127 -0.7764147 0.7302225 0.2978048 -0.6172375 0.7299247 0.3344781 -0.6599534 0.7302577 0.2819127 -0.7764147 0.7302225 0.3344781 -0.7764384 0.7302577 -0.7364947 -0.5031097 0.7302577 -0.7359177 -0.5031676 0.2257351 -1.204521 -0.5031264 0.7302432 -1.204834 -0.5031644 0.2257295 -0.736505 -0.4578791 0.7302577 -1.24981 -0.4578791 0.7302577 -0.736505 -0.457879 0.8727577 -1.24981 -0.457879 0.8727577 -0.7763221 -0.581236 0.2260441 -1.164438 -0.5812345 0.2260431 -0.7359177 -0.5031676 0.2257351 -1.204834 -0.5031644 0.2257295 -0.7763221 -0.581236 0.2260441 -0.776104 -0.581274 0.04599714 -1.164438 -0.5812345 0.2260431 -1.164882 -0.5812652 0.04598075 -0.7365104 -0.6174859 0.8727517 -0.2978982 -0.6172398 0.8731124 -0.7362417 -0.6175338 0.7302412 -0.2978048 -0.6172375 0.7299247 -0.6906236 -0.659991 0.7301526 -0.3344781 -0.6599534 0.7302577 -0.6907275 -0.6599733 0.8728696 -0.3344781 -0.6599533 0.8727577 -0.3344781 -0.7764384 0.7302577 -0.2819127 -0.7764147 0.7302225 -0.3344781 -0.7764384 0.8727577 -0.2818221 -0.7763762 0.8727992 -0.3344781 -0.6599534 0.7302577 -0.3344781 -0.7764384 0.7302577 -0.3344781 -0.6599533 0.8727577 -0.3344781 -0.7764384 0.8727577 -0.3344781 -0.7764384 0.8727577 -0.2818221 -0.7763762 0.8727992 -0.3344781 -0.6599533 0.8727577 -0.2978982 -0.6172398 0.8731124 -0.2978982 -0.6172398 0.8731124 -0.2818221 -0.7763762 0.8727992 -0.2978048 -0.6172375 0.7299247 -0.2819127 -0.7764147 0.7302225 -0.2978048 -0.6172375 0.7299247 -0.2819127 -0.7764147 0.7302225 -0.3344781 -0.6599534 0.7302577 -0.3344781 -0.7764384 0.7302577 -1.12978 -0.4189305 1.990446 -1.099487 -0.4473405 2.184033 -1.135974 -0.483072 1.89827 -1.13639 -0.4831939 2.276304 -0.09583405 -0.5658584 0.3783591 0.09583405 -0.5658584 0.3783591 -0.09583405 -0.5658584 0.5946464 0.09583405 -0.5658584 0.5946464 -0.1626865 0.5411119 3.423576 -0.1620079 -0.4562087 3.423661 0.1623172 0.5409136 3.423878 0.1623556 -0.4562891 3.423331 -0.2425945 -0.4471359 3.452908 -0.1620079 -0.4562087 3.423661 -0.2432963 0.5422919 3.452429 -0.1626865 0.5411119 3.423576 0.1623172 0.5409136 3.423878 0.1623556 -0.4562891 3.423331 0.2431886 0.5423484 3.452347 0.2426977 -0.4471598 3.452811 -0.1666083 -0.9382782 3.424119 -0.1369374 -1.026008 3.232833 -0.164669 -0.83354 3.470266 -0.157787 -1.04332 3.271594 -0.7913442 -0.6137462 1.900651 -0.4635958 -0.6137462 1.900651 -0.7913442 -0.7881191 1.972613 -0.4635958 -0.7881191 1.972613 0.4635957 -0.6137462 1.900651 0.7913442 -0.6137462 1.900651 0.4635957 -0.7881191 1.972613 0.7913442 -0.7881191 1.972613 -0.3355326 -0.6137463 1.878287 0.3355326 -0.6137463 1.878287 -0.3359458 -0.8136305 1.961187 0.3355326 -0.8136514 1.961128 -0.3365669 -0.7643305 1.990093 -0.3359458 -0.8136305 1.961187 0.3354981 -0.7644268 1.990194 0.3355326 -0.8136514 1.961128 -0.3371095 -0.7083993 2.087356 -0.3365064 -0.7349415 2.031458 0.3356693 -0.7086775 2.087419 0.336292 -0.7348437 2.031263 0.3364104 -0.6899891 2.132971 0.335751 -0.6719303 2.189076 -0.3357458 -0.6900032 2.132767 -0.3364 -0.672039 2.188901 -0.3355326 -0.6137462 2.294613 -0.3355328 -0.6686735 2.294318 0.3355326 -0.6137462 2.294613 0.3360025 -0.6687133 2.294252 -0.3355328 -0.6686735 2.294318 -0.3354946 -0.6604939 2.234218 0.3360025 -0.6687133 2.294252 0.336671 -0.6603415 2.234201 -0.3354946 -0.6604939 2.234218 -0.3364 -0.672039 2.188901 0.336671 -0.6603415 2.234201 0.335751 -0.6719303 2.189076 -0.3357458 -0.6900032 2.132767 -0.3371095 -0.7083993 2.087356 0.3364104 -0.6899891 2.132971 0.3356693 -0.7086775 2.087419 -0.3365064 -0.7349415 2.031458 -0.3365669 -0.7643305 1.990093 0.336292 -0.7348437 2.031263 0.3354981 -0.7644268 1.990194 -1.0773 -0.5592796 0.04625773 -1.0773 0.7007204 0.04625773 1.0773 -0.5592796 0.04625773 1.0773 0.7007204 0.04625773 -1.0773 -0.5592796 0.2172577 -1.0773 0.7007204 0.2172577 -1.0773 -0.5592796 0.04625773 -1.0773 0.7007204 0.04625773 -1.0773 0.7007204 0.04625773 -1.0773 0.7007204 0.2172577 1.0773 0.7007204 0.04625773 1.0773 0.7007204 0.2172577 1.0773 0.7007204 0.2172577 1.0773 -0.5592796 0.2172577 1.0773 0.7007204 0.04625773 1.0773 -0.5592796 0.04625773 1.0773 -0.5592796 0.2172577 -1.0773 -0.5592796 0.2172577 1.0773 -0.5592796 0.04625773 -1.0773 -0.5592796 0.04625773 -0.6722099 -0.6192796 2.456158 0.6722099 -0.6192796 2.456158 -0.6741789 0.5572309 2.456266 0.6739184 0.5571061 2.456273 0.8895549 0.7607223 1.129019 -0.8895414 0.7607204 1.129035 0.8895449 0.7307205 1.129019 -0.8895449 0.7307205 1.129019 -0.8895414 0.7607204 1.129035 -0.87515 0.760422 2.456214 -0.8895449 0.7307205 1.129019 -0.8747448 0.7305465 2.456171 -0.5705323 0.7607205 3.051844 -0.378387 0.7607229 3.126245 -0.5705323 0.7307205 3.051844 -0.3784011 0.7304566 3.126385 0.3784067 0.7607181 3.126267 0.570532 0.7607205 3.051845 0.3783745 0.7305882 3.126138 0.570532 0.7307205 3.051845 -2.09017e-5 0.7303731 3.175135 5.78299e-6 0.7605283 3.175824 0.3783745 0.7305882 3.126138 0.3784067 0.7607181 3.126267 0.570532 0.7607205 3.051845 0.7152753 0.7607205 2.938016 0.570532 0.7307205 3.051845 0.7177329 0.7292752 2.939251 -0.715275 0.7607205 2.938016 -0.5705323 0.7607205 3.051844 -0.7177324 0.729274 2.939264 -0.5705323 0.7307205 3.051844 -0.6732429 0.7607204 0.4793038 -1.002487 0.7607204 0.4793038 -0.6732429 0.7019184 0.4793038 -1.002487 0.7019184 0.4793038 -1.002487 0.7607204 0.4793038 -1.002454 0.7607222 0.6716379 -1.002487 0.7019184 0.4793038 -1.002404 0.7016839 0.6719158 -1.002454 0.7607222 0.6716379 -0.6207206 0.7606112 0.652904 -1.002404 0.7016839 0.6719158 -0.6204972 0.7007033 0.6541677 -0.6207206 0.7606112 0.652904 -0.5821064 0.7607204 0.5757725 -0.6204972 0.7007033 0.6541677 -0.5821064 0.7019184 0.5757725 -0.5821064 0.7607204 0.5757725 -0.6209286 0.7607204 0.5006886 -0.5821064 0.7019184 0.5757725 -0.6209286 0.7019184 0.5006886 -0.6209286 0.7607204 0.5006886 -0.6732429 0.7607204 0.4793038 -0.6209286 0.7019184 0.5006886 -0.6732429 0.7019184 0.4793038 0.4236738 -0.5165519 0.7933634 0.5310656 -0.6202325 0.7934541 0.4229009 -0.517913 1.328758 0.5317223 -0.6194351 1.328758 -0.4229452 -0.5178612 1.328758 -0.5317578 -0.619386 1.328758 -0.4227651 -0.518064 0.793456 -0.5310869 -0.6201957 0.7934531 -0.1956618 -0.621425 1.563174 0.14139 -0.621425 1.563174 -0.1956618 -0.621425 1.729999 0.1413901 -0.6214252 1.729999 -0.2354241 -0.6585839 1.764458 0.1811523 -0.6585839 1.764458 -0.2354241 -0.6137469 1.764458 0.1811523 -0.6137469 1.764458 -0.2354241 -0.6137468 1.528715 0.1811523 -0.6137468 1.528715 -0.2354241 -0.6585838 1.528715 0.1811523 -0.6585838 1.528715 0.1811523 -0.6585838 1.528715 0.1811523 -0.6137468 1.528715 0.1811523 -0.6585839 1.764458 0.1811523 -0.6137469 1.764458 -0.2354241 -0.6137468 1.528715 -0.2354241 -0.6585838 1.528715 -0.2354241 -0.6137469 1.764458 -0.2354241 -0.6585839 1.764458 -0.1956618 -0.6585838 1.563174 0.14139 -0.6585838 1.563174 -0.1956618 -0.621425 1.563174 0.14139 -0.621425 1.563174 0.14139 -0.6585838 1.563174 0.1413901 -0.6585839 1.729999 0.14139 -0.621425 1.563174 0.1413901 -0.6214252 1.729999 0.1413901 -0.6585839 1.729999 -0.1956618 -0.6585838 1.729999 0.1413901 -0.6214252 1.729999 -0.1956618 -0.621425 1.729999 -0.1956618 -0.6585838 1.729999 -0.1956618 -0.6585838 1.563174 -0.1956618 -0.621425 1.729999 -0.1956618 -0.621425 1.563174 0.3035434 -0.621425 1.56896 0.6405953 -0.6214249 1.56896 0.3035434 -0.6214249 1.735785 0.6405953 -0.621425 1.735785 0.2637811 -0.6585838 1.770244 0.6803575 -0.6585839 1.770244 0.2637811 -0.6137468 1.770244 0.6803575 -0.6137469 1.770244 0.2637811 -0.613747 1.534502 0.6803575 -0.6137469 1.534502 0.2637811 -0.6585838 1.534502 0.6803575 -0.6585839 1.534502 0.6803575 -0.6585839 1.534502 0.6803575 -0.6137469 1.534502 0.6803575 -0.6585839 1.770244 0.6803575 -0.6137469 1.770244 0.2637811 -0.613747 1.534502 0.2637811 -0.6585838 1.534502 0.2637811 -0.6137468 1.770244 0.2637811 -0.6585838 1.770244 0.3035434 -0.6585838 1.56896 0.6405953 -0.6585839 1.56896 0.3035434 -0.621425 1.56896 0.6405953 -0.6214249 1.56896 0.6405953 -0.6585839 1.56896 0.6405953 -0.6585838 1.735785 0.6405953 -0.6214249 1.56896 0.6405953 -0.621425 1.735785 0.6405953 -0.6585838 1.735785 0.3035434 -0.6585839 1.735785 0.6405953 -0.621425 1.735785 0.3035434 -0.6214249 1.735785 0.3035434 -0.6585839 1.735785 0.3035434 -0.6585838 1.56896 0.3035434 -0.6214249 1.735785 0.3035434 -0.621425 1.56896 -0.6901558 -0.621425 1.570096 -0.353104 -0.6214249 1.570096 -0.6901558 -0.6214249 1.736921 -0.3531039 -0.6214249 1.736921 -0.7299181 -0.6585839 1.77138 -0.3133417 -0.6585838 1.77138 -0.7299181 -0.6137469 1.77138 -0.3133417 -0.6137468 1.77138 -0.7299181 -0.613747 1.535637 -0.3133417 -0.6137469 1.535638 -0.7299181 -0.6585838 1.535637 -0.3133417 -0.6585839 1.535638 -0.3133417 -0.6585839 1.535638 -0.3133417 -0.6137469 1.535638 -0.3133417 -0.6585838 1.77138 -0.3133417 -0.6137468 1.77138 -0.7299181 -0.613747 1.535637 -0.7299181 -0.6585838 1.535637 -0.7299181 -0.6137469 1.77138 -0.7299181 -0.6585839 1.77138 -0.6901558 -0.6585838 1.570096 -0.353104 -0.6585839 1.570096 -0.6901558 -0.621425 1.570096 -0.353104 -0.6214249 1.570096 -0.353104 -0.6585839 1.570096 -0.3531039 -0.6585839 1.736921 -0.353104 -0.6214249 1.570096 -0.3531039 -0.6214249 1.736921 -0.3531039 -0.6585839 1.736921 -0.6901558 -0.6585839 1.736921 -0.3531039 -0.6214249 1.736921 -0.6901558 -0.6214249 1.736921 -0.6901558 -0.6585839 1.736921 -0.6901558 -0.6585838 1.570096 -0.6901558 -0.6214249 1.736921 -0.6901558 -0.621425 1.570096 1.19117 -0.5876836 0.5919985 1.19117 -0.5576117 0.6440847 1.243659 -0.5877668 0.5918573 1.243659 -0.5575306 0.6442264 1.19117 -0.6478273 0.6961709 1.19117 -0.677899 0.6440847 1.243659 -0.6477458 0.6963126 1.243659 -0.677981 0.643943 1.236998 -0.5876837 2.034608 1.236997 -0.5576117 2.086694 1.289486 -0.5877669 2.034467 1.289486 -0.5575306 2.086836 1.236998 -0.6478274 2.138781 1.236997 -0.6778989 2.086694 1.289487 -0.6477458 2.138922 1.289486 -0.6779811 2.086552 1.240729 -0.5858739 0.7494089 1.240729 -0.5539929 0.8046287 1.296391 -0.5859724 0.7492408 1.29639 -0.5538964 0.8047972 1.240729 -0.6496368 0.8598494 1.240729 -0.681518 0.8046287 1.296391 -0.64954 0.8600178 1.29639 -0.6816151 0.8044603 0.4288135 -0.8386251 1.974645 0.4527243 -0.8141825 2.008078 0.4287711 -0.8723356 1.999201 0.4527327 -0.8478186 2.033001 -0.165 -0.3570399 2.455635 0.165 -0.3570399 2.455635 -0.165 -0.3570399 2.875635 0.165 -0.3570399 2.875635 -0.165 -0.3570399 2.875635 0.165 -0.3570399 2.875635 -0.165 -0.2370398 2.875635 0.165 -0.2370398 2.875635 -0.165 -0.2370398 2.875635 0.165 -0.2370398 2.875635 -0.165 -0.2370398 2.455635 0.165 -0.2370398 2.455635 0.165 -0.3570399 2.455635 0.165 -0.2370398 2.455635 0.165 -0.3570399 2.875635 0.165 -0.2370398 2.875635 -0.165 -0.2370398 2.455635 -0.165 -0.3570399 2.455635 -0.165 -0.2370398 2.875635 -0.165 -0.3570399 2.875635 -0.01777854 -0.3410704 2.873828 -0.01777854 -0.2530093 2.894374 -0.09847031 -0.3410704 2.894374 -0.09847031 -0.2530093 2.873828 1.191703 -0.7945874 0.22472 1.204835 -0.5031651 0.2257398 1.204523 -0.5031267 0.7302445 1.190632 -0.795014 0.7302638 1.191703 -0.7945874 0.22472 1.138222 -0.8630617 0.2254855 1.05693 -0.8938364 0.7302545 0.9703519 -0.901777 0.2249752 0.802442 -0.8634052 0.7302518 0.8024812 -0.8630602 0.2254853 0.7490858 -0.7945855 0.2247368 0.8024812 -0.8630602 0.2254853 0.7510806 -0.7943953 0.7302596 0.7362417 -0.6175338 0.7302412 0.7359177 -0.5031676 0.2257347 0.7364947 -0.5031097 0.7302577 1.251948 -0.7492545 2.155083 1.175969 -0.906702 2.019296 1.251889 -0.7492251 2.01946 1.175885 -0.9065814 2.155252 1.175969 -0.906702 2.019296 0.9731247 -0.957356 2.155257 0.9731184 -0.957212 2.019291 1.25153 -0.5360863 2.019634 1.251948 -0.7492545 2.155083 1.25153 -0.5360863 2.154907 1.152595 -0.4410954 2.019729 1.152595 -0.4410954 2.154954 0.7936873 -0.4410954 2.019729 0.7936873 -0.4410954 2.154954 0.7702761 -0.9066103 2.155249 0.7703239 -0.9066417 2.019293 0.6943318 -0.7492456 2.019458 0.6943925 -0.7492161 2.155081 0.6947518 -0.5360863 2.154907 0.6947518 -0.5360863 2.019634 0.7936873 -0.4410954 2.019729 0.7936873 -0.4410954 2.154954 0.4229009 -0.517913 1.328758 0.5317223 -0.6194351 1.328758 -0.4229452 -0.5178612 1.328758 -0.5317578 -0.619386 1.328758 -0.8747448 0.7305465 2.456171 -0.87515 0.760422 2.456214 -0.8504435 0.7281008 2.682725 -0.8459728 0.7607231 2.681234 -0.378387 0.7607229 3.126245 5.78299e-6 0.7605283 3.175824 -0.3784011 0.7304566 3.126385 -2.09017e-5 0.7303731 3.175135 0.177992 -0.5827912 0.9632215 0.1857176 -0.5585499 0.9003791 0.2126839 -0.5828247 0.8912301 0.1857176 -0.5585499 0.9003791 0.09920873 -0.5828483 0.891845 0.1375136 -0.5584998 0.9661646 0.177992 -0.5827912 0.9632215 0.1375136 -0.5584998 0.9661646 0.08110941 -0.5827862 0.909889 0.09920873 -0.5828483 0.891845 0.1375136 -0.5584998 0.9661646 0.09917069 -0.5585029 0.8918303 1.142836 -0.8772124 1.897557 0.9731129 -0.9152168 1.897864 0.8036119 -0.8771501 1.897685 1.209749 -0.7404751 1.897603 0.7368063 -0.7403339 1.897789 1.208887 -0.5528123 1.898106 0.7373949 -0.5528123 1.898106 0.8114518 -0.4817079 1.898239 1.13483 -0.4817079 1.898239 0.04469768 -1.082482 3.229259 0.1573011 -1.017234 3.259595 0.04517854 -1.037296 3.207236 -0.04494598 -1.082407 3.229201 -0.1369374 -1.026008 3.232833 -0.157787 -1.04332 3.271594 -0.03261563 -0.8614784 1.953239 0.03261563 -0.8614784 1.953239 0.03261563 -0.7653055 2.079822 -0.03261563 -0.7653413 2.079834 0.03261563 -0.6859431 2.319883 -0.03261563 -0.6859691 2.319892 0.2978982 -0.6172398 0.8731124 0.3344781 -0.6599533 0.8727577 0.6907275 -0.6599733 0.8728696 0.736509 -0.617483 0.8727432 0.7071602 -0.8176669 0.8728691 0.7671782 -0.8987491 0.8729396 1.056638 -0.8921574 0.8727493 0.9703599 -0.9446855 0.8731465 1.173504 -0.8987473 0.8729526 1.234742 -0.8177655 0.8732906 -0.3344781 -0.6599533 0.8727577 -0.2978982 -0.6172398 0.8731124 -0.6907275 -0.6599733 0.8728696 -0.7365104 -0.6174859 0.8727517 -0.7071602 -0.8176668 0.872869 -0.7671837 -0.8987488 0.8729413 -1.056652 -0.8921573 0.8727539 -0.9703563 -0.9446835 0.8731443 -1.173958 -0.8989541 0.8731926 -1.189151 -0.79432 0.8727486 -1.250522 -0.7372793 0.8730575 -1.204248 -0.5031078 0.8727562 -1.24981 -0.457879 0.8727577 -0.736505 -0.457879 0.8727577 -0.736505 -0.5031096 0.8727577 0.9731218 -0.9150167 2.019617 1.175969 -0.906702 2.019296 0.9731184 -0.957212 2.019291 0.8039559 -0.8768456 2.019608 0.7703239 -0.9066417 2.019293 0.6943318 -0.7492456 2.019458 0.7372841 -0.7401063 2.019634 0.7373949 -0.5528123 2.019634 0.6947518 -0.5360863 2.019634 0.7936873 -0.4410954 2.019729 0.8114518 -0.4817078 2.019729 -1.166681 -0.4547429 2.276435 -1.13639 -0.4831939 2.276304 -1.130103 -0.4190249 2.184167 -1.099487 -0.4473405 2.184033 -1.12978 -0.4189305 1.990446 -0.7937071 -0.4410954 2.172255 -0.7937071 -0.4410954 2.276435 -0.694772 -0.5360863 2.276435 -0.694772 -0.5360863 2.172195 -0.6937234 -0.7495704 2.27699 -0.6943729 -0.7492363 2.172026 -0.7737638 -0.9121008 2.172016 -0.7734727 -0.912209 2.276997 -0.9732022 -0.957124 2.276725 -0.973178 -0.9570253 2.171974 -1.172469 -0.9120336 2.171922 -1.172131 -0.9118896 2.276585 -1.231572 -0.8307593 2.278013 -1.252263 -0.7492502 2.1722 -1.252691 -0.5362439 2.277041 -1.251551 -0.5360863 2.172195 -1.166681 -0.4547429 2.276435 -1.203015 -0.4900053 2.133451 -1.130103 -0.4190249 2.184167 -1.12978 -0.4189305 1.990446 -1.203015 -0.4900053 2.041061 -1.166682 -0.454743 1.898238 -1.251551 -0.5360863 2.002317 -1.251551 -0.5360863 1.898106 -1.252599 -0.7495593 1.897551 -1.25195 -0.7492278 2.002486 -1.172611 -0.9120572 2.002502 -1.172933 -0.9123213 1.897514 -0.9731759 -0.9571078 2.002545 -0.9731877 -0.9570389 1.897841 -0.7742563 -0.9118599 1.898 -0.7739178 -0.9119847 2.002599 -0.7147755 -0.8307651 1.896526 -0.6940584 -0.7492595 2.002312 -0.7147755 -0.8307651 1.896526 -0.6936512 -0.5362417 1.89751 -0.694772 -0.5360863 2.002317 -0.7937071 -0.4410955 1.898239 -0.7937071 -0.4410954 2.002436 -0.7742563 -0.9118599 1.898 -0.9731877 -0.9570389 1.897841 -1.172933 -0.9123213 1.897514 -0.7147755 -0.8307651 1.896526 -1.252599 -0.7495593 1.897551 -0.6936512 -0.5362417 1.89751 -1.251551 -0.5360863 1.898106 -1.135974 -0.483072 1.89827 -0.7937071 -0.4410955 1.898239 -1.166682 -0.454743 1.898238 0.09583405 -0.5146502 0.5946464 0.09583405 -0.5658584 0.5946464 0.09583405 -0.5658584 0.3783591 0.09583405 -0.5146502 0.2395652 0.09598191 -0.6309067 0.3334312 0.09596871 -0.6308374 0.2357738 0.1652628 -0.5529552 3.501619 0.1623556 -0.4562891 3.423331 0.165008 -0.5641451 3.47295 0.165005 -0.6949592 3.520686 0.1644396 -0.8336987 3.470401 -0.4227651 -0.518064 0.793456 -0.5310869 -0.6201957 0.7934531 -0.4229635 -0.5178247 0.6273664 -0.5319448 -0.6194683 0.5931792 -0.4002805 -0.5170566 0.5382331 -0.4109401 -0.6192594 0.3880502 -0.2436517 -0.5166744 0.4109955 -0.1540909 -0.6193854 0.2769266 -0.2436517 -0.5166744 0.4109955 1.53753e-5 -0.5172409 0.3619774 0 -0.6196029 0.263667 0.3263966 -0.8614784 1.953239 0.4738835 -0.8614784 1.953239 0.4738835 -0.7652092 2.079785 0.3263966 -0.7652285 2.079791 0.4738835 -0.6858842 2.31986 0.3263966 -0.6858985 2.319865 -0.4738835 -0.8614784 1.953239 -0.3263966 -0.8614784 1.953239 -0.3263966 -0.7652092 2.079785 -0.4738835 -0.7652285 2.079791 -0.3263966 -0.6858842 2.31986 -0.4738835 -0.6858985 2.319865 0.6907275 -0.6599733 0.8728696 0.6906236 -0.659991 0.7301526 0.7071602 -0.8176669 0.8728691 0.7071857 -0.817671 0.7301543 0.7671782 -0.8987491 0.8729396 0.767179 -0.89881 0.7300652 0.9703599 -0.9446855 0.8731465 0.9702458 -0.9450662 0.7298803 1.174197 -0.8993046 0.7297897 1.173504 -0.8987473 0.8729526 1.234742 -0.8177655 0.8732906 1.25053 -0.7372054 0.7299277 1.249879 -0.4578846 0.7302927 1.250079 -0.4578924 0.8728684 -0.736505 -0.5031096 0.8727577 -1.204248 -0.5031078 0.8727562 -0.7365104 -0.6174859 0.8727517 -1.189151 -0.79432 0.8727486 -0.7671837 -0.8987488 0.8729413 -1.056652 -0.8921573 0.8727539 -0.8114718 -0.4831939 2.002436 -0.8114719 -0.4831939 2.172255 -0.7374151 -0.5528123 2.172195 -0.7374151 -0.5528123 2.002317 -0.7372533 -0.7401361 2.172195 -0.737183 -0.7401426 2.002317 -0.80401 -0.8768864 2.172195 -0.8040781 -0.8768301 2.002317 -0.9731775 -0.9150109 2.002317 -0.9731775 -0.91502 2.172195 -1.142302 -0.8768375 2.172195 -1.142356 -0.8768797 2.002317 -1.209062 -0.7401307 2.002317 -1.209146 -0.7401435 2.172195 -1.208907 -0.5528123 2.002317 -1.208907 -0.5528121 2.172195 -1.171594 -0.5174541 2.041061 -1.171594 -0.5174541 2.133451 -0.7913442 -0.7881191 1.972613 -0.4635958 -0.7881191 1.972613 -0.7913425 -0.7237263 2.056798 -0.4635958 -0.7237113 2.056798 -0.7914291 -0.6475191 2.274759 -0.4635958 -0.6483011 2.274757 0.4635957 -0.7881191 1.972613 0.7913442 -0.7881191 1.972613 0.7913427 -0.7237265 2.056798 0.463232 -0.7237101 2.056801 0.7914184 -0.6474996 2.274753 0.4632435 -0.6483207 2.274767 -0.9235652 -0.8085668 2.087419 -0.922015 -0.8058382 0.8727554 -0.8720719 -0.8482124 0.8727577 -0.8251343 -0.8488986 2.087202 -0.7729279 -0.80427 0.8727577 -0.7743402 -0.8025677 2.087219 -0.7735615 -0.6192797 0.8727577 -0.7751966 -0.6192927 2.087276 0.9226889 -0.8058752 1.121972 0.9228123 -0.8026177 0.8727577 1.005942 -0.8464987 0.8722699 1.08846 -0.8492866 1.121939 1.171745 -0.8033521 0.8723435 1.172242 -0.8026177 1.121951 1.171564 -0.5480404 0.8727577 1.172242 -0.5480404 1.121951 1.089323 -0.5050287 1.121951 1.088647 -0.5050288 0.8727577 1.089323 -0.5050287 1.121951 1.089682 -0.5049784 2.087219 1.172837 -0.5479276 2.087214 1.172242 -0.5480404 1.121951 1.172836 -0.8026731 2.087214 1.172242 -0.8026177 1.121951 1.088807 -0.8499603 2.08723 1.08846 -0.8492866 1.121939 0.9237821 -0.8078487 2.087198 0.9226889 -0.8058752 1.121972 0.8895449 0.7307205 1.129019 -0.8895449 0.7307205 1.129019 0.8747618 0.7305377 2.456179 -0.8747448 0.7305465 2.456171 0.8500673 0.7282884 2.682782 -0.8504435 0.7281008 2.682725 0.7177329 0.7292752 2.939251 -0.7177324 0.729274 2.939264 0.570532 0.7307205 3.051845 -0.5705323 0.7307205 3.051844 0.3783745 0.7305882 3.126138 -0.3784011 0.7304566 3.126385 -2.09017e-5 0.7303731 3.175135 1.122188 -0.6192795 0.2172568 1.122208 0.760731 0.2172517 1.123908 -0.620064 2.456449 1.121731 0.7639062 2.601919 1.041621 -0.6223578 2.912596 1.034605 0.7615581 2.911563 0.9021911 -0.6192796 3.096514 0.902191 0.7607205 3.096514 0.695789 -0.6192796 3.252573 0.695789 0.7607205 3.252573 0.4531339 -0.6192689 3.358281 0.4531439 0.7619581 3.358289 1.63843e-5 0.7644699 3.416414 -3.92982e-6 -0.6192698 3.41619 1.125534 0.7263688 0.870556 1.122731 -0.5201359 0.8692777 1.169838 -0.5218551 0.8293971 1.169838 0.7262648 0.7750583 1.125533 -0.5219591 0.7338995 1.122731 0.7245456 0.7351778 1.191241 -0.5876245 0.6962719 1.243659 -0.6477458 0.6963126 1.243659 -0.5575306 0.6442264 1.243659 -0.677981 0.643943 1.243659 -0.5877668 0.5918573 1.191241 -0.6478863 0.5918975 1.237069 -0.5876248 2.138887 1.289487 -0.6477458 2.138922 1.289486 -0.5575306 2.086836 1.289486 -0.6779811 2.086552 1.289486 -0.5877669 2.034467 1.237069 -0.6478863 2.034502 0.4738835 -0.8614784 1.953239 0.4738835 -0.613746 1.859054 0.4738835 -0.7652092 2.079785 0.4738835 -0.6136734 2.319963 0.4738835 -0.6858842 2.31986 0.3263966 -0.613746 1.859054 0.3263966 -0.8614784 1.953239 0.3263966 -0.7652285 2.079791 0.3263966 -0.6136734 2.319963 0.3263966 -0.6858985 2.319865 -0.3263966 -0.8614784 1.953239 -0.3263966 -0.613746 1.859054 -0.3263966 -0.7652092 2.079785 -0.3263966 -0.6136734 2.319963 -0.3263966 -0.6858842 2.31986 -0.4738835 -0.613746 1.859054 -0.4738835 -0.8614784 1.953239 -0.4738835 -0.7652285 2.079791 -0.4738835 -0.6136734 2.319963 -0.4738835 -0.6858985 2.319865 0.03261563 -0.8614784 1.953239 0.03261563 -0.613746 1.859054 0.03261563 -0.7653055 2.079822 0.03261563 -0.613687 2.319965 0.03261563 -0.6859431 2.319883 -0.03261563 -0.613746 1.859054 -0.03261563 -0.8614784 1.953239 -0.03261563 -0.7653413 2.079834 -0.03261563 -0.613687 2.319965 -0.03261563 -0.6859691 2.319892 1.26426e-5 0.8601079 3.295707 1.90472e-5 0.7601674 3.295503 -0.4164298 0.7604873 3.244918 -0.4164246 0.8601396 3.244913 -0.6331555 0.76071 3.155387 -0.6331557 0.8601396 3.155387 -0.8139517 0.76071 3.017354 -0.8139517 0.8601394 3.017354 -0.9240669 0.8601375 2.859934 -0.9240491 0.7607195 2.859918 -0.9991405 0.860116 2.582728 -0.9990926 0.759501 2.582702 -1.002604 0.7606495 0.2172602 -1.002533 0.8601395 0.2172587 -0.8354759 -0.8295445 0.04564184 -1.040274 -0.8581198 0.04514575 -0.7900337 -0.7703176 0.04549921 -1.151418 -0.771046 0.0449689 -0.776104 -0.581274 0.04599714 -1.164882 -0.5812652 0.04598075 -0.09596762 -0.6308817 0.2357746 -0.09598061 -0.6308628 0.333432 -0.09583405 -0.5146502 0.2395652 -0.09583405 -0.5658584 0.3783591 -0.09583405 -0.5146502 0.5946464 -0.09583405 -0.5658584 0.5946464 1.53753e-5 -0.5172409 0.3619774 0.2435351 -0.51701 0.4110883 -0.2436517 -0.5166744 0.4109955 0.4020869 -0.514083 0.5381135 -0.4002805 -0.5170566 0.5382331 0.4236738 -0.5165519 0.7933634 -0.4229635 -0.5178247 0.6273664 -0.4229452 -0.5178612 1.328758 0.4229009 -0.517913 1.328758 0.1561899 -0.5585356 0.8348095 0.1857176 -0.5585499 0.9003791 0.2126839 -0.5828247 0.8912301 0.1381293 -0.5828158 0.8528711 0.1857176 -0.5585499 0.9003791 0.1561899 -0.5585356 0.8348095 -1.135974 -0.483072 1.89827 -0.8114718 -0.4831939 2.002436 -0.7937071 -0.4410955 1.898239 -1.13639 -0.4831939 2.276304 -0.8114719 -0.4831939 2.172255 -0.7937071 -0.4410954 2.276435 0.2445954 -1.11723 3.152767 0.2442451 -1.044995 3.273173 0.1573011 -1.017234 3.259595 0.04469768 -1.082482 3.229259 -0.2424491 -1.116606 3.154395 -0.04494598 -1.082407 3.229201 -0.157787 -1.04332 3.271594 -0.2444666 -1.044815 3.272886 -1.123092 0.7157137 2.456152 -1.115862 0.7157137 2.601627 -1.168471 0.7155318 2.458746 -1.130884 0.7154396 2.758927 -1.033064 0.7157137 2.910978 -1.130884 0.7154396 2.758927 -1.074019 0.7157137 2.930146 -0.9352804 0.7157137 3.126199 -0.9021908 0.7157137 3.096514 -0.719277 0.7157137 3.289018 -0.6957891 0.7157137 3.252573 -0.4664041 0.7157137 3.397645 -0.2003372 0.7157137 3.397373 -0.2063869 0.7157695 3.439862 -0.9991405 0.860116 2.582728 -1.002533 0.8601395 0.2172587 -1.167241 0.8602124 0.2172578 -1.165681 0.86268 2.60903 -0.9240669 0.8601375 2.859934 -1.074644 0.8604736 2.930341 -0.9352804 0.8601396 3.1262 -0.8139517 0.8601394 3.017354 -0.7192766 0.8601394 3.289019 -0.6331557 0.8601396 3.155387 -0.4665388 0.8606954 3.398764 -0.4164246 0.8601396 3.244913 1.26426e-5 0.8601079 3.295707 1.33365e-5 0.8615665 3.45515 0.416456 0.8601096 3.245009 1.26426e-5 0.8601079 3.295707 1.33365e-5 0.8615665 3.45515 0.4665225 0.8606462 3.398715 0.6331555 0.8601396 3.155387 0.7192762 0.8601394 3.289019 0.8139517 0.8601396 3.017355 0.9352806 0.8601396 3.126199 0.924106 0.8601382 2.859935 1.074703 0.8604994 2.930346 1.163485 0.8615031 2.609063 0.9977029 0.8601362 2.582692 1.163485 0.8615031 2.609063 1.168075 0.860288 1.764288 1.003169 0.8601873 1.764277 1.287037 0.8601395 1.764284 1.286811 0.8601395 1.684173 1.167528 0.8601395 1.684173 1.002481 0.8601413 0.2172577 1.167075 0.8601395 0.2172577 1.03053e-4 0.7152271 3.453068 -0.2063869 0.7157695 3.439862 -0.2003372 0.7157137 3.397373 0.2003367 0.7157149 3.397371 0.4665008 0.7153633 3.398569 0.695789 0.7157149 3.252572 0.719276 0.7157137 3.289019 0.4665008 0.7153633 3.398569 0.902191 0.7157137 3.096514 0.9352809 0.7157137 3.126199 1.033073 0.7157149 2.910982 1.074578 0.7154961 2.930298 1.162419 0.7148221 2.608942 1.115895 0.7157154 2.601639 1.168697 0.7156134 1.76429 1.123295 0.7157137 1.684169 1.286811 0.7157137 1.684174 1.287037 0.7157137 1.764285 1.168179 0.7157137 1.684174 1.167075 0.7157137 0.2172577 1.122187 0.7157137 0.2172577 0.8114518 -0.4817078 2.154954 1.13483 -0.4817078 2.154954 0.7936873 -0.4410954 2.154954 1.152595 -0.4410954 2.154954 1.208887 -0.5528121 2.154907 1.25153 -0.5360863 2.154907 1.251948 -0.7492545 2.155083 1.210616 -0.7405512 2.155823 1.142215 -0.8768215 2.154901 1.175885 -0.9065814 2.155252 0.9731247 -0.957356 2.155257 0.973125 -0.9149699 2.154914 0.8040088 -0.8768239 2.154907 0.7702761 -0.9066103 2.155249 0.6943925 -0.7492161 2.155081 0.7372234 -0.7401345 2.15494 0.7373949 -0.5528121 2.154907 0.6947518 -0.5360863 2.154907 0.7936873 -0.4410954 2.154954 0.8114518 -0.4817078 2.154954 -0.7734727 -0.912209 2.276997 -1.172131 -0.9118896 2.276585 -0.9732022 -0.957124 2.276725 -1.231572 -0.8307593 2.278013 -0.6937234 -0.7495704 2.27699 -0.694772 -0.5360863 2.276435 -1.252691 -0.5362439 2.277041 -1.13639 -0.4831939 2.276304 -1.166681 -0.4547429 2.276435 -0.7937071 -0.4410954 2.276435 0.1653635 -0.938504 3.424612 0.1573011 -1.017234 3.259595 0.2442451 -1.044995 3.273173 0.2436107 -0.8449755 3.498934 0.1644396 -0.8336987 3.470401 0.2437278 -0.6945643 3.521695 0.165005 -0.6949592 3.520686 0.1652628 -0.5529552 3.501619 0.2426977 -0.4471598 3.452811 0.1623556 -0.4562891 3.423331 -0.1652637 -0.5529554 3.501618 -0.1620079 -0.4562087 3.423661 -0.2425945 -0.4471359 3.452908 -0.2437304 -0.6945651 3.521693 -0.1650028 -0.6949606 3.520692 -0.164669 -0.83354 3.470266 -0.2435965 -0.8449821 3.498945 -0.1666083 -0.9382782 3.424119 -0.2444666 -1.044815 3.272886 -0.157787 -1.04332 3.271594 -0.164669 -0.83354 3.470266 -0.1650046 -0.5641479 3.472976 -0.1650028 -0.6949606 3.520692 -0.1652637 -0.5529554 3.501618 -0.1620079 -0.4562087 3.423661 0.7750233 -0.6192887 2.456172 0.6722099 -0.6192796 2.456158 0.6721455 -0.6192489 2.269211 0.6674398 -0.619256 2.542367 0.7525129 -0.6174386 2.656074 0.6521588 -0.6192915 2.629982 0.5659421 -0.6192553 2.80212 0.642765 -0.6188054 2.872784 0.518388 -0.6192796 2.971021 0.4594038 -0.6192842 2.884146 0.3485397 -0.6188085 3.034409 0.1395875 -0.6192758 2.964767 0 -0.6181231 3.079599 -0.1395441 -0.619277 2.964568 -0.3485406 -0.6188083 3.034415 -0.4593278 -0.6192842 2.883849 -0.5183868 -0.6192796 2.971022 -0.5659836 -0.6192453 2.802143 -0.6427841 -0.6187668 2.872776 -0.7524256 -0.6187296 2.656023 -0.651445 -0.6192842 2.629635 -0.6674391 -0.6192565 2.542367 -0.7750238 -0.6192822 2.456172 -0.6722099 -0.6192796 2.456158 -0.672142 -0.6192477 2.26921 0 -0.6196029 0.263667 0.1540134 -0.6194313 0.2771656 1.53753e-5 -0.5172409 0.3619774 0.2435351 -0.51701 0.4110883 0.3059306 -0.6195492 0.3242927 0.3843503 -0.5979267 0.4131655 0.4927366 -0.6195851 0.4848205 0.4020869 -0.514083 0.5381135 0.4927366 -0.6195851 0.4848205 0.5318758 -0.619135 0.5933231 0.4236738 -0.5165519 0.7933634 0.5310656 -0.6202325 0.7934541 1.151418 -0.7710462 0.04496861 1.164882 -0.5812652 0.04598075 1.164438 -0.5812345 0.226043 1.149889 -0.7704809 0.2259291 1.04033 -0.8581008 0.04517907 1.039875 -0.8566433 0.2259849 0.9008334 -0.8567337 0.2259408 0.8310281 -0.8310194 0.04302764 0.7901804 -0.7706258 0.2255555 0.7736024 -0.5821474 0.04450166 0.7763789 -0.5812284 0.2260746 0.242964 0.8123813 3.393987 0.242964 0.7791574 3.500181 0.2432139 0.67697 3.530148 0.2431886 0.5423484 3.452347 0.242964 -0.6171732 3.029617 0.2426977 -0.4471598 3.452811 0.2437278 -0.6945643 3.521695 0.244183 -0.8418789 3.027388 0.2436107 -0.8449755 3.498934 0.2442451 -1.044995 3.273173 0.2445954 -1.11723 3.152767 -0.2063869 0.7157695 3.439862 1.03053e-4 0.7152271 3.453068 1.33365e-5 0.8615665 3.45515 -0.4665388 0.8606954 3.398764 -0.4664041 0.7157137 3.397645 -0.719277 0.7157137 3.289018 -0.7192766 0.8601394 3.289019 -0.9352804 0.7157137 3.126199 -0.9352804 0.8601396 3.1262 -1.074019 0.7157137 2.930146 -1.074644 0.8604736 2.930341 -1.130884 0.7154396 2.758927 -1.165681 0.86268 2.60903 -1.168471 0.7155318 2.458746 -1.167241 0.8602124 0.2172578 -1.167075 0.7157137 0.2172577 0.736505 -0.5031096 0.8727577 0.736509 -0.617483 0.8727432 1.250079 -0.4578924 0.8728684 1.234742 -0.8177655 0.8732906 0.7671782 -0.8987491 0.8729396 1.056638 -0.8921574 0.8727493 0.8310281 -0.8310194 0.04302764 0.7736024 -0.5821474 0.04450166 1.04033 -0.8581008 0.04517907 1.151418 -0.7710462 0.04496861 1.164882 -0.5812652 0.04598075 -0.7364947 -0.5031097 0.7302577 -0.7362417 -0.6175338 0.7302412 -0.7359177 -0.5031676 0.2257351 -0.7490839 -0.7945863 0.2247356 -0.7510806 -0.7943953 0.7302596 -0.802442 -0.8634052 0.7302518 -0.7490839 -0.7945863 0.2247356 -0.8024796 -0.8630607 0.2254843 -0.9703519 -0.901777 0.2249752 -0.8024796 -0.8630607 0.2254843 -1.056929 -0.893836 0.7302542 -1.138222 -0.8630617 0.2254855 -1.138222 -0.8630617 0.2254855 -1.190617 -0.7950118 0.7302632 -1.191703 -0.794585 0.2246718 -1.204521 -0.5031264 0.7302432 -1.204834 -0.5031644 0.2257295 -0.6907275 -0.6599733 0.8728696 -0.7071602 -0.8176668 0.872869 -0.6906236 -0.659991 0.7301526 -0.7071857 -0.817671 0.7301543 -0.7671837 -0.8987488 0.8729413 -0.767179 -0.89881 0.7300652 -0.9703563 -0.9446835 0.8731443 -0.9702445 -0.9450656 0.72988 -1.174342 -0.8993781 0.7298305 -1.173958 -0.8989541 0.8731926 -1.250522 -0.7372793 0.8730575 -1.250539 -0.7372171 0.7299641 -1.24981 -0.4578791 0.7302577 -1.24981 -0.457879 0.8727577 -1.151418 -0.771046 0.0449689 -1.164438 -0.5812345 0.2260431 -1.164882 -0.5812652 0.04598075 -1.149889 -0.7704809 0.2259293 -1.040274 -0.8581198 0.04514575 -1.039875 -0.8566433 0.2259849 -0.9008217 -0.8567375 0.2259339 -0.8354759 -0.8295445 0.04564184 -0.7909154 -0.7703894 0.2259871 -0.7900337 -0.7703176 0.04549921 -0.7763221 -0.581236 0.2260441 -0.776104 -0.581274 0.04599714 0.8114518 -0.4817078 2.019729 1.13483 -0.4817078 2.019729 0.8114518 -0.4817079 1.898239 1.13483 -0.4817079 1.898239 1.208887 -0.5528123 2.019634 1.208887 -0.5528123 1.898106 1.208985 -0.7401042 2.019634 1.209749 -0.7404751 1.897603 1.142277 -0.8768282 2.019587 1.142836 -0.8772124 1.897557 0.9731218 -0.9150167 2.019617 0.9731129 -0.9152168 1.897864 0.9731218 -0.9150167 2.019617 0.8036119 -0.8771501 1.897685 0.8039559 -0.8768456 2.019608 0.7368063 -0.7403339 1.897789 0.7372841 -0.7401063 2.019634 0.7373949 -0.5528123 2.019634 0.7373949 -0.5528123 1.898106 0.8114518 -0.4817079 1.898239 0.8114518 -0.4817078 2.019729 0.8114518 -0.4817078 2.276435 1.13483 -0.4817078 2.276435 0.8114518 -0.4817078 2.154954 1.13483 -0.4817078 2.154954 1.212304 -0.5537159 2.278362 1.208887 -0.5528121 2.154907 1.210616 -0.7405512 2.155823 1.148301 -0.8786705 2.2801 1.210616 -0.7405512 2.155823 1.142215 -0.8768215 2.154901 0.973125 -0.9149699 2.154914 0.9731305 -0.9150002 2.276537 0.973125 -0.9149699 2.154914 0.8841899 -0.9034772 2.276435 0.973125 -0.9149699 2.154914 0.8040088 -0.8768239 2.154907 0.803499 -0.8769367 2.276785 0.7372234 -0.7401345 2.15494 0.7367508 -0.7403493 2.276768 0.7372234 -0.7401345 2.15494 0.7373949 -0.5528121 2.276435 0.7373949 -0.5528121 2.154907 0.8114518 -0.4817078 2.154954 0.8114518 -0.4817078 2.276435 -0.242964 0.7791574 3.500181 -0.242964 0.8123813 3.393987 -0.2433198 0.6768861 3.530261 -0.2432963 0.5422919 3.452429 -0.242964 -0.6171732 3.029617 -0.2425945 -0.4471359 3.452908 -0.2437304 -0.6945651 3.521693 -0.2443182 -0.8420267 3.027159 -0.2435965 -0.8449821 3.498945 -0.2444666 -1.044815 3.272886 -0.2424491 -1.116606 3.154395 -0.1620079 -0.4562087 3.423661 -0.1650046 -0.5641479 3.472976 0.1623556 -0.4562891 3.423331 0.165008 -0.5641451 3.47295 -0.164669 -0.83354 3.470266 0.1644396 -0.8336987 3.470401 -0.1369374 -1.026008 3.232833 0.1573011 -1.017234 3.259595 0.04517854 -1.037296 3.207236 0.242964 0.7791574 3.500181 0.242964 0.8123813 3.393987 -0.242964 0.8123813 3.393987 -0.242964 0.7791574 3.500181 0.2432139 0.67697 3.530148 -0.2433198 0.6768861 3.530261 -0.2432963 0.5422919 3.452429 -0.1626865 0.5411119 3.423576 0.1623172 0.5409136 3.423878 0.2431886 0.5423484 3.452347 -0.6284483 0.5611444 2.723878 -0.6741789 0.5572309 2.456266 0.6739184 0.5571061 2.456273 0.6274595 0.5605459 2.723408 -0.4617489 0.5592561 2.887292 0.461954 0.5595155 2.887699 0.139642 0.5576689 2.966162 -0.1396211 0.5575755 2.965986 0.4594038 -0.6192842 2.884146 0.1395875 -0.6192758 2.964767 -0.1395441 -0.619277 2.964568 -0.4593278 -0.6192842 2.883849 0.5675295 -0.6192794 2.802799 -0.5665226 -0.6192796 2.802308 0.6521588 -0.6192915 2.629982 -0.651445 -0.6192842 2.629635 -0.6674391 -0.6192565 2.542367 0.6674398 -0.619256 2.542367 0.6722099 -0.6192796 2.456158 -0.6722099 -0.6192796 2.456158 1.29639 -0.6816151 0.8044603 1.240817 -0.6497067 0.7492881 1.296391 -0.5859724 0.7492408 1.29639 -0.5538964 0.8047972 1.296391 -0.64954 0.8600178 1.240817 -0.585804 0.8599702 0.3569893 -0.8478999 2.032828 0.3809619 -0.8386841 1.974627 0.4287711 -0.8723356 1.999201 0.4527327 -0.8478186 2.033001 0.380956 -0.7897513 2.041913 0.428815 -0.7897396 2.041523 -0.4487642 -0.738677 2.261923 -0.4249868 -0.7086473 2.211176 -0.3771301 -0.7090671 2.210694 -0.3530045 -0.7388418 2.261663 -0.4245573 -0.6877267 2.291659 -0.3767006 -0.6876867 2.291059 1.26426e-5 0.8601079 3.295707 0.416456 0.8601096 3.245009 1.90472e-5 0.7601674 3.295503 0.4164296 0.7605186 3.244857 0.6331555 0.8601396 3.155387 0.6331556 0.76071 3.155387 0.8139517 0.8601396 3.017355 0.813952 0.76071 3.017354 0.924106 0.8601382 2.859935 0.9240522 0.76071 2.859918 0.9977029 0.8601362 2.582692 0.9986761 0.76071 2.58268 1.003169 0.8601873 1.764277 1.002481 0.8601413 0.2172577 1.003065 0.76071 0.2172665 0.8080155 0.7591355 2.808834 0.8457558 0.7607205 2.681207 0.8500673 0.7282884 2.682782 0.7177329 0.7292752 2.939251 0.7152753 0.7607205 2.938016 -0.8459728 0.7607231 2.681234 -0.8078842 0.7592115 2.808779 -0.8504435 0.7281008 2.682725 -0.7177324 0.729274 2.939264 -0.715275 0.7607205 2.938016 -0.6674391 -0.6192565 2.542367 -0.6722099 -0.6192796 2.456158 -0.6741789 0.5572309 2.456266 -0.6284483 0.5611444 2.723878 -0.651445 -0.6192842 2.629635 -0.5659836 -0.6192453 2.802143 -0.4617489 0.5592561 2.887292 -0.4593278 -0.6192842 2.883849 -0.1395441 -0.619277 2.964568 -0.1396211 0.5575755 2.965986 0.1395875 -0.6192758 2.964767 0.139642 0.5576689 2.966162 0.461954 0.5595155 2.887699 0.4594038 -0.6192842 2.884146 0.5659421 -0.6192553 2.80212 0.6274595 0.5605459 2.723408 0.6521588 -0.6192915 2.629982 0.6674398 -0.619256 2.542367 0.6739184 0.5571061 2.456273 0.6722099 -0.6192796 2.456158 -0.6209286 0.7019184 0.5006886 -0.6204972 0.7007033 0.6541677 -0.5821064 0.7019184 0.5757725 -0.6732429 0.7019184 0.4793038 -1.002487 0.7019184 0.4793038 -1.002404 0.7016839 0.6719158 0.7364947 -0.5031097 0.7302577 0.736505 -0.4578791 0.7302577 1.204523 -0.5031267 0.7302445 1.249879 -0.4578846 0.7302927 1.25053 -0.7372054 0.7299277 1.190632 -0.795014 0.7302638 1.174197 -0.8993046 0.7297897 1.05693 -0.8938364 0.7302545 0.9702458 -0.9450662 0.7298803 0.802442 -0.8634052 0.7302518 0.767179 -0.89881 0.7300652 0.7510806 -0.7943953 0.7302596 0.7071857 -0.817671 0.7301543 0.6906236 -0.659991 0.7301526 0.7362417 -0.6175338 0.7302412 0.2978048 -0.6172375 0.7299247 0.3344781 -0.6599534 0.7302577 -0.7364947 -0.5031097 0.7302577 -1.204521 -0.5031264 0.7302432 -0.736505 -0.4578791 0.7302577 -1.24981 -0.4578791 0.7302577 -1.250539 -0.7372171 0.7299641 -1.190617 -0.7950118 0.7302632 -1.174342 -0.8993781 0.7298305 -1.056929 -0.893836 0.7302542 -0.9702445 -0.9450656 0.72988 -0.802442 -0.8634052 0.7302518 -0.767179 -0.89881 0.7300652 -0.7510806 -0.7943953 0.7302596 -0.7071857 -0.817671 0.7301543 -0.6906236 -0.659991 0.7301526 -0.7362417 -0.6175338 0.7302412 -0.2978048 -0.6172375 0.7299247 -0.3344781 -0.6599534 0.7302577 1.167075 0.7157137 0.2172577 1.122187 0.7157137 0.2172577 1.122187 0.7607101 0.2172577 1.167075 0.8601395 0.2172577 1.002481 0.8601413 0.2172577 1.003065 0.76071 0.2172665 -1.122187 0.7157137 0.2172577 -1.167075 0.7157137 0.2172577 -1.122187 0.7607101 0.2172577 -1.167241 0.8602124 0.2172578 -1.002533 0.8601395 0.2172587 -1.002604 0.7606495 0.2172602 0.8114518 -0.4817078 2.019729 0.7936873 -0.4410954 2.019729 1.152595 -0.4410954 2.019729 1.13483 -0.4817078 2.019729 1.208887 -0.5528123 2.019634 1.25153 -0.5360863 2.019634 1.251889 -0.7492251 2.01946 1.208985 -0.7401042 2.019634 1.142277 -0.8768282 2.019587 1.175969 -0.906702 2.019296 -0.7937071 -0.4410954 2.002436 -0.8114718 -0.4831939 2.002436 -0.7374151 -0.5528123 2.002317 -0.694772 -0.5360863 2.002317 -0.6940584 -0.7492595 2.002312 -0.737183 -0.7401426 2.002317 -0.7739178 -0.9119847 2.002599 -0.8040781 -0.8768301 2.002317 -0.9731759 -0.9571078 2.002545 -0.9731775 -0.9150109 2.002317 -1.142356 -0.8768797 2.002317 -1.172611 -0.9120572 2.002502 -1.25195 -0.7492278 2.002486 -1.209062 -0.7401307 2.002317 -1.208907 -0.5528123 2.002317 -1.251551 -0.5360863 2.002317 -1.203015 -0.4900053 2.041061 -1.171594 -0.5174541 2.041061 -1.203015 -0.4900053 2.133451 -1.171594 -0.5174541 2.133451 -1.208907 -0.5528121 2.172195 -1.251551 -0.5360863 2.172195 -1.252263 -0.7492502 2.1722 -1.209146 -0.7401435 2.172195 -1.172469 -0.9120336 2.171922 -1.142302 -0.8768375 2.172195 -0.973178 -0.9570253 2.171974 -0.9731775 -0.91502 2.172195 -0.80401 -0.8768864 2.172195 -0.7737638 -0.9121008 2.172016 -0.6943729 -0.7492363 2.172026 -0.7372533 -0.7401361 2.172195 -0.7374151 -0.5528123 2.172195 -0.694772 -0.5360863 2.172195 -0.7937071 -0.4410954 2.172255 -0.8114719 -0.4831939 2.172255 1.03053e-4 0.7152271 3.453068 0.4665008 0.7153633 3.398569 1.33365e-5 0.8615665 3.45515 0.4665225 0.8606462 3.398715 0.7192762 0.8601394 3.289019 0.719276 0.7157137 3.289019 0.9352806 0.8601396 3.126199 0.9352809 0.7157137 3.126199 1.074578 0.7154961 2.930298 1.074703 0.8604994 2.930346 1.163485 0.8615031 2.609063 1.162419 0.7148221 2.608942 1.168697 0.7156134 1.76429 1.168075 0.860288 1.764288 0.09583405 -0.5658584 0.3783591 -0.09583405 -0.5658584 0.3783591 0.09598191 -0.6309067 0.3334312 -0.09598061 -0.6308628 0.333432 -0.09596762 -0.6308817 0.2357746 0.09596871 -0.6308374 0.2357738 0.09583405 -0.5146502 0.2395652 -0.09583405 -0.5146502 0.2395652 -0.2424491 -1.116606 3.154395 -0.2443182 -0.8420267 3.027159 0.2445954 -1.11723 3.152767 0.244183 -0.8418789 3.027388 0.242964 -0.6171732 3.029617 -0.242964 -0.6171732 3.029617 -1.088621 -0.5050393 0.8727577 -1.17346 -0.5477903 2.455649 -1.090039 -0.5046515 2.451195 -1.171474 -0.548077 0.8727521 -1.171248 -0.8024548 0.8727037 -1.17594 -0.80423 2.456182 -1.088993 -0.8513124 2.451298 -1.087617 -0.8498406 0.8728047 -0.9235652 -0.8085668 2.087419 -0.922015 -0.8058382 0.8727554 -0.9238703 -0.803988 2.442334 -1.122213 0.7607333 0.21725 -1.122192 -0.619279 0.2172542 -1.121737 0.7638857 2.601898 -1.123907 -0.6200645 2.456449 -1.041622 -0.6223576 2.912596 -1.034604 0.7615604 2.911566 -0.9021908 0.7607205 3.096514 -0.9021908 -0.6192796 3.096514 -0.6957891 0.7607205 3.252573 -0.6957891 -0.6192796 3.252573 -0.4531435 0.7619708 3.358324 -0.4531297 -0.6192806 3.358257 -3.92982e-6 -0.6192698 3.41619 1.63843e-5 0.7644699 3.416414 1.148301 -0.8786705 2.2801 0.8841899 -0.9034772 2.276435 0.9731305 -0.9150002 2.276537 0.803499 -0.8769367 2.276785 0.7367508 -0.7403493 2.276768 1.212304 -0.5537159 2.278362 0.7373949 -0.5528121 2.276435 0.8114518 -0.4817078 2.276435 1.13483 -0.4817078 2.276435 0.775112 -0.6188419 2.087266 0.773591 -0.619296 0.8727556 0.7730339 -0.8040323 0.8733066 0.7745021 -0.8024333 2.087204 0.8247659 -0.8492801 2.087536 0.8724968 -0.8485304 0.8735845 0.9237821 -0.8078487 2.087198 0.9226889 -0.8058752 1.121972 0.9228123 -0.8026177 0.8727577 0.6835136 -0.5050287 3.226962 0.7269678 -0.5480404 3.294315 0.8741499 -0.5050285 3.080276 0.9352553 -0.5480404 3.13499 1.002151 -0.5049343 2.899309 0.7271453 -0.8040295 3.294622 1.078826 -0.5475807 2.934897 1.083877 -0.504751 2.594301 0.9352552 -0.8026175 3.13499 0.8740315 -0.8469727 3.080092 0.6402823 -0.8474028 3.159996 0.5968204 -0.8035061 3.092539 0.8508852 -0.8046649 2.828725 1.001939 -0.8477168 2.899174 1.078718 -0.8029997 2.934871 1.00141 -0.8485291 2.581313 0.9185084 -0.8022053 2.568283 0.9237821 -0.8078487 2.087198 1.088807 -0.8499603 2.08723 1.169105 -0.805465 2.607709 1.172836 -0.8026731 2.087214 1.168587 -0.5470841 2.60762 1.172837 -0.5479276 2.087214 1.089682 -0.5049784 2.087219 -0.3485406 -0.6188083 3.034415 0 -0.6181231 3.079599 4.50782e-6 -0.8026121 3.078674 -0.3484033 -0.8034914 3.033545 -0.5183868 -0.6192796 2.971022 3.57371e-5 -0.848068 3.172611 -0.5183872 -0.8026173 2.971021 -0.6427841 -0.6187668 2.872776 -0.3782813 -0.8469188 3.125688 3.04313e-6 -0.80355 3.220339 -0.3933427 -0.8024116 3.172318 -0.5446446 -0.8465841 3.01176 -0.596559 -0.8046966 3.092179 -0.6417968 -0.8031604 2.872217 -0.7152358 -0.8468549 2.937902 -0.7518703 -0.803453 2.970757 -0.8945033 -0.8047502 2.694244 -0.7148141 -0.8024652 2.765206 -0.7524256 -0.6187296 2.656023 -0.7600917 -0.8463445 2.786383 -0.7698914 -0.8031142 2.544871 -0.7743402 -0.8025677 2.087219 -0.7751966 -0.6192927 2.087276 -0.8251343 -0.8488986 2.087202 -0.8685786 -0.8476052 2.560439 -0.9238703 -0.803988 2.442334 -0.9235652 -0.8085668 2.087419 -0.9238703 -0.803988 2.442334 -0.8945033 -0.8047502 2.694244 -1.088993 -0.8513124 2.451298 -1.002105 -0.8495331 2.899229 -0.7518703 -0.803453 2.970757 -1.17594 -0.80423 2.456182 -0.6833407 -0.8483348 3.226676 -0.596559 -0.8046966 3.092179 -1.081857 -0.8042557 2.93556 -0.4184372 -0.8480103 3.249813 -0.3933427 -0.8024116 3.172318 3.04313e-6 -0.80355 3.220339 -5.40853e-6 -0.8493273 3.379128 -0.4685062 -0.8048737 3.405398 -1.71354e-5 -0.8039401 3.46184 -0.93537 -0.8029983 3.135103 -0.7269676 -0.8026175 3.294314 -0.9377566 -0.5467155 3.136286 -1.141804 -0.5457771 2.760982 -1.17346 -0.5477903 2.455649 -1.090039 -0.5046515 2.451195 -1.002206 -0.5047019 2.899314 -0.8741496 -0.5050287 3.080276 -0.7269676 -0.5480404 3.294315 -0.6835133 -0.5050285 3.226963 -0.4684069 -0.5474594 3.405087 -0.4432721 -0.5048914 3.326602 1.94553e-5 -0.5465479 3.461889 4.93784e-6 -0.5045731 3.379234 0.1102735 -0.5660063 0.6709975 0.12953 -0.5662286 0.7932149 0.07982618 -0.566107 0.8616371 -0.04198175 -0.5661449 0.6216744 -0.1100535 -0.566361 0.6713157 -0.136163 -0.5662577 0.7513007 -0.08017412 -0.5660163 0.8616103 0.6721455 -0.6192489 2.269211 0.6722099 -0.6192796 2.456158 -0.6722099 -0.6192796 2.456158 -0.672142 -0.6192477 2.26921 -1.123907 -0.6200645 2.456449 -0.7750238 -0.6192822 2.456172 -0.5317578 -0.619386 1.328758 -1.122192 -0.619279 0.2172542 0.5317223 -0.6194351 1.328758 -0.5319448 -0.6194683 0.5931792 -0.4109401 -0.6192594 0.3880502 -0.1540909 -0.6193854 0.2769266 0 -0.6196029 0.263667 1.122188 -0.6192795 0.2172568 0.1540134 -0.6194313 0.2771656 0.3059306 -0.6195492 0.3242927 0.4927366 -0.6195851 0.4848205 0.5318758 -0.619135 0.5933231 1.123908 -0.620064 2.456449 0.7750233 -0.6192887 2.456172 0.3991751 0.3600345 2.670583 0.3905967 0.3600345 2.683142 0.4873916 0.5595291 2.740188 0.3045059 0.1605396 2.656874 0.4077535 0.3600345 2.683142 0.4873916 0.5595291 2.740188 0.2959275 0.1605396 2.669433 0.2098368 -0.03895497 2.670583 0.3130844 0.1605396 2.669433 0.3991751 0.3600345 2.670583 0.4873916 0.5595291 2.740188 0.3045059 0.1605396 2.656874 0.2012583 -0.03895497 2.683142 0.1281836 -0.2384498 2.724304 0.2184152 -0.03895497 2.683142 0.1281836 -0.2384498 2.724304 0.2098368 -0.03895497 2.670583 0.1295926 -0.03895497 2.605771 0.138171 -0.03895497 2.618329 0.0807788 -0.2384498 2.646933 0.1843232 0.1605396 2.592062 0.0807788 -0.2384498 2.646933 0.1210142 -0.03895497 2.618329 0.1929016 0.1605396 2.60462 0.2390538 0.3600345 2.605771 0.1757448 0.1605396 2.60462 0.1295926 -0.03895497 2.605771 0.0807788 -0.2384498 2.646933 0.1843232 0.1605396 2.592062 0.2476322 0.3600345 2.618329 0.2876005 0.5595291 2.663054 0.2304754 0.3600345 2.618329 0.2876005 0.5595291 2.663054 0.2390538 0.3600345 2.605771 0.2876005 0.5595291 2.663054 -0.148405 -0.03895497 2.779385 -0.1247384 -0.2384498 2.820548 -0.1569834 -0.03895497 2.791943 -0.1853842 0.1605396 2.765676 -0.1398266 -0.03895497 2.791943 -0.1247384 -0.2384498 2.820548 -0.1939626 0.1605396 2.778234 -0.2288963 0.3600345 2.779385 -0.1768058 0.1605396 2.778234 -0.148405 -0.03895497 2.779385 -0.1247384 -0.2384498 2.820548 -0.1853842 0.1605396 2.765676 -0.2374747 0.3600345 2.791943 -0.2754444 0.5595291 2.863098 -0.2203179 0.3600345 2.791943 -0.2754444 0.5595291 2.863098 -0.2288963 0.3600345 2.779385 3.04313e-6 -0.80355 3.220339 3.57371e-5 -0.848068 3.172611 0.3934827 -0.8034284 3.172736 0.3635421 -0.846952 3.080091 4.50782e-6 -0.8026121 3.078674 0.3485397 -0.6188085 3.034409 0 -0.6181231 3.079599 0.3484499 -0.8024123 3.03378 0.518388 -0.6192796 2.971021 0.5446413 -0.8465977 3.011756 0.5968204 -0.8035061 3.092539 0.5183869 -0.8026173 2.971021 0.642765 -0.6188054 2.872784 0.7150685 -0.8463871 2.937824 0.8508852 -0.8046649 2.828725 0.6418948 -0.8031085 2.872268 0.7525129 -0.6174386 2.656074 0.7601963 -0.8466978 2.786434 0.7147232 -0.80252 2.765161 0.775112 -0.6188419 2.087266 0.7745021 -0.8024333 2.087204 0.7698864 -0.8031075 2.544868 0.8247659 -0.8492801 2.087536 0.8686097 -0.8476682 2.560443 0.9237821 -0.8078487 2.087198 0.9185084 -0.8022053 2.568283 4.93784e-6 -0.5045731 3.379234 1.94553e-5 -0.5465479 3.461889 0.4432819 -0.5048454 3.326637 0.4683899 -0.5474951 3.404955 0.6835136 -0.5050287 3.226962 0.7269678 -0.5480404 3.294315 0.4685463 -0.804872 3.405481 -1.71354e-5 -0.8039401 3.46184 0.7271453 -0.8040295 3.294622 -5.40853e-6 -0.8493273 3.379128 0.6402823 -0.8474028 3.159996 0.4184731 -0.8480113 3.249785 3.04313e-6 -0.80355 3.220339 0.5968204 -0.8035061 3.092539 0.3934827 -0.8034284 3.172736 0.02497864 -1.031716 3.186942 0.02499314 -1.068878 3.209506 0.02498244 -0.9408593 3.336568 0.0151374 -0.9706945 3.371206 0 -0.9305286 3.353572 0.06375153 -0.9721115 3.368951 0.06368704 -1.068878 3.209506 0.06375012 -1.03171 3.186954 0.04366819 -0.9160223 3.377516 -2.07499e-6 -0.9458871 3.412213 -0.04365899 -0.9160223 3.377516 -0.01514679 -0.9706826 3.37123 -0.02498285 -0.9408593 3.336568 -0.02497849 -1.031716 3.186942 -0.02497849 -1.068878 3.209506 -0.06370185 -1.068871 3.209506 -0.06374152 -0.9721141 3.368953 -0.06374574 -1.03171 3.186954 -1.19158 -0.4963787 2.044472 -1.166209 -0.5181575 2.044436 -1.201916 -0.5516169 2.044294 -1.234561 -0.5364854 2.073327 -1.166209 -0.5181065 2.073503 -1.201927 -0.649682 2.073573 -1.234584 -0.658258 2.044527 -1.201939 -0.685781 2.059658 -1.23471 -0.6605096 2.103681 -1.201809 -0.6497233 2.110936 -1.202109 -0.6594455 2.140258 -1.23462 -0.5364971 2.111148 -1.166209 -0.5181065 2.1109 -1.191592 -0.4963365 2.140041 0.228466 -0.03895497 2.499677 0.1281836 -0.2384498 2.553398 0.2198876 -0.03895497 2.512235 0.3389183 0.1605396 2.498526 0.3474967 0.1605396 2.485967 0.2370445 -0.03895497 2.512235 0.1281836 -0.2384498 2.553398 0.228466 -0.03895497 2.499677 0.3474967 0.1605396 2.485967 0.3560752 0.1605396 2.498526 0.4674059 0.3600345 2.499677 0.4588274 0.3600345 2.512235 0.4674059 0.3600345 2.499677 0.5835274 0.5595291 2.52201 0.4759843 0.3600345 2.512235 0.5835274 0.5595291 2.52201 -0.2698966 0.3600345 2.500346 -0.278475 0.3600345 2.512905 -0.3212552 0.5595291 2.530967 -0.2137446 0.1605396 2.505225 -0.2051661 0.1605396 2.492667 -0.2613183 0.3600345 2.512905 -0.3212552 0.5595291 2.530967 -0.2698966 0.3600345 2.500346 -0.2051661 0.1605396 2.492667 -0.1965877 0.1605396 2.505225 -0.1496207 -0.03895497 2.506376 -0.1581991 -0.03895497 2.518934 -0.1496207 -0.03895497 2.506376 -0.1172924 -0.2384498 2.560097 -0.1410423 -0.03895497 2.518934 -0.1172924 -0.2384498 2.560097 -0.2217656 -0.03895497 2.649397 -0.2131872 -0.03895497 2.661956 -0.1529189 -0.2384498 2.703118 -0.3024421 0.1605396 2.648247 -0.3110206 0.1605396 2.635688 -0.230344 -0.03895497 2.661956 -0.1529189 -0.2384498 2.703118 -0.2217656 -0.03895497 2.649397 -0.3110206 0.1605396 2.635688 -0.319599 0.1605396 2.648247 -0.4150787 0.3600345 2.643368 -0.4065003 0.3600345 2.655926 -0.4150787 0.3600345 2.643368 -0.5193948 0.5595291 2.698328 -0.423657 0.3600345 2.655926 -0.5193948 0.5595291 2.698328 1.121731 0.7639062 2.601919 0.8701529 0.7604936 2.568746 0.8457558 0.7607205 2.681207 1.034605 0.7615581 2.911563 0.8080155 0.7591355 2.808834 0.902191 0.7607205 3.096514 0.7152753 0.7607205 2.938016 0.695789 0.7607205 3.252573 0.570532 0.7607205 3.051845 0.4531439 0.7619581 3.358289 0.3784067 0.7607181 3.126267 1.63843e-5 0.7644699 3.416414 5.78299e-6 0.7605283 3.175824 -0.4531435 0.7619708 3.358324 -0.378387 0.7607229 3.126245 -0.5705323 0.7607205 3.051844 -0.6957891 0.7607205 3.252573 -0.715275 0.7607205 2.938016 -0.9021908 0.7607205 3.096514 -0.8078842 0.7592115 2.808779 -1.034604 0.7615604 2.911566 -1.121737 0.7638857 2.601898 -0.8459728 0.7607231 2.681234 -0.87515 0.760422 2.456214 -0.8895414 0.7607204 1.129035 -1.002454 0.7607222 0.6716379 -1.122213 0.7607333 0.21725 -0.6207206 0.7606112 0.652904 -1.002487 0.7607204 0.4793038 0.8895549 0.7607223 1.129019 -0.6732429 0.7607204 0.4793038 -0.5821064 0.7607204 0.5757725 1.122208 0.760731 0.2172517 -0.6209286 0.7607204 0.5006886 1.121731 0.7639062 2.601919 0.008578414 -0.2384498 2.833106 0.02337046 -0.03895497 2.791943 0.006213637 -0.03895497 2.791943 0.01479205 -0.03895497 2.779385 0.008578414 -0.2384498 2.833106 0.01479205 -0.03895497 2.779385 0.0269225 0.1605396 2.778234 0.04407934 0.1605396 2.778234 0.05768901 0.3600345 2.779385 0.04911059 0.3600345 2.791943 0.05768901 0.3600345 2.779385 0.07318933 0.5595291 2.872709 0.06626743 0.3600345 2.791943 0.07318933 0.5595291 2.872709 -0.1101288 -0.6161848 0.6711549 -0.1100535 -0.566361 0.6713157 -0.136163 -0.5662577 0.7513007 -0.04198175 -0.5661449 0.6216744 -0.1379552 -0.6177769 0.7517119 -8.95416e-5 -0.6161683 0.5936819 -0.08017412 -0.5660163 0.8616103 0.04880096 -0.616069 0.6013407 -0.04895484 -0.6165556 0.9016668 0.1102735 -0.5660063 0.6709975 0.07982618 -0.566107 0.8616371 0.1299514 -0.6165963 0.7091565 0.09321634 -0.6169679 0.8790134 0.12953 -0.5662286 0.7932149 -0.2354241 -0.6585838 1.528715 0.1811523 -0.6585838 1.528715 -0.1956618 -0.6585838 1.563174 -0.1956618 -0.6585838 1.729999 0.14139 -0.6585838 1.563174 -0.2354241 -0.6585839 1.764458 0.1811523 -0.6585839 1.764458 0.1413901 -0.6585839 1.729999 0.2637811 -0.6585838 1.534502 0.6803575 -0.6585839 1.534502 0.3035434 -0.6585838 1.56896 0.3035434 -0.6585839 1.735785 0.6405953 -0.6585839 1.56896 0.2637811 -0.6585838 1.770244 0.6803575 -0.6585839 1.770244 0.6405953 -0.6585838 1.735785 -0.7299181 -0.6585838 1.535637 -0.3133417 -0.6585839 1.535638 -0.6901558 -0.6585838 1.570096 -0.6901558 -0.6585839 1.736921 -0.353104 -0.6585839 1.570096 -0.7299181 -0.6585839 1.77138 -0.3133417 -0.6585838 1.77138 -0.3531039 -0.6585839 1.736921 -1.122213 0.7607333 0.21725 1.122208 0.760731 0.2172517 -1.0773 0.7007204 0.2172577 -1.0773 -0.5592796 0.2172577 1.0773 0.7007204 0.2172577 -1.122192 -0.619279 0.2172542 1.122188 -0.6192795 0.2172568 1.0773 -0.5592796 0.2172577 -1.165954 -0.7752784 0.2116244 -1.205346 -0.5033377 0.2251154 -1.164245 -0.5812122 0.2261268 0.3456751 -0.6099559 1.60681 0.345327 -0.6092224 1.673706 0.280293 -0.6887474 1.673672 0.1355863 -0.6887474 1.607331 0.07020414 -0.6099561 1.674192 0.07055225 -0.6092224 1.607296 -0.1322645 -0.6099559 1.616309 -0.1326126 -0.6092225 1.683205 -0.1976467 -0.6887473 1.68317 -0.3423534 -0.6887473 1.61683 -0.4077354 -0.609956 1.683691 -0.4073873 -0.6092224 1.616795 0.3238851 -0.6146371 2.324068 0.473246 -0.6842878 2.319841 0.4738835 -0.6137462 2.319988 -0.4763949 -0.6146371 2.324068 -0.327034 -0.6842878 2.319841 -0.3263966 -0.6137462 2.319988 -0.0333172 -0.8608423 1.953281 0.032637 -0.8602971 1.952695 0.03191847 -0.6850412 2.320059 -0.03396663 -0.6138852 2.320994 0.03191847 -0.6850412 2.320059 0.03261563 -0.6137462 2.319988 0.5985 -0.6136732 1.471258 0.6014207 -0.7486156 1.467223 0.6082583 -0.6231858 1.314237 -0.6084474 -0.6224625 1.315093 -0.6015184 -0.7491186 1.46637 -0.5985 -0.6136732 1.471258 0.2978936 -0.6172303 0.873118 0.2822243 -0.7778268 0.873261 0.3361122 -0.6616359 0.8713956 -1.165954 -0.7752784 0.2116244 -1.040065 -0.8688007 0.2171337 -1.138545 -0.8628703 0.2249551 -0.2822243 -0.7778269 0.873261 -0.2978936 -0.6172303 0.873118 -0.3361121 -0.6616359 0.8713955 1.142782 -0.8780892 2.019347 1.176539 -0.907413 2.020175 0.9730299 -0.9577787 2.019011 0.7310625 -0.549654 2.019117 0.7989134 -0.8816679 2.016973 0.6901819 -0.7508447 2.021731 1.146517 -0.8803182 2.158383 1.252899 -0.7496054 2.155695 1.212991 -0.5505359 2.156918 0.7966229 -0.8822677 2.160146 0.9728616 -0.9589038 2.155833 1.146517 -0.8803182 2.158383 -0.735131 -0.5521147 2.170352 -0.6937411 -0.7494092 2.171895 -0.8011667 -0.8864667 2.16765 -0.7352874 -0.552083 2.004186 -0.8021739 -0.8861125 2.006607 -0.6905163 -0.7503767 2.001102 -1.135005 -0.4789793 2.277785 -1.176204 -0.4560683 1.895948 -1.130948 -0.4177086 1.991439 -1.143912 -0.8826175 2.169257 -1.255982 -0.7501373 2.173186 -1.212041 -0.5503681 2.170294 -1.25255 -0.749481 2.002646 -1.14473 -0.8829398 2.005488 -1.215384 -0.5500193 2.003784 -0.3364652 -0.811229 1.959544 0.3355131 -0.8131216 1.961059 0.3363758 -0.7348146 2.031979 0.3367275 -0.6901233 2.134139 0.3365371 -0.6641848 2.293969 -0.3384782 -0.6878982 2.131985 -0.3355311 -0.6137207 2.294613 -0.3369018 -0.6678555 2.294011 0.3365371 -0.6641848 2.293969 -0.3369018 -0.6678555 2.294011 -0.3384782 -0.6878982 2.131985 0.3365371 -0.6641848 2.293969 -0.6117222 0.762918 0.4967847 -0.9984983 0.7106979 0.485156 -0.6727563 0.7014188 0.4789526 -1.00155 0.7631734 0.673314 -1.002421 0.7016909 0.6719182 -0.9984983 0.7106979 0.485156 -0.6180314 0.7603654 0.6528946 -0.6117222 0.762918 0.4967847 -0.6197977 0.7000383 0.6539444 1.194233 -0.5890405 0.6975679 1.194769 -0.6494707 0.5922226 1.192665 -0.5568576 0.6435034 1.240061 -0.5890408 2.140178 1.240597 -0.6494708 2.034832 1.238493 -0.5568576 2.086115 0.3263977 -0.6137307 1.859056 0.3256052 -0.8606038 1.955025 0.3238851 -0.6146371 2.324068 -0.4738823 -0.6137307 1.859056 -0.4746748 -0.8606038 1.955025 -0.4763949 -0.6146371 2.324068 0.9730299 -0.9577787 2.019011 0.9728616 -0.9589038 2.155833 0.7989134 -0.8816679 2.016973 1.245003 -0.6515253 0.7493684 1.242504 -0.5530936 0.8039389 1.244354 -0.5877767 0.8614089 -1.234675 -0.536413 2.111195 -1.2328 -0.6595609 2.10211 -1.166561 -0.5175276 2.140013 -1.166561 -0.5175276 2.140013 -1.2328 -0.6595609 2.10211 -1.234675 -0.536413 2.111195 -0.1410423 -0.03895497 2.518934 -0.2051661 0.1605396 2.492667 -0.2613183 0.3600345 2.512905 -0.1410423 -0.03895497 2.518934 -0.2613183 0.3600345 2.512905 -0.2051661 0.1605396 2.492667 0.1843232 0.1605396 2.592062 0.2476322 0.3600345 2.618329 0.138171 -0.03895497 2.618329 0.1843232 0.1605396 2.592062 0.2476322 0.3600345 2.618329 0.2876005 0.5595291 2.663054 -0.1398266 -0.03895497 2.791943 -0.1853842 0.1605396 2.765676 -0.2203179 0.3600345 2.791943 -0.1398266 -0.03895497 2.791943 -0.2203179 0.3600345 2.791943 -0.1853842 0.1605396 2.765676 -0.1853842 0.1605396 2.765676 -0.2840228 0.5595291 2.850539 -0.2203179 0.3600345 2.791943 -0.1853842 0.1605396 2.765676 -0.2203179 0.3600345 2.791943 -0.2840228 0.5595291 2.850539 0.05768901 0.3600345 2.779385 0.02337046 -0.03895497 2.791943 0.0269225 0.1605396 2.778234 -1.115661 0.715718 2.601595 -1.130965 0.7154143 2.75891 -1.159738 0.7153311 2.458702 -1.076483 0.7146792 2.93208 -1.130965 0.7154143 2.75891 0.7902018 -0.7705549 0.225634 0.8992208 -0.8717565 0.2151394 0.7477078 -0.7975194 0.2228462 0.7763812 -0.5812238 0.2260776 0.7477078 -0.7975194 0.2228462 0.7359539 -0.5030919 0.2257856 1.237105 -0.8193585 0.8732411 0.765075 -0.8997357 0.8728268 0.9706947 -0.9462212 0.8741122 0.7362826 -0.6175789 0.8728367 0.6852027 -0.6638939 0.8688054 0.2978936 -0.6172303 0.873118 0.3361122 -0.6616359 0.8713956 0.138171 -0.03895497 2.618329 0.2476322 0.3600345 2.618329 0.1843232 0.1605396 2.592062 0.1843232 0.1605396 2.592062 0.2876005 0.5595291 2.663054 1.152666 -0.7723807 0.224463 1.138484 -0.8671899 0.222805 0.8992208 -0.8717565 0.2151394 1.191688 -0.7945876 0.2247335 1.138484 -0.8671899 0.222805 1.164363 -0.5812151 0.2260832 1.204832 -0.5031686 0.2257411 1.142782 -0.8780892 2.019347 0.9730299 -0.9577787 2.019011 0.7989134 -0.8816679 2.016973 1.215948 -0.5509839 2.016987 1.252245 -0.7493186 2.019473 1.176539 -0.907413 2.020175 -0.7971416 -0.8700251 0.7240571 -0.8023341 -0.8673077 0.2228285 -0.7490957 -0.7945749 0.2247481 -1.040065 -0.8688007 0.2171337 -0.8023341 -0.8673077 0.2228285 -1.05711 -0.8939001 0.7301906 -1.138545 -0.8628703 0.2249551 -0.7490957 -0.7945749 0.2247481 -0.7299638 -0.6240798 0.7216886 -0.735899 -0.503158 0.2257628 -0.7364703 -0.5031031 0.7302804 -1.138545 -0.8628703 0.2249551 -1.19095 -0.7951317 0.7299059 -1.165954 -0.7752784 0.2116244 -1.205136 -0.503264 0.7296882 -1.205346 -0.5033377 0.2251154 0.345327 -0.6092224 1.673706 0.07020414 -0.6099561 1.674192 0.280293 -0.6887474 1.673672 0.1355863 -0.6887474 1.607331 0.07055225 -0.6092224 1.607296 0.3456751 -0.6099559 1.60681 0.1355863 -0.6887474 1.607331 0.280293 -0.6887474 1.673672 -0.1326126 -0.6092225 1.683205 -0.4077354 -0.609956 1.683691 -0.1976467 -0.6887473 1.68317 -0.3423534 -0.6887473 1.61683 -0.4073873 -0.6092224 1.616795 -0.1322645 -0.6099559 1.616309 -0.3423534 -0.6887473 1.61683 -0.1976467 -0.6887473 1.68317 0.3263977 -0.6137307 1.859056 0.4738873 -0.6134701 1.858926 0.3256052 -0.8606038 1.955025 0.4739087 -0.8595716 1.952339 -0.4738823 -0.6137307 1.859056 -0.3263927 -0.6134701 1.858926 -0.4746748 -0.8606038 1.955025 -0.3263713 -0.8595716 1.952339 -0.03261563 -0.613746 1.859054 0.03261958 -0.6135375 1.85896 -0.0333172 -0.8608423 1.953281 0.032637 -0.8602971 1.952695 1.167072 0.860131 0.2172577 1.166838 0.714721 0.2172579 1.002715 0.8601082 0.2171707 1.002992 0.7603656 0.2172666 -1.169923 0.8574069 0.2144652 -1.002512 0.8601619 0.217281 -1.138494 0.6994135 0.2009577 -1.002604 0.7606494 0.2172602 0.2003329 0.7157145 3.397326 0.4667859 0.7134891 3.399381 9.5421e-5 0.715266 3.45305 -0.2076613 0.7140107 3.441298 1.167542 0.8601395 1.684169 1.127482 0.7060544 1.68416 1.167072 0.860131 0.2172577 1.166838 0.714721 0.2172579 1.287037 0.8601395 1.764284 1.287037 0.7157137 1.764285 1.287797 0.8578821 1.684173 1.287013 0.7152504 1.684174 1.167715 0.8603674 1.764157 1.169675 0.7145159 1.764468 1.287037 0.8601395 1.764284 1.287037 0.7157137 1.764285 1.167542 0.8601395 1.684169 1.287797 0.8578821 1.684173 1.127482 0.7060544 1.68416 1.287013 0.7152504 1.684174 -0.6084474 -0.6224625 1.315093 0.6082583 -0.6231858 1.314237 -0.6015184 -0.7491186 1.46637 0.6014207 -0.7486156 1.467223 -0.6015184 -0.7491186 1.46637 0.6014207 -0.7486156 1.467223 -0.5985 -0.6136732 1.471258 0.5985 -0.6136732 1.471258 0.7363051 -0.499215 0.7269465 1.209689 -0.4994434 0.7238949 0.7359539 -0.5030919 0.2257856 1.204832 -0.5031686 0.2257411 0.7363051 -0.499215 0.7269465 0.7365103 -0.456579 0.8716131 1.209689 -0.4994434 0.7238949 1.252011 -0.4557599 0.8699987 0.7763812 -0.5812238 0.2260776 0.7359539 -0.5030919 0.2257856 1.164363 -0.5812151 0.2260832 1.204832 -0.5031686 0.2257411 1.170462 -0.5842167 0.04223228 0.773604 -0.5821491 0.04449987 1.164363 -0.5812151 0.2260832 0.7763812 -0.5812238 0.2260776 0.7362826 -0.6175789 0.8728367 0.7308069 -0.6230732 0.7231457 0.2978936 -0.6172303 0.873118 0.3003264 -0.6210783 0.7246605 0.7308069 -0.6230732 0.7231457 0.6852027 -0.6638939 0.8688054 0.3003264 -0.6210783 0.7246605 0.3361122 -0.6616359 0.8713956 0.3003264 -0.6210783 0.7246605 0.3361122 -0.6616359 0.8713956 0.3335057 -0.7781286 0.7290993 0.2822243 -0.7778268 0.873261 0.2978936 -0.6172303 0.873118 0.3003264 -0.6210783 0.7246605 0.2822243 -0.7778268 0.873261 0.3335057 -0.7781286 0.7290993 -0.7364703 -0.5031031 0.7302804 -0.735899 -0.503158 0.2257628 -1.205136 -0.503264 0.7296882 -1.205346 -0.5033377 0.2251154 -0.736505 -0.4578791 0.7302577 -1.24981 -0.4578791 0.7302577 -0.736505 -0.4578743 0.8727574 -1.249803 -0.457871 0.8727539 -0.7763804 -0.5812238 0.2260741 -1.164245 -0.5812122 0.2261268 -0.735899 -0.503158 0.2257628 -1.205346 -0.5033377 0.2251154 -0.7763804 -0.5812238 0.2260741 -0.773604 -0.5821412 0.04450256 -1.164245 -0.5812122 0.2261268 -1.170291 -0.5841797 0.04239547 -0.7365223 -0.617741 0.8728132 -0.2978936 -0.6172303 0.873118 -0.7299638 -0.6240798 0.7216886 -0.3003293 -0.6210728 0.7246682 -0.7299638 -0.6240798 0.7216886 -0.3003293 -0.6210728 0.7246682 -0.6894253 -0.6614221 0.8707898 -0.3361121 -0.6616359 0.8713955 -0.3003293 -0.6210728 0.7246682 -0.3335056 -0.7781286 0.7290993 -0.3361121 -0.6616359 0.8713955 -0.2822243 -0.7778269 0.873261 -0.2978936 -0.6172303 0.873118 -0.2822243 -0.7778269 0.873261 -0.3003293 -0.6210728 0.7246682 -0.3335056 -0.7781286 0.7290993 -0.09663909 -0.567355 0.3790556 -0.09583405 -0.564411 0.594855 -0.09583405 -0.5146197 0.2395696 -0.09675422 -0.6332055 0.2368559 0.09583405 -0.5146197 0.2395696 0.09583405 -0.564411 0.594855 0.09668584 -0.5681303 0.3793838 0.09682315 -0.6323656 0.2364801 -0.2429245 0.5445898 3.441331 -0.2426238 -0.4459708 3.446926 0.242949 0.544347 3.441277 0.2435724 -0.4468994 3.445701 -0.7913442 -0.6137462 1.900651 -0.4635958 -0.6137462 1.900651 -0.7926363 -0.7855853 1.971298 -0.463665 -0.7852831 1.971208 0.4635957 -0.6137462 1.900651 0.7913442 -0.6137462 1.900651 0.4636649 -0.7852813 1.971211 0.7926363 -0.7855853 1.971298 -0.3355326 -0.6137463 1.878287 0.3355326 -0.6137463 1.878287 -0.3364652 -0.811229 1.959544 0.3355131 -0.8131216 1.961059 -0.3384782 -0.6878982 2.131985 -0.3364652 -0.811229 1.959544 0.3367275 -0.6901233 2.134139 0.3363758 -0.7348146 2.031979 -1.0773 -0.5592796 0.04625773 -1.0773 0.7007204 0.04625773 1.0773 -0.5592796 0.04625773 1.0773 0.7007204 0.04625773 -1.0773 -0.5592796 0.2172577 -1.0773 0.7007204 0.2172577 -1.0773 -0.5592796 0.04625773 -1.0773 0.7007204 0.04625773 -1.0773 0.7007204 0.04625773 -1.0773 0.7007204 0.2172577 1.0773 0.7007204 0.04625773 1.0773 0.7007204 0.2172577 1.0773 0.7007204 0.2172577 1.0773 -0.5592796 0.2172577 1.0773 0.7007204 0.04625773 1.0773 -0.5592796 0.04625773 1.0773 -0.5592796 0.2172577 -1.0773 -0.5592796 0.2172577 1.0773 -0.5592796 0.04625773 -1.0773 -0.5592796 0.04625773 -0.6722099 -0.6192796 2.456158 0.6722099 -0.6192796 2.456158 -0.6741716 0.5572262 2.45626 0.6739207 0.5571405 2.456341 -1.00155 0.7631734 0.673314 -0.6180314 0.7603654 0.6528946 -1.002421 0.7016909 0.6719182 -0.6197977 0.7000383 0.6539444 -1.61776e-4 -0.6188447 0.2624138 7.06705e-4 -0.5144796 0.3604519 -0.2448216 -0.514178 0.410101 -0.411831 -0.6171331 0.3868442 -0.2448216 -0.514178 0.410101 -0.4243297 -0.5150242 0.6264319 -0.531918 -0.6195344 0.5932173 -0.5310868 -0.620196 0.7934531 -0.4227651 -0.518064 0.793456 0.4236205 -0.5167591 0.793478 0.5310664 -0.6202289 0.7934523 0.4229009 -0.517913 1.328758 0.5317224 -0.619435 1.328758 -0.4229452 -0.5178612 1.328758 -0.5317578 -0.619386 1.328758 -0.4227651 -0.518064 0.793456 -0.5310868 -0.620196 0.7934531 -0.2413626 -0.6164509 1.523045 0.1796262 -0.6531466 1.526079 -0.2378965 -0.652992 1.763273 0.1819492 -0.6185941 1.764592 0.2578332 -0.6166995 1.528685 0.6788427 -0.6527116 1.533112 0.2613075 -0.652555 1.767832 0.6811501 -0.6188293 1.770506 -0.735866 -0.6166993 1.529821 -0.3148562 -0.6527116 1.534248 -0.7323918 -0.652555 1.768968 -0.3125491 -0.6188293 1.771642 -0.165 -0.3570399 2.455635 0.165 -0.3570399 2.455635 -0.165 -0.3570399 2.875635 0.165 -0.3570399 2.875635 -0.165 -0.3570399 2.875635 0.165 -0.3570399 2.875635 -0.165 -0.2370398 2.875635 0.165 -0.2370398 2.875635 -0.165 -0.2370398 2.875635 0.165 -0.2370398 2.875635 -0.165 -0.2370398 2.455635 0.165 -0.2370398 2.455635 0.165 -0.3570399 2.455635 0.165 -0.2370398 2.455635 0.165 -0.3570399 2.875635 0.165 -0.2370398 2.875635 -0.165 -0.2370398 2.455635 -0.165 -0.3570399 2.455635 -0.165 -0.2370398 2.875635 -0.165 -0.3570399 2.875635 -0.01777854 -0.3410704 2.873828 -0.01777854 -0.2530093 2.894374 -0.09847031 -0.3410704 2.894374 -0.09847031 -0.2530093 2.873828 0.3256052 -0.8606038 1.955025 0.4739087 -0.8595716 1.952339 0.473246 -0.6842878 2.319841 0.3238851 -0.6146371 2.324068 -0.4746748 -0.8606038 1.955025 -0.3263713 -0.8595716 1.952339 -0.327034 -0.6842878 2.319841 -0.4763949 -0.6146371 2.324068 1.191688 -0.7945876 0.2247335 1.204832 -0.5031686 0.2257411 1.209689 -0.4994434 0.7238949 1.195598 -0.7961846 0.7263975 1.191688 -0.7945876 0.2247335 1.138484 -0.8671899 0.222805 1.057063 -0.8941418 0.7301303 0.8992208 -0.8717565 0.2151394 0.7949836 -0.8702998 0.7224085 0.7477078 -0.7975194 0.2228462 0.7308069 -0.6230732 0.7231457 0.7359539 -0.5030919 0.2257856 0.7363051 -0.499215 0.7269465 -0.2532581 -1.12491 3.140872 -0.2492256 -0.6204126 3.014774 0.2525768 -1.12427 3.137155 0.248981 -0.6197474 3.017634 -0.7926363 -0.7855853 1.971298 -0.463665 -0.7852831 1.971208 -0.792492 -0.6455519 2.273723 -0.4635943 -0.6455302 2.273773 0.4636649 -0.7852813 1.971211 0.7926363 -0.7855853 1.971298 0.7924919 -0.6455519 2.273723 0.4635941 -0.6455283 2.273779 1.134032 0.72515 0.8695726 1.133515 -0.5204208 0.87026 1.134071 -0.5207912 0.7349639 1.133559 0.7248132 0.7342442 0.4738873 -0.6134701 1.858926 0.4738835 -0.6137462 2.319988 0.473246 -0.6842878 2.319841 0.4739087 -0.8595716 1.952339 -0.3263927 -0.6134701 1.858926 -0.3263966 -0.6137462 2.319988 -0.327034 -0.6842878 2.319841 -0.3263713 -0.8595716 1.952339 0.03261958 -0.6135375 1.85896 0.03261563 -0.6137462 2.319988 0.03191847 -0.6850412 2.320059 0.032637 -0.8602971 1.952695 -0.03396663 -0.6138852 2.320994 -0.0333172 -0.8608423 1.953281 0.03191847 -0.6850412 2.320059 -0.03261563 -0.613746 1.859054 0.8309473 -0.8309526 0.04309916 0.773604 -0.5821491 0.04449987 1.04711 -0.8616347 0.04069209 1.170462 -0.5842167 0.04223228 -0.8309819 -0.8310747 0.04300946 -1.046951 -0.8615732 0.04087573 -0.773604 -0.5821412 0.04450256 -1.170291 -0.5841797 0.04239547 1.147988 -0.8812211 2.280613 0.7966229 -0.8822677 2.160146 1.146517 -0.8803182 2.158383 1.147988 -0.8812211 2.280613 0.7976483 -0.8802047 2.280271 0.7293158 -0.5531986 2.280954 0.7966229 -0.8822677 2.160146 0.8111252 -0.4759159 2.278687 0.8074847 -0.4732263 2.017956 1.140473 -0.4665976 2.017656 0.811865 -0.4806198 1.897553 1.212788 -0.5500884 1.894595 1.215948 -0.5509839 2.016987 1.151005 -0.8801382 1.89235 1.212788 -0.5500884 1.894595 1.142782 -0.8780892 2.019347 0.7979124 -0.8807395 1.893994 1.142782 -0.8780892 2.019347 0.7989134 -0.8816679 2.016973 0.7323825 -0.5540134 1.895896 0.7310625 -0.549654 2.019117 0.811865 -0.4806198 1.897553 0.8074847 -0.4732263 2.017956 0.6901819 -0.7508447 2.021731 0.7966229 -0.8822677 2.160146 0.7989134 -0.8816679 2.016973 0.9728616 -0.9589038 2.155833 0.7310625 -0.549654 2.019117 0.7293158 -0.5531986 2.280954 0.8074847 -0.4732263 2.017956 1.176539 -0.907413 2.020175 0.9730299 -0.9577787 2.019011 1.146517 -0.8803182 2.158383 1.252899 -0.7496054 2.155695 1.176539 -0.907413 2.020175 1.252245 -0.7493186 2.019473 1.215948 -0.5509839 2.016987 1.252899 -0.7496054 2.155695 1.212991 -0.5505359 2.156918 1.140473 -0.4665976 2.017656 -5.27199e-4 0.8601131 3.297883 0.417307 0.8597655 3.246719 4.31859e-4 0.7592795 3.297128 0.6342753 0.7591779 3.157958 0.417307 0.8597655 3.246719 0.817354 0.8599989 3.020294 0.924815 0.7601497 2.860638 0.9996111 0.8601538 2.583249 0.9986755 0.7607334 2.582675 1.002715 0.8601082 0.2171707 1.002992 0.7603656 0.2172666 0.4229009 -0.517913 1.328758 0.5317224 -0.619435 1.328758 -0.4229452 -0.5178612 1.328758 -0.5317578 -0.619386 1.328758 -1.23489 -0.6580744 2.044761 -1.2328 -0.6595609 2.10211 -1.16659 -0.5178926 2.073727 -1.192178 -0.4960563 2.044629 0.02337046 -0.03895497 2.791943 0.05768901 0.3600345 2.779385 0.06626743 0.3600345 2.791943 0.08176775 0.5595291 2.86015 -0.04256653 -0.5654594 0.621255 0.1116016 -0.5649748 0.6713835 -7.43866e-4 -0.5643994 0.8879735 -0.1537139 -0.6151451 0.7024503 -0.8023341 -0.8673077 0.2228285 -1.040065 -0.8688007 0.2171337 -0.7900113 -0.7712119 0.2256708 -0.7490957 -0.7945749 0.2247481 -0.7763804 -0.5812238 0.2260741 -0.735899 -0.503158 0.2257628 -0.3361121 -0.6616359 0.8713955 -0.2978936 -0.6172303 0.873118 -0.6894253 -0.6614221 0.8707898 -0.7365223 -0.617741 0.8728132 -0.7023831 -0.8240625 0.8706304 -1.056452 -0.8924482 0.8727651 -0.9686061 -0.9472788 0.8732777 -1.17397 -0.8989229 0.8731886 -1.250431 -0.7372942 0.8730272 -0.05007685 -0.6167145 0.9021262 -0.1537139 -0.6151451 0.7024503 -7.43866e-4 -0.5643994 0.8879735 0.0948061 -0.6157336 0.8795599 0.1116016 -0.5649748 0.6713835 0.1312666 -0.6173702 0.7088472 0.04826086 -0.6172217 0.59903 -0.04256653 -0.5654594 0.621255 -0.1537139 -0.6151451 0.7024503 -0.8114719 -0.4831939 2.172255 -0.7937071 -0.4410954 2.276435 -0.6940965 -0.5357959 2.275701 -0.735131 -0.5521147 2.170352 -0.6933463 -0.7498603 2.276543 -0.6937411 -0.7494092 2.171895 -0.8011667 -0.8864667 2.16765 -0.7728764 -0.9151402 2.276746 -1.181141 -0.9205143 2.280272 -1.143912 -0.8826175 2.169257 -1.255982 -0.7501373 2.173186 -1.256796 -0.5363853 2.278296 -1.212041 -0.5503681 2.170294 -1.135005 -0.4789793 2.277785 -1.130948 -0.4177086 1.991439 -1.215384 -0.5500193 2.003784 -1.176204 -0.4560683 1.895948 -1.257619 -0.7475941 1.896831 -1.25255 -0.749481 2.002646 -1.14473 -0.8829398 2.005488 -1.1733 -0.9186192 1.898928 -0.8021739 -0.8861125 2.006607 -0.7649754 -0.9173093 1.893213 -0.6905163 -0.7503767 2.001102 -0.7649754 -0.9173093 1.893213 -0.6897089 -0.5374297 1.896288 -0.7352874 -0.552083 2.004186 -0.7937071 -0.4410955 1.898239 -0.8114165 -0.4831784 2.002436 -0.9984983 0.7106979 0.485156 -1.002421 0.7016909 0.6719182 -0.6197977 0.7000383 0.6539444 -0.6727563 0.7014188 0.4789526 -0.6117222 0.762918 0.4967847 1.287013 0.7152504 1.684174 1.287037 0.7157137 1.764285 1.169675 0.7145159 1.764468 1.127482 0.7060544 1.68416 1.12716 0.7049356 2.604234 -0.736505 -0.4578743 0.8727574 -1.249803 -0.457871 0.8727539 -0.7365223 -0.617741 0.8728132 -1.250431 -0.7372942 0.8730272 -0.7023831 -0.8240625 0.8706304 -1.056452 -0.8924482 0.8727651 -0.8128342 -0.8491428 2.086946 -0.9259364 -0.821589 2.443214 -1.177166 -0.8151863 2.455265 -0.9236716 -0.8264114 0.867276 -1.171722 -0.8107213 0.8678774 -0.8128342 -0.8491428 2.086946 -0.9236716 -0.8264114 0.867276 -0.7734271 -0.8102388 0.8730944 -0.7702718 -0.6215255 2.087282 -0.7735615 -0.6192797 0.8727577 0.9227988 -0.8160874 1.121888 0.9227512 -0.8063712 0.8727577 1.171684 -0.8061716 0.8727577 1.172252 -0.8135148 1.121915 1.171564 -0.5480404 0.8727577 1.172242 -0.5480404 1.121951 1.089323 -0.5050287 1.121951 1.088647 -0.5050288 0.8727577 1.089323 -0.5050287 1.121951 1.089897 -0.5042861 2.087244 1.172778 -0.5479212 2.087211 1.172242 -0.5480404 1.121951 1.179132 -0.8130488 2.087978 1.172252 -0.8135148 1.121915 0.814519 -0.8504939 2.086727 0.9227988 -0.8160874 1.121888 -0.3769198 0.736753 3.119979 2.22856e-4 0.7389824 3.166904 0.3771571 0.7370899 3.119096 -0.5677949 0.7323537 3.047937 0.7131793 0.7345605 2.935457 -0.8430641 0.7304089 2.680385 0.8562362 0.7318177 2.682168 -0.8864619 0.738515 1.134183 0.884155 0.7453583 1.138619 0.3771571 0.7370899 3.119096 0.455825 0.7659583 3.364757 -9.97085e-6 0.7638006 3.414292 2.22856e-4 0.7389824 3.166904 -0.4557874 0.7662163 3.364688 -0.3769198 0.736753 3.119979 -0.5677949 0.7323537 3.047937 -0.9194318 0.7729869 3.110025 -1.124554 0.765892 2.603186 -0.8430641 0.7304089 2.680385 0.9193579 0.7731736 3.110129 0.7131793 0.7345605 2.935457 0.8562362 0.7318177 2.682168 1.124791 0.7659872 2.603249 1.124791 0.7659872 2.603249 0.884155 0.7453583 1.138619 1.121955 0.7609252 0.2173794 -0.6117222 0.762918 0.4967847 -1.121955 0.7608948 0.2173429 -0.6180314 0.7603654 0.6528946 -0.9984983 0.7106979 0.485156 -0.8864619 0.738515 1.134183 -1.00155 0.7631734 0.673314 1.122188 -0.6192806 0.2172559 1.121955 0.7609252 0.2173794 1.123881 -0.6200798 2.456437 1.124791 0.7659872 2.603249 1.04208 -0.6221077 2.912784 0.9193579 0.7731736 3.110129 0.9074033 -0.6191857 3.105317 0.455825 0.7659583 3.364757 0.4574727 -0.6192873 3.365725 -9.97085e-6 0.7638006 3.414292 0 -0.6192708 3.414402 -5.27199e-4 0.8601131 3.297883 4.31859e-4 0.7592795 3.297128 -0.4171078 0.760498 3.246073 -0.6347275 0.8601227 3.158996 -0.8146564 0.7607126 3.01858 -0.9251788 0.8601213 2.860955 -0.9240491 0.7607195 2.859918 -0.9990895 0.8601503 2.582749 -0.9990928 0.7595007 2.582701 -1.002604 0.7606494 0.2172602 -1.002512 0.8601619 0.217281 -1.164245 -0.5812122 0.2261268 -1.170291 -0.5841797 0.04239547 -1.165954 -0.7752784 0.2116244 -1.046951 -0.8615732 0.04087573 -1.040065 -0.8688007 0.2171337 -0.8309819 -0.8310747 0.04300946 -0.7900113 -0.7712119 0.2256708 -0.773604 -0.5821412 0.04450256 -0.7763804 -0.5812238 0.2260741 0.7703555 -0.6207948 2.087227 0.7737727 -0.619221 0.8727577 0.7705817 -0.8050831 0.8733069 0.814519 -0.8504939 2.086727 0.8730627 -0.8485241 0.8736237 0.9227988 -0.8160874 1.121888 0.9227512 -0.8063712 0.8727577 -0.2448216 -0.514178 0.410101 7.06705e-4 -0.5144796 0.3604519 0.4027316 -0.5115348 0.5366876 -0.4243297 -0.5150242 0.6264319 0.4236205 -0.5167591 0.793478 -0.4229452 -0.5178612 1.328758 0.4229009 -0.517913 1.328758 0.4633358 0.5653543 2.898888 -0.1382073 0.5640142 2.978386 -0.4620189 0.5587182 2.886211 0.6274189 0.5600517 2.722431 -0.6285282 0.5612085 2.723969 0.6739207 0.5571405 2.456341 -0.6741716 0.5572262 2.45626 -1.176204 -0.4560683 1.895948 -0.8114165 -0.4831784 2.002436 -0.7937071 -0.4410955 1.898239 -1.135005 -0.4789793 2.277785 -0.8114719 -0.4831939 2.172255 -0.7937071 -0.4410954 2.276435 0.7323825 -0.5540134 1.895896 1.151005 -0.8801382 1.89235 0.7979124 -0.8807395 1.893994 1.212788 -0.5500884 1.894595 0.811865 -0.4806198 1.897553 -0.7937071 -0.4410955 1.898239 -0.6897089 -0.5374297 1.896288 -1.176204 -0.4560683 1.895948 -1.257619 -0.7475941 1.896831 -0.7649754 -0.9173093 1.893213 -1.1733 -0.9186192 1.898928 -0.9990895 0.8601503 2.582749 -1.002512 0.8601619 0.217281 -1.169923 0.8574069 0.2144652 -1.168691 0.8646276 2.610467 -0.9251788 0.8601213 2.860955 -0.9430799 0.8628724 3.133414 -0.6347275 0.8601227 3.158996 -0.4691661 0.8608351 3.4042 -5.27199e-4 0.8601131 3.297883 4.50301e-5 0.8615358 3.454862 0.417307 0.8597655 3.246719 -5.27199e-4 0.8601131 3.297883 4.50301e-5 0.8615358 3.454862 0.4682541 0.8619723 3.401877 0.817354 0.8599989 3.020294 0.9427736 0.8629527 3.13299 1.174076 0.8591326 2.613074 0.9996111 0.8601538 2.583249 1.174076 0.8591326 2.613074 1.167715 0.8603674 1.764157 1.287037 0.8601395 1.764284 1.287797 0.8578821 1.684173 1.167542 0.8601395 1.684169 1.002715 0.8601082 0.2171707 1.167072 0.860131 0.2172577 1.057063 -0.8941418 0.7301303 1.195598 -0.7961846 0.7263975 1.174209 -0.8998631 0.7306634 0.9701448 -0.9451864 0.7296581 0.7949836 -0.8702998 0.7224085 -0.9700844 -0.9452025 0.729625 -1.05711 -0.8939001 0.7301906 -0.7971416 -0.8700251 0.7240571 -1.174343 -0.8993701 0.729837 -1.19095 -0.7951317 0.7299059 -1.250532 -0.7372148 0.7299716 -1.205136 -0.503264 0.7296882 -1.24981 -0.4578791 0.7302577 -0.736505 -0.4578791 0.7302577 -0.7364703 -0.5031031 0.7302804 0.2039687 -0.5147747 0.6849684 0.1312666 -0.6173702 0.7088472 0.1262835 -0.5148506 0.577632 0.2048297 -0.5154153 0.8180068 0.0948061 -0.6157336 0.8795599 0.06611319 -0.5158448 0.9571223 0.0948061 -0.6157336 0.8795599 -0.05007685 -0.6167145 0.9021262 -0.1761995 -0.5169023 0.8790632 -0.1537139 -0.6151451 0.7024503 -0.05007685 -0.6167145 0.9021262 -0.1756997 -0.5162026 0.6235825 0.04826086 -0.6172217 0.59903 -1.87827e-4 -0.514794 0.5363674 0.1262835 -0.5148506 0.577632 0.1312666 -0.6173702 0.7088472 0.814519 -0.8504939 2.086727 0.7521823 -0.6171627 2.655813 0.7703555 -0.6207948 2.087227 0.7191909 -0.8100791 2.765739 0.6448503 -0.6176231 2.875355 0.5195414 -0.8084638 2.974598 0.5965235 -0.8187828 3.092957 1.6401e-4 -0.8233933 3.225253 0.3493071 -0.6178365 3.035884 2.21956e-4 -0.8045776 3.080877 -9.26946e-6 -0.6181571 3.079549 0.7750254 -0.6192899 2.456173 0.6722099 -0.6192796 2.456158 0.6721464 -0.6192484 2.269211 0.6674398 -0.6192553 2.542367 0.7521823 -0.6171627 2.655813 0.6595091 -0.6192937 2.635084 0.6448503 -0.6176231 2.875355 0.4660361 -0.6193395 2.888756 0.3493071 -0.6178365 3.035884 0.1388722 -0.6190991 2.964783 -9.26946e-6 -0.6181571 3.079549 0 -0.6192796 2.966419 -0.1388974 -0.6192813 2.964305 -0.348955 -0.6179392 3.035359 -0.465461 -0.6193171 2.888226 -0.6445123 -0.617801 2.874707 -0.6581345 -0.6192834 2.634338 -0.7523649 -0.6186721 2.655896 -0.667439 -0.6192565 2.542367 -0.7750245 -0.6192825 2.456173 -0.6722099 -0.6192796 2.456158 -0.6721427 -0.6192472 2.269211 0.5318607 -0.6191936 0.5933554 0.5310664 -0.6202289 0.7934523 0.4236205 -0.5167591 0.793478 0.4027316 -0.5115348 0.5366876 0.4927397 -0.6196339 0.4848356 0.3064728 -0.6174646 0.323095 7.06705e-4 -0.5144796 0.3604519 -1.61776e-4 -0.6188447 0.2624138 1.164363 -0.5812151 0.2260832 1.152666 -0.7723807 0.224463 1.170462 -0.5842167 0.04223228 1.04711 -0.8616347 0.04069209 0.8992208 -0.8717565 0.2151394 0.8309473 -0.8309526 0.04309916 0.7902018 -0.7705549 0.225634 0.773604 -0.5821491 0.04449987 0.7763812 -0.5812238 0.2260776 -1.215384 -0.5500193 2.003784 -1.14473 -0.8829398 2.005488 -1.212041 -0.5503681 2.170294 -1.143912 -0.8826175 2.169257 -0.8021739 -0.8861125 2.006607 -0.8011667 -0.8864667 2.16765 -0.735131 -0.5521147 2.170352 -0.7352874 -0.552083 2.004186 -0.8114165 -0.4831784 2.002436 -0.8114719 -0.4831939 2.172255 0.242949 0.544347 3.441277 0.2456928 0.8166726 3.398412 0.2466585 0.6811759 3.533561 0.248981 -0.6197474 3.017634 0.2435724 -0.4468994 3.445701 0.2442578 -0.8433471 3.507597 0.2525768 -1.12427 3.137155 -0.2076613 0.7140107 3.441298 9.5421e-5 0.715266 3.45305 4.50301e-5 0.8615358 3.454862 -0.4691661 0.8608351 3.4042 -0.7021726 0.7073498 3.263592 -0.9430799 0.8628724 3.133414 -1.076483 0.7146792 2.93208 -1.168691 0.8646276 2.610467 -1.130965 0.7154143 2.75891 -1.159738 0.7153311 2.458702 -1.169923 0.8574069 0.2144652 -1.138494 0.6994135 0.2009577 0.7365103 -0.456579 0.8716131 0.7362826 -0.6175789 0.8728367 1.252011 -0.4557599 0.8699987 1.237105 -0.8193585 0.8732411 0.765075 -0.8997357 0.8728268 -0.6894253 -0.6614221 0.8707898 -0.7023831 -0.8240625 0.8706304 -0.7299638 -0.6240798 0.7216886 -0.7971416 -0.8700251 0.7240571 -0.9686061 -0.9472788 0.8732777 -0.9700844 -0.9452025 0.729625 -1.174343 -0.8993701 0.729837 -1.17397 -0.8989229 0.8731886 -1.250431 -0.7372942 0.8730272 -1.250532 -0.7372148 0.7299716 -1.24981 -0.4578791 0.7302577 -1.249803 -0.457871 0.8727539 0.7293158 -0.5531986 2.280954 0.7976483 -0.8802047 2.280271 1.147988 -0.8812211 2.280613 1.216568 -0.5458469 2.282498 0.8111252 -0.4759159 2.278687 0.8111252 -0.4759159 2.278687 1.140473 -0.4665976 2.017656 0.8074847 -0.4732263 2.017956 1.216568 -0.5458469 2.282498 1.212991 -0.5505359 2.156918 1.146517 -0.8803182 2.158383 -0.2456097 0.8157804 3.397474 -0.2429245 0.5445898 3.441331 -0.2466327 0.6816139 3.534899 -0.2492256 -0.6204126 3.014774 -0.2426238 -0.4459708 3.446926 -0.245433 -0.8441193 3.505083 -0.2532581 -1.12491 3.140872 -0.1388974 -0.6192813 2.964305 0.1388722 -0.6190991 2.964783 0 -0.6192796 2.966419 0.4660361 -0.6193395 2.888756 -0.465461 -0.6193171 2.888226 0.6595091 -0.6192937 2.635084 -0.6581345 -0.6192834 2.634338 -0.667439 -0.6192565 2.542367 0.6674398 -0.6192553 2.542367 0.6722099 -0.6192796 2.456158 -0.6722099 -0.6192796 2.456158 -0.6933463 -0.7498603 2.276543 -1.181141 -0.9205143 2.280272 -0.7728764 -0.9151402 2.276746 -0.6940965 -0.5357959 2.275701 -1.256796 -0.5363853 2.278296 -1.135005 -0.4789793 2.277785 -0.7937071 -0.4410954 2.276435 -0.667439 -0.6192565 2.542367 -0.6722099 -0.6192796 2.456158 -0.6741716 0.5572262 2.45626 -0.6285282 0.5612085 2.723969 -0.6581345 -0.6192834 2.634338 -0.4620189 0.5587182 2.886211 -0.465461 -0.6193171 2.888226 -0.1388974 -0.6192813 2.964305 -0.1382073 0.5640142 2.978386 0 -0.6192796 2.966419 0.1388722 -0.6190991 2.964783 0.4633358 0.5653543 2.898888 0.4660361 -0.6193395 2.888756 0.6595091 -0.6192937 2.635084 0.6274189 0.5600517 2.722431 0.6674398 -0.6192553 2.542367 0.6739207 0.5571405 2.456341 0.6722099 -0.6192796 2.456158 -0.09663909 -0.567355 0.3790556 0.09668584 -0.5681303 0.3793838 -0.09583405 -0.564411 0.594855 0.09583405 -0.564411 0.594855 -0.09663909 -0.567355 0.3790556 -0.09675422 -0.6332055 0.2368559 0.09682315 -0.6323656 0.2364801 0.09583405 -0.5146197 0.2395696 -0.09583405 -0.5146197 0.2395696 9.5421e-5 0.715266 3.45305 0.4667859 0.7134891 3.399381 4.50301e-5 0.8615358 3.454862 0.4682541 0.8619723 3.401877 0.4682541 0.8619723 3.401877 0.9427736 0.8629527 3.13299 0.9407179 0.7102752 3.12943 1.174076 0.8591326 2.613074 1.12716 0.7049356 2.604234 1.169675 0.7145159 1.764468 1.167715 0.8603674 1.764157 1.209689 -0.4994434 0.7238949 1.252011 -0.4557599 0.8699987 1.237105 -0.8193585 0.8732411 1.195598 -0.7961846 0.7263975 1.174209 -0.8998631 0.7306634 0.9706947 -0.9462212 0.8741122 0.9701448 -0.9451864 0.7296581 0.7949836 -0.8702998 0.7224085 0.765075 -0.8997357 0.8728268 0.6852027 -0.6638939 0.8688054 0.7308069 -0.6230732 0.7231457 -1.088621 -0.5050392 0.8727577 -1.173461 -0.5477812 2.455652 -1.09004 -0.5046527 2.451195 -1.171474 -0.5480775 0.8727518 -1.171722 -0.8107213 0.8678774 -1.177166 -0.8151863 2.455265 -1.121955 0.7608948 0.2173429 -1.122187 -0.6192864 0.2172435 -1.124554 0.765892 2.603186 -1.123886 -0.6200764 2.45644 -1.042082 -0.6221058 2.912786 -0.9194318 0.7729869 3.110025 -0.907403 -0.6191847 3.10532 -0.4557874 0.7662163 3.364688 -0.457473 -0.6192942 3.365709 0 -0.6192708 3.414402 -9.97085e-6 0.7638006 3.414292 -0.2426238 -0.4459708 3.446926 0.2442578 -0.8433471 3.507597 0.2435724 -0.4468994 3.445701 -0.245433 -0.8441193 3.505083 -0.2532581 -1.12491 3.140872 0.2525768 -1.12427 3.137155 -0.2466327 0.6816139 3.534899 -0.2429245 0.5445898 3.441331 0.242949 0.544347 3.441277 0.2466585 0.6811759 3.533561 0.2456928 0.8166726 3.398412 -0.2456097 0.8157804 3.397474 0.05768901 0.3600345 2.779385 0.04911059 0.3600345 2.791943 0.08176775 0.5595291 2.86015 0.0269225 0.1605396 2.778234 0.06626743 0.3600345 2.791943 0.02337046 -0.03895497 2.791943 0.08176775 0.5595291 2.86015 -0.348955 -0.6179392 3.035359 -9.26946e-6 -0.6181571 3.079549 2.21956e-4 -0.8045776 3.080877 -0.5430151 -0.8505325 3.010573 1.6401e-4 -0.8233933 3.225253 -0.3937074 -0.8198919 3.173233 -0.6445123 -0.617801 2.874707 -0.7532003 -0.8111956 2.972162 -0.7194787 -0.8059108 2.766372 -0.7523649 -0.6186721 2.655896 -0.9259364 -0.821589 2.443214 -0.7702718 -0.6215255 2.087282 -0.8128342 -0.8491428 2.086946 -0.0631627 -1.06884 3.208496 0.02371463 -0.942076 3.338208 -0.04471955 -0.9169629 3.379452 0.06336386 -0.9727106 3.369494 0.0253253 -1.068722 3.209232 0.04366128 -0.916018 3.377522 0.06405858 -1.031971 3.187117 1.6401e-4 -0.8233933 3.225253 0.5965235 -0.8187828 3.092957 0.7319085 -0.820297 3.309411 0.001613405 -0.8171058 3.469357 4.95576e-4 -0.5472867 3.463502 0.4684378 -0.5469973 3.405198 0.7311375 -0.5454583 3.29833 8.19942e-5 -0.5038831 3.37947 0.6837022 -0.5041115 3.227303 0.228466 -0.03895497 2.499677 0.1281836 -0.2384498 2.553398 0.2198876 -0.03895497 2.512235 0.3474967 0.1605396 2.485967 0.4588274 0.3600345 2.512235 0.4674059 0.3600345 2.499677 0.5835274 0.5595291 2.52201 0.4759843 0.3600345 2.512235 0.3560752 0.1605396 2.498526 0.1281836 -0.2384498 2.553398 0.228466 -0.03895497 2.499677 0.3474967 0.1605396 2.485967 0.4674059 0.3600345 2.499677 0.5835274 0.5595291 2.52201 0.3045059 0.1605396 2.656874 0.2959275 0.1605396 2.669433 0.4077535 0.3600345 2.683142 0.2098368 -0.03895497 2.670583 0.1281836 -0.2384498 2.724304 0.2012583 -0.03895497 2.683142 0.2184152 -0.03895497 2.683142 0.1281836 -0.2384498 2.724304 0.4077535 0.3600345 2.683142 0.2098368 -0.03895497 2.670583 0.3045059 0.1605396 2.656874 0.6721464 -0.6192484 2.269211 0.6722099 -0.6192796 2.456158 -0.6722099 -0.6192796 2.456158 -0.6721427 -0.6192472 2.269211 -1.123886 -0.6200764 2.45644 -0.7750245 -0.6192825 2.456173 -0.5317578 -0.619386 1.328758 -1.122187 -0.6192864 0.2172435 -0.531918 -0.6195344 0.5932173 -0.411831 -0.6171331 0.3868442 -1.61776e-4 -0.6188447 0.2624138 0.5317224 -0.619435 1.328758 1.122188 -0.6192806 0.2172559 0.3064728 -0.6174646 0.323095 0.4927397 -0.6196339 0.4848356 0.5318607 -0.6191936 0.5933554 1.123881 -0.6200798 2.456437 0.7750254 -0.6192899 2.456173 -0.4150787 0.3600345 2.643368 -0.423657 0.3600345 2.655926 -0.5279732 0.5595291 2.68577 -0.3110206 0.1605396 2.635688 -0.230344 -0.03895497 2.661956 -0.2217656 -0.03895497 2.649397 -0.1529189 -0.2384498 2.703118 -0.2131872 -0.03895497 2.661956 -0.2217656 -0.03895497 2.649397 -0.1529189 -0.2384498 2.703118 -0.3024421 0.1605396 2.648247 -0.3110206 0.1605396 2.635688 -0.4065003 0.3600345 2.655926 -0.5279732 0.5595291 2.68577 -0.4150787 0.3600345 2.643368 -0.9259364 -0.821589 2.443214 -1.082254 -0.8174577 2.936209 -1.177166 -0.8151863 2.455265 -0.7532003 -0.8111956 2.972162 -0.3937074 -0.8198919 3.173233 1.6401e-4 -0.8233933 3.225253 0.001613405 -0.8171058 3.469357 -0.4707333 -0.8114212 3.408714 -0.9385744 -0.8113656 3.140383 -0.4711494 -0.5451996 3.409565 4.95576e-4 -0.5472867 3.463502 8.19942e-5 -0.5038831 3.37947 -0.4433698 -0.5046663 3.32672 -0.8744519 -0.5043337 3.080654 -0.9400007 -0.544733 3.140122 -1.002206 -0.5047023 2.899314 -1.141721 -0.5456395 2.760862 -1.177166 -0.8151863 2.455265 -1.09004 -0.5046527 2.451195 -1.173461 -0.5477812 2.455652 1.002859 -0.5033019 2.899629 0.6837022 -0.5041115 3.227303 0.7311375 -0.5454583 3.29833 1.082073 -0.5454185 2.938152 1.170363 -0.5470417 2.607745 1.089897 -0.5042861 2.087244 1.172778 -0.5479212 2.087211 1.179132 -0.8130488 2.087978 1.09721 -0.8243814 2.938896 0.7319085 -0.820297 3.309411 0.814519 -0.8504939 2.086727 0.5965235 -0.8187828 3.092957 0.7191909 -0.8100791 2.765739 -1.121955 0.7608948 0.2173429 1.121955 0.7609252 0.2173794 -1.0773 0.7007204 0.2172577 -1.0773 -0.5592796 0.2172577 1.0773 0.7007204 0.2172577 -1.122187 -0.6192864 0.2172435 1.122188 -0.6192806 0.2172559 1.0773 -0.5592796 0.2172577</float_array>
          <technique_common>
            <accessor source="#geom-AccessoryB1__colorsample-positions-array" count="7111" stride="3">
              <param name="X" type="float"/>
              <param name="Y" type="float"/>
              <param name="Z" type="float"/>
            </accessor>
          </technique_common>
        </source>
        <source id="geom-AccessoryB1__colorsample-normals">
          <float_array id="geom-AccessoryB1__colorsample-normals-array" count="11745">0 0 -1 0.003916022 0 -0.9999924 0.001955036 0 -0.999998 0.001955036 0 -0.999998 0.003916022 0 -0.9999924 0.003916027 0.001960994 -0.9999904 0 5.96043e-6 -1 -0.001955036 0 -0.999998 -0.00195503 0 -0.999998 -0.00195503 0 -0.999998 -0.001955036 0 -0.999998 -0.003910066 0.001960994 -0.9999904 0 0 -1 0 0 -1 0 0 -1 0 0 -1 0 0 -1 0 0 -1 0 0 1 0 0 1 0 0 1 0 0 -1 -0.001955036 0 -0.999998 -0.00195503 0 -0.999998 -0.001955036 0 -0.999998 -0.003916027 0.001960994 -0.9999904 -0.00195503 0 -0.999998 0 5.96043e-6 -1 0.00195503 0 -0.999998 0.001955036 0 -0.999998 0.00195503 0 -0.999998 0.003910066 0.001960994 -0.9999904 0.001955036 0 -0.999998 0 0 -1 0 0 -1 0 0 -1 0 0 -1 0 0 -1 0 0 -1 0 0 1 0 0 1 0 0 1 -0.6972459 0.716832 0 -0.6942728 0.719712 1.19209e-5 -0.6962663 0.7177836 0 -0.6962663 0.7177836 0 -0.6942728 0.719712 1.19209e-5 -0.9794324 0.201773 0 -0.6942728 0.719712 1.19209e-5 -0.9863917 0.1644125 0 -0.9794324 0.201773 0 0 0 1 0 0 1 0 -2.38419e-5 1 0 0 -1 0 0 -1 0 2.38419e-5 -1 0 0 1 0.04110341 0.04501348 0.9981405 0.434939 0.4603904 0.7738661 -0.6972459 0.716832 0 -0.6962663 0.7177836 0 -0.6942847 0.7197005 0 -0.6962663 0.7177836 0 -0.9794324 0.201773 0 -0.6942847 0.7197005 0 -0.9794324 0.201773 0 -0.9863917 0.1644125 0 -0.6942847 0.7197005 0 -0.005865067 0.9997912 0.01957406 0.07242049 0.9962676 0.04696901 -0.1134915 0.9275178 0.3561324 0.07242049 0.9962676 -0.04696901 -0.005865137 0.9997912 -0.0195743 -0.1134932 0.9275201 -0.356126 1 0 0 1 0 0 1 0 0 1 0 0 1 0 0 1 0 0 -1 0 0 -1 0 0 -1 0 0 -1 0 0 -1 0 0 -1 0 0 0 -0.9098882 0.4148535 0 -0.9098882 0.4148535 0 -0.9098971 0.4148338 0 -0.9098882 0.4148535 0 -0.9098882 0.4148535 0 -0.9099144 0.4147961 0 -0.9098882 0.4148535 0 -0.9099144 0.4147961 0 -0.9099144 0.4147961 0 -0.9099144 0.4147961 0 -0.9099144 0.4147961 0 -0.9098971 0.4148338 0 -0.9099144 0.4147961 0 -0.9098882 0.4148535 0 -0.9098971 0.4148338 0 -0.9099055 0.4148158 0 -0.9098971 0.4148338 0 -0.9099144 0.4147961 0 -0.9098971 0.4148338 0 -0.9098882 0.4148535 0 -0.9099144 0.4147961 0 -0.7758734 0.6308888 0 -0.7758734 0.6308888 0 -0.3972461 0.9177122 0 -0.7758734 0.6308888 0 -0.3972461 0.9177122 0 -0.7758734 0.6308888 0 -0.9098971 0.4148338 0 -0.9099055 0.4148158 0 -0.9098882 0.4148535 -0.540365 0.3700108 0.75571 -0.744905 0.2952548 0.5982819 -0.7514032 0.289585 0.592903 0.7514032 0.289585 0.592903 0.5500169 0.3680081 0.7497008 0.7594852 0.2799044 0.5872271 0.7514032 0.289585 0.592903 0.743491 0.281744 0.6064994 0.5500463 0.36798 0.7496931 0 -1 0 0 -1 0 0 -1 0 0 1 0 0 1 0 0 1 0 0 1 0 0 1 0 0 1 0 0 0 -1 0.001955036 0 -0.999998 0 0 -1 0 0 -1 0 0 -1 0 0 -1 -0.001955036 0 -0.999998 0 5.96043e-6 -1 0 0 -1 0 0 -1 0 5.96043e-6 -1 0 1.19209e-5 -1 0 0 -1 0 0 -1 0 0 -1 0 0 -1 0 0 -1 0 0 -1 0 0 -1 0 0 -1 -0.001955036 0 -0.999998 0 0 -1 0 0 -1 0 0 -1 0.001955036 0 -0.999998 0 0 -1 0 5.96043e-6 -1 0 5.96043e-6 -1 0 0 -1 0 1.19209e-5 -1 0 0 -1 0 0 -1 0 0 -1 0 0 -1 0 0 -1 0 0 -1 0 2.38419e-5 -1 0 -2.38419e-5 -1 0 0 -1 0 0 -1 0 2.38419e-5 -1 0 0 -1 0 0 -1 0 0 -1 0 0 -1 0 0 -1 0 2.38419e-5 -1 0 2.38419e-5 -1 0 0.001955031 -0.9999982 0 0.00195503 -0.999998 0 -1 0 0 -1 0 0 -1 0 0 -1 0 0 -1 0 0 -1 0 0 -1 0 0 -1 0 0 -1 0 0 -1 0 0 -1 0 0 -1 0 0 -1 0 0 -1 0 0 -1 0 0 -1 0 0 -1 0 0 -1 0 0 -1 0 0.0410917 0.04698068 -0.9980503 0 0 -1 0.4349383 0.4604135 -0.7738528 0 0 -1 0.0410917 0.04698068 -0.9980503 0 0.001955007 -0.9999981 0 -2.38419e-5 -1 0 0 -1 -0.744905 0.2952548 0.5982819 -0.540365 0.3700108 0.75571 -0.5403361 0.3700387 0.7557172 -0.7359789 0.2838328 0.6146333 -0.744905 0.2952548 0.5982819 -0.3110975 0.4108488 0.8569841 -0.540365 0.3700108 0.75571 -0.311085 0.41088 0.8569735 -0.09590664 0.4286346 0.8983731 -0.3110851 0.4108801 0.8569736 -0.09590458 0.4286254 0.8983777 -0.09590664 0.4286346 0.8983731 0.09000596 0.4304592 0.8981113 0.09000596 0.4304592 0.8981113 0 -1 0 0 -1 0 0 -1 0 0 -1 0 0 -1 0 0 -1 0 0 -1 0 0 -1 0 0 -1 0 0 -1 0 0 -1 0 0 -1 0 0 -1 0 0 -1 0 0 -1 0 0 -1 0 0 1 0 0 1 0 0 1 0 0 1 0 0 1 0 0 1 0 0 1 0 0 1 0 0 1 0 0 1 0 0 1 0 0 1 0 0.7696576 -0.6384568 0 0.7696577 -0.6384568 0 0.7696577 -0.6384568 0 0.7696576 -0.6384568 0 0 -1 0 0 -1 0 0 -1 0 0 -1 0 -0.7696583 -0.6384561 0 -0.7696582 -0.638456 0 -0.7696582 -0.638456 0 -0.7696583 -0.6384561 0 0 -2.38419e-5 1 0 -2.38419e-5 1 0 0 1 0 0 1 0 -2.38419e-5 -1 0 -2.38419e-5 -1 0 0 -1 0 0 -1 0.7696583 -0.6384561 0 0.76967 -0.6384419 2.3842e-5 0.76967 -0.6384419 0 0.76967 -0.6384419 0 0 -1 0 0 -1 0 0 -1 0 0 -1 0 -0.7696694 -0.6384427 0 -0.7696694 -0.6384427 0 -0.7696577 -0.6384568 0 -0.7696694 -0.6384427 2.38421e-5 0 0 1 0 0 1 0 2.38419e-5 1 0 2.38419e-5 1 0 0 -1 0 0 -1 0 2.38419e-5 -1 0 2.38419e-5 -1 0 -0.3558417 -0.9345463 0 -0.3558417 -0.9345463 0 -0.3558337 -0.9345493 0 -0.3558337 -0.9345493 0 0 1 0 0 1 0 0 1 0 0 1 0 -0.3558417 -0.9345463 0 -0.3558417 -0.9345463 0 -0.3558337 -0.9345493 0 -0.3558337 -0.9345493 0 0 1 0 0 1 0 0 1 0 0 1 0 -0.3558417 -0.9345463 0 -0.3558417 -0.9345463 0 -0.3558337 -0.9345493 0 -0.3558337 -0.9345493 0 -0.8499668 0.5268363 0 -0.7981264 0.60249 0 -0.8499668 0.5268363 0 -0.7981264 0.60249 0 -0.9490783 0.3150402 0 -0.8499668 0.5268363 0 -0.9490759 0.3150474 0 -0.8499668 0.5268363 0 -0.9686247 0.2485279 0 -0.9490784 0.3150402 0 -0.9686247 0.2485279 0 -0.9490759 0.3150474 0 0 1 0 0 1 0 0 1 0 0 1 0 -1 0 0 -1 0 0 -1 0 0 -1 0 0 -1 0 0 -1 0 0 -1 0 0 -1 0 0 0 -1 0 0 -1 0 0 -1 0 0 -1 0 0 -1 0 0 -1 0 0 -1 0 0 -1 0 0 -1 0 0 -1 0 0 -1 0 0 -1 0 0 -1 0 0 -1 0 0 -1 0 0 -1 0 -1 0 0 -1 0 0 -1 0 0 -1 0 0 1 0 0 1 -4.76838e-5 0 1 0 0 1 0 0 -1 2.38419e-5 0 -1 0 0 -1 2.38419e-5 0 -1 2.38419e-5 0 -1 -2.38419e-5 0 -1 2.38419e-5 0 -1 2.38419e-5 0 -1 2.38419e-5 0 -1 0 0 -1 0 0 -1 0 0 -1 0 0 -1 0 0 -1 0 0 -1 0 0 -1 0 0 -1 2.38419e-5 0 -1 2.38419e-5 0 -1 0 0 -1 2.38419e-5 0 -1 0 0 -1 0 0 -1 0 0 -1 0 0 -1 2.38419e-5 0 -1 -2.38419e-5 0 -1 2.38419e-5 0 -1 2.38419e-5 0 -1 0 0 -1 2.38419e-5 0 -1 0 0 -1 0 0 -1 0 0 -1 0 0 -1 2.38419e-5 0 -1 0 0 1 0 0 1 -4.76838e-5 0 1 0 0 1 -4.76838e-5 0 1 -4.76849e-5 0 1 0 0 1 -4.76838e-5 0 1 -4.76838e-5 0 1 -4.76849e-5 0 1 0 0 1 0 0 1 -4.76849e-5 0 1 0 0 1 -4.76849e-5 0 1 0 0 1 0 0 1 0 0 1 0 0 1 0 0 1 0 0 1 0 0 1 0 0 1 0 0 1 -4.76849e-5 0 1 0 0 1 -4.76849e-5 0 1 0 0 1 0 0 1 -4.76849e-5 0 1 -4.76849e-5 0 1 0 0 1 -4.76849e-5 0 1 -4.76849e-5 0 1 0 0 1 -4.76849e-5 0 1 -4.76849e-5 0 1 -4.76838e-5 0 1 -4.76838e-5 0 1 0 0 1 -4.76838e-5 0 1 2.38419e-5 0 1 0 0 1 2.38419e-5 0 1 0 0 -1 -2.38419e-5 0 -1 2.38419e-5 0 -1 2.38419e-5 0 -1 2.38419e-5 0 1 0 0 1 0 0 1 0 0 1 0 0 -1 2.38419e-5 0 -1 2.38419e-5 0 -1 -2.38419e-5 0 -1 2.38419e-5 0 1 -4.76849e-5 0 1 0 0 1 0 0 1 0 0 -1 0 0 -1 0 0 -1 0 0 -1 0 0 1 -4.76838e-5 0 1 0 0 1 -4.76838e-5 0 1 -4.76849e-5 0 -1 0 0 -1 0 0 -1 0 0 -1 0 0 1 0 0 1 0 0 1 -4.76849e-5 0 1 -4.76849e-5 0 -1 0 0 -1 0 0 -1 0 0 -1 0 0 1 -4.76838e-5 0 1 -4.76838e-5 0 1 0 0 1 -4.76838e-5 0 -1 0 0 -1 0 0 -1 0 0 -1 0 0 1 0 0 1 -4.76838e-5 0 1 0 0 1 0 0 -1 0 0 -1 0 0 -1 0 0 -1 0 0.999998 0.00195503 0 0.9999982 0.001955031 0 0.9999982 0.001955031 0 0.999998 0.00195503 0 0 1 0 0 1 0 0 1 2.38419e-5 0 1 0 0.999998 0 -0.00195503 0.9999982 0 -0.001955031 0.9999982 0 -0.001955031 0.999998 0 -0.00195503 0 0 1 0 0 1 0 0 1 0 0 1 0 0 -1 0 0 -1 0 0 -1 0 0 -1 0 1 2.38419e-5 0 1 2.38419e-5 0 1 2.38419e-5 0 1 2.38419e-5 0 1 2.38419e-5 0 1 2.38419e-5 0 1 0 0 -0.9073262 -0.4204275 0 -0.9073262 -0.4204275 0 -0.9073262 -0.4204275 0 -0.9073262 -0.4204275 0 0 1 0 0 1 0 0 1 0 0 1 0 0 -1 0 0 -1 0 -1.19209e-5 -1 0 -1.19209e-5 -1 1 0 0 1 0 0 1 0 0 1 0 0 -1 0 0 -1 0 0 -1 0 0 -1 0 0 0 1 0 0 1 0 0 1 0 0 1 0 0 0 -1 0 0 -1 0 0 -1 0 0 -1 0 0 -1 0 0 -1 0 0 -1 0 0 -1 0 0 -1 0 -5.96043e-6 -1 0 0 -1 0 1.19209e-5 -1 0 0 -1 0 0 -1 0 1 0 0 1 0 0 1 0 0 1 0 -0.7012068 0.7129579 0 -0.7012009 0.7129638 0 -0.7012068 0.7129579 0 -0.7012068 0.7129579 0 0 1 0 0 1 0 0 1 0 0 1 0 0 0 -1 0 0 -1 0 0 -1 0 0 -1 0 0 -1 0 0 -1 0 0 -1 0 0 -1 0 0 -1 0 0 -1 0 0 1 0 0 1 0 0 1 0 0 1 0 0 1 0 0 1 0 0 1 0 0 1 0 0 1 0 0 1 0 0 1 0 0 1 0 0 1 0 0 1 0 0 1 0 0 -1 0 0 -1 0 0 -1 0 0 -1 0 0 1 0 0 1 0 0 1 0 0 1 0 0 -1 0 0 -1 0 0 -1 0 0 -1 0 0 -1 0 0 -1 0 0 -1 0 0 -1 0 0 1 0 0 1 0 0 1 0 0 1 0 0 1 0 0 1 0 0 1 0 0 -1 0 0 -1 0 0 -1 0 0 -1 0 0 1 0 0 1 0 0 1 0 0 1 0 0 -0.9999999 0 0 -1 0 0 -1 0 0 -1 0 1 0 0 1 0 0 1 0 0 1 0 0 0 1 0 0 1 0 0 1 0 0 1 0 1 0 0 1 0 0 1 0 0 1 0 0 0 -1 0 0 -1 0 0 -1 0 0 -1 0 -1 0 0 -1 0 0 -1 0 0 -1 0 0 0 1 0 0 1 0 0 1 0 0 1 0 -1 0 0 -1 0 0 -1 0 0 -1 0 1 0 0 1 0 0 1 0 0 1 0 0 0 0 1 0 0 1 0 0 1 0 0 1 -1 0 0 -1 0 0 -1 0 0 -1 0 0 0 0 -1 0 0 -1 0 0 -1 0 0 -1 0 0 -1 0 0 -1 0 0 -1 0 0 -1 0 0 -1 0 0 -1 0 0 -1 0 0 -1 0 0 -1 0 0 -1 0 -5.96043e-6 -1 0 0 -1 0 0 -1 0 0 -1 0 0 -1 0 0 -1 0 0 -1 0 0 -1 0 0 1 0 0 1 0 0 1 0 0 1 0 0 1 0 0 1 0 0 1 0 1 0 0 1 0 0 1 0 0 1 0 0 1 0 0 1 0 0 1 0 0 1 0 0 0 -1 0 0 -1 0 0 -1 0 0 -1 0 0 -1 0 0 -1 0 0 -1 0 0 -1 0 0 -1 0 -5.96043e-6 -1 0 0 -1 0 1.19209e-5 -1 0 0 -1 0 0 -1 0 1 0 0 1 0 0 1 0 0 1 0 0.7012068 0.7129579 0 0.7012068 0.7129579 0 0.7012009 0.7129638 0 0.7012068 0.7129579 0 0 1 0 0 1 0 0 1 0 0 1 0 0 0 -1 0 0 -1 0 0 -1 0 0 -1 0 0 -1 0 0 -1 0 0 -1 0 0 -1 0 0 -1 0 0 -1 0 0 1 0 0 1 0 0 1 0 0 1 0 0 1 0 0 1 0 0 1 0 0 1 0 0 1 0 0 1 0 0 1 0 0 1 0 0 1 0 0 1 0 0 1 0 0 -1 0 0 -1 0 0 -1 0 0 -1 0 0 1 0 0 1 0 0 1 0 0 1 0 0 -1 0 0 -1 0 0 -1 0 0 -1 0 0 -1 0 0 -1 0 0 -1 0 0 -1 0 0 1 0 0 1 0 0 1 0 0 1 0 0 1 0 0 1 0 0 1 0 0 -1 0 0 -1 0 0 -1 0 0 -1 0 0 1 0 0 1 0 0 1 0 0 1 0 0 -0.9999999 0 0 -1 0 0 -1 0 0 -1 0 1 0 0 1 0 0 1 0 0 1 0 0 0 1 0 0 1 0 0 1 0 0 1 0 1 0 0 1 0 0 1 0 0 1 0 0 0 -1 0 0 -1 0 0 -1 0 0 -1 0 -1 0 0 -1 0 0 -1 0 0 -1 0 0 0 1 0 0 1 0 0 1 0 0 1 0 -1 0 0 -1 0 0 -1 0 0 -1 0 -1 0 0 -1 0 0 -1 0 0 -1 0 0 0 0 1 0 0 1 0 0 1 0 0 1 1 0 0 1 0 0 1 0 0 1 0 0 0 0 -1 0 0 -1 0 0 -1 0 0 -1 0 0 -1 0 0 -1 0 0 -1 0 0 -1 0 0 -1 0 0 -1 0 0 -1 0 0 -1 0 0 -1 0 0 -1 0 -5.96043e-6 -1 0 0 -1 0 0 -1 0 0 -1 0 0 -1 0 0 -1 0 0 -1 0 0 -1 0 0 1 0 0 1 0 0 1 0 0 1 0 0 1 0 0 1 0 0 1 0 1 0 0 1 0 0 1 0 0 1 0 0 0 1 0 0 1 0 0 1 0 0 1 0 -2.38419e-5 1 0 0 1 0 -2.38419e-5 1 0 0 -1 0 -2.38419e-5 -1 0 0 -1 0 0 -1 0 2.38419e-5 -1 0 0 -1 0 2.38419e-5 -1 0 0 -1 0 0 -1 0 0 -1 0 0 -1 0 2.38419e-5 -1 0 0 -1 0 2.38419e-5 -1 0 0 1 0 0 1 0 0 1 0 0 1 0 0 1 0 -2.38419e-5 1 0 -2.38419e-5 1 0 0 1 0 0 1 0 -2.38419e-5 1 0 0 1 0 -2.38419e-5 1 0 0 1 0 0 1 0 0 1 0 0 1 0 0 1 0 0 -1 0 2.38419e-5 -1 0 0 -1 0 0 -1 0 0 -1 0 2.38419e-5 -1 0 0 -1 0 0 -1 0 0 -1 0 0 -1 0 0 1 0 0 1 0 0 1 0 0 1 0 0 -1 0 0 -1 0 0 -1 0 0 -1 0 0 -1 0 2.38419e-5 -1 0 0 -1 0 2.38419e-5 -1 0 2.38419e-5 -1 0 0 -1 0 0 -1 0 2.38419e-5 -1 0 0 -1 0 0 1 0 -2.38419e-5 1 0 0 1 0 0 1 0 -2.38419e-5 1 0 -2.38419e-5 1 0 0 1 0 0 1 0 -2.38419e-5 1 0 0 1 0 0 1 0 0 1 0 0 1 0 0 1 0 0 1 0 0 1 0 0 1 0 0 -1 0 0 -1 0 0 -1 0 0 -1 0 0 -1 0 -2.38419e-5 -1 0 0 -1 0.9510051 5.96046e-6 0.3091751 0.8090734 -5.96046e-6 0.5877077 0.9510052 -5.96046e-6 0.3091751 0.8090733 5.96046e-6 0.5877076 0.8090733 -5.96046e-6 0.5877076 0.5877067 0 0.809074 0.8090734 5.96046e-6 0.5877077 0.5877067 0 0.809074 0.5877067 0 0.809074 0.3091756 0 0.951005 0.5877067 0 0.809074 0.3091749 0 0.9510052 0.3091749 0 0.9510052 0 0 1 0.3091756 0 0.951005 0 0 1 0 0 1 -0.3091756 0 0.951005 0 0 1 -0.3091749 0 0.9510052 -0.3091749 0 0.9510052 -0.5877067 0 0.809074 -0.3091756 0 0.951005 -0.5877067 0 0.809074 -0.5877067 0 0.809074 -0.8090734 -5.96046e-6 0.5877077 -0.5877067 0 0.809074 -0.8090733 5.96046e-6 0.5877076 -0.8090733 -5.96046e-6 0.5877076 -0.9510052 5.96046e-6 0.3091751 -0.8090734 5.96046e-6 0.5877077 -0.9510051 -5.96046e-6 0.3091751 -0.9510051 5.96046e-6 0.3091751 -1 0 0 -0.9510052 -5.96046e-6 0.3091751 -1 0 0 -1 0 0 -0.9510052 5.96046e-6 -0.3091751 -1 0 0 -0.9510051 5.96046e-6 -0.3091751 -0.9510051 5.96046e-6 -0.3091751 -0.8090734 5.96046e-6 -0.5877077 -0.9510052 5.96046e-6 -0.3091751 -0.8090733 -5.96046e-6 -0.5877076 -0.8090733 5.96046e-6 -0.5877076 -0.5877067 0 -0.809074 -0.8090734 -5.96046e-6 -0.5877077 -0.5877067 0 -0.809074 -0.5877067 0 -0.809074 -0.3091756 0 -0.951005 -0.5877067 0 -0.809074 -0.3091749 0 -0.9510052 -0.3091749 0 -0.9510052 0 0 -1 -0.3091756 0 -0.951005 0 0 -1 0 0 -1 0.3091756 0 -0.951005 0 0 -1 0.3091756 0 -0.951005 0.3091756 0 -0.951005 0.5877067 0 -0.809074 0.3091756 0 -0.951005 0.5877067 0 -0.809074 0.5877067 0 -0.809074 0.8090734 5.96046e-6 -0.5877077 0.5877067 0 -0.809074 0.8090733 -5.96046e-6 -0.5877076 0.8090733 5.96046e-6 -0.5877076 0.9510052 5.96046e-6 -0.3091751 0.8090734 -5.96046e-6 -0.5877077 0.9510051 5.96046e-6 -0.3091751 0.9510051 5.96046e-6 -0.3091751 1 0 0 0.9510052 5.96046e-6 -0.3091751 1 0 0 1 0 0 0.9510052 5.96046e-6 0.3091751 1 0 0 0.9510051 -5.96046e-6 0.3091751 0.4359739 -0.6705896 0.600197 0.228728 -0.6705414 0.705732 0.4359779 -0.6705828 0.6002016 0.228728 -0.6705414 0.705732 0.6002014 -0.6705826 0.4359785 0.4359739 -0.6705896 0.600197 0.6002014 -0.6705827 0.4359786 0.4359779 -0.6705828 0.6002016 0.7057329 -0.6705409 0.228727 0.6002014 -0.6705827 0.4359786 0.7057329 -0.6705409 0.228727 0.6002014 -0.6705826 0.4359785 0.7414424 -0.6710166 0 0.7057329 -0.6705409 0.228727 0.7414364 -0.6710231 0 0.7057329 -0.6705409 0.228727 0.7057329 -0.6705409 -0.228727 0.7414424 -0.6710166 0 0.7057329 -0.6705409 -0.228727 0.7414364 -0.6710231 0 0.6002014 -0.6705826 -0.4359785 0.7057329 -0.6705409 -0.228727 0.6002014 -0.6705827 -0.4359786 0.7057329 -0.6705409 -0.228727 0.4359773 -0.6705831 -0.6002018 0.6002014 -0.6705827 -0.4359786 0.4359779 -0.6705828 -0.6002016 0.6002014 -0.6705826 -0.4359785 0.2287287 -0.6705413 -0.7057319 0.4359773 -0.6705831 -0.6002018 0.228728 -0.6705414 -0.705732 0.4359779 -0.6705828 -0.6002016 0 -0.6710151 -0.7414437 0.2287287 -0.6705413 -0.705732 0 -0.6710151 -0.7414437 0.228728 -0.6705414 -0.705732 -0.228728 -0.6705414 -0.705732 0 -0.6710151 -0.7414437 -0.228728 -0.6705414 -0.705732 0 -0.6710151 -0.7414437 -0.4359773 -0.6705831 -0.6002018 -0.228728 -0.6705414 -0.705732 -0.4359779 -0.6705828 -0.6002016 -0.228728 -0.6705414 -0.705732 -0.6002014 -0.6705826 -0.4359785 -0.4359773 -0.6705831 -0.6002018 -0.6002014 -0.6705827 -0.4359786 -0.4359779 -0.6705828 -0.6002016 -0.7057329 -0.6705409 -0.228727 -0.6002014 -0.6705827 -0.4359786 -0.7057329 -0.6705409 -0.228727 -0.6002014 -0.6705826 -0.4359785 -0.7414424 -0.6710166 0 -0.7057329 -0.6705409 -0.228727 -0.7414364 -0.6710231 0 -0.7057329 -0.6705409 -0.228727 -0.7057329 -0.6705409 0.228727 -0.7414424 -0.6710166 0 -0.7057329 -0.6705409 0.228727 -0.7414364 -0.6710231 0 -0.6002014 -0.6705826 0.4359785 -0.7057329 -0.6705409 0.228727 -0.6002014 -0.6705827 0.4359786 -0.7057329 -0.6705409 0.228727 -0.4359739 -0.6705896 0.600197 -0.6002014 -0.6705827 0.4359786 -0.4359779 -0.6705828 0.6002016 -0.6002014 -0.6705826 0.4359785 -0.228728 -0.6705414 0.705732 -0.4359739 -0.6705896 0.600197 -0.228728 -0.6705414 0.705732 -0.4359779 -0.6705828 0.6002016 0 -0.6710151 0.7414437 -0.228728 -0.6705414 0.705732 0 -0.6710151 0.7414437 -0.228728 -0.6705414 0.705732 0.228728 -0.6705414 0.705732 0 -0.6710151 0.7414437 0.228728 -0.6705414 0.705732 0 -0.6710151 0.7414437 -0.951005 -5.96047e-6 -0.3091753 -0.8090736 5.96046e-6 -0.5877073 -0.9510052 5.96046e-6 -0.3091751 -0.8090736 5.96046e-6 -0.5877073 -0.8090736 5.96046e-6 -0.5877073 -0.5877067 0 -0.809074 -0.8090736 5.96046e-6 -0.5877073 -0.5877067 0 -0.809074 -0.5877067 0 -0.809074 -0.3091752 0 -0.9510051 -0.5877067 0 -0.809074 -0.3091752 0 -0.9510051 -0.3091752 0 -0.9510051 0 0 -1 -0.3091752 0 -0.9510051 0 0 -1 0 0 -1 0.3091752 0 -0.9510051 0 0 -1 0.3091752 0 -0.9510051 0.3091752 0 -0.9510051 0.5877067 0 -0.809074 0.3091752 0 -0.9510051 0.5877067 0 -0.809074 0.5877067 0 -0.809074 0.8090736 5.96046e-6 -0.5877073 0.5877067 0 -0.809074 0.8090736 5.96046e-6 -0.5877073 0.8090736 5.96046e-6 -0.5877073 0.9510052 -5.96046e-6 -0.3091751 0.8090736 5.96046e-6 -0.5877073 0.951005 5.96047e-6 -0.3091753 0.951005 -5.96047e-6 -0.3091753 1 0 0 0.9510052 5.96046e-6 -0.3091751 1 0 0 1 0 0 0.9510052 -5.96046e-6 0.3091751 1 0 0 0.951005 5.96047e-6 0.3091753 0.951005 -5.96047e-6 0.3091753 0.8090736 5.96046e-6 0.5877073 0.9510052 5.96046e-6 0.3091751 0.8090736 -5.96046e-6 0.5877073 0.8090736 5.96046e-6 0.5877073 0.5877067 0 0.809074 0.8090736 -5.96046e-6 0.5877073 0.5877067 0 0.809074 0.5877067 0 0.809074 0.3091752 0 0.9510051 0.5877067 0 0.809074 0.3091752 0 0.9510051 0.3091752 0 0.9510051 0 0 1 0.3091752 0 0.9510051 0 0 1 0 0 1 -0.3091752 0 0.9510051 0 0 1 -0.3091752 0 0.9510051 -0.3091752 0 0.9510051 -0.5877067 0 0.809074 -0.3091752 0 0.9510051 -0.5877067 0 0.809074 -0.5877067 0 0.809074 -0.8090736 5.96046e-6 0.5877073 -0.5877067 0 0.809074 -0.8090736 -5.96046e-6 0.5877073 -0.8090736 5.96046e-6 0.5877073 -0.9510052 5.96046e-6 0.3091751 -0.8090736 -5.96046e-6 0.5877073 -0.951005 -5.96047e-6 0.3091753 -0.951005 5.96047e-6 0.3091753 -1 0 0 -0.9510052 -5.96046e-6 0.3091751 -1 0 0 -1 0 0 -0.9510052 -5.96046e-6 -0.3091751 -1 0 0 -0.951005 5.96047e-6 -0.3091753 -0.9863917 0.1644125 0 -0.9969264 -0.07834458 0 -0.9794324 0.201773 0 -0.9969263 -0.07834457 0 -0.8986963 -0.4385716 0 -0.5854983 -0.8106735 0 -0.5854984 -0.8106737 0 -0.8986963 -0.4385716 0 -0.8986963 -0.4385716 0 -0.9969264 -0.07834458 0 -0.9969263 -0.07834457 0 0 2.38419e-5 1 0 0 1 0 0 1 0 0 1 0 0 1 0.04110341 0.04501348 0.9981405 0 0 1 0 0 1 0 0 1 0 0 1 0 0 1 0 0 -1 0 0 -1 0 0 -1 0 0 -1 -0.8986869 -0.4385909 0 -0.5854983 -0.8106735 0 -0.5854984 -0.8106737 0 -0.8986869 -0.4385909 0 -0.8986869 -0.4385909 0 -0.9969264 -0.07834458 0 -0.9969263 -0.07834457 0 -0.9794324 0.201773 0 -0.9969264 -0.07834458 0 -0.9863917 0.1644125 0 -0.9969263 -0.07834457 0 0 0 -1 0 0 -1 0 -2.38419e-5 -1 0 0 -1 0 0 -1 0 -2.38419e-5 -1 0 0 -1 0 0 1 0 0 1 0 -2.38419e-5 1 0 0 1 0 0 1 0 -2.38419e-5 1 0 0 1 0 0 -1 0 0 -1 0 -2.38419e-5 -1 0 0 -1 0 -2.38419e-5 -1 0 0 -1 0 0 -1 0 0 1 0 2.38419e-5 1 0 0 1 0 0 1 0 0 1 0 2.38419e-5 1 0 0 1 0 0 1 0 0 1 0 0 1 0 0 1 0 0 1 0 0 1 0 0 1 0 0 -1 0 0 -1 0 -2.38419e-5 -1 0 0 -1 0 0 -1 0 -2.38419e-5 -1 0 0 -1 0 0 1 0 0 1 0 2.38419e-5 1 0 0 1 0 2.38419e-5 1 0 0 1 0 0 1 0 0 1 0 0 1 0 0 1 0 0 -1 0 0 -1 0 0 -1 0 0 -1 0 0 -1 0 0 -1 0 0 -1 0 0 -1 0 0 -1 0 0 -1 -0.6972459 0.716832 0 -0.6972459 0.716832 0 -0.6962663 0.7177836 0 -0.6962663 0.7177836 0 0.434939 0.4603904 0.7738661 0.04110341 0.04501348 0.9981405 0.6729466 0.717948 0.1780267 0.6734082 0.7184451 0.174235 0.4349383 0.4604135 -0.7738528 0.6729524 0.7179422 -0.1780282 0.0410917 0.04698068 -0.9980503 0.6734154 0.7184409 -0.1742249 0.6729524 0.7179422 -0.1780282 0.6729466 0.717948 0.1780267 0.6734154 0.7184409 -0.1742249 0.6734082 0.7184451 0.174235 0.6982483 -0.7158556 0 0.6982483 -0.7158556 0 0.6982483 -0.7158556 1.1921e-5 0.6982544 -0.7158496 0 -0.005865067 0.9997912 0.01957406 -0.005865137 0.9997912 -0.0195743 0.0724205 0.9962677 0.04696902 0.07242049 0.9962676 -0.04696901 0 0 -1 0 0 -1 0 -2.38419e-5 -1 0 0 -1 0 0 -1 0 2.38419e-5 -1 0 0 -1 0 0 -1 -0.07637797 -0.1272926 -0.9889202 0 2.38419e-5 -1 -0.07635359 -0.1291991 -0.9886748 -0.07637797 -0.1272926 -0.9889202 -0.5578836 -0.7164427 -0.4188984 -0.5675769 -0.7221908 -0.3953441 -0.5675769 -0.7221907 0.3953441 -0.5578836 -0.7164427 -0.4188984 -0.5578836 -0.7164427 0.4188984 -0.5578836 -0.7164427 0.4188984 -0.07637821 -0.1272692 0.9889232 -0.07635359 -0.1291991 0.9886748 0 -2.38419e-5 1 -0.07637821 -0.1272692 0.9889232 0 0 1 0 0 1 0 -2.38419e-5 1 0 0 1 -0.2212841 -0.9752094 0 -0.5854983 -0.8106735 0 -0.5854984 -0.8106737 0 -0.2212841 -0.9752094 0 -0.2212841 -0.9752094 0 0 -1 0 0 -1 0 0.2212836 -0.9752095 0 0 -1 0 0.2212836 -0.9752095 0 0.2212836 -0.9752095 0 0.5854945 -0.8106765 0 0.5854945 -0.8106765 0 0.8979162 -0.4401665 0 0.8979162 -0.4401665 0 0.8979162 -0.4401665 0 0.9969264 -0.07834458 0 0.9969264 -0.07834458 0 0.9523342 0.3050569 0 0.9523342 0.3050569 0 0.692289 0.7216204 0 0.692289 0.7216204 0 -0.2212893 -0.9752083 0 -0.5854983 -0.8106735 0 -0.5854984 -0.8106737 0 -0.2212893 -0.9752083 0 -0.2212893 -0.9752083 0 0 -1 0 0 -1 0 0.2212836 -0.9752095 0 0 -1 0 0.2212836 -0.9752095 0 0.2212836 -0.9752095 0 0.5854945 -0.8106765 0 0.5854945 -0.8106765 0 0.8979162 -0.4401665 0 0.8979162 -0.4401665 0 0.9969264 -0.07834458 0 0.9969264 -0.07834458 0 0.9523342 0.3050569 0 0.9521506 0.3056295 0 0.692289 0.7216204 0 0.692289 0.7216204 0 0 0 -1 0 0 -1 0 0 -1 0 0 -1 0 -1 0 0 -1 0 0 -1 0 0 -1 0 -1 0 0 -1 0 0 -1 0 0 -1 0 0 1 0 0 1 0 0 1 0 0 1 0 0 0 -0.8819573 0.4713293 0 -0.8819573 0.4713293 0 -0.8269092 0.5623354 0 -0.825064 0.5650395 0 -0.8269092 0.5623354 0 -0.7177895 0.6962602 0 -0.7177895 0.6962602 0 -0.9098882 0.4148535 0 -0.9099144 0.4147961 0 -0.9099055 0.4148158 0 -0.9098971 0.4148338 0 0 1 0 0 1 0 0 1 0 0 1 0 0 1 0 0 1 0 0 1 0 0 1 0 0.2700544 0.9628451 0 0.2700544 0.962845 0 0.4306969 0.9024966 0 0.4306969 0.9024966 0 -0.0136611 0.9999067 0 -0.01172996 0.9999313 0 0.2700544 0.962845 0 0.2700544 0.9628451 0 -0.3697088 0.9291477 0 -0.3697088 0.9291477 0 -0.0136611 0.9999067 0 -0.01172996 0.9999312 0 -0.7177895 0.6962602 0 -0.7177895 0.6962602 0 -0.3697088 0.9291477 0 -0.3697088 0.9291477 0 -0.8268831 0.5623739 0 -0.7177895 0.6962602 0 -0.7177895 0.6962602 0 -0.825064 0.5650395 0 -0.8819573 0.4713293 0 -0.8268831 0.5623739 0 -0.8819573 0.4713293 0 -0.3697088 0.9291477 0 -0.7177895 0.6962602 0 -0.3697088 0.9291477 0 -0.7177895 0.6962602 0 -0.01172996 0.9999312 0 -0.3697088 0.9291477 0 -0.0136611 0.9999067 0 -0.3697088 0.9291477 0 0.2700544 0.9628451 0 -0.01172996 0.9999313 0 0.2700544 0.962845 0 -0.0136611 0.9999067 0 0.4306969 0.9024966 0 0.2700544 0.962845 0 0.4306969 0.9024966 0 0.2700544 0.9628451 0 0 1 0 0 1 0 0 1 0 0 1 1 0 0 1 0 0 1 0 0 1 0 0 1 0 0 1 0 0 1 0 0 1 0 0 1 0 0 1 0 0 -1 0 0 -1 0 0 -1 0 0 -1 0 0 -1 0 0 -1 0 0 -1 0 0 -1 0 0 -1 0 0 -1 0 0 1 0 0 1 0 0 1 0 0 1 0 0 -1 0 0 -1 0 0 -1 0 0 -1 0 0 1 0 0 1 0 0 1 0 0 1 0 0 -1 0 0 -1 0 0 -1 0 0 -1 0 0 0 -1 0 0 -1 0 0 -1 0 0 -1 0 1 0 0 0.9990441 0.01955033 0.03910065 1 0 0 0.9991549 0.0175953 0.03714564 -1 0 0 -1 0 0 -0.9990785 0.02150536 0.03714563 -0.9991492 0.02150535 0.03519057 0.9990441 0.01955033 0.03910065 0.9896538 0.06651872 0.1271247 0.999155 0.01759528 0.03714559 0.9896569 0.06647125 0.1271251 -0.9990785 0.02150536 0.03714563 -0.9991492 0.02150535 0.03519057 -0.9898731 0.07045254 0.1232383 -0.9898793 0.0704053 0.1232152 0 0.4148355 0.9098964 0 0.4148356 0.9098965 0 0.4148356 0.9098965 0 0.4148445 0.9098923 0.305007 0.4125966 0.8583326 0.09000596 0.4304592 0.8981113 0.3050191 0.4125175 0.8583664 0.09000596 0.4304592 0.8981113 0 0.4164453 0.9091607 0 0.4164453 0.9091607 0 0.4164453 0.9091607 0 0.4164363 0.9091649 0 0 1 0 0 1 0 0 1 0 0 1 0 -0.3818288 -0.9242331 0 -0.3818288 -0.9242331 0 -0.3818288 -0.9242331 0 -0.3818288 -0.9242331 0 -0.3818288 -0.9242331 0 -0.3818288 -0.9242331 0 -0.3818288 -0.9242331 0 -0.3818288 -0.9242331 0 0 1 0 0 1 0 0 1 0 0 1 0 -0.3818246 -0.9242347 0 -0.3818246 -0.9242349 0 -0.381833 -0.9242314 0 -0.381833 -0.9242313 0 -0.797412 0.6034353 0 -0.7973976 0.6034544 0 -0.797412 0.6034353 0 -0.7973976 0.6034544 0 -0.9091607 0.4164453 0 -0.9091607 0.4164453 0 -0.9091607 0.4164453 0 -0.9091607 0.4164453 0 -0.9523348 0.3050551 0 -0.9523325 0.3050621 0 -0.9523348 0.3050551 0 -0.9523325 0.3050621 0 0 1 0 0 1 0 0 1 0 0 1 0 -0.973929 0.2268527 0 -0.9739292 0.2268528 0 -0.9739292 0.2268528 0 -0.973929 0.2268527 0 -0.973929 0.2268527 0 -0.9739279 0.226858 0 -0.9739292 0.2268528 0 -0.9739279 0.226858 0 -0.9252055 0.3794664 0 -0.9252055 0.3794664 0 -0.9252055 0.3794664 0 -0.9252055 0.3794664 0 -0.8007175 0.5990421 0 -0.8007132 0.5990478 0 -0.8007175 0.5990421 0 -0.8007132 0.5990478 0 0.226858 0.9739279 0 0.226858 0.9739279 0 0.2268806 0.9739226 0 0.2268806 0.9739226 0 -0.2268806 -0.9739226 0 -0.2268806 -0.9739226 0 -0.2268806 -0.9739226 0 -0.2268806 -0.9739226 0 0.3794664 0.9252055 0 0.3794664 0.9252055 0 0.3794664 0.9252055 0 0.3794664 0.9252055 0 -0.3777944 -0.9258895 0 -0.3777944 -0.9258895 0 -0.3777944 -0.9258895 0 -0.3777944 -0.9258895 0 0.5990688 0.8006975 0 0.5990688 0.8006976 0 0.5990649 0.8007004 0 0.5990649 0.8007004 0 -0.5990535 -0.8007089 0 -0.5990536 -0.8007091 0 -0.5990688 -0.8006976 0 -0.5990688 -0.8006975 0.9633511 0.2682439 0 0.963348 -0.268255 0 0.9633468 0.268252 -0.001961002 0.9633468 -0.268252 -0.001961002 0.459686 0.8880793 -0.001955045 0.4596963 0.8880762 0 0.9633468 0.268252 -0.001961002 0.9633511 0.2682439 0 0.45441 0.8892216 0.05288217 0.4424483 0.8888066 0.1194247 0.9604555 0.2542761 0.1134408 0.9335595 0.2544186 0.2524635 0.263977 -0.9640216 0.03128051 0.9604472 -0.2542977 0.1134636 0.258518 -0.9635715 0.06854554 0.9335538 -0.2544408 0.252462 0.4049624 0.8881732 0.2171498 0.3329188 0.8851528 0.3250687 0.6953763 0.2389665 0.6777512 0.8552163 0.2426616 0.4579528 0.4049624 0.8881732 0.2171498 0.9335595 0.2544186 0.2524635 0.4424483 0.8888066 0.1194247 0.2052382 -0.9577822 0.2013221 0.248659 -0.9593979 0.1331331 0.6953724 -0.238989 0.6777474 0.8552069 -0.2426589 0.4579716 0.248659 -0.9593979 0.1331331 0.9335539 -0.2544409 0.252462 0.258518 -0.9635715 0.06854554 0.263977 -0.9640216 0.03128051 -0.2231828 -0.9730062 -0.05872227 -0.2290589 -0.9730264 -0.02741793 0.2328191 0.8823774 0.4089072 0.4851735 0.2386588 0.8412186 0.3329188 0.8851528 0.3250687 0.6953763 0.2389665 0.6777512 0.1408187 -0.9583727 0.2483787 0.2052382 -0.9577822 0.2013221 0.4851708 -0.2386813 0.8412138 0.6953723 -0.238989 0.6777474 0.581593 -0.7578382 0.295687 0.4751328 -0.7527833 0.4555943 0.3875558 -0.9003987 0.1976939 0.3173073 -0.8970793 0.3075142 -0.581593 -0.7578382 0.295687 -0.6301449 -0.7592972 0.1624358 -0.3875558 -0.9003987 0.1976939 -0.4012213 -0.9100881 0.1037356 -0.2152879 -0.8963663 0.3875289 -0.3269827 -0.7479613 0.5776125 -0.3173073 -0.8970792 0.3075142 -0.4751328 -0.7527833 0.4555943 -0.1155133 -0.900622 0.418971 -0.1800095 -0.7454656 0.641777 -0.2152879 -0.8963663 0.3875289 -0.3269827 -0.7479613 0.5776125 0.3269827 -0.7479613 0.5776125 0.1800095 -0.7454656 0.641777 0.2152833 -0.896371 0.3875207 0.1155133 -0.900622 0.418971 0.2152833 -0.8963709 0.3875206 0.3173073 -0.8970792 0.3075142 0.3269827 -0.7479613 0.5776125 0.4751328 -0.7527833 0.4555943 -0.3331288 -0.8857127 -0.3233237 -0.4071052 -0.888585 -0.2113817 -0.1583515 -0.9755362 -0.1524923 -0.1917502 -0.9763586 -0.09977927 -0.4071052 -0.888585 -0.2113817 -0.2231828 -0.9730062 -0.05872227 -0.4426432 -0.8892204 -0.1155603 -0.4544147 -0.8892192 -0.05288203 -0.2290589 -0.9730264 -0.02741793 -0.4426432 -0.8892204 -0.1155603 -0.2231828 -0.9730062 -0.05872227 -0.1917502 -0.9763586 -0.09977927 0.258518 -0.9635715 0.06854554 0.248659 -0.9593979 0.1331331 -0.1917502 -0.9763586 -0.09977927 0.2052382 -0.9577822 0.2013221 -0.1583515 -0.9755363 -0.1524924 0.4426432 -0.8892204 -0.1155603 0.4071052 -0.888585 -0.2113817 0.2231828 -0.9730062 -0.05872227 0.1917502 -0.9763585 -0.09977926 0.228936 -0.8824607 -0.4109154 0.1115194 -0.9743134 -0.1956447 0.3331288 -0.8857127 -0.3233237 0.1583515 -0.9755363 -0.1524924 0.1272278 -0.8808045 -0.4560662 0.06455788 -0.9722218 -0.2249825 0.228936 -0.8824607 -0.4109154 0.1115194 -0.9743134 -0.1956447 0.02936861 -0.9691449 -0.244736 0.05681707 -0.8796759 -0.4721677 0 -0.9690986 -0.2466736 0 -0.8786425 -0.4774801 0 -0.8786425 -0.4774801 -0.05681707 -0.8796759 -0.4721677 0 -0.9690986 -0.2466736 -0.02936861 -0.9691449 -0.244736 -0.1272278 -0.8808045 -0.4560662 -0.228936 -0.8824607 -0.4109154 -0.06455788 -0.9722218 -0.2249825 -0.1115194 -0.9743134 -0.1956447 -0.228936 -0.8824607 -0.4109154 -0.3331288 -0.8857127 -0.3233237 -0.1115194 -0.9743134 -0.1956447 -0.1583515 -0.9755363 -0.1524924 0.2231828 -0.9730062 -0.05872227 0.1917502 -0.9763586 -0.09977927 -0.258518 -0.9635715 0.06854554 -0.248659 -0.9593979 0.1331331 0.1115194 -0.9743134 -0.1956447 -0.1408251 -0.9583688 0.2483901 0.1583515 -0.9755362 -0.1524923 -0.2052382 -0.9577822 0.2013221 0.06455788 -0.9722218 -0.2249825 -0.07829396 -0.9590898 0.2720604 0.1115194 -0.9743134 -0.1956447 -0.1408251 -0.9583687 0.24839 -0.03132132 -0.9612041 0.2740541 0.02936861 -0.9691449 -0.244736 0 -0.9606291 0.277834 0 -0.9690986 -0.2466736 0 -0.9690986 -0.2466736 -0.02936861 -0.9691449 -0.244736 0 -0.9606291 0.277834 0.03132132 -0.9612041 0.2740541 -0.06455788 -0.9722218 -0.2249825 -0.1115194 -0.9743134 -0.1956447 0.07829396 -0.9590898 0.2720604 0.1408187 -0.9583727 0.2483787 -0.1115194 -0.9743134 -0.1956447 -0.1583515 -0.9755362 -0.1524923 0.1408187 -0.9583727 0.2483787 0.2052382 -0.9577822 0.2013221 0.1017433 -0.923522 -0.3698046 0.1761874 -0.9318619 -0.3171611 0.4679012 -0.2290481 -0.8535839 0.2564988 -0.2173228 -0.9417958 0.4679012 -0.2290481 -0.8535839 0.4813192 0 -0.8765454 0.2622849 0 -0.9649905 0.4679011 -0.2290481 -0.8535839 0.7245064 0 -0.6892681 0.704111 -0.2327446 -0.6708634 0.1761874 -0.9318621 -0.3171611 0.2584661 -0.93399 -0.2466941 0.704111 -0.2327446 -0.6708634 0.8979151 0 -0.4401688 0.8713361 -0.2349614 -0.4307745 0.2584661 -0.93399 -0.2466941 0.3152623 -0.9359878 -0.1566417 0.8713361 -0.2349614 -0.4307745 0.9701407 0 -0.2425427 0.9447266 -0.2268803 -0.2366794 0.3620433 -0.927612 -0.09198157 0.3152623 -0.9359878 -0.1566417 0.9447266 -0.2268803 -0.2366794 0.993071 0 -0.1175163 0.9674357 -0.2252099 -0.1155375 0.3716835 -0.9272687 -0.04498897 0.3620434 -0.9276121 -0.09198158 -0.4110918 -0.9102789 0.04894716 -0.4012213 -0.9100882 0.1037356 -0.6458975 -0.7593984 0.07829783 -0.6301448 -0.7592971 0.1624357 0.9674357 -0.2252099 -0.1155375 0.9999523 0 -0.009775171 0.9756839 -0.2189644 -0.009775197 0.3858666 -0.9225463 -0.003910105 0.3716835 -0.9272687 -0.04498897 -0.4068631 -0.9134809 0.003910081 -0.4110918 -0.9102789 0.04894716 -0.6533414 -0.7570232 0.007820093 -0.6458975 -0.7593984 0.07829783 0.97655 -0.2152905 0 1 0 0 0.9756839 -0.2189644 -0.009775196 0.3972237 -0.9177219 0 0.3858666 -0.9225463 -0.003910105 -0.3972237 -0.9177219 0 -0.4068631 -0.9134809 0.003910081 -0.6533597 -0.7570476 0 -0.6533414 -0.7570232 0.007820093 -0.1761926 -0.9318659 -0.3171467 -0.1017433 -0.923522 -0.3698046 -0.4679012 -0.2290481 -0.8535839 -0.2564988 -0.2173228 -0.9417958 -0.4813192 0 -0.8765454 -0.4679012 -0.2290481 -0.8535839 -0.2622849 0 -0.9649905 -0.7245064 0 -0.6892681 -0.4679011 -0.2290481 -0.8535839 -0.704111 -0.2327446 -0.6708634 -0.1761926 -0.9318659 -0.3171467 -0.2584661 -0.93399 -0.2466941 -0.8979151 0 -0.4401688 -0.704111 -0.2327446 -0.6708634 -0.8713361 -0.2349614 -0.4307745 -0.2584661 -0.93399 -0.2466941 -0.3152623 -0.9359878 -0.1566417 -0.9701408 0 -0.2425427 -0.9447265 -0.2268803 -0.2366793 -0.8713361 -0.2349614 -0.4307745 -0.3620433 -0.927612 -0.09198157 -0.3152623 -0.9359878 -0.1566417 -0.993071 0 -0.1175163 -0.9447266 -0.2268803 -0.2366794 -0.9674357 -0.2252099 -0.1155375 -0.3716918 -0.9272654 -0.04498997 -0.3620434 -0.9276121 -0.09198158 0.4110918 -0.9102789 0.04894716 0.4012213 -0.9100882 0.1037356 0.6458975 -0.7593984 0.07829783 0.6301448 -0.7592971 0.1624357 -0.9999523 0 -0.009775171 -0.9674357 -0.2252099 -0.1155375 -0.9756839 -0.2189644 -0.009775197 -0.3858666 -0.9225463 -0.003910105 -0.3716918 -0.9272654 -0.04498997 0.4068631 -0.9134809 0.003910081 0.4110918 -0.9102789 0.04894716 0.6533531 -0.757013 0.007820234 0.6458975 -0.7593984 0.07829783 -1 0 0 -0.9765552 -0.2152678 0 -0.9756839 -0.2189644 -0.009775196 -0.3972237 -0.9177219 0 -0.3858666 -0.9225463 -0.003910105 0.3955718 -0.9184351 0 0.4068631 -0.9134809 0.003910081 0.6512772 -0.75884 0 0.6533531 -0.757013 0.007820234 0.3875557 -0.9003986 0.1976938 0.3173073 -0.8970792 0.3075142 -0.3152623 -0.9359878 -0.1566417 -0.2584661 -0.93399 -0.2466941 -0.3875557 -0.9003986 0.1976938 -0.4012213 -0.9100882 0.1037356 0.3152623 -0.9359878 -0.1566417 0.3620433 -0.927612 -0.09198157 0.1761874 -0.9318619 -0.3171611 -0.2152879 -0.8963663 0.3875289 0.2584661 -0.93399 -0.2466941 -0.3173073 -0.8970793 0.3075142 0.1017433 -0.923522 -0.3698046 -0.1155133 -0.900622 0.418971 0.1761874 -0.9318621 -0.3171611 -0.2152879 -0.8963663 0.3875289 0.2152833 -0.8963709 0.3875206 0.1155133 -0.900622 0.418971 -0.1761926 -0.9318659 -0.3171467 -0.1017433 -0.923522 -0.3698046 -0.1761926 -0.9318659 -0.3171467 -0.2584661 -0.93399 -0.2466941 0.2152833 -0.896371 0.3875207 0.3173073 -0.8970793 0.3075142 0.4597012 0.8880737 0 0.4596839 0.8880633 0.005865109 0.9633511 0.2682439 0 0.9649257 0.2622599 0.01175401 0.2503535 -0.9681544 0 0.9633511 -0.2682439 0 0.2581481 -0.9660975 0.003910071 0.9649197 -0.2622821 0.01175394 -0.2503535 -0.9681544 0 0.2503535 -0.9681545 0 -0.2425352 -0.9701407 -0.001955064 0.2581481 -0.9660974 0.003910071 -0.4596964 -0.8880761 0 -0.2503535 -0.9681545 0 -0.4596839 -0.8880633 -0.005865109 -0.2425351 -0.9701406 -0.001955063 0.1155133 -0.900622 0.418971 0.05277907 -0.9031152 0.4261426 -0.1017433 -0.923522 -0.3698046 -0.04896051 -0.9204583 -0.3877621 0.1800095 -0.7454655 0.641777 0.08219749 -0.7436964 0.663445 0.1155133 -0.900622 0.418971 0.05277907 -0.9031151 0.4261425 -0.05681706 -0.8796757 -0.4721677 -0.1272278 -0.8808047 -0.4560663 -0.02936861 -0.9691449 -0.244736 -0.06455788 -0.9722218 -0.2249825 -0.02936861 -0.9691449 -0.244736 -0.06455788 -0.9722218 -0.2249825 0.03132132 -0.9612041 0.2740541 0.07829395 -0.9590897 0.2720604 0.02936861 -0.9691449 -0.244736 -0.03132132 -0.9612041 0.2740541 0.06455788 -0.9722218 -0.2249825 -0.07829395 -0.9590897 0.2720604 0.05681706 -0.8796757 -0.4721677 0.02936861 -0.9691449 -0.244736 0.1272278 -0.8808047 -0.4560663 0.06455788 -0.9722218 -0.2249825 -0.05277907 -0.9031151 0.4261425 -0.08219749 -0.7436964 0.663445 -0.1155133 -0.900622 0.418971 -0.1800095 -0.7454655 0.641777 0.04896051 -0.9204583 -0.3877621 -0.05277907 -0.9031152 0.4261426 0.1017433 -0.923522 -0.3698046 -0.1155133 -0.900622 0.418971 -0.3620433 -0.927612 -0.09198157 0.4012213 -0.9100882 0.1037356 -0.3152623 -0.9359878 -0.1566417 0.3875557 -0.9003986 0.1976938 0.4012213 -0.9100881 0.1037356 0.6301449 -0.7592972 0.1624358 0.3875558 -0.9003987 0.1976939 0.581593 -0.7578382 0.295687 0.2584661 -0.93399 -0.2466941 -0.3173073 -0.8970792 0.3075142 0.3152623 -0.9359878 -0.1566417 -0.3875557 -0.9003986 0.1976938 -0.3173073 -0.8970793 0.3075142 -0.4751328 -0.7527833 0.4555943 -0.3875558 -0.9003987 0.1976939 -0.581593 -0.7578382 0.295687 0.1917502 -0.9763585 -0.09977926 0.4071052 -0.888585 -0.2113817 0.1583515 -0.9755362 -0.1524923 0.3331288 -0.8857127 -0.3233237 -0.248659 -0.9593979 0.1331331 0.1917502 -0.9763586 -0.09977927 -0.2052382 -0.9577822 0.2013221 0.1583515 -0.9755363 -0.1524924 -0.2290589 -0.9730264 -0.02741793 -0.4544147 -0.8892192 -0.05288203 -0.2425352 -0.9701407 -0.001955064 -0.4596839 -0.8880633 -0.005865109 0.263977 -0.9640216 0.03128051 -0.2290589 -0.9730264 -0.02741793 0.2581481 -0.9660975 0.003910071 -0.2425351 -0.9701406 -0.001955063 0.9604471 -0.2542977 0.1134636 0.263977 -0.9640216 0.03128051 0.9649197 -0.2622821 0.01175394 0.2581481 -0.9660974 0.003910071 0.4596839 0.8880633 0.005865109 0.4544003 0.8892266 0.05288105 0.9649257 0.2622599 0.01175401 0.9604555 0.2542761 0.1134408 0 0 -1 0 0 -1 0 0 -1 0 0 -1 -1 0 0 -1 0 0 -1 0 0 -1 0 0 0 1 0 0 1 0 0 1 0 0 1 0 1 0 0 1 0 0 1 0 0 1 0 0 0 -1 0 0 -1 0 0 -1 0 0 -1 0 0 0 1 0 0 1 0 0 1 0 0 1 0 -1 0 0 -1 0 0 -1 0 0 -1 0 0 -1 0 0 -1 0 0 -1 0 0 -1 0 0 -1 0 0 -1 0 0 -1 0 0 -1 0 0 -1 0 0 -1 0 0 -1 0 0 -1 0 0 -1 0 0 -1 0 0 -1 0 0 -1 0 0 -1 0 0 -1 0 0 -1 0 0 -1 0 0 -1 0 0 -1 0 0 -1 0 0 -1 0 0 -1 0 0 -1 0 0 -1 0 0 -1 0 0 -1 0 0 -1 0 0 -1 0 0 -1 0 0 -1 0 0 -1 0 0 -1 0 0 -1 0 0 -1 0 0 -1 0 0 -1 0 0 -1 0 0 -1 0 0 -1 0 0 -1 0 0 -1 0 0 1 0 0 1 0 0 1 0 0 1 0 0 1 0 0 1 0 0 1 0 0 1 0 0 1 0 0 1 0 0 1 0 0 1 0 0 1 0 0 1 0 0 1 0 0 1 0 0 1 2.38419e-5 0 1 0 0 1 -2.38419e-5 0 1 0 0 1 0 0 1 0 0 1 2.38419e-5 0 1 0 0 1 0 0 1 2.38419e-5 0 1 0 0 1 0 0 0 1 0 0 1 0 0 1 0 0 1 0.9999309 0 -0.01175401 0.9999312 0 -0.01173017 0.999931 0 -0.01175401 0.9999312 0 -0.01173017 -0.9999312 0 -0.01173017 -0.999931 0 -0.01175401 -0.9999312 0 -0.01173017 -0.9999309 0 -0.01175401 0.3598895 0 -0.9329948 0.3598896 0 -0.9329949 0.3598896 0 -0.9329949 0.3598895 0 -0.9329948 -0.3598895 0 -0.9329948 -0.3598896 0 -0.9329949 -0.3598896 0 -0.9329949 -0.3598895 0 -0.9329948 -0.05677209 0 -0.9983871 -0.1271621 0 -0.991882 -0.0567721 0 -0.9983872 -0.1271621 0 -0.991882 -0.1271621 0 -0.991882 -0.1821619 0 -0.9832686 -0.1821619 0 -0.9832686 -0.6179921 0 -0.7861843 -0.6179922 0 -0.7861844 -0.6179922 0 -0.7861844 -0.6179921 0 -0.7861843 0.6179921 0 -0.7861843 0.6179922 0 -0.7861844 0.6179922 0 -0.7861844 0.6179921 0 -0.7861843 0 1 -2.38419e-5 0 1 -2.38419e-5 0 1 0 0 1 0 0 1 0 0 1 2.38419e-5 0 1 -2.38419e-5 0 -1 0 0 -1 0 0 -1 0 0 -1 0 0 -1 0 0 -1 0 0 -1 0 0 -1 0 0 -1 0 0 -1 0 0 -1 0 0 -1 0 0 -1 0 0 -1 0 0 -1 0 0 -1 0 0 1 0 0 1 0 0 1 0 0 1 0 0 1 0 0 1 0 0 1 0 0 1 0 0 1 0 0 1 0 0 1 0 0 1 0 0 1 0 0 1 0 0 1 0 0 1 0 0 1 0 0 1 0 0 1 0 0 1 0 0 -1 0 0 -1 0 0 -1 0 0 -1 0 0 -1 0 0 -1 0 0 -1 0 0 -1 0 0 1 0 0 1 0 0 1 0 0 1 0 0 1 0 0 1 0 0 1 0 0 1 0 0 0 1 0 0 1 0 0 1 0 0 1 1 0 0 1 0 0 1 0 0 1 0 0 0 0 -1 0 0 -1 0 0 -1 0 0 -1 -0.8908805 0 -0.4542379 -0.8908756 0 -0.4542474 -0.8908756 0 -0.4542474 -0.8908707 0 -0.4542568 -0.8880823 0 0.4596845 -0.8880823 0 0.4596845 -0.8880823 0 0.4596845 -0.8880774 0 0.4596938 -0.3777935 0 0.92589 -0.3777935 0 0.92589 -0.3777893 0 0.9258917 -0.3777935 0 0.92589 -0.3500546 0 -0.9367293 -0.3500546 0 -0.9367293 -0.3500546 0 -0.9367293 -0.3500507 0 -0.9367307 0.7264562 -0.683383 0.07244922 0.7247389 -0.683612 0.08618762 0.6283954 -0.6832107 0.371944 0.6284006 -0.6832044 0.3719471 0.4775616 -0.6771985 0.5597654 0.6283954 -0.6832107 0.371944 0.4678763 -0.6773422 0.5677142 0.3110616 -0.6671187 0.6768998 0.1525686 -0.6513481 0.7432823 0.2974108 -0.6652534 0.6848246 0.1448858 -0.6500344 0.7459648 0.1525686 -0.6513481 0.7432823 0 -0.6417224 0.7669371 0.1448858 -0.6500344 0.7459648 0 -0.6417224 0.7669371 0 -0.6417224 0.7669371 0 -0.6417224 0.7669371 -0.1448858 -0.6500344 0.7459648 -0.1525686 -0.6513481 0.7432823 -0.2974108 -0.6652534 0.6848246 -0.3110616 -0.6671187 0.6768998 -0.4678763 -0.6773422 0.5677142 -0.4775615 -0.6771984 0.5597653 -0.4678763 -0.6773422 0.5677142 -0.4775616 -0.6771985 0.5597654 -0.6283954 -0.6832107 0.371944 -0.6284006 -0.6832044 0.3719471 -0.7247389 -0.683612 0.08618762 -0.6283954 -0.6832107 0.371944 -0.7264562 -0.683383 0.07244922 -0.732097 -0.6812004 0 -0.732097 -0.6812004 0 -0.732097 -0.6812004 0 -0.7320911 -0.6812068 0 0.732097 -0.6812004 0 0.7320911 -0.6812068 0 0.732097 -0.6812004 0 0.732097 -0.6812004 0 0.5147533 -0.8553253 0.05871604 0.5129246 -0.8555358 0.07047608 0.434386 -0.862901 0.2582844 0.4345995 -0.8633398 0.2564521 0.434386 -0.862901 0.2582844 0.3383317 -0.8585458 0.3852671 0.3329229 -0.8577616 0.3916725 0.1055665 -0.8289041 0.5493394 0.2133773 -0.8398119 0.4991856 0.113411 -0.8290808 0.5475062 0.2231875 -0.8418474 0.4914065 0 -0.825978 0.5637024 0.1055665 -0.8289041 0.5493394 0 -0.8259799 0.5636997 0.113411 -0.8290808 0.5475062 0 -0.825978 0.5637024 0 -0.8259799 0.5636997 -0.1055665 -0.8289041 0.5493394 -0.113411 -0.8290808 0.5475062 -0.3329229 -0.8577616 0.3916725 -0.3383317 -0.8585458 0.3852671 -0.434386 -0.862901 0.2582844 -0.4345995 -0.8633398 0.2564521 -0.434386 -0.862901 0.2582844 -0.5129246 -0.8555358 0.07047608 -0.5147533 -0.8553253 0.05871604 -0.5305239 -0.84767 0 -0.5305293 -0.8476667 0 -0.530526 -0.8476686 0 -0.530526 -0.8476686 0 0.530526 -0.8476686 0 0.5305293 -0.8476667 0 0.530526 -0.8476686 0 0.5305239 -0.84767 0 -0.7247388 -0.6836119 0.08618761 -0.732097 -0.6812004 0 -0.7264563 -0.6833831 0.07244923 -0.732097 -0.6812004 0 -0.5305293 -0.8476667 0 -0.5147533 -0.8553255 0.05871605 -0.530526 -0.8476686 0 -0.5129246 -0.8555358 0.07047608 0.5129246 -0.8555358 0.07047608 0.5147533 -0.8553255 0.05871605 0.530526 -0.8476686 0 0.5305293 -0.8476667 0 0.732097 -0.6812004 0 0.732097 -0.6812004 0 0.7264563 -0.6833831 0.07244923 0.7247388 -0.6836119 0.08618761 0.4775615 -0.6771984 0.5597653 0.3110616 -0.6671187 0.6768998 0.4678763 -0.6773422 0.5677142 0.2974108 -0.6652534 0.6848246 0.2133772 -0.8398118 0.4991855 0.3329229 -0.8577616 0.3916725 0.2231875 -0.8418474 0.4914065 0.3383317 -0.8585458 0.3852671 -0.1448858 -0.6500344 0.7459648 -0.1525686 -0.6513481 0.7432823 -0.2974108 -0.6652534 0.6848246 -0.3110616 -0.6671187 0.6768998 0 -1 0 0 -1 0 0 -1 0 0 -1 0 0 0 1 0 0 1 0 0 1 0 0 1 0 -2.38419e-5 -1 0 -2.38419e-5 -1 0 0 -1 0 0 -1 1 0 0 1 0 0 1 0 0 1 0 0 -1 0 0 -1 0 0 -1 0 0 -1 0 0 0 -1 0 0 -1 0 0 -1 0 0 -1 0 0 -1 0 0 -1 0 0 -1 0 0 -1 0 0 -1 0 0 -1 0 0 -1 0 0 -1 0 0 -1 0 0 -1 0 0 -1 0 0 -1 0 0 0 1 0 0 1 0 0 1 0 0 1 -1 0 0 -1 0 0 -1 0 0 -1 0 0 0 0 -1 0 0 -1 0 2.38419e-5 -1 0 0 -1 1 0 0 1 0 0 1 0 0 1 0 0 0 -1 0 0 -1 0 0 -1 0 0 -1 0 0 0 1 0 0 1 0 -2.38419e-5 1 0 0 1 0 2.38419e-5 -1 0 0 -1 0 0 -1 0 0 -1 1 0 0 1 0 0 1 0 0 1 0 0 -1 0 0 -1 0 0 -1 0 0 -1 0 0 0 -1 0 0 -1 0 0 -1 0 0 -1 0 0 -1 0 0 -1 0 0 -1 0 0 -1 0 0 -1 0 0 -1 0 0 -1 0 0 -1 0 0 -1 0 0 -1 0 0 -1 0 0 -1 0 0 0 1 0 0 1 0 0 1 0 -2.38419e-5 1 -1 0 0 -1 0 0 -1 0 0 -1 0 0 0 0 -1 0 0 -1 0 0 -1 0 -2.38419e-5 -1 1 0 0 1 0 0 1 0 0 1 0 0 0 -1 0 0 -1 0 0 -1 0 0 -1 0 0 0 1 0 0 1 0 0 1 0 -2.38419e-5 1 0 2.38419e-5 -1 0 0 -1 0 0 -1 0 0 -1 1 0 0 1 0 0 1 0 0 1 0 0 -1 0 0 -1 0 0 -1 0 0 -1 0 0 0 -1 0 0 -1 0 0 -1 0 0 -1 0 0 -1 0 0 -1 0 0 -1 0 0 -1 0 0 -1 0 0 -1 0 0 -1 0 0 -1 0 0 -1 0 0 -1 0 0 -1 0 0 -1 0 0 0 1 0 0 1 0 0 1 0 -2.38419e-5 1 -1 0 0 -1 0 0 -1 0 0 -1 0 0 0 0 -1 0 0 -1 0 -2.38419e-5 -1 0 -2.38419e-5 -1 1 0 0 1 0 0 1 0 0 1 0 0 0 0 1 0 0 1 0 0 1 0 0 1 0 0.8658238 0.5003491 0 0.8658298 0.5003388 0 0.8658238 0.5003491 0 0.8658267 0.5003439 0 0.8658267 -0.5003439 0 0.8658238 -0.5003491 0 0.8658238 -0.5003491 0 0.8658238 -0.5003491 0 0 -1 0 0 -1 0 0 -1 0 0 -1 0 -0.8666737 -0.4988755 0 -0.8666737 -0.4988755 0 -0.8666767 -0.4988703 0 -0.8666737 -0.4988755 0 -0.8666737 0.4988755 0 -0.8666767 0.4988703 0 -0.8666767 0.4988703 0 -0.8666766 0.4988703 0 0 1 0 0 1 0 0 1 0 0 1 0 0.8658238 0.5003491 0 0.8658238 0.5003491 0 0.8658238 0.5003491 0 0.8658238 0.5003491 0 0.8658298 -0.5003388 0 0.8658238 -0.5003491 0 0.8658298 -0.5003388 0 0.8658238 -0.5003491 0 0 -1 0 0 -1 0 0 -1 0 2.38419e-5 -1 0 -0.8666837 -0.4988581 0 -0.8666778 -0.4988684 0 -0.8666778 -0.4988684 0 -0.8666778 -0.4988684 0 -0.8666778 0.4988684 0 -0.8666837 0.4988581 0 -0.8666778 0.4988684 0 -0.8666778 0.4988684 0 0 1 0 0 1 0 0 1 0 0 1 0 0.8666737 0.4988755 0 0.8666737 0.4988755 0 0.8666767 0.4988703 0 0.8666737 0.4988755 0 0.8658238 -0.5003491 0 0.8658238 -0.5003491 0 0.8658268 -0.500344 0 0.8658298 -0.5003388 0 0 -1 0 0 -1 0 0 -1 0 0 -1 0 -0.8658267 -0.5003439 0 -0.8658238 -0.5003491 0 -0.8658268 -0.500344 0 -0.8658238 -0.5003491 0 -0.8666737 0.4988755 0 -0.8666737 0.4988755 0 -0.8666737 0.4988755 0 -0.8666766 0.4988703 0 0.5902551 0.8072168 0 0.5902551 0.8072168 0 0.5902551 0.8072168 0 0.5902551 0.8072168 0.8663166 0.2953038 0.4028539 0.8663166 0.2953038 0.4028539 0.8663166 0.2953038 0.4028539 0.8663227 0.2952821 0.4028568 0.8663203 -0.2952922 -0.4028543 0.8663227 -0.2952821 -0.4028568 0.8663307 -0.2952719 -0.4028472 0.8663227 -0.2952821 -0.4028568 0 -0.5902649 -0.8072096 0 -0.590265 -0.8072097 0 -0.5902551 -0.8072168 0 -0.5902551 -0.8072168 -0.8663227 -0.2952821 -0.4028568 -0.8663204 -0.2952922 -0.4028544 -0.8663227 -0.2952821 -0.4028568 -0.8663306 -0.2952718 -0.4028471 -0.8663166 0.2953038 0.4028539 -0.8663166 0.2953038 0.4028539 -0.8663227 0.2952821 0.4028568 -0.8663166 0.2953038 0.4028539 0.005874086 0.2544901 0.9670576 0.005874086 0.2544901 0.9670576 0.005874086 0.2544901 0.9670576 0.005874086 0.2544901 0.9670576 0.8686634 0.1252175 0.4793168 0.8686634 0.1252175 0.4793168 0.868666 0.125194 0.4793183 0.8686634 0.1252175 0.4793168 0.8634837 -0.1292229 -0.4875422 0.8634837 -0.1292229 -0.4875422 0.8634837 -0.1292229 -0.4875422 0.863481 -0.1292463 -0.4875407 -0.005874086 -0.2544901 -0.9670576 -0.005874086 -0.2544901 -0.9670576 -0.005874086 -0.2544901 -0.9670576 -0.005874086 -0.2544901 -0.9670576 -0.8686634 -0.1252175 -0.4793168 -0.868666 -0.125194 -0.4793183 -0.8686634 -0.1252175 -0.4793168 -0.8686634 -0.1252175 -0.4793168 -0.8634837 0.1292229 0.4875422 -0.8634811 0.1292463 0.4875408 -0.8634811 0.1292463 0.4875408 -0.8634837 0.1292229 0.4875422 0 -1 0 0 -1 0 0 -1 0 0 -1 0 0 0 1 0 0 1 0 0 1 0 0 1 0 1 0 0 1 0 0 1 0 0 1 0 1 0 0 1 0 0 1 0 0 1 0 0 -1 0 0 -1 0 0 -1 0 0 -1 0 0 0 -1 0 0 -1 0 0 -1 0 0 -1 0 0 0 1 0 0 1 0 0 1 0 0 1 0 1 0 0 1 0 0 1 0 0 1 0 1 0 0 1 0 0 1 0 0 1 0 0 -1 0 0 -1 0 0 -1 0 0 -1 0 0 0 -0.7981264 0.60249 0 -0.7981264 0.60249 0 -0.8499668 0.5268363 0 -0.8499668 0.5268363 0 -0.9490759 0.3150474 0 -0.9490784 0.3150402 0 -0.9686247 0.2485279 0 -0.9686247 0.2485279 0 -0.7981264 0.60249 0 -0.7981264 0.60249 0 -0.8499668 0.5268363 0 -0.8499668 0.5268363 0 -0.9490759 0.3150474 0 -0.9490784 0.3150402 0 -0.9686247 0.2485279 0 -0.9686247 0.2485279 0 2.38413e-5 1 0 0 1 0.1153635 2.38413e-5 0.9933234 0.1153635 0 0.9933234 0.2819522 2.38415e-5 0.9594285 0.2819522 0 0.9594285 0.5011796 2.38413e-5 0.8653433 0.5011796 0 0.8653433 0.7110328 -2.38424e-5 0.7031589 0.7110209 0 0.7031709 0.8827829 0 0.4697812 0.8827829 0 0.4697812 0.9654869 0 0.2604514 0.965481 0 0.2604737 0.9921235 0 0.1252642 0.9921264 0 0.1252407 0.9999503 0.00195503 0.009775151 0.9999503 0.00195503 0.009775151 0.9999982 0.001955031 0 0.999998 0.00195503 0 0 -1 0 0 -1 0 0 -1 0 0 -1 0 0 -1 0 0 -1 0 -1 0 0 -1 0 0 -1 0 0 -0.9961147 -0.08806603 0 -0.9926049 -0.1213904 0 -0.8986963 -0.4385716 0 -0.8986963 -0.4385716 0 -0.5946652 -0.8039734 0 -0.5946652 -0.8039734 0 -0.2212811 -0.9752102 0 -0.2212836 -0.9752095 0 0 -1 0 0 -1 0 0.2212893 -0.9752083 0 0.2212893 -0.9752083 -5.96049e-6 0.5933975 -0.8049096 0 0.5934032 -0.8049054 0 0.8979209 -0.4401568 0 0.8979256 -0.4401472 0 0.998703 -0.05091446 0 0.9987025 -0.05092635 0 1 0 0 1 0 0 1 0 0 1 0 0 0.9989849 -0.04504915 0 0.9989849 -0.04504915 0 0.9036167 -0.428342 0 0.9036167 -0.428342 0 0.5854927 -0.8106776 0 0.5854927 -0.8106776 0 0.2190013 -0.9757246 0 0.2189988 -0.9757252 0 0 -1 0 0 -1 0 -0.2189988 -0.9757252 0 -0.2189988 -0.9757252 0 -0.5867812 -0.8097456 0 -0.5867755 -0.8097497 0 -0.9043771 -0.4267343 0 -0.9043771 -0.4267343 0 -0.9946011 -0.1037719 0 -0.9946024 -0.1037601 0 -1 0 0 -1 0 0 1 0 0 1 0 0 0.9969264 -0.07834458 0 0.9969264 -0.07834458 0 0.8920665 -0.4519043 0 0.8920665 -0.4519043 0 0.6179922 -0.7861844 0 0.6179922 -0.7861844 0 0.2406952 -0.9706008 0 0.2406952 -0.9706008 0 0 -1 0 0 -1 0 -0.2406952 -0.9706008 0 -0.2406952 -0.9706008 0 -0.6179922 -0.7861843 0 -0.6179922 -0.7861843 0 -0.8920665 -0.4519043 0 -0.8920689 -0.4518995 0 -0.9969264 -0.07834458 0 -0.9969264 -0.07834458 0 -1 0 0 -1 0 0 0 0 1 0 0 1 0 0 1 0 0 1 0 0 1 0 0 1 0 0 1 0 0 1 0 0 1 0 0 1 0 0 1 0 0 1 0.0724205 0.9962677 0.04696902 0.07242049 0.9962676 -0.04696901 0.9606304 0.2778292 0 0.9611528 0.2760166 0 0.9972366 -0.07429147 0 0.9972348 -0.07431518 0 0.8979256 -0.4401472 0 0.8979256 -0.4401472 0 0.5889841 -0.8081447 0 0.5889841 -0.8081447 0 0.2212836 -0.9752095 0 0.2212836 -0.9752095 0 0 -1 0 0 -1 0 -0.2212893 -0.9752083 0 -0.2212893 -0.9752083 0 -0.5889879 -0.8081418 0 -0.5889879 -0.8081418 0 -0.8986963 -0.4385716 0 -0.8986963 -0.4385716 0 -0.9972366 -0.07429147 0 -0.9972366 -0.07429147 0 -0.9966114 0.08225423 0 -0.9966134 0.08223055 0 -0.6872554 0.7264158 0 -0.6872554 0.7264158 0 1 0 0 1 0 0 1 0 0 1 0 0 1 0 0 0 -0.5695201 0.8219775 0 -0.5695201 0.8219775 0 -0.759807 0.6501489 0 -0.759807 0.6501489 0 -1 0 0 -1 0 0 -0.3408025 -0.9401349 0 -0.3408025 -0.9401349 0 0.03325341 -0.999447 0 0.03325341 -0.999447 1 0 0 1 0 0 1 0 0 1 0 0 1 0 0 1 0 0 1 0 0 -0.9998147 -0.0175953 -0.007820133 -0.9998147 -0.01759527 -0.00779628 -0.9999809 -0.005865095 -0.001955032 -0.9999902 -0.003957749 -0.001955033 -1 0 0 -1 0 0 -1 0 0 -1 0 0 -1 0 0 -1 0 0 0.305007 0.4125966 0.8583325 0.3050191 0.4125175 0.8583664 0.550017 0.3680081 0.7497009 0.5500463 0.36798 0.7496932 0.7514032 0.289585 0.592903 -0.001959543 -0.523101 -0.8522685 -0.001959494 -0.5231357 -0.8522472 0 -0.4188299 -0.9080647 0 -0.4188299 -0.9080647 0 -0.1214022 -0.9926034 0 -0.1214022 -0.9926034 0 -2.38413e-5 -1 0 -2.38413e-5 -1 0.9999906 0.003862377 0.00195503 0.9999905 0.003910061 0.00195503 0.9999982 0.001955031 0 1 0 0 1 0 0 1 0 0 1 0 0 1 0 0 1 0 0 1 0 0 0 -0.7981207 0.6024976 0 -0.7981207 0.6024976 0 -0.8644845 0.5026594 0 -0.8644845 0.5026594 0 -0.9451006 0.3267797 0 -0.9451006 0.3267797 0 -0.9686247 0.2485279 0 -0.9686247 0.2485279 0 -0.7981207 0.6024976 0 -0.7981207 0.6024976 0 -0.8644845 0.5026594 0 -0.8644845 0.5026594 0 -0.9451006 0.3267797 0 -0.9451006 0.3267797 0 -0.9686247 0.2485279 0 -0.9686247 0.2485279 0.4851735 0.2386588 0.8412186 0.4851708 -0.2386813 0.8412138 0.6953763 0.2389665 0.6777512 0.6953723 -0.238989 0.6777474 0.8552162 0.2426615 0.4579527 0.8552069 -0.2426589 0.4579715 0.9335595 0.2544186 0.2524635 0.9335539 -0.2544409 0.252462 0.9604555 0.2542761 0.1134407 0.9604472 -0.2542977 0.1134636 0.9649257 0.2622599 0.01175401 0.9649197 -0.2622821 0.01175394 0.9633511 -0.2682439 0 0.9633511 0.2682439 0 0.05481266 0.8789576 0.4737397 0 0.8786425 0.4774801 0 0.2448574 0.9695591 0.1134662 0.2464799 0.9624828 0 -0.2448574 0.9695591 0.1134629 -0.2464966 0.9624789 0.03132132 -0.9612041 0.2740541 0 -0.9606291 0.277834 -0.4597012 0.8880737 0 -0.4596963 0.8880762 0 -0.963348 0.268255 0 -0.963351 0.2682439 0 -0.9633511 -0.2682439 0 -0.4597012 0.8880737 0 -0.4596839 0.8880633 0.005865109 -0.964947 0.2622624 0.009775237 -0.9633449 -0.268266 0 -0.9649411 -0.2622847 0.009775177 -0.2581496 -0.966103 0.001955047 -0.2503535 -0.9681545 0 -0.2503535 -0.9681545 0 -0.2503535 -0.9681545 0 0.2425296 -0.9701421 -0.001955018 0.2503535 -0.9681545 0 0.2503535 -0.9681545 0 0.2503535 -0.9681545 0 0.4596786 -0.8880769 -0.003910027 0.4596867 -0.8880812 0 0.4596867 -0.8880812 0 0.4596916 -0.8880786 0 -0.1311925 0.8811451 0.4542816 -0.2328264 0.882381 0.408896 -0.2720698 0.2407563 0.931673 -0.4851735 0.2386588 0.8412186 -0.2720653 -0.2407285 0.9316815 -0.4851708 -0.2386813 0.8412138 -0.1408251 -0.9583688 0.2483901 -0.07829395 -0.9590897 0.2720604 -0.258518 -0.9635714 0.06854554 -0.248659 -0.9593979 0.1331331 -0.9335539 -0.2544409 0.252462 -0.8552069 -0.2426589 0.4579715 -0.9335595 0.2544186 0.2524635 -0.8552163 0.2426616 0.4579528 -0.4049624 0.8881732 0.2171498 -0.4424483 0.8888066 0.1194247 -0.03132132 -0.9612041 0.2740541 0 -0.9606291 0.277834 0 -0.2448574 0.9695591 -0.1134629 -0.2464966 0.9624789 0 0.2448574 0.9695591 -0.1134662 0.2464799 0.9624828 -0.05481266 0.8789576 0.4737397 0 0.8786425 0.4774801 -0.2328263 0.8823808 0.408896 -0.3329092 0.8851511 0.3250831 -0.4851735 0.2386588 0.8412186 -0.6953763 0.2389665 0.6777512 -0.4851708 -0.2386813 0.8412138 -0.6953651 -0.2389627 0.6777642 -0.2052382 -0.9577822 0.2013221 -0.1408251 -0.9583687 0.24839 -0.6533597 -0.7570476 0 -0.6533656 -0.7570425 0 -0.3972237 -0.9177219 0 -0.3972237 -0.9177219 0 0.3972237 -0.9177219 0 0.3972237 -0.9177219 0 0.9765552 -0.2152678 0 0.97655 -0.2152905 0 1 0 0 1 0 0 0 -0.7414443 0.6710145 -0.08219749 -0.7436964 0.663445 -0.05277907 -0.9031152 0.4261425 0 -0.9036053 0.4283662 0.04896052 -0.9204583 -0.3877622 0 -0.9184308 -0.3955818 0 -0.9184308 -0.3955818 0.121366 -0.2153193 -0.9689726 0 -0.2115249 -0.9773727 0.1252377 0 -0.9921268 0 0 -1 0.2564987 -0.2173228 -0.9417958 0.121366 -0.2153193 -0.9689727 0.04896051 -0.9204583 -0.3877621 0.1017433 -0.923522 -0.3698046 0.08219749 -0.7436964 0.663445 0 -0.7414443 0.6710145 0.05277907 -0.9031152 0.4261425 0 -0.9036052 0.4283661 0 -0.9036053 0.4283662 -0.04896052 -0.9204583 -0.3877622 0 -0.9184308 -0.3955818 0 -0.9184308 -0.3955818 -0.121366 -0.2153193 -0.9689727 0 -0.2115249 -0.9773727 0 0 -1 -0.1252377 0 -0.9921268 -0.2564987 -0.2173228 -0.9417958 -0.121366 -0.2153193 -0.9689727 -0.04896051 -0.9204583 -0.3877621 -0.1017433 -0.923522 -0.3698046 0 -1 0 0 -1 0 -0.2503535 -0.9681545 0 -0.2503535 -0.9681545 0 0.2503535 -0.9681545 0 0.2503535 -0.9681545 0 0.9633468 -0.268252 -0.001961002 0.9633479 -0.2682549 0 0.4596785 -0.8880768 -0.003910027 0.4544147 -0.8892192 -0.05288203 0.2425296 -0.9701421 -0.001955018 0.2290589 -0.9730264 -0.02741792 -0.2581496 -0.966103 0.001955047 -0.2639771 -0.9640217 0.03128052 -0.964941 -0.2622847 0.009775176 -0.9604472 -0.2542977 0.1134636 -0.9649471 0.2622625 0.009775238 -0.9604555 0.2542761 0.1134408 -0.4544003 0.8892266 0.05288105 -0.4596839 0.8880633 0.005865109 0.9633511 0.2682439 0 0.4596963 0.8880762 0 0.963351 0.2682439 0 0.4597012 0.8880737 0 0.963351 -0.2682439 0 0.9633511 0.2682439 0 0.9633479 -0.2682549 0 0.2503535 -0.9681545 0 0.963348 -0.268255 0 0.2503535 -0.9681545 0 -0.2503535 -0.9681545 0 -0.2503535 -0.9681545 0 -0.4596965 -0.8880762 0 0 -1 0 0.03132132 -0.9612041 0.2740541 0.07829396 -0.9590898 0.2720604 0.1134629 -0.2464966 0.9624789 0.2720653 -0.2407285 0.9316814 0.1134662 0.2464799 0.9624828 0.2720697 0.2407563 0.9316729 0.1311925 0.8811452 0.4542816 0.05481266 0.8789576 0.4737397 -0.3329092 0.8851511 0.3250831 -0.4049624 0.8881732 0.2171498 -0.6953763 0.2389665 0.6777512 -0.8552162 0.2426615 0.4579527 -0.6953651 -0.2389627 0.6777642 -0.8552069 -0.2426589 0.4579716 -0.248659 -0.9593979 0.1331331 -0.2052382 -0.9577822 0.2013221 0.4544147 -0.8892192 -0.05288203 0.4426432 -0.8892204 -0.1155603 0.2290589 -0.9730264 -0.02741792 0.2231828 -0.9730062 -0.05872227 0.2231828 -0.9730062 -0.05872227 -0.2639771 -0.9640217 0.03128052 -0.258518 -0.9635714 0.06854554 -0.258518 -0.9635715 0.06854554 -0.9604472 -0.2542977 0.1134636 -0.9335539 -0.2544409 0.252462 -0.9604555 0.2542761 0.1134408 -0.9335595 0.2544186 0.2524635 -0.4424483 0.8888066 0.1194247 -0.45441 0.8892216 0.05288217 0 1 0 0 1 0 0 1 0 0 1 0 0 1 0 0 1 0 0 1 0 0 1 0 0 1 0 0 1 0 0 1 0 0 1 0 0 1 0 0 1 0 0 1 0 0 1 0 0 1 0 0 1 0 0 1 0 1 0 0 1 0 0 0.9999982 0 0.001955031 0.9999982 0 0.001955031 0.9926063 0 0.1213787 0.9926063 0 0.1213787 0.9665914 0 0.2563224 0.9665914 0 0.2563224 0.8848287 0 0.4659165 0.8848287 0 0.4659165 0.7119864 0 0.7021933 0.7119864 0 0.7021933 0.4988729 0 0.8666753 0.4988626 0 0.8666811 0.2801566 0 0.9599544 0.280163 0 0.9599525 0.1172917 0 0.9930975 0.1172917 0 0.9930975 0 -2.38419e-5 1 0 0 1 -1 0 0 -1 0 0 -0.9999982 0 0.001955031 -0.9999982 0 0.001955031 -0.9926063 0 0.1213787 -0.9926063 0 0.1213787 -0.9665914 0 0.2563224 -0.9665914 0 0.2563224 -0.8848287 0 0.4659165 -0.8848287 0 0.4659165 -0.7119864 0 0.7021933 -0.7119864 0 0.7021933 -0.4988626 0 0.8666811 -0.4988729 0 0.8666753 -0.280163 0 0.9599525 -0.2801566 0 0.9599544 -0.1172917 0 0.9930975 -0.1172917 0 0.9930975 0 0 1 0 -2.38419e-5 1 0.6575335 0 0.7534254 0.6575335 0 0.7534253 0.9069828 0 0.4211677 0.9069828 0 0.4211677 0.9069828 0 -0.4211677 0.9069828 0 -0.4211677 0.6575335 0 -0.7534254 0.6575335 0 -0.7534253 0 1 -2.38419e-5 0 1 2.38419e-5 0 1 0 0 1 0 0 1 -2.38419e-5 0 1 0 0 1 -2.38419e-5 0 1 0 0 1 0 0 1 2.38419e-5 -0.2133772 -0.8398118 0.4991855 -0.2171751 -0.8413122 0.4950038 -0.3329229 -0.8577616 0.3916725 -0.2231875 -0.8418474 0.4914065 -0.3383317 -0.8585458 0.3852671 -0.2231875 -0.8418474 0.4914065 -0.2171751 -0.8413122 0.4950038 -0.113411 -0.8290808 0.5475062 -0.2133773 -0.8398119 0.4991856 -0.1055665 -0.8289041 0.5493394 1 0 0 1 0 0 1 0 0 1 0 0 1 0 0 1 0 0 1 0 0 1 0 0 1 0 0 1 0 0 1 0 0 1 0 0 1 0 0 1 0 0 1 0 0 1 0 0 1 0 0 1 0 0 -1 0 0 -1 0 0 -1 0 0 -1 0 0 -1 0 0 -1 0 0 1 0 0 1 0 0 1 0 0 1 0 0 1 0 0 1 0 0 -1 0 0 -1 0 0 -1 0 0 -1 0 0 -1 0 0 -1 0 0 1 0 0 1 0 0 1 0 0 1 0 0 1 0 0 1 0 0 -1 0 0 -1 0 0 -1 0 0 -1 0 0 -1 0 0 -1 0 0 1 0 0 0.9999982 0 -0.001955031 1 0 0 0.9999982 0 -0.001955031 0.9921234 0 -0.1252649 0.9921263 0 -0.1252414 0.9670758 0 -0.2544886 0.9670758 0 -0.2544886 0.8880872 0 -0.459675 0.8880776 0 -0.4596939 0.7129534 0 -0.7012113 0.7129654 2.38422e-5 -0.7011992 0.4950827 0 -0.8688459 0.4950827 0 -0.8688459 0.2760096 0 -0.9611549 0.2760032 0 -0.9611567 0.1194542 2.38423e-5 -0.9928398 0.1194542 0 -0.9928398 0 0 -1 0 -2.38413e-5 -1 -0.1153635 0 0.9933234 0 0 1 0 2.38413e-5 1 -0.1153635 2.38413e-5 0.9933234 -0.2819522 0 0.9594285 -0.2819522 2.38415e-5 0.9594285 -0.5011796 0 0.8653433 -0.5011796 2.38413e-5 0.8653433 -0.7110209 0 0.703171 -0.7110328 -2.38424e-5 0.7031589 -0.8827829 0 0.4697812 -0.8827829 0 0.4697812 -0.965481 0 0.2604737 -0.9654869 0 0.2604514 -0.9921264 0 0.1252407 -0.9921235 0 0.1252642 -0.9999982 0 0.001955031 -0.9999982 0 0.001955031 -1 0 0 -1 0 0 0 0 1 0 0 1 0 0 1 0 0 1 0 0 1 0 0 1 0 0 1 0 0 1 0 0 1 0 0 1 0 0 1 0 0 1 0 0 -1 0 0 -1 0 0 -1 0 0 -1 0 0 -1 0 0 -1 0 0 -1 0 0 -1 0 0 -1 0 0 -1 0 0 -1 1 0 0 1 0 0 1 0 0 0.9961147 -0.08806603 0 0.9926049 -0.1213904 0 0.8986963 -0.4385716 0 0.8986963 -0.4385716 0 0.5946652 -0.8039734 0 0.5946652 -0.8039734 0 0.2212811 -0.9752102 0 0.2212836 -0.9752095 0 0 -1 0 0 -1 0 -0.2212893 -0.9752083 0 -0.2212893 -0.9752083 -5.96049e-6 -0.5933975 -0.8049096 0 -0.5934032 -0.8049054 0 -0.8979209 -0.4401568 0 -0.8979256 -0.4401472 0 -0.998703 -0.05091446 0 -0.9987025 -0.05092635 0 -1 0 0 -1 0 0 -0.9989849 -0.04504915 0 -1 0 0 -1 0 0 -0.9989849 -0.04504915 0 -0.9036167 -0.428342 0 -0.9036167 -0.428342 0 -0.5854927 -0.8106776 0 -0.5854927 -0.8106776 0 -0.2190013 -0.9757246 0 -0.2189988 -0.9757252 0 0 -1 0 0 -1 0 0.2189988 -0.9757252 0 0.2189988 -0.9757252 0 0.5867812 -0.8097456 0 0.5867755 -0.8097497 0 0.9043771 -0.4267343 0 0.9043771 -0.4267343 0 0.9946011 -0.1037719 0 0.9946024 -0.1037601 0 1 0 0 1 0 0 -0.9969264 -0.07834458 0 -1 0 0 -1 0 0 -0.9969264 -0.07834458 0 -0.8920665 -0.4519043 0 -0.8920665 -0.4519043 0 -0.6179922 -0.7861844 0 -0.6179922 -0.7861844 0 -0.2406952 -0.9706008 0 -0.2406952 -0.9706008 0 0 -1 0 0 -1 0 0.2406952 -0.9706008 0 0.2406952 -0.9706008 0 0.6179922 -0.7861843 0 0.6179922 -0.7861843 0 0.8920665 -0.4519043 0 0.8920689 -0.4518995 0 0.9969264 -0.07834458 0 0.9969264 -0.07834458 0 1 0 0 1 0 0 0 0 -1 0 0 -1 0 0 -1 0 0 -1 0 0 -1 0 0 -1 0 0 -1 0 0 -1 0 0 -1 0 0 -1 0 0 -1 -0.1761331 0.9843665 0 0.1761331 0.9843664 0 -0.176129 0.9843671 1.19207e-5 0.1761289 0.9843671 1.19207e-5 0.9611524 0.2760182 0 0.9611524 0.2760182 0 0.9966134 -0.08223055 0 0.9966134 -0.08223055 0 0.8979162 -0.4401665 0 0.8979162 -0.4401665 0 0.6046894 -0.7964614 0 0.6046894 -0.7964614 0 0.2212841 -0.9752094 0 0.2212841 -0.9752094 0 0 -1 0 0 -1 0 -0.2212836 -0.9752095 0 -0.2212836 -0.9752095 0 -0.6046894 -0.7964615 0 -0.6046894 -0.7964615 0 -0.8986963 -0.4385716 0 -0.8986963 -0.4385716 0 -0.9966134 -0.08223055 0 -0.9966134 -0.08223055 0 -0.9611529 0.2760167 0 -0.9611529 0.2760167 0 -0.176129 0.9843671 1.19207e-5 -0.1761331 0.9843665 0 0 2.38419e-5 1 0 -2.38419e-5 1 0 0 1 0 0 1 0 0 1 0 0 1 0 0 1 0 0 1 0 0 1 0 -2.38419e-5 1 0 -2.38419e-5 1 0 0 1 0 0 1 -0.1761331 0.9843665 0 0.1761331 0.9843664 0 -0.1761331 0.9843664 0 0.1761331 0.9843664 0 0.9611588 0.2759962 0 0.9611588 0.2759962 0 0.9966134 -0.08223055 0 0.9966134 -0.08223055 0 0.8979256 -0.4401472 0 0.8979256 -0.4401472 0 0.6046894 -0.7964614 0 0.6046894 -0.7964614 0 0.2212893 -0.9752083 0 0.2212893 -0.9752083 0 0 -1 0 0 -1 0 -0.2212785 -0.9752107 0 -0.2212785 -0.9752107 0 -0.6046894 -0.7964615 0 -0.6046894 -0.7964615 0 -0.8986963 -0.4385716 0 -0.8986963 -0.4385716 0 -0.9966134 -0.08223055 0 -0.9966134 -0.08223055 0 -0.9611592 0.2759946 0 -0.9611592 0.2759946 0 -0.1761331 0.9843664 0 -0.1761331 0.9843665 0 -0.20364 0.9790458 0 0.2036458 0.9790447 0 -0.20364 0.9790458 0 0.2036458 0.9790447 0 0.9523348 0.3050551 0 0.9523348 0.3050551 0 0.996283 -0.08614092 0 0.996285 -0.08611725 0 0.8998343 -0.436232 0 0.8998437 -0.4362127 0 0.6012543 -0.7990578 0 0.6012543 -0.7990578 0 0.24253 -0.9701439 0 0.24253 -0.9701439 0 0 -1 0 0 -1 0 -0.2425356 -0.9701425 0 -0.2425412 -0.9701411 0 -0.6012505 -0.7990606 0 -0.6012505 -0.7990606 0 -0.8998343 -0.436232 0 -0.8998343 -0.436232 0 -0.9962851 -0.08611674 0 -0.996283 -0.08614041 0 -0.9523342 0.3050569 0 -0.9523342 0.3050569 0 -0.20364 0.9790458 0 -0.20364 0.9790458 0 -1 0 0 -1 0 0 -1 0 0 -1 0 0 -1 0 0 -1 0 0 -1 0 0 -1 0 0 -1 0 0 -1 0 0 -1 0 0 -1 0 0 0 0.4346384 0.900605 0 0.2796173 0.9601116 0 0.4346384 0.9006051 0 0.2796612 0.9600987 0 -0.01370877 0.999906 0 -0.0137091 0.999906 0 -0.369717 0.9291444 0 -0.369717 0.9291444 0 -0.7235293 0.6902937 0 -0.7235293 0.6902937 0 -0.8219879 0.569505 0 -0.8219879 0.569505 0 -0.8880787 0.4596914 0 -0.8880787 0.4596914 0 -0.9177321 0.3972 0 -0.9177073 0.3972575 -0.001958709 -0.9166965 0.3995796 -0.001958709 -0.9166965 0.3995796 -0.001958756 -0.9265654 0.3761289 -0.001958756 -0.9265653 0.3761288 0 -0.3972461 0.9177122 0 -0.7758734 0.6308888 0 -0.7758732 0.6308888 0 -0.3972461 0.9177122 0 0 1 0 0 1 0 0.7080956 0.7061166 0 0.7080956 0.7061166 0 0.9542005 0.2991681 0 0.9542004 0.2991681 0.1311925 0.8811451 0.4542816 0.2720698 0.2407563 0.931673 0.2328192 0.8823776 0.4089073 0.4851735 0.2386588 0.8412186 0.2720653 -0.2407285 0.9316815 0.4851708 -0.2386813 0.8412138 0.1408187 -0.9583727 0.2483787 0.07829395 -0.9590897 0.2720604 -1 0 0 -0.999998 0 0.00195503 -0.9765529 -0.2152686 0.001955037 -0.9765525 -0.2152792 0 -1 0 0 -0.9765552 -0.2152678 0 -0.9765529 -0.2152686 0.001955037 -0.3972237 -0.9177219 0 -0.3972237 -0.9177219 0 -0.3972237 -0.9177219 0 0.3955718 -0.9184351 0 0.3955717 -0.9184351 0 0.3955717 -0.918435 0 0 -1 0 0.6512772 -0.75884 0 0 -1 0 -0.03132132 -0.9612041 0.2740541 -0.1134629 -0.2464966 0.9624789 -0.07829396 -0.9590898 0.2720604 -0.2720653 -0.2407285 0.9316814 -0.1134662 0.2464799 0.9624828 -0.2720697 0.2407563 0.9316729 -0.1311925 0.8811452 0.4542816 -0.05481266 0.8789576 0.4737397 0 -1 0 0 -1 0 0 -1 0 0 -1 0 0 -1 0 0 -1 0 0 -1 0 0 -1 0 0 -1 0 0 -1 0 0 -1 0 0 -1 0 0 -1 0 0 -1 0 0 -1 0 0 -1 4.76849e-5 0 -1 0 0 -1 0 0 -1 0 0 -1 0 0 -1 4.76849e-5 0 -1 0 0 -1 0 0 -1 0 0 -1 0 0 -1 0 0 -1 0 0 -1 0 0 -1 0 0 -1 0 0 -1 0 0 -1 0 0 -1 0 0 -1 0 0 -1 0 0 -1 0 0 -1 0 0 -1 0 0 -1 0 0 -1 0 0 -1 0 0 -1 0 0 -1 0 0 -1 0 0 -1 0 0 -1 0 0 -1 0 1 0 0 1 0 0 1 0 0 1 0 0 1 0 0 1 0 0 0 -0.8072168 0.5902551 0 -0.8072168 0.5902551 0 -0.8072168 0.5902551 0 -0.8072168 0.5902551 0 -0.8072252 0.5902438 0 -0.807225 0.5902437 0 -0.9670758 0.2544886 0 -0.9670757 0.2544886 0 -0.9670758 0.2544886 0 -0.9670758 0.2544886 0 -0.9670758 0.2544886 0 -0.9670757 0.2544886 0 -2.38413e-5 -1 -0.1194542 2.38423e-5 -0.9928398 0 0 -1 -0.1194486 0 -0.9928404 -0.2760032 0 -0.9611567 -0.2760096 0 -0.9611549 -0.4950827 0 -0.8688459 -0.4950827 0 -0.8688459 -0.7129416 -2.38414e-5 -0.7012236 -0.7129535 0 -0.7012114 -0.8880872 0 -0.459675 -0.8880776 0 -0.4596939 -0.9670758 0 -0.2544886 -0.9670758 0 -0.2544886 -0.9921234 0 -0.1252649 -0.9921263 0 -0.1252414 -0.9999694 0 -0.00782013 -0.9999694 0 -0.00782013 -1 0 0 -1 0 0 -1 0 0 -1 0 0 -1 0 0 -1 0 0 0 0 1 0 0 1 0 0 1 0 0 1 0 2.38419e-5 1 0 0 1 0 0 1 0 0 -1 0 0 -1 0 0 -1 0 0 -1 0 0 -1 0 0 -1 0.9987035 0 -0.05090226 0.9918807 0 -0.1271724 0.9987037 0 -0.05090227 0.9918807 0 -0.1271724 0.9798961 0 -0.199509 0.9798959 0 -0.199509 -0.9918807 0 -0.1271724 -0.9987035 0 -0.05090226 -0.9987037 0 -0.05090227 -0.9918807 0 -0.1271724 -0.9798961 0 -0.199509 -0.9798959 0 -0.199509 -0.8920689 0 -0.4518995 -0.9523342 0 -0.3050569 -0.9523342 0 -0.3050569 -0.8920689 0 -0.4518995 -0.8235327 0 -0.5672688 -0.8235327 0 -0.5672688 0.9523342 0 -0.3050569 0.8920689 0 -0.4518995 0.9523342 0 -0.3050569 0.8920689 0 -0.4518995 0.8235327 0 -0.5672688 0.8235327 0 -0.5672688 0.1821619 0 -0.9832686 0.1271621 0 -0.991882 0.1821619 0 -0.9832686 0.1271621 0 -0.991882 0.0567721 0 -0.9983872 0.05677209 0 -0.9983871 0.991381 0 -0.1310111 0.9983875 0 -0.05676733 0.9983875 0 -0.05676733 0.991381 0 -0.1310111 0.9665851 -2.38417e-5 -0.2563462 0.9665909 0 -0.2563239 0.8986963 0 -0.4385716 0.8986869 -2.38416e-5 -0.4385909 0.7100213 -2.38414e-5 -0.7041802 0.7100333 0 -0.7041682 0.4581496 0 -0.8888751 0.4581496 0 -0.8888751 0.2448434 0 -0.9695627 0.2448434 0 -0.9695627 0.1134389 0 -0.9935451 0.1134389 0 -0.9935451 0 2.38424e-5 -1 0 0 -1 -0.1134389 0 -0.9935451 -0.1134389 0 -0.9935451 -0.2448434 0 -0.9695626 -0.2448434 0 -0.9695626 -0.4581496 0 -0.8888751 -0.4581496 0 -0.8888751 -0.7100452 2.38422e-5 -0.7041562 -0.7100333 0 -0.7041682 -0.8986963 0 -0.4385716 -0.8986869 -2.38416e-5 -0.4385909 -0.9665851 -2.38417e-5 -0.2563462 -0.9665909 0 -0.2563239 -0.991381 0 -0.1310111 -0.991381 0 -0.1310111 -0.9983875 0 -0.05676733 -0.9983875 0 -0.05676733 -1 0 0 -0.735943 -0.5793406 0.3503605 -0.9986097 -0.02739431 -0.04503729 -0.6461528 -0.6696477 0.3661402 0.7576349 -0.5579306 0.3386781 -0.6225225 -0.4052334 -0.669516 0.8181573 -0.4482266 0.3601548 1 0 0 0.9958268 0.04696843 0.07824893 -0.2698136 -0.9463311 0.1779273 0 -0.5185152 -0.8550684 0.5502402 -0.03719324 0.8341777 0.6220356 0.4068623 0.6689804 0 -0.9894802 0.1446682 0.6225225 -0.4052334 -0.669516 0 0.06065343 0.9981589 0 0.5185152 0.8550684 0.2698136 -0.9463311 0.1779273 0.9986097 -0.02739431 -0.04503729 -0.5442357 -0.04107855 0.8379261 -0.6164652 0.4050978 0.6751789 -0.9956713 0.04696841 0.08020391 0.6461528 -0.6696477 0.3661402 1 0 0 0.735943 -0.5793405 0.3503605 -0.7576349 -0.5579306 0.3386781 -0.8213092 -0.4458446 0.3559127 -1 0 0 -0.4636102 0.755073 0.4636057 -0.4636103 -0.755073 0.4636058 -0.4186399 0.8627161 0.283658 -0.4186399 -0.8627159 0.283658 0.5087027 -0.6945781 -0.5087072 -0.4033148 0.8947198 -0.1918687 0.7115412 -0.5825224 -0.3929081 0.5086985 0.6945843 -0.5087029 -0.4033105 -0.8947222 -0.1918667 -0.1918675 0.8947212 -0.4033124 0.7521585 -0.5504072 0.3623664 -0.1918675 -0.8947212 -0.4033124 0.2836581 0.8627166 -0.4186386 0.7115412 0.5825224 -0.3929081 -0.4636102 0.755073 0.4636057 -0.4186399 0.862716 0.283658 0.7521585 0.5504072 0.3623665 -0.4033148 0.8947198 -0.1918687 0.3623706 -0.5503992 0.7521624 0.3623682 0.5504075 0.7521576 -0.1918655 0.8947236 -0.4033081 0.2836581 0.8627165 -0.4186386 0.2836581 -0.8627165 -0.4186386 0.4636097 0.7550734 -0.463606 0.4636097 -0.7550734 -0.463606 -0.5087075 -0.6945716 0.5087112 -0.3929117 -0.5825272 0.7115353 -0.3929117 0.5825272 0.7115353 -0.5087032 0.6945778 0.508707 0.4636096 0.7550732 -0.4636059 0 5.96043e-6 -1 0 5.96043e-6 -1 0 0 -1 0 0 -1 0 5.96045e-6 -1 0 0 -1 0 0 -1 0 5.96043e-6 -1 0 0 -1 0 5.96045e-6 -1 0 5.96045e-6 -0.9999999 0 0 -0.9999999 0 0 1 0 0 1 -0.4538981 0.4852023 0.7473656 -0.7336693 0.1995552 0.6495438 -0.4539034 0.4851841 -0.7473742 -0.5830497 -0.08413748 0.8080681 -0.001955051 -0.1095782 0.9939763 -0.7494223 0.2034906 -0.630046 -0.4698625 -0.6949888 0.5442609 -0.003921997 -0.7871174 0.6167907 0 -1 0 0 0 -1 0 0 -1 -0.7865301 0.03912445 -0.6163114 0 0.06456302 -0.9979136 -0.9015072 0.3383155 -0.2698657 0 0.7827795 -0.6222992 -0.4674397 -0.8840251 0 0 -0.7827795 -0.6222992 -0.9211554 0.3891951 0 0 1 0 -0.4659292 -0.6930346 -0.5501028 0 -0.1076468 -0.9941892 -0.9015144 0.3382944 0.2698678 0 0.7827795 0.6222992 -0.5873817 -0.08614089 -0.8047127 0 0 -1 -0.7865301 0.03912445 0.6163114 0 0.06456303 0.9979137 0 0 1 -0.7336693 0.1995552 -0.6495438 -0.4538981 0.4852023 -0.7473655 0 0 -1 -0.7494187 0.2035134 0.6300429 -0.4538981 0.4852023 0.7473656 0 0 1 -0.1918329 -0.1135105 -0.9748413 -0.005869534 -0.1271717 -0.9918634 0.7084048 -0.1780746 0.682973 0.7965585 -0.3170713 0.5147431 0 0 -1 -0.7626426 0.4302032 0.483013 -0.7515159 0.4403558 0.491234 -0.1918329 -0.1135105 -0.9748413 -0.005869534 -0.1271717 -0.9918634 -0.7785435 0.3834007 0.496864 0 0 -1 0.7785435 -0.3834007 0.496864 0.007835038 0.182152 -0.9832392 -0.812207 0.3052966 0.4971054 0.007835038 0.182152 -0.9832392 0.172214 0.2563689 -0.9511138 -0.683383 0.04894739 0.7284173 0.7653164 -0.4619353 0.4482262 0.172214 0.2563689 -0.9511138 0.6806692 -0.4909292 0.5437629 -0.2251669 -0.07831994 -0.9711673 -0.009791489 -0.1194469 -0.9927923 0.6928422 -0.2368215 0.6810912 0.7715483 -0.3916497 0.501322 0 0.001955031 -0.9999982 -0.7359113 0.4932162 0.4638668 -0.7417711 0.4971257 0.4501574 -0.2251669 -0.07831995 -0.9711674 -0.009791489 -0.1194469 -0.9927923 -0.745962 0.4640328 0.477718 0 0.001955031 -0.9999982 0.7459702 -0.4640141 0.4777232 0.003916017 0.08416158 -0.9964445 -0.7574389 0.4090553 0.5088812 0.003916017 0.08416158 -0.9964445 0.7305852 -0.4798864 0.4857515 0.2465231 -0.03521417 -0.968497 0.7747953 -0.495005 0.3932717 -0.6912937 0.3309603 0.6423226 0.246523 -0.03521417 -0.9684969 -0.005871071 0.06065382 -0.9981416 -0.1429071 0.04699199 -0.9886199 0.7514547 0.1682992 0.6379588 0.8101805 0.2230886 0.5420694 0.01174059 -0.007820104 -0.9999005 -0.7998132 -0.285506 0.5280012 -0.8111916 -0.289286 0.5082144 -0.1429072 0.04699199 -0.98862 -0.005871071 0.06065382 -0.9981416 -0.8108128 -0.2467638 0.5307449 0.01174059 -0.007820104 -0.9999005 0.8139058 0.258255 0.5204439 0.01956968 -0.1232862 -0.9921782 -0.8301701 -0.1370665 0.5403984 0.01956968 -0.1232862 -0.9921783 0.09396526 -0.1820579 -0.9787878 -0.7395101 -0.01368519 0.6730064 0.8180462 0.2681248 0.5088316 0.09396526 -0.1820579 -0.9787878 0.7615945 0.2780193 0.5853879 0.01370602 -0.1194471 -0.992746 0.168287 -0.135017 -0.9764476 -0.716873 -0.1370905 0.6835929 -0.8045697 -0.2819049 0.5226827 0.01565211 0.001955024 -0.9998757 0.7773552 0.3974909 0.4875653 0.7559631 0.4014947 0.5170317 0.168287 -0.135017 -0.9764476 0.01370602 -0.1194471 -0.992746 0.7769097 0.3914082 0.4931643 0.01565211 0.001955024 -0.9998757 -0.7714201 -0.3817806 0.5090725 0.007823084 0.1290794 -0.9916035 0.7824928 0.3853798 0.489068 0.007823084 0.1290794 -0.9916035 -0.7398909 -0.4815304 0.4697765 -0.2307731 0.07627071 -0.9700137 -0.7374849 -0.5105513 0.4421012 0.6885622 0.2445212 0.682709 -0.2307731 0.07627071 -0.9700137 -0.1096037 -0.1741894 -0.9785935 -0.7615357 0.3054124 0.5716528 -0.8106222 0.2858644 0.5110511 -0.007824636 -0.1271731 -0.9918498 0.7352399 -0.04105581 0.6765625 -0.8197701 0.2347739 0.5223584 0 0 -1 0.8315143 -0.1526117 0.534129 -0.1096037 -0.1741894 -0.9785935 -0.007824636 -0.1271731 -0.9918498 0 0 -1 0.8197599 -0.234771 0.5223756 0.007833627 0.1605767 -0.9869923 -0.8408469 0.1427411 0.5221126 0.007833627 0.1605767 -0.9869924 0.1036909 0.2504342 -0.9625648 -0.7126966 -0.02741851 0.7009364 0.8150992 -0.3049367 0.4925717 0.1036909 0.2504342 -0.9625648 0.7224557 -0.3484963 0.5971668 0.8318175 0.1976733 0.5186569 0.7614414 0.2172935 0.6107296 0.05482848 -0.195812 -0.9791075 -0.7480969 0.04701617 0.6619219 0.01760886 -0.1252185 -0.991973 -0.8370782 -0.06062981 0.5437132 0.05482848 -0.195812 -0.9791075 0.01760886 -0.1252185 -0.991973 0.007827661 0.003910105 -0.9999617 0.833503 0.1741411 0.5243544 0.007827661 0.003910105 -0.9999617 -0.8282463 -0.1742604 0.53258 0.0136897 0.1994849 -0.9798052 0.8547794 0.1290802 0.5026833 0.0136897 0.1994849 -0.9798053 -0.1115316 0.3072008 -0.9450864 0.6907058 -0.06651862 0.72007 -0.8138055 -0.3169284 0.4871109 -0.1115316 0.3072008 -0.9450864 -0.6853137 -0.4053118 0.6050352 -0.03329515 -0.1997702 -0.979277 -0.7602 0.1841786 0.6230363 -0.8366292 0.1466035 0.527787 -0.007823271 -0.1290794 -0.9916035 0.7521015 0.08030082 0.654137 -0.8404975 0.0938413 0.533627 -0.001956893 0 -0.9999982 -0.001955058 0.2111224 -0.9774576 0.8415415 -0.005865092 0.5401607 -0.03329515 -0.1997702 -0.979277 -0.007823271 -0.1290794 -0.9916035 -0.8644834 0.001955031 0.5026577 0.04698031 0.3699774 -0.9278522 -0.6731732 -0.2054686 0.7103664 0.8399225 -0.09396075 0.5345106 -0.001956893 0 -0.9999982 -0.001955058 0.2111224 -0.9774576 0.8455832 -0.2133603 0.4893532 0.6657175 -0.3485261 0.6598105 0.04698031 0.3699774 -0.9278522 0 -1 0 0 -1 0 0 -1 0 0 -1 0 0 -1 0 0 -1 0 0 -1 0 0 -1 0 0 -1 0 0 -1 0 0 -1 0 0 -1 0 0 -1 0 0 -1 0 0 -1 0 0 -1 0 0 -1 0 0 -1 0 0 -1 0 0 -1 0 0 -1 0 0 -1 0 0 -1 0 0 -1 0 0 -1 0 0 -1 0 0 -1 0 0 -1 0 0 -1 0 0 -1 0 0 -1 0 0 -1 0 0 -1 0 0 -1 0 0 -1 0 0 -1 0 0 -1 0 0 -1 0 0 -1 0 0 -1 0 0 -1 0 0 -1 0 0 -1 0 0 -1 0 0 -1 0 0 -1 0 0 -1 0 0 -1 0 0 -1 0 0 -1 0 0 -1 0 0 -1 0 0 -1 0 0 -1 0 0 -1 0 0 -1 0 0 -1 0 0 -1 0 0 -1 0 0 -1 0 0 -1 0</float_array>
          <technique_common>
            <accessor source="#geom-AccessoryB1__colorsample-normals-array" count="3915" stride="3">
              <param name="X" type="float"/>
              <param name="Y" type="float"/>
              <param name="Z" type="float"/>
            </accessor>
          </technique_common>
        </source>
        <source id="geom-AccessoryB1__colorsample-map-2">
          <float_array id="geom-AccessoryB1__colorsample-map-2-array" count="21333">1 1 1 1 1 1 1 1 1 1 1 1 1 1 1 1 1 1 1 1 1 1 1 1 1 1 1 1 1 1 1 1 1 1 1 1 1 1 1 1 1 1 1 1 1 1 1 1 1 1 1 1 1 1 1 1 1 1 1 1 1 1 1 1 1 1 1 1 1 1 1 1 1 1 1 1 1 1 1 1 1 1 1 1 1 1 1 1 1 1 1 1 1 1 1 1 1 1 1 1 1 1 1 1 1 1 1 1 1 1 1 1 1 1 1 1 1 1 1 1 1 1 1 1 1 1 1 1 1 1 1 1 1 1 1 1 1 1 1 1 1 1 1 1 1 1 1 1 1 1 1 1 1 1 1 1 1 1 1 1 1 1 1 1 1 1 1 1 1 1 1 1 1 1 1 1 1 1 1 1 1 1 1 1 1 1 1 1 1 1 1 1 1 1 1 1 1 1 1 1 1 1 1 1 1 1 1 1 1 1 1 1 1 1 1 1 1 1 1 1 1 1 1 1 1 1 1 1 1 1 1 1 1 1 1 1 1 1 1 1 1 1 1 1 1 1 1 1 1 1 1 1 1 1 1 1 1 1 1 1 1 1 1 1 1 1 1 1 1 1 1 1 1 1 1 1 1 1 1 1 1 1 1 1 1 1 1 1 1 1 1 1 1 1 1 1 1 1 1 1 1 1 1 1 1 1 1 1 1 1 1 1 1 1 1 1 1 1 1 1 1 1 1 1 1 1 1 1 1 1 1 1 1 1 1 1 1 1 1 1 1 1 1 1 1 1 1 1 1 1 1 1 1 1 1 1 1 1 1 1 1 1 1 1 1 1 1 1 1 1 1 1 1 1 1 1 1 1 1 1 1 1 1 1 1 1 1 1 1 1 1 1 1 1 1 1 1 1 1 1 1 1 1 1 1 1 1 1 1 1 1 1 1 1 1 1 1 1 1 1 1 1 1 1 1 1 1 1 1 1 1 1 1 1 1 1 1 1 1 1 1 1 1 1 1 1 1 1 1 1 1 1 1 1 1 1 1 1 1 1 1 1 1 1 1 1 1 1 1 1 1 1 1 1 1 1 1 1 1 1 1 1 1 1 1 1 1 1 1 1 1 1 1 1 1 1 1 1 1 1 1 1 1 1 1 1 1 1 1 1 1 1 1 1 1 1 1 1 1 1 1 1 1 1 1 1 1 1 1 1 1 1 1 1 1 1 1 1 1 1 1 1 1 1 1 1 1 1 1 1 1 1 1 1 1 1 1 1 1 1 1 1 1 1 1 1 1 1 1 1 1 1 1 1 1 1 1 1 1 1 1 1 1 1 1 1 1 1 1 1 1 1 1 1 1 1 1 1 1 1 1 1 1 1 1 1 1 1 1 1 1 1 1 1 1 1 1 1 1 1 1 1 1 1 1 1 1 1 1 1 1 1 1 1 1 1 1 1 1 1 1 1 1 1 1 1 1 1 1 1 1 1 1 1 1 1 1 1 1 1 1 1 1 1 1 1 1 1 1 1 1 1 1 1 1 1 1 1 1 1 1 1 1 1 1 1 1 1 1 1 1 1 1 1 1 1 1 1 1 1 1 1 1 1 1 1 1 1 1 1 1 1 1 1 1 1 1 1 1 1 1 1 1 1 1 1 1 1 1 1 1 1 1 1 1 1 1 1 1 1 1 1 1 1 1 1 1 1 1 1 1 1 1 1 1 1 1 1 1 1 1 1 1 1 1 1 1 1 1 1 1 1 1 1 1 1 1 1 1 1 1 1 1 1 1 1 1 1 1 1 1 1 1 1 1 1 1 1 1 1 1 1 1 1 1 1 1 1 1 1 1 1 1 1 1 1 1 1 1 1 1 1 1 1 1 1 1 1 1 1 1 1 1 1 1 1 1 1 1 1 1 1 1 1 1 1 1 1 1 1 1 1 1 1 1 1 1 1 1 1 1 1 1 1 1 1 1 1 1 1 1 1 1 1 1 1 1 1 1 1 1 1 1 1 1 1 1 1 1 1 1 1 1 1 1 1 1 1 1 1 1 1 1 1 1 1 1 1 1 1 1 1 1 1 1 1 1 1 1 1 1 1 1 1 1 1 1 1 1 1 1 1 1 1 1 1 1 1 1 1 1 1 1 1 1 1 1 1 1 1 1 1 1 1 1 1 1 1 1 1 1 1 1 1 1 1 1 1 1 1 1 1 1 1 1 1 1 1 1 1 1 1 1 1 1 1 1 1 1 1 1 1 1 1 1 1 1 1 1 1 1 1 1 1 1 1 1 1 1 1 1 1 1 1 1 1 1 1 1 1 1 1 1 1 1 1 1 1 1 1 1 1 1 1 1 1 1 1 1 1 1 1 1 1 1 1 1 1 1 1 1 1 1 1 1 1 1 1 1 1 1 1 1 1 1 1 1 1 1 1 1 1 1 1 1 1 1 1 1 1 1 1 1 1 1 1 1 1 1 1 1 1 1 1 1 1 1 1 1 1 1 1 1 1 1 1 1 1 1 1 1 1 1 1 1 1 1 1 1 1 1 1 1 1 1 1 1 1 1 1 1 1 1 1 1 1 1 1 1 1 1 1 1 1 1 1 1 1 1 1 1 1 1 1 1 1 1 1 1 1 1 1 1 1 1 1 1 1 1 1 1 1 1 1 1 1 1 1 1 1 1 1 1 1 1 1 1 1 1 1 1 1 1 1 1 1 1 1 1 1 1 1 1 1 1 1 1 1 1 1 1 1 1 1 1 1 1 1 1 1 1 1 1 1 1 1 1 1 1 1 1 1 1 1 1 1 1 1 1 1 1 1 1 1 1 1 1 1 1 1 1 1 1 1 1 1 1 1 1 1 1 1 1 1 1 1 1 1 1 1 1 1 1 1 1 1 1 1 1 1 1 1 1 1 1 1 1 1 1 1 1 1 1 1 1 1 1 1 1 1 1 1 1 1 1 1 1 1 1 1 1 1 1 1 1 1 1 1 1 1 1 1 1 1 1 1 1 1 1 1 1 1 1 1 1 1 1 1 1 1 1 1 1 1 1 1 1 1 1 1 1 1 1 1 1 1 1 1 1 1 1 1 1 1 1 1 1 1 1 1 1 1 1 1 1 1 1 1 1 1 1 1 1 1 1 1 1 1 1 1 1 1 1 1 1 1 1 1 1 1 1 1 1 1 1 1 1 1 1 1 1 1 1 1 1 1 1 1 1 1 1 1 1 1 1 1 1 1 1 1 1 1 1 1 1 1 1 1 1 1 1 1 1 1 1 1 1 1 1 1 1 1 1 1 1 1 1 1 1 1 1 1 1 1 1 1 1 1 1 1 1 1 1 1 1 1 1 1 1 1 1 1 1 1 1 1 1 1 1 1 1 1 1 1 1 1 1 1 1 1 1 1 1 1 1 1 1 1 1 1 1 1 1 1 1 1 1 1 1 1 1 1 1 1 1 1 1 1 1 1 1 1 1 1 1 1 1 1 1 1 1 1 1 1 1 1 1 1 1 1 1 1 1 1 1 1 1 1 1 1 1 1 1 1 1 1 1 1 1 1 1 1 1 1 1 1 1 1 1 1 1 1 1 1 1 1 1 1 1 1 1 1 1 1 1 1 1 1 1 1 1 1 1 1 1 1 1 1 1 1 1 1 1 1 1 1 1 1 1 1 1 1 1 1 1 1 1 1 1 1 1 1 1 1 1 1 1 1 1 1 1 1 1 1 1 1 1 1 1 1 1 1 1 1 1 1 1 1 1 1 1 1 1 1 1 1 1 1 1 1 1 1 1 1 1 1 1 1 1 1 1 1 1 1 1 1 1 1 1 1 1 1 1 1 1 1 1 1 1 1 1 1 1 1 1 1 1 1 1 1 1 1 1 1 1 1 1 1 1 1 1 1 1 1 1 1 1 1 1 1 1 1 1 1 1 1 1 1 1 1 1 1 1 1 1 1 1 1 1 1 1 1 1 1 1 1 1 1 1 1 1 1 1 1 1 1 1 1 1 1 1 1 1 1 1 1 1 1 1 1 1 1 1 1 1 1 1 1 1 1 1 1 1 1 1 1 1 1 1 1 1 1 1 1 1 1 1 1 1 1 1 1 1 1 1 1 1 1 1 1 1 1 1 1 1 1 1 1 1 1 1 1 1 1 1 1 1 1 1 1 1 1 1 1 1 1 1 1 1 1 1 1 1 1 1 1 1 1 1 1 1 1 1 1 1 1 1 1 1 1 1 1 1 1 1 1 1 1 1 1 1 1 1 1 1 1 1 1 1 1 1 1 1 1 1 1 1 1 1 1 1 1 1 1 1 1 1 1 1 1 1 1 1 1 1 1 1 1 1 1 1 1 1 1 1 1 1 1 1 1 1 1 1 1 1 1 1 1 1 1 1 1 1 1 1 1 1 1 1 1 1 1 1 1 1 1 1 1 1 1 1 1 1 1 1 1 1 1 1 1 1 1 1 1 1 1 1 1 1 1 1 1 1 1 1 1 1 1 1 1 1 1 1 1 1 1 1 1 1 1 1 1 1 1 1 1 1 1 1 1 1 1 1 1 1 1 1 1 1 1 1 1 1 1 1 1 1 1 1 1 1 1 1 1 1 1 1 1 1 1 1 1 1 1 1 1 1 1 1 1 1 1 1 1 1 1 1 1 1 1 1 1 1 1 1 1 1 1 1 1 1 1 1 1 1 1 1 1 1 1 1 1 1 1 1 1 1 1 1 1 1 1 1 1 1 1 1 1 1 1 1 1 1 1 1 1 1 1 1 1 1 1 1 1 1 1 1 1 1 1 1 1 1 1 1 1 1 1 1 1 1 1 1 1 1 1 1 1 1 1 1 1 1 1 1 1 1 1 1 1 1 1 1 1 1 1 1 1 1 1 1 1 1 1 1 1 1 1 1 1 1 1 1 1 1 1 1 1 1 1 1 1 1 1 1 1 1 1 1 1 1 1 1 1 1 1 1 1 1 1 1 1 1 1 1 1 1 1 1 1 1 1 1 1 1 1 1 1 1 1 1 1 1 1 1 1 1 1 1 1 1 1 1 1 1 1 1 1 1 1 1 1 1 1 1 1 1 1 1 1 1 1 1 1 1 1 1 1 1 1 1 1 1 1 1 1 1 1 1 1 1 1 1 1 1 1 1 1 1 1 1 1 1 1 1 1 1 1 1 1 1 1 1 1 1 1 1 1 1 1 1 1 1 1 1 1 1 1 1 1 1 1 1 1 1 1 1 1 1 1 1 1 1 1 1 1 1 1 1 1 1 1 1 1 1 1 1 1 1 1 1 1 1 1 1 1 1 1 1 1 1 1 1 1 1 1 1 1 1 1 1 1 1 1 1 1 1 1 1 1 1 1 1 1 1 1 1 1 1 1 1 1 1 1 1 1 1 1 1 1 1 1 1 1 1 1 1 1 1 1 1 1 1 1 1 1 1 1 1 1 1 1 1 1 1 1 1 1 1 1 1 1 1 1 1 1 1 1 1 1 1 1 1 1 1 1 1 1 1 1 1 1 1 1 1 1 1 1 1 1 1 1 1 1 1 1 1 1 1 1 1 1 1 1 1 1 1 1 1 1 1 1 1 1 1 1 1 1 1 1 1 1 1 1 1 1 1 1 1 1 1 1 1 1 1 1 1 1 1 1 1 1 1 1 1 1 1 1 1 1 1 1 1 1 1 1 1 1 1 1 1 1 1 1 1 1 1 1 1 1 1 1 1 1 1 1 1 1 1 1 1 1 1 1 1 1 1 1 1 1 1 1 1 1 1 1 1 1 1 1 1 1 1 1 1 1 1 1 1 1 1 1 1 1 1 1 1 1 1 1 1 1 1 1 1 1 1 1 1 1 1 1 1 1 1 1 1 1 1 1 1 1 1 1 1 1 1 1 1 1 1 1 1 1 1 1 1 1 1 1 1 1 1 1 1 1 1 1 1 1 1 1 1 1 1 1 1 1 1 1 1 1 1 1 1 1 1 1 1 1 1 1 1 1 1 1 1 1 1 1 1 1 1 1 1 1 1 1 1 1 1 1 1 1 1 1 1 1 1 1 1 1 1 1 1 1 1 1 1 1 1 1 1 1 1 1 1 1 1 1 1 1 1 1 1 1 1 1 1 1 1 1 1 1 1 1 1 1 1 1 1 1 1 1 1 1 1 1 1 1 1 1 1 1 1 1 1 1 1 1 1 1 1 1 1 1 1 1 1 1 1 1 1 1 1 1 1 1 1 1 1 1 1 1 1 1 1 1 1 1 1 1 1 1 1 1 1 1 1 1 1 1 1 1 1 1 1 1 1 1 1 1 1 1 1 1 1 1 1 1 1 1 1 1 1 1 1 1 1 1 1 1 1 1 1 1 1 1 1 1 1 1 1 1 1 1 1 1 1 1 1 1 1 1 1 1 1 1 1 1 1 1 1 1 1 1 1 1 1 1 1 1 1 1 1 1 1 1 1 1 1 1 1 1 1 1 1 1 1 1 1 1 1 1 1 1 1 1 1 1 1 1 1 1 1 1 1 1 1 1 1 1 1 1 1 1 1 1 1 1 1 1 1 1 1 1 1 1 1 1 1 1 1 1 1 1 1 1 1 1 1 1 1 1 1 1 1 1 1 1 1 1 1 1 1 1 1 1 1 1 1 1 1 1 1 1 1 1 1 1 1 1 1 1 1 1 1 1 1 1 1 1 1 1 1 1 1 1 1 1 1 1 1 1 1 1 1 1 1 1 1 1 1 1 1 1 1 1 1 1 1 1 1 1 1 1 1 1 1 1 1 1 1 1 1 1 1 1 1 1 1 1 1 1 1 1 1 1 1 1 1 1 1 1 1 1 1 1 1 1 1 1 1 1 1 1 1 1 1 1 1 1 1 1 1 1 1 1 1 1 1 1 1 1 1 1 1 1 1 1 1 1 1 1 1 1 1 1 1 1 1 1 1 1 1 1 1 1 1 1 1 1 1 1 1 1 1 1 1 1 1 1 1 1 1 1 1 1 1 1 1 1 1 1 1 1 1 1 1 1 1 1 1 1 1 1 1 1 1 1 1 1 1 1 1 1 1 1 1 1 1 1 1 1 1 1 1 1 1 1 1 1 1 1 1 1 1 1 1 1 1 1 1 1 1 1 1 1 1 1 1 1 1 1 1 1 1 1 1 1 1 1 1 1 1 1 1 1 1 1 1 1 1 1 1 1 1 1 1 1 1 1 1 1 1 1 1 1 1 1 1 1 1 1 1 1 1 1 1 1 1 1 1 1 1 1 1 1 1 1 1 1 1 1 1 1 1 1 1 1 1 1 1 1 1 1 1 1 1 1 1 1 1 1 1 1 1 1 1 1 1 1 1 1 1 1 1 1 1 1 1 1 1 1 1 1 1 1 1 1 1 1 1 1 1 1 1 1 1 1 1 1 1 1 1 1 1 1 1 1 1 1 1 1 1 1 1 1 1 1 1 1 1 1 1 1 1 1 1 1 1 1 1 1 1 1 1 1 1 1 1 1 1 1 1 1 1 1 1 1 1 1 1 1 1 1 1 1 1 1 1 1 1 1 1 1 1 1 1 1 1 1 1 1 1 1 1 1 1 1 1 1 1 1 1 1 1 1 1 1 1 1 1 1 1 1 1 1 1 1 1 1 1 1 1 1 1 1 1 1 1 1 1 1 1 1 1 1 1 1 1 1 1 1 1 1 1 1 1 1 1 1 1 1 1 1 1 1 1 1 1 1 1 1 1 1 1 1 1 1 1 1 1 1 1 1 1 1 1 1 1 1 1 1 1 1 1 1 1 1 1 1 1 1 1 1 1 1 1 1 1 1 1 1 1 1 1 1 1 1 1 1 1 1 1 1 1 1 1 1 1 1 1 1 1 1 1 1 1 1 1 1 1 1 1 1 1 1 1 1 1 1 1 1 1 1 1 1 1 1 1 1 1 1 1 1 1 1 1 1 1 1 1 1 1 1 1 1 1 1 1 1 1 1 1 1 1 1 1 1 1 1 1 1 1 1 1 1 1 1 1 1 1 1 1 1 1 1 1 1 1 1 1 1 1 1 1 1 1 1 1 1 1 1 1 1 1 1 1 1 1 1 1 1 1 1 1 1 1 1 1 1 1 1 1 1 1 1 1 1 1 1 1 1 1 1 1 1 1 1 1 1 1 1 1 1 1 1 1 1 1 1 1 1 1 1 1 1 1 1 1 1 1 1 1 1 1 1 1 1 1 1 1 1 1 1 1 1 1 1 1 1 1 1 1 1 1 1 1 1 1 1 1 1 1 1 1 1 1 1 1 1 1 1 1 1 1 1 1 1 1 1 1 1 1 1 1 1 1 1 1 1 1 1 1 1 1 1 1 1 1 1 1 1 1 1 1 1 1 1 1 1 1 1 1 1 1 1 1 1 1 1 1 1 1 1 1 1 1 1 1 1 1 1 1 1 1 1 1 1 1 1 1 1 1 1 1 1 1 1 1 1 1 1 1 1 1 1 1 1 1 1 1 1 1 1 1 1 1 1 1 1 1 1 1 1 1 1 1 1 1 1 1 1 1 1 1 1 1 1 1 1 1 1 1 1 1 1 1 1 1 1 1 1 1 1 1 1 1 1 1 1 1 1 1 1 1 1 1 1 1 1 1 1 1 1 1 1 1 1 1 1 1 1 1 1 1 1 1 1 1 1 1 1 1 1 1 1 1 1 1 1 1 1 1 1 1 1 1 1 1 1 1 1 1 1 1 1 1 1 1 1 1 1 1 1 1 1 1 1 1 1 1 1 1 1 1 1 1 1 1 1 1 1 1 1 1 1 1 1 1 1 1 1 1 1 1 1 1 1 1 1 1 1 1 1 1 1 1 1 1 1 1 1 1 1 1 1 1 1 1 1 1 1 1 1 1 1 1 1 1 1 1 1 1 1 1 1 1 1 1 1 1 1 1 1 1 1 1 1 1 1 1 1 1 1 1 1 1 1 1 1 1 1 1 1 1 1 1 1 1 1 1 1 1 1 1 1 1 1 1 1 1 1 1 1 1 1 1 1 1 1 1 1 1 1 1 1 1 1 1 1 1 1 1 1 1 1 1 1 1 1 1 1 1 1 1 1 1 1 1 1 1 1 1 1 1 1 1 1 1 1 1 1 1 1 1 1 1 1 1 1 1 1 1 1 1 1 1 1 1 1 1 1 1 1 1 1 1 1 1 1 1 1 1 1 1 1 1 1 1 1 1 1 1 1 1 1 1 1 1 1 1 1 1 1 1 1 1 1 1 1 1 1 1 1 1 1 1 1 1 1 1 1 1 1 1 1 1 1 1 1 1 1 1 1 1 1 1 1 1 1 1 1 1 1 1 1 1 1 1 1 1 1 1 1 1 1 1 1 1 1 1 1 1 1 1 1 1 1 1 1 1 1 1 1 1 1 1 1 1 1 1 1 1 1 1 1 1 1 1 1 1 1 1 1 1 1 1 1 1 1 1 1 1 1 1 1 1 1 1 1 1 1 1 1 1 1 1 1 1 1 1 1 1 1 1 1 1 1 1 1 1 1 1 1 1 1 1 1 1 1 1 1 1 1 1 1 1 1 1 1 1 1 1 1 1 1 1 1 1 1 1 1 1 1 1 1 1 1 1 1 1 1 1 1 1 1 1 1 1 1 1 1 1 1 1 1 1 1 1 1 1 1 1 1 1 1 1 1 1 1 1 1 1 1 1 1 1 1 1 1 1 1 1 1 1 1 1 1 1 1 1 1 1 1 1 1 1 1 1 1 1 1 1 1 1 1 1 1 1 1 1 1 1 1 1 1 1 1 1 1 1 1 1 1 1 1 1 1 1 1 1 1 1 1 1 1 1 1 1 1 1 1 1 1 1 1 1 1 1 1 1 1 1 1 1 1 1 1 1 1 1 1 1 1 1 1 1 1 1 1 1 1 1 1 1 1 1 1 1 1 1 1 1 1 1 1 1 1 1 1 1 1 1 1 1 1 1 1 1 1 1 1 1 1 1 1 1 1 1 1 1 1 1 1 1 1 1 1 1 1 1 1 1 1 1 1 1 1 1 1 1 1 1 1 1 1 1 1 1 1 1 1 1 1 1 1 1 1 1 1 1 1 1 1 1 1 1 1 1 1 1 1 1 1 1 1 1 1 1 1 1 1 1 1 1 1 1 1 1 1 1 1 1 1 1 1 1 1 1 1 1 1 1 1 1 1 1 1 1 1 1 1 1 1 1 1 1 1 1 1 1 1 1 1 1 1 1 1 1 1 1 1 1 1 1 1 1 1 1 1 1 1 1 1 1 1 1 1 1 1 1 1 1 1 1 1 1 1 1 1 1 1 1 1 1 1 1 1 1 1 1 1 1 1 1 1 1 1 1 1 1 1 1 1 1 1 1 1 1 1 1 1 1 1 1 1 1 1 1 1 1 1 1 1 1 1 1 1 1 1 1 1 1 1 1 1 1 1 1 1 1 1 1 1 1 1 1 1 1 1 1 1 1 1 1 1 1 1 1 1 1 1 1 1 1 1 1 1 1 1 1 1 1 1 1 1 1 1 1 1 1 1 1 1 1 1 1 1 1 1 1 1 1 1 1 1 1 1 1 1 1 1 1 1 1 1 1 1 1 1 1 1 1 1 1 1 1 1 1 1 1 1 1 1 1 1 1 1 1 1 1 1 1 1 1 1 1 1 1 1 1 1 1 1 1 1 1 1 1 1 1 1 1 1 1 1 1 1 1 1 1 1 1 1 1 1 1 1 1 1 1 1 1 1 1 1 1 1 1 1 1 1 1 1 1 1 1 1 1 1 1 1 1 1 1 1 1 1 1 1 1 1 1 1 1 1 1 1 1 1 1 1 1 1 1 1 1 1 1 1 1 1 1 1 1 1 1 1 1 1 1 1 1 1 1 1 1 1 1 1 1 1 1 1 1 1 1 1 1 1 1 1 1 1 1 1 1 1 1 1 1 1 1 1 1 1 1 1 1 1 1 1 1 1 1 1 1 1 1 1 1 1 1 1 1 1 1 1 1 1 1 1 1 1 1 1 1 1 1 1 1 1 1 1 1 1 1 1 1 1 1 1 1 1 1 1 1 1 1 1 1 1 1 1 1 1 1 1 1 1 1 1 1 1 1 1 1 1 1 1 1 1 1 1 1 1 1 1 1 1 1 1 1 1 1 1 1 1 1 1 1 1 1 1 1 1 1 1 1 1 1 1 1 1 1 1 1 1 1 1 1 1 1 1 1 1 1 1 1 1 1 1 1 1 1 1 1 1 1 1 1 1 1 1 1 1 1 1 1 1 1 1 1 1 1 1 1 1 1 1 1 1 1 1 1 1 1 1 1 1 1 1 1 1 1 1 1 1 1 1 1 1 1 1 1 1 1 1 1 1 1 1 1 1 1 1 1 1 1 1 1 1 1 1 1 1 1 1 1 1 1 1 1 1 1 1 1 1 1 1 1 1 1 1 1 1 1 1 1 1 1 1 1 1 1 1 1 1 1 1 1 1 1 1 1 1 1 1 1 1 1 1 1 1 1 1 1 1 1 1 1 1 1 1 1 1 1 1 1 1 1 1 1 1 1 1 1 1 1 1 1 1 1 1 1 1 1 1 1 1 1 1 1 1 1 1 1 1 1 1 1 1 1 1 1 1 1 1 1 1 1 1 1 1 1 1 1 1 1 1 1 1 1 1 1 1 1 1 1 1 1 1 1 1 1 1 1 1 1 1 1 1 1 1 1 1 1 1 1 1 1 1 1 1 1 1 1 1 1 1 1 1 1 1 1 1 1 1 1 1 1 1 1 1 1 1 1 1 1 1 1 1 1 1 1 1 1 1 1 1 1 1 1 1 1 1 1 1 1 1 1 1 1 1 1 1 1 1 1 1 1 1 1 1 1 1 1 1 1 1 1 1 1 1 1 1 1 1 1 1 1 1 1 1 1 1 1 1 1 1 1 1 1 1 1 1 1 1 1 1 1 1 1 1 1 1 1 1 1 1 1 1 1 1 1 1 1 1 1 1 1 1 1 1 1 1 1 1 1 1 1 1 1 1 1 1 1 1 1 1 1 1 1 1 1 1 1 1 1 1 1 1 1 1 1 1 1 1 1 1 1 1 1 1 1 1 1 1 1 1 1 1 1 1 1 1 1 1 1 1 1 1 1 1 1 1 1 1 1 1 1 1 1 1 1 1 1 1 1 1 1 1 1 1 1 1 1 1 1 1 1 1 1 1 1 1 1 1 1 1 1 1 1 1 1 1 1 1 1 1 1 1 1 1 1 1 1 1 1 1 1 1 1 1 1 1 1 1 1 1 1 1 1 1 1 1 1 1 1 1 1 1 1 1 1 1 1 1 1 1 1 1 1 1 1 1 1 1 1 1 1 1 1 1 1 1 1 1 1 1 1 1 1 1 1 1 1 1 1 1 1 1 1 1 1 1 1 1 1 1 1 1 1 1 1 1 1 1 1 1 1 1 1 1 1 1 1 1 1 1 1 1 1 1 1 1 1 1 1 1 1 1 1 1 1 1 1 1 1 1 1 1 1 1 1 1 1 1 1 1 1 1 1 1 1 1 1 1 1 1 1 1 1 1 1 1 1 1 1 1 1 1 1 1 1 1 1 1 1 1 1 1 1 1 1 1 1 1 1 1 1 1 1 1 1 1 1 1 1 1 1 1 1 1 1 1 1 1 1 1 1 1 1 1 1 1 1 1 1 1 1 1 1 1 1 1 1 1 1 1 1 1 1 1 1 1 1 1 1 1 1 1 1 1 1 1 1 1 1 1 1 1 1 1 1 1 1 1 1 1 1 1 1 1 1 1 1 1 1 1 1 1 1 1 1 1 1 1 1 1 1 1 1 1 1 1 1 1 1 1 1 1 1 1 1 1 1 1 1 1 1 1 1 1 1 1 1 1 1 1 1 1 1 1 1 1 1 1 1 1 1 1 1 1 1 1 1 1 1 1 1 1 1 1 1 1 1 1 1 1 1 1 1 1 1 1 1 1 1 1 1 1 1 1 1 1 1 1 1 1 1 1 1 1 1 1 1 1 1 1 1 1 1 1 1 1 1 1 1 1 1 1 1 1 1 1 1 1 1 1 1 1 1 1 1 1 1 1 1 1 1 1 1 1 1 1 1 1 1 1 1 1 1 1 1 1 1 1 1 1 1 1 1 1 1 1 1 1 1 1 1 1 1 1 1 1 1 1 1 1 1 1 1 1 1 1 1 1 1 1 1 1 1 1 1 1 1 1 1 1 1 1 1 1 1 1 1 1 1 1 1 1 1 1 1 1 1 1 1 1 1 1 1 1 1 1 1 1 1 1 1 1 1 1 1 1 1 1 1 1 1 1 1 1 1 1 1 1 1 1 1 1 1 1 1 1 1 1 1 1 1 1 1 1 1 1 1 1 1 1 1 1 1 1 1 1 1 1 1 1 1 1 1 1 1 1 1 1 1 1 1 1 1 1 1 1 1 1 1 1 1 1 1 1 1 1 1 1 1 1 1 1 1 1 1 1 1 1 1 1 1 1 1 1 1 1 1 1 1 1 1 1 1 1 1 1 1 1 1 1 1 1 1 1 1 1 1 1 1 1 1 1 1 1 1 1 1 1 1 1 1 1 1 1 1 1 1 1 1 1 1 1 1 1 1 1 1 1 1 1 1 1 1 1 1 1 1 1 1 1 1 1 1 1 1 1 1 1 1 1 1 1 1 1 1 1 1 1 1 1 1 1 1 1 1 1 1 1 1 1 1 1 1 1 1 1 1 1 1 1 1 1 1 1 1 1 1 1 1 1 1 1 1 1 1 1 1 1 1 1 1 1 1 1 1 1 1 1 1 1 1 1 1 1 1 1 1 1 1 1 1 1 1 1 1 1 1 1 1 1 1 1 1 1 1 1 1 1 1 1 1 1 1 1 1 1 1 1 1 1 1 1 1 1 1 1 1 1 1 1 1 1 1 1 1 1 1 1 1 1 1 1 1 1 1 1 1 1 1 1 1 1 1 1 1 1 1 1 1 1 1 1 1 1 1 1 1 1 1 1 1 1 1 1 1 1 1 1 1 1 1 1 1 1 1 1 1 1 1 1 1 1 1 1 1 1 1 1 1 1 1 1 1 1 1 1 1 1 1 1 1 1 1 1 1 1 1 1 1 1 1 1 1 1 1 1 1 1 1 1 1 1 1 1 1 1 1 1 1 1 1 1 1 1 1 1 1 1 1 1 1 1 1 1 1 1 1 1 1 1 1 1 1 1 1 1 1 1 1 1 1 1 1 1 1 1 1 1 1 1 1 1 1 1 1 1 1 1 1 1 1 1 1 1 1 1 1 1 1 1 1 1 1 1 1 1 1 1 1 1 1 1 1 1 1 1 1 1 1 1 1 1 1 1 1 1 1 1 1 1 1 1 1 1 1 1 1 1 1 1 1 1 1 1 1 1 1 1 1 1 1 1 1 1 1 1 1 1 1 1 1 1 1 1 1 1 1 1 1 1 1 1 1 1 1 1 1 1 1 1 1 1 1 1 1 1 1 1 1 1 1 1 1 1 1 1 1 1 1 1 1 1 1 1 1 1 1 1 1 1 1 1 1 1 1 1 1 1 1 1 1 1 1 1 1 1 1 1 1 1 1 1 1 1 1 1 1 1 1 1 1 1 1 1 1 1 1 1 1 1 1 1 1 1 1 1 1 1 1 1 1 1 1 1 1 1 1 1 1 1 1 1 1 1 1 1 1 1 1 1 1 1 1 1 1 1 1 1 1 1 1 1 1 1 1 1 1 1 1 1 1 1 1 1 1 1 1 1 1 1 1 1 1 1 1 1 1 1 1 1 1 1 1 1 1 1 1 1 1 1 1 1 1 1 1 1 1 1 1 1 1 1 1 1 1 1 1 1 1 1 1 1 1 1 1 1 1 1 1 1 1 1 1 1 1 1 1 1 1 1 1 1 1 1 1 1 1 1 1 1 1 1 1 1 1 1 1 1 1 1 1 1 1 1 1 1 1 1 1 1 1 1 1 1 1 1 1 1 1 1 1 1 1 1 1 1 1 1 1 1 1 1 1 1 1 1 1 1 1 1 1 1 1 1 1 1 1 1 1 1 1 1 1 1 1 1 1 1 1 1 1 1 1 1 1 1 1 1 1 1 1 1 1 1 1 1 1 1 1 1 1 1 1 1 1 1 1 1 1 1 1 1 1 1 1 1 1 1 1 1 1 1 1 1 1 1 1 1 1 1 1 1 1 1 1 1 1 1 1 1 1 1 1 1 1 1 1 1 1 1 1 1 1 1 1 1 1 1 1 1 1 1 1 1 1 1 1 1 1 1 1 1 1 1 1 1 1 1 1 1 1 1 1 1 1 1 1 1 1 1 1 1 1 1 1 1 1 1 1 1 1 1 1 1 1 1 1 1 1 1 1 1 1 1 1 1 1 1 1 1 1 1 1 1 1 1 1 1 1 1 1 1 1 1 1 1 1 1 1 1 1 1 1 1 1 1 1 1 1 1 1 1 1 1 1 1 1 1 1 1 1 1 1 1 1 1 1 1 1 1 1 1 1 1 1 1 1 1 1 1 1 1 1 1 1 1 1 1 1 1 1 1 1 1 1 1 1 1 1 1 1 1 1 1 1 1 1 1 1 1 1 1 1 1 1 1 1 1 1 1 1 1 1 1 1 1 1 1 1 1 1 1 1 1 1 1 1 1 1 1 1 1 1 1 1 1 1 1 1 1 1 1 1 1 1 1 1 1 1 1 1 1 1 1 1 1 1 1 1 1 1 1 1 1 1 1 1 1 1 1 1 1 1 1 1 1 1 1 1 1 1 1 1 1 1 1 1 1 1 1 1 1 1 1 1 1 1 1 1 1 1 1 1 1 1 1 1 1 1 1 1 1 1 1 1 1 1 1 1 1 1 1 1 1 1 1 1 1 1 1 1 1 1 1 1 1 1 1 1 1 1 1 1 1 1 1 1 1 1 1 1 1 1 1 1 1 1 1 1 1 1 1 1 1 1 1 1 1 1 1 1 1 1 1 1 1 1 1 1 1 1 1 1 1 1 1 1 1 1 1 1 1 1 1 1 1 1 1 1 1 1 1 1 1 1 1 1 1 1 1 1 1 1 1 1 1 1 1 1 1 1 1 1 1 1 1 1 1 1 1 1 1 1 1 1 1 1 1 1 1 1 1 1 1 1 1 1 1 1 1 1 1 1 1 1 1 1 1 1 1 1 1 1 1 1 1 1 1 1 1 1 1 1 1 1 1 1 1 1 1 1 1 1 1 1 1 1 1 1 1 1 1 1 1 1 1 1 1 1 1 1 1 1 1 1 1 1 1 1 1 1 1 1 1 1 1 1 1 1 1 1 1 1 1 1 1 1 1 1 1 1 1 1 1 1 1 1 1 1 1 1 1 1 1 1 1 1 1 1 1 1 1 1 1 1 1 1 1 1 1 1 1 1 1 1 1 1 1 1 1 1 1 1 1 1 1 1 1 1 1 1 1 1 1 1 1 1 1 1 1 1 1 1 1 1 1 1 1 1 1 1 1 1 1 1 1 1 1 1 1 1 1 1 1 1 1 1 1 1 1 1 1 1 1 1 1 1 1 1 1 1 1 1 1 1 1 1 1 1 1 1 1 1 1 1 1 1 1 1 1 1 1 1 1 1 1 1 1 1 1 1 1 1 1 1 1 1 1 1 1 1 1 1 1 1 1 1 1 1 1 1 1 1 1 1 1 1 1 1 1 1 1 1 1 1 1 1 1 1 1 1 1 1 1 1 1 1 1 1 1 1 1 1 1 1 1 1 1 1 1 1 1 1 1 1 1 1 1 1 1 1 1 1 1 1 1 1 1 1 1 1 1 1 1 1 1 1 1 1 1 1 1 1 1 1 1 1 1 1 1 1 1 1 1 1 1 1 1 1 1 1 1 1 1 1 1 1 1 1 1 1 1 1 1 1 1 1 1 1 1 1 1 1 1 1 1 1 1 1 1 1 1 1 1 1 1 1 1 1 1 1 1 1 1 1 1 1 1 1 1 1 1 1 1 1 1 1 1 1 1 1 1 1 1 1 1 1 1 1 1 1 1 1 1 1 1 1 1 1 1 1 1 1 1 1 1 1 1 1 1 1 1 1 1 1 1 1 1 1 1 1 1 1 1 1 1 1 1 1 1 1 1 1 1 1 1 1 1 1 1 1 1 1 1 1 1 1 1 1 1 1 1 1 1 1 1 1 1 1 1 1 1 1 1 1 1 1 1 1 1 1 1 1 1 1 1 1 1 1 1 1 1 1 1 1 1 1 1 1 1 1 1 1 1 1 1 1 1 1 1 1 1 1 1 1 1 1 1 1 1 1 1 1 1 1 1 1 1 1 1 1 1 1 1 1 1 1 1 1 1 1 1 1 1 1 1 1 1 1 1 1 1 1 1 1 1 1 1 1 1 1 1 1 1 1 1 1 1 1 1 1 1 1 1 1 1 1 1 1 1 1 1 1 1 1 1 1 1 1 1 1 1 1 1 1 1 1 1 1 1 1 1 1 1 1 1 1 1 1 1 1 1 1 1 1 1 1 1 1 1 1 1 1 1 1 1 1 1 1 1 1 1 1 1 1 1 1 1 1 1 1 1 1 1 1 1 1 1 1 1 1 1 1 1 1 1 1 1 1 1 1 1 1 1 1 1 1 1 1 1 1 1 1 1 1 1 1 1 1 1 1 1 1 1 1 1 1 1 1 1 1 1 1 1 1 1 1 1 1 1 1 1 1 1 1 1 1 1 1 1 1 1 1 1 1 1 1 1 1 1 1 1 1 1 1 1 1 1 1 1 1 1 1 1 1 1 1 1 1 1 1 1 1 1 1 1 1 1 1 1 1 1 1 1 1 1 1 1 1 1 1 1 1 1 1 1 1 1 1 1 1 1 1 1 1 1 1 1 1 1 1 1 1 1 1 1 1 1 1 1 1 1 1 1 1 1 1 1 1 1 1 1 1 1 1 1 1 1 1 1 1 1 1 1 1 1 1 1 1 1 1 1 1 1 1 1 1 1 1 1 1 1 1 1 1 1 1 1 1 1 1 1 1 1 1 1 1 1 1 1 1 1 1 1 1 1 1 1 1 1 1 1 1 1 1 1 1 1 1 1 1 1 1 1 1 1 1 1 1 1 1 1 1 1 1 1 1 1 1 1 1 1 1 1 1 1 1 1 1 1 1 1 1 1 1 1 1 1 1 1 1 1 1 1 1 1 1 1 1 1 1 1 1 1 1 1 1 1 1 1 1 1 1 1 1 1 1 1 1 1 1 1 1 1 1 1 1 1 1 1 1 1 1 1 1 1 1 1 1 1 1 1 1 1 1 1 1 1 1 1 1 1 1 1 1 1 1 1 1 1 1 1 1 1 1 1 1 1 1 1 1 1 1 1 1 1 1 1 1 1 1 1 1 1 1 1 1 1 1 1 1 1 1 1 1 1 1 1 1 1 1 1 1 1 1 1 1 1 1 1 1 1 1 1 1 1 1 1 1 1 1 1 1 1 1 1 1 1 1 1 1 1 1 1 1 1 1 1 1 1 1 1 1 1 1 1 1 1 1 1 1 1 1 1 1 1 1 1 1 1 1 1 1 1 1 1 1 1 1 1 1 1 1 1 1 1 1 1 1 1 1 1 1 1 1 1 1 1 1 1 1 1 1 1 1 1 1 1 1 1 1 1 1 1 1 1 1 1 1 1 1 1 1 1 1 1 1 1 1 1 1 1 1 1 1 1 1 1 1 1 1 1 1 1 1 1 1 1 1 1 1 1 1 1 1 1 1 1 1 1 1 1 1 1 1 1 1 1 1 1 1 1 1 1 1 1 1 1 1 1 1 1 1 1 1 1 1 1 1 1 1 1 1 1 1 1 1 1 1 1 1 1 1 1 1 1 1 1 1 1 1 1 1 1 1 1 1 1 1 1 1 1 1 1 1 1 1 1 1 1 1 1 1 1 1 1 1 1 1 1 1 1 1 1 1 1 1 1 1 1 1 1 1 1 1 1 1 1 1 1 1 1 1 1 1 1 1 1 1 1 1 1 1 1 1 1 1 1 1 1 1 1 1 1 1 1 1 1 1 1 1 1 1 1 1 1 1 1 1 1 1 1 1 1 1 1 1 1 1 1 1 1 1 1 1 1 1 1 1 1 1 1 1 1 1 1 1 1 1 1 1 1 1 1 1 1 1 1 1 1 1 1 1 1 1 1 1 1 1 1 1 1 1 1 1 1 1 1 1 1 1 1 1 1 1 1 1 1 1 1 1 1 1 1 1 1 1 1 1 1 1 1 1 1 1 1 1 1 1 1 1 1 1 1 1 1 1 1 1 1 1 1 1 1 1 1 1 1 1 1 1 1 1 1 1 1 1 1 1 1 1 1 1 1 1 1 1 1 1 1 1 1 1 1 1 1 1 1 1 1 1 1 1 1 1 1 1 1 1 1 1 1 1 1 1 1 1 1 1 1 1 1 1 1 1 1 1 1 1 1 1 1 1 1 1 1 1 1 1 1 1 1 1 1 1 1 1 1 1 1 1 1 1 1 1 1 1 1 1 1 1 1 1 1 1 1 1 1 1 1 1 1 1 1 1 1 1 1 1 1 1 1 1 1 1 1 1 1 1 1 1 1 1 1 1 1 1 1 1 1 1 1 1 1 1 1 1 1 1 1 1 1 1 1 1 1 1 1 1 1 1 1 1 1 1 1 1 1 1 1 1 1 1 1 1 1 1 1 1 1 1 1 1 1 1 1 1 1 1 1 1 1 1 1 1 1 1 1 1 1 1 1 1 1 1 1 1 1 1 1 1 1 1 1 1 1 1 1 1 1 1 1 1 1 1 1 1 1 1 1 1 1 1 1 1 1 1 1 1 1 1 1 1 1 1 1 1 1 1 1 1 1 1 1 1 1 1 1 1 1 1 1 1 1 1 1 1 1 1 1 1 1 1 1 1 1 1 1 1 1 1 1 1 1 1 1 1 1 1 1 1 1 1 1 1 1 1 1 1 1 1 1 1 1 1 1 1 1 1 1 1 1 1 1 1 1 1 1 1 1 1 1 1 1 1 1 1 1 1 1 1 1 1 1 1 1 1 1 1 1 1 1 1 1 1 1 1 1 1 1 1 1 1 1 1 1 1 1 1 1 1 1 1 1 1 1 1 1 1 1 1 1 1 1 1 1 1 1 1 1 1 1 1 1 1 1 1 1 1 1 1 1 1 1 1 1 1 1 1 1 1 1 1 1 1 1 1 1 1 1 1 1 1 1 1 1 1 1 1 1 1 1 1 1 1 1 1 1 1 1 1 1 1 1 1 1 1 1 1 1 1 1 1 1 1 1 1 1 1 1 1 1 1 1 1 1 1 1 1 1 1 1 1 1 1 1 1 1 1 1 1 1 1 1 1 1 1 1 1 1 1 1 1 1 1 1 1 1 1 1 1 1 1 1 1 1 1 1 1 1 1 1 1 1 1 1 1 1 1 1 1 1 1 1 1 1 1 1 1 1 1 1 1 1 1 1 1 1 1 1 1 1 1 1 1 1 1 1 1 1 1 1 1 1 1 1 1 1 1 1 1 1 1 1 1 1 1 1 1 1 1 1 1 1 1 1 1 1 1 1 1 1 1 1 1 1 1 1 1 1 1 1 1 1 1 1 1 1 1 1 1 1 1 1 1 1 1 1 1 1 1 1 1 1 1 1 1 1 1 1 1 1 1 1 1 1 1 1 1 1 1 1 1 1 1 1 1 1 1 1 1 1 1 1 1 1 1 1 1 1 1 1 1 1 1 1 1 1 1 1 1 1 1 1 1 1 1 1 1 1 1 1 1 1 1 1 1 1 1 1 1 1 1 1 1 1 1 1 1 1 1 1 1 1 1 1 1 1 1 1 1 1 1 1 1 1 1 1 1 1 1 1 1 1 1 1 1 1 1 1 1 1 1 1 1 1 1 1 1 1 1 1 1 1 1 1 1 1 1 1 1 1 1 1 1 1 1 1 1 1 1 1 1 1 1 1 1 1 1 1 1 1 1 1 1 1 1 1 1 1 1 1 1 1 1 1 1 1 1 1 1 1 1 1 1 1 1 1 1 1 1 1 1 1 1 1 1 1 1 1 1 1 1 1 1 1 1 1 1 1 1 1 1 1 1 1 1 1 1 1 1 1 1 1 1 1 1 1 1 1 1 1 1 1 1 1 1 1 1 1 1 1 1 1 1 1 1 1 1 1 1 1 1 1 1 1 1 1 1 1 1 1 1 1 1 1 1 1 1 1 1 1 1 1 1 1 1 1 1 1 1 1 1 1 1 1 1 1 1 1 1 1 1 1 1 1 1 1 1 1 1 1 1 1 1 1 1 1 1 1 1 1 1 1 1 1 1 1 1 1 1 1 1 1 1 1 1 1 1 1 1 1 1 1 1 1 1 1 1 1 1 1 1 1 1 1 1 1 1 1 1 1 1 1 1 1 1 1 1 1 1 1 1 1 1 1 1 1 1 1 1 1 1 1 1 1 1 1 1 1 1 1 1 1 1 1 1 1 1 1 1 1 1 1 1 1 1 1 1 1 1 1 1 1 1 1 1 1 1 1 1 1 1 1 1 1 1 1 1 1 1 1 1 1 1 1 1 1 1 1 1 1 1 1 1 1 1 1 1 1 1 1 1 1 1 1 1 1 1 1 1 1 1 1 1 1 1 1 1 1 1 1 1 1 1 1 1 1 1 1 1 1 1 1 1 1 1 1 1 1 1 1 1 1 1 1 1 1 1 1 1 1 1 1 1 1 1 1 1 1 1 1 1 1 1 1 1 1 1 1 1 1 1 1 1 1 1 1 1 1 1 1 1 1 1 1 1 1 1 1 1 1 1 1 1 1 1 1 1 1 1 1 1 1 1 1 1 1 1 1 1 1 1 1 1 1 1 1 1 1 1 1 1 1 1 1 1 1 1 1 1 1 1 1 1 1 1 1 1 1 1 1 1 1 1 1 1 1 1 1 1 1 1 1 1 1 1 1 1 1 1 1 1 1 1 1 1 1 1 1 1 1 1 1 1 1 1 1 1 1 1 1 1 1 1 1 1 1 1 1 1 1 1 1 1 1 1 1 1 1 1 1 1 1 1 1 1 1 1 1 1 1 1 1 1 1 1 1 1 1 1 1 1 1 1 1 1 1 1 1 1 1 1 1 1 1 1 1 1 1 1 1 1 1 1 1 1 1 1 1 1 1 1 1 1 1 1 1 1 1 1 1 1 1 1 1 1 1 1 1 1 1 1 1 1 1 1 1 1 1 1 1 1 1 1 1 1 1 1 1 1 1 1 1 1 1 1 1 1 1 1 1 1 1 1 1 1 1 1 1 1 1 1 1 1 1 1 1 1 1 1 1 1 1 1 1 1 1 1 1 1 1 1 1 1 1 1 1 1 1 1 1 1 1 1 1 1 1 1 1 1 1 1 1 1 1 1 1 1 1 1 1 1 1 1 1 1 1 1 1 1 1 1 1 1 1 1 1 1 1 1 1 1 1 1 1 1 1 1 1 1 1 1 1 1 1 1 1 1 1 1 1 1 1 1 1 1 1 1 1 1 1 1 1 1 1 1 1 1 1 1 1 1 1 1 1 1 1 1 1 1 1 1 1 1 1 1 1 1 1 1 1 1 1 1 1 1 1 1 1 1 1 1 1 1 1 1 1 1 1 1 1 1 1 1 1 1 1 1 1 1 1 1 1 1 1 1 1 1 1 1 1 1 1 1 1 1 1 1 1 1 1 1 1 1 1 1 1 1 1 1 1 1 1 1 1 1 1 1 1 1 1 1 1 1 1 1 1 1 1 1 1 1 1 1 1 1 1 1 1 1 1 1 1 1 1 1 1 1 1 1 1 1 1 1 1 1 1 1 1 1 1 1 1 1 1 1 1 1 1 1 1 1 1 1 1 1 1 1 1 1 1 1 1 1 1 1 1 1 1 1 1 1 1 1 1 1 1 1 1 1 1 1 1 1 1 1 1 1 1 1 1 1 1 1 1 1 1 1 1 1 1 1 1 1 1 1 1 1 1 1 1 1 1 1 1 1 1 1 1 1 1 1 1 1 1 1 1 1 1 1 1 1 1 1 1 1 1 1 1 1 1 1 1 1 1 1 1 1 1 1 1 1 1 1 1 1 1 1 1 1 1 1 1 1 1 1 1 1 1 1 1 1 1 1 1 1 1 1 1 1 1 1 1 1 1 1 1 1 1 1 1 1 1 1 1 1 1 1 1 1 1 1 1 1 1 1 1 1 1 1 1 1 1 1 1 1 1 1 1 1 1 1 1 1 1 1 1 1 1 1 1 1 1 1 1 1 1 1 1 1 1 1 1 1 1 1 1 1 1 1 1 1 1 1 1 1 1 1 1 1 1 1 1 1 1 1 1 1 1 1 1 1 1 1 1 1 1 1 1 1 1 1 1 1 1 1 1 1 1 1 1 1 1 1 1 1 1 1 1 1 1 1 1 1 1 1 1 1 1 1 1 1 1 1 1 1 1 1 1 1 1 1 1 1 1 1 1 1 1 1 1 1 1 1 1 1 1 1 1 1 1 1 1 1 1 1 1 1 1 1 1 1 1 1 1 1 1 1 1 1 1 1 1 1 1 1 1 1 1 1 1 1 1 1 1 1 1 1 1 1 1 1 1 1 1 1 1 1 1 1 1 1 1 1 1 1 1 1 1 1 1 1 1 1 1 1 1 1 1 1 1 1 1 1 1 1 1 1 1 1 1 1 1 1 1 1 1 1 1 1 1 1 1 1 1 1 1 1 1 1 1 1 1 1 1 1 1 1 1 1 1 1 1 1 1 1 1 1 1 1 1 1 1 1 1 1 1 1 1 1 1 1 1 1 1 1 1 1 1 1 1 1 1 1 1 1 1 1 1 1 1 1 1 1 1 1 1 1 1 1 1 1 1 1 1 1 1 1 1 1 1 1 1 1 1 1 1 1 1 1 1 1 1 1 1 1 1 1 1 1 1 1 1 1 1 1 1 1 1 1 1 1 1 1 1 1 1 1 1 1 1 1 1 1 1 1 1 1 1 1 1 1 1 1 1 1 1 1 1 1 1 1 1 1 1 1 1 1 1 1 1 1 1 1 1 1 1 1 1 1 1 1 1 1 1 1 1 1 1 1 1 1 1 1 1 1 1 1 1 1 1 1 1 1 1 1 1 1 1 1 1 1 1 1 1 1 1 1 1 1 1 1 1 1 1 1 1 1 1 1 1 1 1 1 1 1 1 1 1 1 1 1 1 1 1 1 1 1 1 1 1 1 1 1 1 1 1 1 1 1 1 1 1 1 1 1 1 1 1 1 1 1 1 1 1 1 1 1 1 1 1 1 1 1 1 1 1 1 1 1 1 1 1 1 1 1 1 1 1 1 1 1 1 1 1 1 1 1 1 1 1 1 1 1 1 1 1 1 1 1 1 1 1 1 1 1 1 1 1 1 1 1 1 1 1 1 1 1 1 1 1 1 1 1 1 1 1 1 1 1 1 1 1 1 1 1 1 1 1 1 1 1 1 1 1 1 1 1 1 1 1 1 1 1 1 1 1 1 1 1 1 1 1 1 1 1 1 1 1 1 1 1 1 1 1 1 1 1 1 1 1 1 1 1 1 1 1 1 1 1 1 1 1 1 1 1 1 1 1 1 1 1 1 1 1 1 1 1 1 1 1 1 1 1 1 1 1 1 1 1 1 1 1 1 1 1 1 1 1 1 1 1 1 1 1 1 1 1 1 1 1 1 1 1 1 1 1 1 1 1 1 1 1 1 1 1 1 1 1 1 1 1 1 1 1 1 1 1 1 1 1 1 1 1 1 1 1 1 1 1 1 1 1 1 1 1 1 1 1 1 1 1 1 1 1 1 1 1 1 1 1 1 1 1 1 1 1 1 1 1 1 1 1 1 1 1 1 1 1 1 1 1 1 1 1 1 1 1 1 1 1 1 1 1 1 1 1 1 1 1 1 1 1 1 1 1 1 1 1 1 1 1 1 1 1 1 1 1 1 1 1 1 1 1 1 1 1 1 1 1 1 1 1 1 1 1 1 1 1 1 1 1 1 1 1 1 1 1 1 1 1 1 1 1 1 1 1 1 1 1 1 1 1 1 1 1 1 1 1 1 1 1 1 1 1 1 1 1 1 1 1 1 1 1 1 1 1 1 1 1 1 1 1 1 1 1 1 1 1 1 1 1 1 1 1 1 1 1 1 1 1 1 1 1 1 1 1 1 1 1 1 1 1 1 1 1 1 1 1 1 1 1 1 1 1 1 1 1 1 1 1 1 1 1 1 1 1 1 1 1 1 1 1 1 1 1 1 1 1 1 1 1 1 1 1 1 1 1 1 1 1 1 1 1 1 1 1 1 1 1 1 1 1 1 1 1 1 1 1 1 1 1 1 1 1 1 1 1 1 1 1 1 1 1 1 1 1 1 1 1 1 1 1 1 1 1 1 1 1 1 1 1 1 1 1 1 1 1 1 1 1 1 1 1 1 1 1 1 1 1 1 1 1 1 1 1 1 1 1 1 1 1 1 1 1 1 1 1 1 1 1 1 1 1 1 1 1 1 1 1 1 1 1 1 1 1 1 1 1 1 1 1 1 1 1 1 1 1 1 1 1 1 1 1 1 1 1 1 1 1 1 1 1 1 1 1 1 1 1 1 1 1 1 1 1 1 1 1 1 1 1 1 1 1 1 1 1 1 1 1 1 1 1 1 1 1 1 1 1 1 1 1 1 1 1 1 1 1 1 1 1 1 1 1 1 1 1 1 1 1 1 1 1 1 1 1 1 1 1 1 1 1 1 1 1 1 1 1 1 1 1 1 1 1 1 1 1 1 1 1 1 1 1 1 1 1 1 1 1 1 1 1 1 1 1 1 1 1 1 1 1 1 1 1 1 1 1 1 1 1 1 1 1 1 1 1 1 1 1 1 1 1 1 1 1 1 1 1 1 1 1 1 1 1 1 1 1 1 1 1 1 1 1 1 1 1 1 1 1 1 1 1 1 1 1 1 1 1 1 1 1 1 1 1 1 1 1 1 1 1 1 1 1 1 1 1 1 1 1 1 1 1 1 1 1 1 1 1 1 1 1 1 1 1 1 1 1 1 1 1 1 1 1 1 1 1 1 1 1 1 1 1 1 1 1 1 1 1 1 1 1 1 1 1 1 1 1 1 1 1 1 1 1 1 1 1 1 1 1 1 1 1 1 1 1 1 1 1 1 1 1 1 1 1 1 1 1 1 1 1 1 1 1 1 1 1 1 1 1 1 1 1 1 1 1 1 1 1 1 1 1 1 1 1 1 1 1 1 1 1 1 1 1 1 1 1 1 1 1 1 1 1 1 1 1 1 1 1 1 1 1 1 1 1 1 1 1 1 1 1 1 1 1 1 1 1 1 1 1 1 1 1 1 1 1 1 1 1 1 1 1 1 1 1 1 1 1 1 1 1 1 1 1 1 1 1 1 1 1 1 1 1 1 1 1 1 1 1 1 1 1 1 1 1 1 1 1 1 1 1 1 1 1 1 1 1 1 1 1 1 1 1 1 1 1 1 1 1 1 1 1 1 1 1 1 1 1 1 1 1 1 1 1 1 1 1 1 1 1 1 1 1 1 1 1 1 1 1 1 1 1 1 1 1 1 1 1 1 1 1 1 1 1 1 1 1 1 1 1 1 1 1 1 1 1 1 1 1 1 1 1 1 1 1 1 1 1 1 1 1 1 1 1 1 1 1 1 1 1 1 1 1 1 1 1 1 1 1 1 1 1 1 1 1 1 1 1 1 1 1 1 1 1 1 1 1 1 1 1 1 1 1 1 1 1 1 1 1 1 1 1 1 1 1 1 1 1 1 1 1 1 1 1 1 1 1 1 1 1 1 1 1 1 1 1 1 1 1 1 1 1 1 1 1 1 1 1 1 1 1 1 1 1 1 1 1 1 1 1 1 1 1 1 1 1 1 1 1 1 1 1 1 1 1 1 1 1 1 1 1 1 1 1 1 1 1 1 1 1 1 1 1 1 1 1 1 1 1 1 1 1 1 1 1 1 1 1 1 1 1 1 1 1 1 1 1 1 1 1 1 1 1 1 1 1 1 1 1 1 1 1 1 1 1 1 1 1 1 1 1 1 1 1 1 1 1 1 1 1 1 1 1 1 1 1 1 1 1 1 1 1 1 1 1 1 1 1 1 1 1 1 1 1 1 1 1 1 1 1 1 1 1 1 1 1 1 1 1 1 1 1 1 1 1 1 1 1 1 1 1 1 1 1 1 1 1 1 1 1 1 1 1 1 1 1 1 1 1 1 1 1 1 1 1 1 1 1 1 1 1 1 1 1 1 1 1 1 1 1 1 1 1 1 1 1 1 1 1 1 1 1 1 1 1 1 1 1 1 1 1 1 1 1 1 1 1 1 1 1 1 1 1 1 1 1 1 1 1 1 1 1 1 1 1 1 1 1 1 1 1 1 1 1 1 1 1 1 1 1 1 1 1 1 1 1 1 1 1 1 1 1 1 1 1 1 1 1 1 1 1 1 1 1 1 1 1 1 1 1 1 1 1 1 1 1 1 1 1 1 1 1 1 1 1 1 1 1 1 1 1 1 1 1 1 1 1 1 1 1 1 1 1 1 1 1 1 1 1 1 1 1 1 1 1 1 1 1 1 1 1 1 1 1 1 1 1 1 1 1 1 1 1 1 1 1 1 1 1 1 1 1 1 1 1 1 1 1 1 1 1 1 1 1 1 1 1 1 1 1 1 1 1 1 1 1 1 1 1 1 1 1 1 1 1 1 1 1 1 1 1 1 1 1 1 1 1 1 1 1 1 1 1 1 1 1 1 1 1 1 1 1 1 1 1 1 1 1 1 1 1 1 1 1 1 1 1 1 1 1 1 1 1 1 1 1 1 1 1 1 1 1 1 1 1 1 1 1 1 1 1 1 1 1 1 1 1 1 1 1 1 1 1 1 1 1 1 1 1 1 1 1 1 1 1 1 1 1 1 1 1 1 1 1 1 1 1 1 1 1 1 1 1 1 1 1 1 1 1 1 1 1 1 1 1 1 1 1 1 1 1 1 1 1 1 1 1 1 1 1 1 1 1 1 1 1 1 1 1 1 1 1 1 1 1 1 1 1 1 1 1 1 1 1 1 1 1 1 1 1 1 1 1 1 1 1 1 1 1 1 1 1 1 1 1 1 1 1 1 1 1 1 1 1 1 1 1 1 1 1 1 1 1 1 1 1 1 1 1 1 1 1 1 1 1 1 1 1 1 1 1 1 1 1 1 1 1 1 1 1 1 1 1 1 1 1 1 1 1 1 1 1 1 1 1 1 1 1 1 1 1 1 1 1 1 1 1 1 1 1 1 1 1 1 1 1 1 1 1 1 1 1 1 1 1 1 1 1 1 1 1 1 1 1 1 1 1 1 1 1 1 1 1 1 1 1 1 1 1 1 1 1 1 1 1 1 1 1 1 1 1 1 1 1 1 1 1 1 1 1 1 1 1 1 1 1 1 1 1 1 1 1 1 1 1 1 1 1 1 1 1 1 1 1 1 1 1 1 1 1 1 1 1 1 1 1 1 1 1 1 1 1 1 1 1 1 1 1 1 1 1 1 1 1 1 1 1 1 1 1 1 1 1 1 1 1 1 1 1 1 1 1 1 1 1 1 1 1 1 1 1 1 1 1 1 1 1 1 1 1 1 1 1 1 1 1 1 1 1 1 1 1 1 1 1 1 1 1 1 1 1 1 1 1 1 1 1 1 1 1 1 1 1 1 1 1 1 1 1 1 1 1 1 1 1 1 1 1 1 1 1 1 1 1 1 1 1 1 1 1 1 1 1 1 1 1 1 1 1 1 1 1 1 1 1 1 1 1 1 1 1 1 1 1 1 1 1 1 1 1 1 1 1 1 1 1 1 1 1 1 1 1 1 1 1 1 1 1 1 1 1 1 1 1 1 1 1 1 1 1 1 1 1 1 1 1 1 1 1 1 1 1 1 1 1 1 1 1 1 1 1 1 1 1 1 1 1 1 1 1 1 1 1 1 1 1 1 1 1 1 1 1 1 1 1 1 1 1 1 1 1 1 1 1 1 1 1 1 1 1 1 1 1 1 1 1 1 1 1 1 1 1 1 1 1 1 1 1 1 1 1 1 1 1 1 1 1 1 1 1 1 1 1 1 1 1 1 1 1 1 1 1 1 1 1 1 1 1 1 1 1 1 1 1 1 1 1 1 1 1 1 1 1 1 1 1 1 1 1 1 1 1 1 1 1 1 1 1 1 1 1 1 1 1 1 1 1 1 1 1 1 1 1 1 1 1 1 1 1 1 1 1 1 1 1 1 1 1 1 1 1 1 1 1 1 1 1 1 1 1 1 1 1 1 1 1 1 1 1 1 1 1 1 1 1 1 1 1 1 1 1 1 1 1 1 1 1 1 1 1 1 1 1 1 1 1 1 1 1 1 1 1 1 1 1 1 1 1 1 1 1 1 1 1 1 1 1 1 1 1 1 1 1 1 1 1 1 1 1 1 1 1 1 1 1 1 1 1 1 1 1 1 1 1 1 1 1 1 1 1 1 1 1 1 1 1 1 1 1 1 1 1 1 1 1 1 1 1 1 1 1 1 1 1 1 1 1 1 1 1 1 1 1 1 1 1 1 1 1 1 1 1 1 1 1 1 1 1 1 1 1 1 1 1 1 1 1 1 1 1 1 1 1 1 1 1 1 1 1 1 1 1 1 1 1 1 1 1 1 1 1 1 1 1 1 1 1 1 1 1 1 1 1 1 1 1 1 1 1 1 1 1 1 1 1 1 1 1 1 1 1 1 1 1 1 1 1 1 1 1 1 1 1 1 1 1 1 1 1 1 1 1 1 1 1 1 1 1 1 1 1 1 1 1 1 1 1 1 1 1 1 1 1 1 1 1 1 1 1 1 1 1 1 1 1 1 1 1 1 1 1 1 1 1 1 1 1 1 1 1 1 1 1 1 1 1 1 1 1 1 1 1 1 1 1 1 1 1 1 1 1 1 1 1 1 1 1 1 1 1 1 1 1 1 1 1 1 1 1 1 1 1 1 1 1 1 1 1 1 1 1 1 1 1 1 1 1 1 1 1 1 1 1 1 1 1 1 1 1 1 1 1 1 1 1 1 1 1 1 1 1 1 1 1 1 1 1 1 1 1 1 1 1 1 1 1 1 1 1 1 1 1 1 1 1 1 1 1 1 1 1 1 1 1 1 1 1 1 1 1 1 1 1 1 1 1 1 1 1 1 1 1 1 1 1 1 1 1 1 1 1 1 1 1 1 1 1 1 1 1 1 1 1 1 1 1 1 1 1 1 1 1 1 1 1 1 1 1 1 1 1 1 1 1 1 1 1 1 1 1 1 1 1 1 1 1 1 1 1 1 1 1 1 1 1 1 1 1 1 1 1 1 1 1 1 1 1 1 1 1 1 1 1 1 1 1 1 1 1 1 1 1 1 1 1 1 1 1 1 1 1 1 1 1 1 1 1 1 1 1 1 1 1 1 1 1 1 1 1 1 1 1 1 1 1 1 1 1 1 1 1 1 1 1 1 1 1 1 1 1 1 1 1 1 1 1 1 1 1 1 1 1 1 1 1 1 1 1 1 1 1 1 1 1 1 1 1 1 1 1 1 1 1 1 1 1 1 1 1 1 1 1 1 1 1 1 1 1 1 1 1 1 1 1 1 1 1 1 1 1 1 1 1 1 1 1 1 1 1 1 1 1 1 1 1 1 1 1 1 1 1 1 1 1 1 1 1 1 1 1 1 1 1 1 1 1 1 1 1 1 1 1 1 1 1 1 1 1 1 1 1 1 1 1 1 1 1 1 1 1 1 1 1 1 1 1 1 1 1 1 1 1 1 1 1 1 1 1 1 1 1 1 1 1 1 1 1 1 1 1 1 1 1 1 1 1 1 1 1 1 1 1 1 1 1 1 1 1 1 1 1 1 1 1 1 1 1 1 1 1 1 1 1 1 1 1 1 1 1 1 1 1 1 1 1 1 1 1 1 1 1 1 1 1 1 1 1 1 1 1 1 1 1 1 1 1 1 1 1 1 1 1 1 1 1 1 1 1 1 1 1 1 1 1 1 1 1 1 1 1 1 1 1 1 1 1 1 1 1 1 1 1 1 1 1 1 1 1 1 1 1 1 1 1 1 1 1 1 1 1 1 1 1 1 1 1 1 1 1 1 1 1 1 1 1 1 1 1 1 1 1 1 1 1 1 1 1 1 1 1 1 1 1 1 1 1 1 1 1 1 1 1 1 1 1 1 1 1 1 1 1 1 1 1 1 1 1 1 1 1 1 1 1 1 1 1 1 1 1 1 1 1 1 1 1 1 1 1 1 1 1 1 1 1 1 1 1 1 1 1 1 1 1 1 1 1 1 1 1 1 1 1 1 1 1 1 1 1 1 1 1 1 1 1 1 1 1 1 1 1 1 1 1 1 1 1 1 1 1 1 1 1 1 1 1 1 1 1 1 1 1 1 1 1 1 1 1 1 1 1 1 1 1 1 1 1 1 1 1 1 1 1 1 1 1 1 1 1 1 1 1 1 1 1 1 1 1 1 1 1 1 1 1 1 1 1 1 1 1 1 1 1 1 1 1 1 1 1 1 1 1 1 1 1 1 1 1 1 1 1 1 1 1 1 1 1 1 1 1 1 1 1 1 1 1 1 1 1 1 1 1 1 1 1 1 1 1 1 1 1 1 1 1 1 1 1 1 1 1 1 1 1 1 1 1 1 1 1 1 1 1 1 1 1 1 1 1 1 1 1 1 1 1 1 1 1 1 1 1 1 1 1 1 1 1 1 1 1 1 1 1 1 1 1 1 1 1 1 1 1 1 1 1 1 1 1 1 1 1 1 1 1 1 1 1 1 1 1 1 1 1 1 1 1 1 1 1 1 1 1 1 1 1 1 1 1 1 1 1 1 1 1 1 1 1 1 1 1 1 1 1 1 1 1 1 1 1 1 1 1 1 1 1 1 1 1 1 1 1 1 1 1 1 1 1 1 1 1 1 1 1 1 1 1 1 1 1 1 1 1 1 1 1 1 1 1 1 1 1 1 1 1 1 1 1 1 1 1 1 1 1 1 1 1 1 1 1 1 1 1 1 1 1 1 1 1 1 1 1 1 1 1 1 1 1 1 1 1 1 1 1 1 1 1 1 1 1 1 1 1 1 1 1 1 1 1 1 1 1 1 1 1 1 1 1 1 1 1 1 1 1 1 1 1 1 1 1 1 1 1 1 1 1 1 1 1 1 1 1 1 1 1 1 1 1 1 1 1 1 1 1 1 1 1 1 1 1 1 1 1 1 1 1 1 1 1 1 1 1 1 1 1 1 1 1 1 1 1 1 1 1 1 1 1 1 1 1 1 1 1 1 1 1 1 1 1 1 1 1 1 1 1 1 1 1 1 1 1 1 1 1 1 1 1 1 1 1 1 1 1 1 1 1 1 1 1 1 1 1 1 1 1 1 1 1 1 1 1 1 1 1 1 1 1 1 1 1 1 1 1 1 1 1 1 1 1 1 1 1 1 1 1 1 1 1 1 1 1 1 1 1 1 1 1 1 1 1 1 1 1 1 1 1 1 1 1 1 1 1 1 1 1 1 1 1 1 1 1 1 1 1 1 1 1 1 1 1 1 1 1 1 1 1 1 1 1 1 1 1 1 1 1 1 1 1 1 1 1 1 1 1 1 1 1 1 1 1 1 1 1 1 1 1 1 1 1 1 1 1 1 1 1 1 1 1 1 1 1 1 1 1 1 1 1 1 1 1 1 1 1 1 1 1 1 1 1 1 1 1 1 1 1 1 1 1 1 1 1 1 1 1 1 1 1 1 1 1 1 1 1 1 1 1 1 1 1 1 1 1 1 1 1 1 1 1 1 1 1 1 1 1 1 1 1 1 1 1 1 1 1 1 1 1 1 1 1 1 1 1 1 1 1 1 1 1 1 1 1 1 1 1 1 1 1 1 1 1 1 1 1 1 1 1 1 1 1 1 1 1 1 1 1 1 1 1 1 1 1 1 1 1 1 1 1 1 1 1 1 1 1 1 1 1 1 1 1 1 1 1 1 1 1 1 1 1 1 1 1 1 1 1 1 1 1 1 1 1 1 1 1 1 1 1 1 1 1 1 1 1 1 1 1 1 1 1 1 1 1 1 1 1 1 1 1 1 1 1 1 1 1 1 1 1 1 1 1 1 1 1 1 1 1 1 1 1 1 1 1 1 1 1 1 1 1 1 1 1 1 1 1 1 1 1 1 1 1 1 1 1 1 1 1 1 1 1 1 1 1 1 1 1 1 1 1 1 1 1 1 1 1 1 1 1 1 1 1 1 1 1 1 1 1 1 1 1 1 1 1 1 1 1 1 1 1 1 1 1 1 1 1 1 1 1 1 1 1 1 1 1 1 1 1 1 1 1 1 1 1 1 1 1 1 1 1 1 1 1 1 1 1 1 1 1 1 1 1 1 1 1 1 1 1 1 1 1 1 1 1 1 1 1 1 1 1 1 1 1 1 1 1 1 1 1 1 1 1 1 1 1 1 1 1 1 1 1 1 1 1 1 1 1 1 1 1 1 1 1 1 1 1 1 1 1 1 1 1 1 1 1 1 1 1 1 1 1 1 1 1 1 1 1 1 1 1 1 1 1 1 1 1 1 1 1 1 1 1 1 1 1 1 1 1 1 1 1 1 1 1 1 1 1 1 1 1 1 1 1 1 1 1 1 1 1 1 1 1 1 1 1 1 1 1 1 1 1 1 1 1 1 1 1 1 1 1 1 1 1 1 1 1 1 1 1 1 1 1 1 1 1 1 1 1 1 1 1 1 1 1 1 1 1 1 1 1 1 1 1 1 1 1 1 1 1 1 1 1 1 1 1 1 1 1 1 1 1 1 1 1 1 1 1 1 1 1 1 1 1 1 1 1 1 1 1 1 1 1 1 1 1 1 1 1 1 1 1 1 1 1 1 1 1 1 1 1 1 1 1 1 1 1 1 1 1 1 1 1 1 1 1 1 1 1 1 1 1 1 1 1 1 1 1 1 1 1 1 1 1 1 1 1 1 1 1 1 1 1 1 1 1 1 1 1 1 1 1 1 1 1 1 1 1 1 1 1 1 1 1 1 1 1 1 1 1 1 1 1 1 1 1 1 1 1 1 1 1 1 1 1 1 1 1 1 1 1 1 1 1 1 1 1 1 1 1 1 1 1 1 1 1 1 1 1 1 1 1 1 1 1 1 1 1 1 1 1 1 1 1 1 1 1 1 1 1 1 1 1 1 1 1 1 1 1 1 1 1 1 1 1 1 1 1 1 1 1 1 1 1 1 1 1 1 1 1 1 1 1 1 1 1 1 1 1 1 1 1 1 1 1 1 1 1 1 1 1 1 1 1 1 1 1 1 1 1 1 1 1 1 1 1 1 1 1 1 1 1 1 1 1 1 1 1 1 1 1 1 1 1 1 1 1 1 1 1 1 1 1 1 1 1 1 1 1 1 1 1 1 1 1 1 1 1 1 1 1 1 1 1 1 1 1 1 1 1 1 1 1 1 1 1 1 1 1 1 1 1 1 1 1 1 1 1 1 1 1 1 1 1 1 1 1 1 1 1 1 1 1 1 1 1 1 1 1 1 1 1 1 1 1 1 1 1 1 1 1 1 1 1 1 1 1 1 1 1 1 1 1 1 1 1 1 1 1 1 1 1 1 1 1 1 1 1 1 1 1 1 1 1 1 1 1 1 1 1 1 1 1 1 1 1 1 1 1 1 1 1 1 1 1 1 1 1 1 1 1 1 1 1 1 1 1 1 1 1 1 1 1 1 1 1 1 1 1 1 1 1 1 1 1 1 1 1 1 1 1 1 1 1 1 1 1 1 1 1 1 1 1 1 1 1 1 1 1 1 1 1 1 1 1 1 1 1 1 1 1 1 1 1 1 1 1 1 1 1 1 1 1 1 1 1 1 1 1 1 1 1 1 1 1 1 1 1 1 1 1 1 1 1 1 1 1 1 1 1 1 1 1 1 1 1 1 1 1 1 1 1 1 1 1 1 1 1 1 1 1 1 1 1 1 1 1 1 1 1 1 1 1 1 1 1 1 1 1 1 1 1 1 1 1 1 1 1 1 1 1 1 1 1 1 1 1 1 1 1 1 1 1 1 1 1 1 1 1 1 1 1 1 1 1 1 1 1 1 1 1 1 1 1 1 1 1 1 1 1 1 1 1 1 1 1 1 1 1 1 1 1 1 1 1 1 1 1 1 1 1 1 1 1 1 1 1 1 1 1 1 1 1 1 1 1 1 1 1 1 1 1 1 1 1 1 1 1 1 1 1 1 1 1 1 1 1 1 1 1 1 1 1 1 1 1 1 1 1 1 1 1 1 1 1 1 1 1 1 1 1 1 1 1 1 1 1 1 1 1 1 1 1 1 1 1 1 1 1 1 1 1 1 1 1 1 1 1 1 1 1 1 1 1 1 1 1 1 1 1 1 1 1 1 1 1 1 1 1 1 1 1 1 1 1 1 1 1 1 1 1 1 1 1 1 1 1 1 1 1 1 1 1 1 1 1 1 1 1 1 1 1 1 1 1 1 1 1 1 1 1 1 1 1 1 1 1 1 1 1 1 1 1 1 1 1 1 1 1 1 1 1 1 1 1 1 1 1 1 1 1 1 1 1 1 1 1 1 1 1 1 1 1 1 1 1 1 1 1 1 1 1 1 1 1 1 1 1 1 1 1 1 1 1 1 1 1 1 1 1 1 1 1 1 1 1 1 1 1 1 1 1 1 1 1 1 1 1 1 1 1 1 1 1 1 1 1 1 1 1 1 1 1 1 1 1 1 1 1 1 1 1 1 1 1 1 1 1 1 1 1 1 1 1 1 1 1 1 1 1 1 1 1 1 1 1 1 1 1 1 1 1 1 1 1 1 1 1 1 1 1 1 1 1 1 1 1 1 1 1 1 1 1 1 1 1 1 1 1 1 1 1 1 1 1 1 1 1 1 1 1 1 1 1 1 1 1 1 1 1 1 1 1 1 1 1 1 1 1 1 1 1 1 1 1 1 1 1 1 1 1 1 1 1 1 1 1 1 1 1 1 1 1 1 1 1 1 1 1 1 1 1 1 1 1 1 1 1 1 1 1 1 1 1 1 1 1 1 1 1 1 1 1 1 1 1 1 1 1 1 1 1 1 1 1 1 1 1 1 1 1 1 1 1 1 1 1 1 1 1 1 1 1 1 1 1 1 1 1 1 1 1 1 1 1 1 1 1 1 1 1 1 1 1 1 1 1 1 1 1 1 1 1 1 1 1 1 1 1 1 1 1 1 1 1 1 1 1 1 1 1 1 1 1 1 1 1 1 1 1 1 1 1 1 1 1 1 1 1 1 1 1 1 1 1 1 1 1 1 1 1 1 1 1 1 1 1 1 1 1 1 1 1 1 1 1 1 1 1 1 1 1 1 1 1 1 1 1 1 1 1 1 1 1 1 1 1 1 1 1 1 1 1 1 1 1 1 1 1 1 1 1 1 1 1 1 1 1 1 1 1 1 1 1 1 1 1 1 1 1 1 1 1 1 1 1 1 1 1 1 1 1 1 1 1 1 1 1 1 1 1 1 1 1 1 1 1 1 1 1 1 1 1 1 1 1 1 1 1 1 1 1 1 1 1 1 1 1 1 1 1 1 1 1 1 1 1 1 1 1 1 1 1 1 1 1 1 1 1 1 1 1 1 1 1 1 1 1 1 1 1 1 1 1 1 1 1 1 1 1 1 1 1 1 1 1 1 1 1 1 1 1 1 1 1 1 1 1 1 1 1 1 1 1 1 1 1 1 1 1 1 1 1 1 1 1 1 1 1 1 1 1 1 1 1 1 1 1 1 1 1 1 1 1 1 1 1 1 1 1 1 1 1 1 1 1 1 1 1 1 1 1 1 1 1 1 1 1 1 1 1 1 1 1 1 1 1 1 1 1 1 1 1 1 1 1 1 1 1 1 1 1 1 1 1 1 1 1 1 1 1 1 1 1 1 1 1 1 1 1 1 1 1 1 1 1 1 1 1 1 1 1 1 1 1 1 1 1 1 1 1 1 1 1 1 1 1 1 1 1 1 1 1 1 1 1 1 1 1 1 1 1 1 1 1 1 1 1 1 1 1 1 1 1 1 1 1 1 1 1 1 1 1 1 1 1 1 1 1 1 1 1 1 1 1 1 1 1 1 1 1 1 1 1 1 1 1 1 1 1 1 1 1 1 1 1 1 1 1 1 1 1 1 1 1 1 1 1 1 1 1 1 1 1 1 1 1 1 1 1 1 1 1 1 1 1 1 1 1 1 1 1 1 1 1 1 1 1 1 1 1 1 1 1 1 1 1 1 1 1 1 1 1 1 1 1 1 1 1 1 1 1 1 1 1 1 1 1 1 1 1 1 1 1 1 1 1 1 1 1 1 1 1 1 1 1 1 1 1 1 1 1 1 1 1 1 1 1 1 1 1 1 1 1 1 1 1 1 1 1 1 1 1 1 1 1 1 1 1 1 1 1 1 1 1 1 1 1 1 1 1 1 1 1 1 1 1 1 1 1 1 1 1 1 1 1 1 1 1 1 1 1 1 1 1 1 1 1 1 1 1 1 1 1 1 1 1 1 1 1 1 1 1 1 1 1 1 1 1 1 1 1 1 1 1 1 1 1 1 1 1 1 1 1 1 1 1 1 1 1 1 1 1 1 1 1 1 1 1 1 1 1 1 1 1 1 1 1 1 1 1 1 1 1 1 1 1 1 1 1 1 1 1 1 1 1 1 1 1 1 1 1 1 1 1 1 1 1 1 1 1 1 1 1 1 1 1 1 1 1 1 1 1 1 1 1 1 1 1 1 1 1 1 1 1 1 1 1 1 1 1 1 1 1 1 1 1 1 1 1 1 1 1 1 1 1 1 1 1 1 1 1 1 1 1 1 1 1 1 1 1 1 1 1 1 1 1 1 1 1 1 1 1 1 1 1 1 1 1 1 1 1 1 1 1 1 1 1 1 1 1 1 1 1 1 1 1 1 1 1 1 1 1 1 1 1 1 1 1 1 1 1 1 1 1 1 1 1 1 1 1 1 1 1 1 1 1 1 1 1 1 1 1 1 1 1 1 1 1 1 1 1 1 1 1 1 1 1 1 1 1 1 1 1 1 1 1 1 1 1 1 1 1 1 1 1 1 1 1 1 1 1 1 1 1 1 1 1 1 1 1 1 1 1 1 1 1 1 1 1 1 1 1 1 1 1 1 1 1 1 1 1 1 1 1 1 1 1 1 1 1 1 1 1 1 1 1 1 1 1 1 1 1 1 1 1 1 1 1 1 1 1 1 1 1 1 1 1 1 1 1 1 1 1 1 1 1 1 1 1 1 1 1 1 1 1 1 1 1 1 1 1 1 1 1 1 1 1 1 1 1 1 1 1 1 1 1 1 1 1 1 1 1 1 1 1 1 1 1 1 1 1 1 1 1 1 1 1 1 1 1 1 1 1 1 1 1 1 1 1 1 1 1 1 1 1 1 1 1 1 1 1 1 1 1 1 1 1 1 1 1 1 1 1 1 1 1 1 1 1 1 1 1 1 1 1 1 1 1 1 1 1 1 1 1 1 1 1 1 1 1 1 1 1 1 1 1 1 1 1 1 1 1 1 1 1 1 1 1 1 1 1 1 1 1 1 1 1 1 1 1 1 1 1 1 1 1 1 1 1 1 1 1 1 1 1 1 1 1 1 1 1 1 1 1 1 1 1 1 1 1 1 1 1 1 1 1 1 1 1 1 1 1 1 1 1 1 1 1 1 1 1 1 1 1 1 1 1 1 1 1 1 1 1 1 1 1 1 1 1 1 1 1 1 1 1 1 1 1 1 1 1 1 1 1 1 1 1 1 1 1 1 1 1 1 1 1 1 1 1 1 1 1 1 1 1 1 1 1 1 1 1 1 1 1 1 1 1 1 1 1 1 1 1 1 1 1 1 1 1 1 1 1 1 1 1 1 1 1 1 1 1 1 1 1 1 1 1 1 1 1 1 1 1 1 1 1 1 1 1 1 1 1 1 1 1 1 1 1 1 1 1 1 1 1 1 1 1 1 1 1 1 1 1 1 1 1 1 1 1 1 1 1 1 1 1 1 1 1 1 1 1 1 1 1 1 1 1 1 1 1 1 1 1 1 1 1 1 1 1 1 1 1 1 1 1 1 1 1 1 1 1 1 1 1 1 1 1 1 1 1 1 1 1 1 1 1 1 1 1 1 1 1 1 1 1 1 1 1 1 1 1 1 1 1 1 1 1 1 1 1 1 1 1 1 1 1 1 1 1 1 1 1 1 1 1 1 1 1 1 1 1 1 1 1 1 1 1 1 1 1 1 1 1 1 1 1 1 1 1 1 1 1 1 1 1 1 1 1 1 1 1 1 1 1 1 1 1 1 1 1 1 1 1 1 1 1 1 1 1 1 1 1 1 1 1 1 1 1 1 1 1 1 1 1 1 1 1 1 1 1 1 1 1 1 1 1 1 1 1 1 1 1 1 1 1 1 1 1 1 1 1 1 1 1 1 1 1 1 1 1 1 1 1 1 1 1 1 1 1 1 1 1 1 1 1 1 1 1 1 1 1 1 1 1 1 1 1 1 1 1 1 1 1 1 1 1 1 1 1 1 1 1 1 1 1 1 1 1 1 1 1 1 1 1 1 1 1 1 1 1 1 1 1 1 1 1 1 1 1 1 1 1 1 1 1 1 1 1 1 1 1 1 1 1 1 1 1 1 1 1 1 1 1 1 1 1 1 1 1 1 1 1 1 1 1 1 1 1 1 1 1 1 1 1 1 1 1 1 1 1 1 1 1 1 1 1 1 1 1 1 1 1 1 1 1 1 1 1 1 1 1 1 1 1 1 1 1 1 1 1 1 1 1 1 1 1 1 1 1 1 1 1 1 1 1 1 1 1 1 1 1 1 1 1 1 1 1 1 1 1 1 1 1 1 1 1 1 1 1 1 1 1 1 1 1 1 1 1 1 1 1 1 1 1 1 1 1 1 1 1 1 1 1 1 1 1 1 1 1 1 1 1 1 1 1 1 1 1 1 1 1 1 1 1 1 1 1 1 1 1 1 1 1 1 1 1 1 1 1 1 1 1 1 1 1 1 1 1 1 1 1 1 1 1 1 1 1 1 1 1 1 1 1 1 1 1 1 1 1 1 1 1 1 1 1 1 1 1 1 1 1 1 1 1 1 1 1 1 1 1 1 1 1 1 1 1 1 1 1 1 1 1 1 1 1 1 1 1 1 1 1 1 1 1 1 1 1 1 1 1 1 1 1 1 1 1 1 1 1 1 1 1 1 1 1 1 1 1 1 1 1 1 1 1 1 1 1 1 1 1 1 1 1 1 1 1 1 1 1 1 1 1 1 1 1 1 1 1 1 1 1 1 1 1 1 1 1 1 1 1 1 1 1 1 1 1 1 1 1 1 1 1 1 1 1 1 1 1 1 1 1 1 1 1 1 1 1 1 1 1 1 1 1 1 1 1 1 1 1 1 1 1 1 1 1 1 1 1 1 1 1 1 1 1 1 1 1 1 1 1 1 1 1 1 1 1 1 1 1 1 1 1 1 1 1 1 1 1 1 1 1 1 1 1 1 1 1 1 1 1 1 1 1 1 1 1 1 1 1 1 1 1 1 1 1 1 1 1 1 1 1 1 1 1 1 1 1 1 1 1 1 1 1 1 1 1 1 1 1 1 1 1 1 1 1 1 1 1 1 1 1 1 1 1 1 1 1 1 1 1 1 1 1 1 1 1 1 1 1 1 1 1 1 1 1 1 1 1 1 1 1 1 1 1 1 1 1 1 1 1 1 1 1 1 1 1 1 1 1 1 1 1 1 1 1 1 1 1 1 1 1 1 1 1 1 1 1 1 1 1 1 1 1 1 1 1 1 1 1 1 1 1 1 1 1 1 1 1 1 1 1 1 1 1 1 1 1 1 1 1 1 1 1 1 1 1 1 1 1 1 1 1 1 1 1 1 1 1 1 1 1 1 1 1 1 1 1 1 1 1 1 1 1 1 1 1 1 1 1 1 1 1 1 1 1 1 1 1 1 1 1 1 1 1 1 1 1 1 1 1 1 1 1 1 1 1 1 1 1 1 1 1 1 1 1 1 1 1 1 1 1 1 1 1 1 1 1 1 1 1 1 1 1 1 1 1 1 1 1 1 1 1 1 1 1 1 1 1 1 1 1 1 1 1 1 1 1 1 1 1 1 1 1 1 1 1 1 1 1 1 1 1 1 1 1 1 1 1 1 1 1 1 1 1 1 1 1 1 1 1 1 1 1 1 1 1 1 1 1 1 1 1 1 1 1 1 1 1 1 1 1 1 1 1 1 1 1 1 1 1 1 1 1 1 1 1 1 1 1 1 1 1 1 1 1 1 1 1 1 1 1 1 1 1 1 1 1 1 1 1 1 1 1 1 1 1 1 1 1 1 1 1 1 1 1 1 1 1 1 1 1 1 1 1 1 1 1 1 1 1 1 1 1 1 1 1 1 1 1 1 1 1 1 1 1 1 1 1 1 1 1 1 1 1 1 1 1 1 1 1 1 1 1 1 1 1 1 1 1 1 1 1 1 1 1 1 1 1 1 1 1 1 1 1 1 1 1 1 1 1 1 1 1 1 1 1 1 1 1 1 1 1 1 1 1 1 1 1 1 1 1 1 1 1 1 1 1 1 1 1 1 1 1 1 1 1 1 1 1 1 1 1 1 1 1 1 1 1 1 1 1 1 1 1 1 1 1 1 1 1 1 1 1 1 1 1 1 1 1 1 1 1 1 1 1 1 1 1 1 1 1 1 1 1 1 1 1 1 1 1 1 1 1 1 1 1 1 1 1 1 1 1 1 1 1 1 1 1 1 1 1 1 1 1 1 1 1 1 1 1 1 1 1 1 1 1 1 1 1 1 1 1 1 1 1 1 1 1 1 1 1 1 1 1 1 1 1 1 1 1 1 1 1 1 1 1 1 1 1 1 1 1 1 1 1 1 1 1 1 1 1 1 1 1 1 1 1 1 1 1 1 1 1 1 1 1 1 1 1 1 1 1 1 1 1 1 1 1 1 1 1 1 1 1 1 1 1 1 1 1 1 1 1 1 1 1 1 1 1 1 1 1 1 1 1 1 1 1 1 1 1 1 1 1 1 1 1 1 1 1 1 1 1 1 1 1 1 1 1 1 1 1 1 1 1 1 1 1 1 1 1 1 1 1 1 1 1 1 1 1 1 1 1 1 1 1 1 1 1 1 1 1 1 1 1 1 1 1 1 1 1 1 1 1 1 1 1 1 1 1 1 1 1 1 1 1 1 1 1 1 1 1 1 1 1 1 1 1 1 1 1 1 1 1 1 1 1 1 1 1 1 1 1 1 1 1 1 1 1 1 1 1 1 1 1 1 1 1 1 1 1 1 1 1 1 1 1 1 1 1 1 1 1 1 1 1 1 1 1 1 1 1 1 1 1 1 1 1 1 1 1 1 1 1 1 1 1 1 1 1 1 1 1 1 1 1 1 1 1 1 1 1 1 1 1 1 1 1 1 1 1 1 1 1 1 1 1 1 1 1 1 1 1 1 1 1 1 1 1 1 1 1 1 1 1 1 1 1 1 1 1 1 1 1 1 1 1 1 1 1 1 1 1 1 1 1 1 1 1 1 1 1 1 1 1 1 1 1 1 1 1 1 1 1 1 1 1 1 1 1 1 1 1 1 1 1 1 1 1 1 1 1 1 1 1 1 1 1 1 1 1 1 1 1 1 1 1 1 1 1 1 1 1 1 1 1 1 1 1 1 1 1 1 1 1 1 1 1 1 1 1 1 1 1 1 1 1 1 1 1 1 1 1 1 1 1 1 1 1 1 1 1 1 1 1 1 1 1 1 1 1 1 1 1 1 1 1 1 1 1 1 1 1 1 1 1 1 1 1 1 1 1 1 1 1 1 1 1 1 1 1 1 1 1 1 1 1 1 1 1 1 1 1 1 1 1 1 1 1 1 1 1 1 1 1 1 1 1 1 1 1 1 1 1 1 1 1 1 1 1 1 1 1 1 1 1 1 1 1 1 1 1 1 1 1 1 1 1 1 1 1 1 1 1 1 1 1 1 1 1 1 1 1 1 1 1 1 1 1 1 1 1 1 1 1 1 1 1 1 1 1 1 1 1 1 1 1 1 1 1 1 1 1 1 1 1 1 1 1 1 1 1 1 1 1 1 1 1 1 1 1 1 1 1 1 1 1 1 1 1 1 1 1 1 1 1 1 1 1 1 1 1 1 1 1 1 1 1 1 1 1 1 1 1 1 1 1 1 1 1 1 1 1 1 1 1 1 1 1 1 1 1 1 1 1 1 1 1 1 1 1 1 1 1 1 1 1 1 1 1 1 1 1 1 1 1 1 1 1 1 1 1 1 1 1 1 1 1 1 1 1 1 1 1 1 1 1 1 1 1 1 1 1 1 1 1 1 1 1 1 1 1 1 1 1 1 1 1 1 1 1 1 1 1 1 1 1 1 1 1 1 1 1 1 1 1 1 1 1 1 1 1 1 1 1 1 1 1 1 1 1 1 1 1 1 1 1 1 1 1 1 1 1 1 1 1 1 1 1 1 1 1 1 1 1 1 1 1 1 1 1 1 1 1 1 1 1 1 1 1 1 1 1 1 1 1 1 1 1 1 1 1 1 1 1 1 1 1 1 1 1 1 1 1 1 1 1 1 1 1 1 1 1 1 1 1 1 1 1 1 1 1 1 1 1 1 1 1 1 1 1 1 1 1 1 1 1 1 1 1 1 1 1 1 1 1 1 1 1 1 1 1 1 1 1 1 1 1 1 1 1 1 1 1 1 1 1 1 1 1 1 1 1 1 1 1 1 1 1 1 1 1 1 1 1 1 1 1 1 1 1 1 1 1 1 1 1 1 1 1 1 1 1 1 1 1 1 1 1 1 1 1 1 1 1 1 1 1 1 1 1 1 1 1 1 1 1 1 1 1 1 1 1 1 1 1 1 1 1 1 1 1 1 1 1 1 1 1 1 1 1 1 1 1 1 1 1 1 1 1 1 1 1 1 1 1 1 1 1 1 1 1 1 1 1 1 1 1 1 1 1 1 1 1 1 1 1 1 1 1 1 1 1 1 1 1 1 1 1 1 1 1 1 1 1 1 1 1 1 1 1 1 1 1 1 1 1 1 1 1 1 1 1 1 1 1 1 1 1 1 1 1 1 1 1 1 1 1 1 1 1 1 1 1 1 1 1 1 1 1 1 1 1 1 1 1 1 1 1 1 1 1 1 1 1 1 1 1 1 1 1 1 1 1 1 1 1 1 1 1 1 1 1 1 1 1 1 1 1 1 1 1 1 1 1 1 1 1 1 1 1 1 1 1 1 1 1 1 1 1 1 1 1 1 1 1 1 1 1 1 1 1 1 1 1 1 1 1 1 1 1 1 1 1 1 1 1 1 1 1 1 1 1 1 1 1 1 1 1 1 1 1 1 1 1 1 1 1 1 1 1 1 1 1 1 1 1 1 1 1 1 1 1 1 1 1 1 1 1 1 1 1 1 1 1 1 1 1 1 1 1 1 1 1 1 1 1 1 1 1 1 1 1 1 1 1 1 1 1 1 1 1 1 1 1 1 1 1 1 1 1 1 1 1 1 1 1 1 1 1 1 1 1 1 1 1 1 1 1 1 1 1 1 1 1 1 1 1 1 1 1 1 1 1 1 1 1 1 1 1 1 1 1 1 1 1 1 1 1 1 1 1 1 1 1 1 1 1 1 1 1 1 1 1 1 1 1 1 1 1 1 1 1 1 1 1 1 1 1 1 1 1 1 1 1 1 1 1 1 1 1 1 1 1 1 1 1 1 1 1 1 1 1 1 1 1 1 1 1 1 1 1 1 1 1 1 1 1 1 1 1 1 1 1 1 1 1 1 1 1 1 1 1 1 1 1 1 1 1 1 1 1 1 1 1 1 1 1 1 1 1 1 1 1 1 1 1 1 1 1 1 1 1 1 1 1 1 1 1 1 1 1 1 1 1 1 1 1 1 1 1 1 1 1 1 1 1 1 1 1 1 1 1 1 1 1 1 1 1 1 1 1 1 1 1 1 1 1 1 1 1 1 1 1 1 1 1 1 1 1 1 1 1 1 1 1 1 1 1 1 1 1 1 1 1 1 1 1 1 1 1 1 1 1 1 1 1 1 1 1 1 1 1 1 1 1 1 1 1 1 1 1 1 1 1 1 1 1 1 1 1 1 1 1 1 1 1 1 1 1 1 1 1 1 1 1 1 1 1 1 1 1 1 1 1 1 1 1 1 1 1 1 1 1 1 1 1 1 1 1 1 1 1 1 1 1 1 1 1 1 1 1 1 1 1 1 1 1 1 1 1 1 1 1 1 1 1 1 1 1 1 1 1 1 1 1 1 1 1 1 1 1 1 1 1 1 1 1 1 1 1 1 1 1 1 1 1 1 1 1 1 1 1 1 1 1 1 1 1 1 1 1 1 1 1 1 1 1 1 1 1 1 1 1 1 1 1 1 1 1 1 1 1 1 1 1 1 1 1 1 1 1 1 1 1 1 1 1 1 1 1 1 1 1 1 1 1 1 1 1 1 1 1 1 1 1 1 1 1 1 1 1 1 1 1 1 1 1 1 1 1 1 1 1 1 1 1 1 1 1 1 1 1 1 1 1 1 1 1 1 1 1 1 1 1 1 1 1 1 1 1 1 1 1 1 1 1 1 1 1 1 1 1 1 1 1 1 1 1 1 1 1 1 1 1 1 1 1 1 1 1 1 1 1 1 1 1 1 1 1 1 1 1 1 1 1 1 1 1 1 1 1 1 1 1 1 1 1 1 1 1 1 1 1 1 1 1 1 1 1 1 1 1 1 1 1 1 1 1 1 1 1 1 1 1 1 1 1 1 1 1 1 1 1 1 1 1 1 1 1 1 1 1 1 1 1 1 1 1 1 1 1 1 1 1 1 1 1 1 1 1 1 1 1 1 1 1 1 1 1 1 1 1 1 1 1 1 1 1 1 1 1 1 1 1 1 1 1 1 1 1 1 1 1 1 1 1 1 1 1 1 1 1 1 1 1 1 1 1 1 1 1 1 1 1 1 1 1 1 1 1 1 1 1 1 1 1 1 1 1 1 1 1 1 1 1 1 1 1 1 1 1 1 1 1 1 1 1 1 1 1 1 1 1 1 1 1 1 1 1 1 1 1 1 1 1 1 1 1 1 1 1 1 1 1 1 1 1 1 1 1 1 1 1 1 1 1 1 1 1 1 1 1 1 1 1 1 1 1 1 1 1 1 1 1 1 1 1 1 1 1 1 1 1 1 1 1 1 1 1 1 1 1 1 1 1 1 1 1 1 1 1 1 1 1 1 1 1 1 1 1 1 1 1 1 1 1 1 1 1 1 1 1 1 1 1 1 1 1 1 1 1 1 1 1 1 1 1 1 1 1 1 1 1 1 1 1 1 1 1 1 1 1 1 1 1 1 1 1 1 1 1 1 1 1 1 1 1 1 1 1 1 1 1 1 1 1 1 1 1 1 1 1 1 1 1 1 1 1 1 1 1 1 1 1 1 1 1 1 1 1 1 1 1 1 1 1 1 1 1 1 1 1 1 1 1 1 1 1 1 1 1 1 1 1 1 1 1 1 1 1 1 1 1 1 1 1 1 1 1 1 1 1 1 1 1 1 1 1 1 1 1 1 1 1 1 1 1 1 1 1 1 1 1 1 1 1 1 1 1 1 1 1 1 1 1 1 1 1 1 1 1 1 1 1 1 1 1 1 1 1 1 1 1 1 1 1 1 1 1 1 1 1 1 1 1 1 1 1 1 1 1 1 1 1 1 1 1 1 1 1 1 1 1 1 1 1 1 1 1 1 1 1 1 1 1 1 1 1 1 1 1 1 1 1 1 1 1 1 1 1 1 1 1 1 1 1 1 1 1 1 1 1 1 1 1 1 1 1 1 1 1 1 1 1 1 1 1 1 1 1 1 1 1 1 1 1 1 1 1 1 1 1 1 1 1 1 1 1 1 1 1 1 1 1 1 1 1 1 1 1 1 1 1 1 1 1 1 1 1 1 1 1 1 1 1 1 1 1 1 1 1 1 1 1 1 1 1 1 1 1 1 1 1 1 1 1 1 1 1 1 1 1 1 1 1 1 1 1 1 1 1 1 1 1 1 1 1 1 1 1 1 1 1 1 1 1 1 1 1 1 1 1 1 1 1 1 1 1 1 1 1 1 1 1 1 1 1 1 1 1 1 1 1 1 1 1 1 1 1 1 1 1 1 1 1 1 1 1 1 1 1 1 1 1 1 1 1 1 1 1 1 1 1 1 1 1 1 1 1 1 1 1 1 1 1 1 1 1 1 1 1 1 1 1 1 1 1 1 1 1 1 1 1 1 1 1 1 1 1 1 1 1 1 1 1 1 1 1 1 1 1 1 1 1 1 1 1 1 1 1 1 1 1 1 1 1 1 1 1 1 1 1 1 1 1 1 1 1 1 1 1 1 1 1 1 1 1 1 1 1 1 1 1 1 1 1 1 1 1 1 1 1 1 1 1 1 1 1 1 1 1 1 1 1 1 1 1 1 1 1 1 1 1 1 1 1 1 1 1 1 1 1 1 1 1 1 1 1 1 1 1 1 1 1 1 1 1 1 1 1 1 1 1 1 1 1 1 1 1 1 1 1 1 1 1 1 1 1 1 1 1 1 1 1 1 1 1 1 1 1 1 1 1 1 1 1 1 1 1 1 1 1 1 1 1 1 1 1 1 1 1 1 1 1 1 1 1 1 1 1 1 1 1 1 1 1 1 1 1 1 1 1 1 1 1 1 1 1 1 1 1 1 1 1 1 1 1 1 1 1 1 1 1 1 1 1 1 1 1 1 1 1 1 1 1 1</float_array>
          <technique_common>
            <accessor source="#geom-AccessoryB1__colorsample-map-2-array" count="7111" stride="3">
              <param name="R" type="float"/>
              <param name="G" type="float"/>
              <param name="B" type="float"/>
            </accessor>
          </technique_common>
        </source>
        <source id="geom-AccessoryB1__colorsample-map0">
          <float_array id="geom-AccessoryB1__colorsample-map0-array" count="21333">0.509804 0.509804 0.509804 0.5019608 0.5019608 0.5019608 0.5019608 0.5019608 0.5019608 0.5019608 0.5019608 0.5019608 0.5019608 0.5019608 0.5019608 0.5019608 0.5019608 0.5019608 0.6862745 0.6862745 0.6862745 0.5058824 0.5058824 0.5058824 0.6627451 0.6627451 0.6627451 0.6627451 0.6627451 0.6627451 0.5058824 0.5058824 0.5058824 0.5843138 0.5843138 0.5843138 0.5450981 0.5450981 0.5450981 0.5019608 0.5019608 0.5019608 0.5019608 0.5019608 0.5019608 0.5019608 0.5019608 0.5019608 0.5019608 0.5019608 0.5019608 0.5019608 0.5019608 0.5019608 0.5019608 0.5019608 0.5019608 0.5019608 0.5019608 0.5019608 0.5019608 0.5019608 0.5019608 0.509804 0.509804 0.509804 0.5019608 0.5019608 0.5019608 0.5019608 0.5019608 0.5019608 0.5019608 0.5019608 0.5019608 0.5019608 0.5019608 0.5019608 0.5019608 0.5019608 0.5019608 0.6862745 0.6862745 0.6862745 0.6627451 0.6627451 0.6627451 0.5058824 0.5058824 0.5058824 0.6627451 0.6627451 0.6627451 0.5843138 0.5843138 0.5843138 0.5058824 0.5058824 0.5058824 0.5450981 0.5450981 0.5450981 0.5019608 0.5019608 0.5019608 0.5019608 0.5019608 0.5019608 0.5019608 0.5019608 0.5019608 0.5019608 0.5019608 0.5019608 0.5019608 0.5019608 0.5019608 0.5019608 0.5019608 0.5019608 0.5019608 0.5019608 0.5019608 0.5019608 0.5019608 0.5019608 0.6313726 0.6313726 0.6313726 0.682353 0.682353 0.682353 0.7294118 0.7294118 0.7294118 0.7294118 0.7294118 0.7294118 0.682353 0.682353 0.682353 0.9490197 0.9490197 0.9490197 0.682353 0.682353 0.682353 0.9529412 0.9529412 0.9529412 0.9490197 0.9490197 0.9490197 0.5019608 0.5019608 0.5019608 0.5921569 0.5921569 0.5921569 0.5019608 0.5019608 0.5019608 0.6627451 0.6627451 0.6627451 0.5764706 0.5764706 0.5764706 0.6078432 0.6078432 0.6078432 0.6078432 0.6078432 0.6078432 0.5019608 0.5019608 0.5019608 0.5019608 0.5019608 0.5019608 0.6392157 0.6392157 0.6392157 0.7176471 0.7176471 0.7176471 0.682353 0.682353 0.682353 0.7176471 0.7176471 0.7176471 0.9490197 0.9490197 0.9490197 0.682353 0.682353 0.682353 0.9490197 0.9490197 0.9490197 0.9686275 0.9686275 0.9686275 0.682353 0.682353 0.682353 0.5019608 0.5019608 0.5019608 0.5019608 0.5019608 0.5019608 0.5019608 0.5019608 0.5019608 0.5019608 0.5019608 0.5019608 0.5019608 0.5019608 0.5019608 0.5019608 0.5019608 0.5019608 0.6392157 0.6392157 0.6392157 0.5019608 0.5019608 0.5019608 0.5843138 0.5843138 0.5843138 0.5843138 0.5843138 0.5843138 0.5019608 0.5019608 0.5019608 0.5058824 0.5058824 0.5058824 0.6470588 0.6470588 0.6470588 0.5921569 0.5921569 0.5921569 0.5019608 0.5019608 0.5019608 0.5921569 0.5921569 0.5921569 0.5019608 0.5019608 0.5019608 0.5019608 0.5019608 0.5019608 0.9843138 0.9843138 0.9843138 0.9921569 0.9921569 0.9921569 1 1 1 1 1 1 0.9843138 0.9843138 0.9843138 1 1 1 1 1 1 1 1 1 0.9843138 0.9843138 0.9843138 0.9843138 0.9843138 0.9843138 1 1 1 0.9843138 0.9843138 0.9843138 1 1 1 0.9921569 0.9921569 0.9921569 0.9843138 0.9843138 0.9843138 1 1 1 1 1 1 0.9921569 0.9921569 0.9921569 1 1 1 0.9921569 0.9921569 0.9921569 0.9921569 0.9921569 0.9921569 0.7725491 0.7725491 0.7725491 0.6352941 0.6352941 0.6352941 0.8901961 0.8901961 0.8901961 0.7098039 0.7098039 0.7098039 0.8352942 0.8352942 0.8352942 0.6196079 0.6196079 0.6196079 1 1 1 1 1 1 0.9843138 0.9843138 0.9843138 0.5019608 0.5019608 0.5019608 0.5019608 0.5019608 0.5019608 0.5019608 0.5019608 0.5019608 0.5019608 0.5019608 0.5019608 0.5019608 0.5019608 0.5019608 0.5019608 0.5019608 0.5019608 0.5019608 0.5019608 0.5019608 0.5921569 0.5921569 0.5921569 0.5921569 0.5921569 0.5921569 0.5019608 0.5019608 0.5019608 0.5019608 0.5019608 0.5019608 0.5019608 0.5019608 0.5019608 0.5019608 0.5019608 0.5019608 0.5019608 0.5019608 0.5019608 0.5019608 0.5019608 0.5019608 0.5019608 0.5019608 0.5019608 0.5019608 0.5019608 0.5019608 0.5019608 0.5019608 0.5019608 0.509804 0.509804 0.509804 0.5019608 0.5019608 0.5019608 0.5019608 0.5019608 0.5019608 0.5019608 0.5019608 0.5019608 0.509804 0.509804 0.509804 0.6 0.6 0.6 0.5058824 0.5058824 0.5058824 0.6862745 0.6862745 0.6862745 0.5372549 0.5372549 0.5372549 0.5686275 0.5686275 0.5686275 0.6862745 0.6862745 0.6862745 0.6941177 0.6941177 0.6941177 0.5019608 0.5019608 0.5019608 0.5019608 0.5019608 0.5019608 0.5019608 0.5019608 0.5019608 0.5019608 0.5019608 0.5019608 0.5019608 0.5019608 0.5019608 0.5450981 0.5450981 0.5450981 0.509804 0.509804 0.509804 0.5019608 0.5019608 0.5019608 0.5019608 0.5019608 0.5019608 0.509804 0.509804 0.509804 0.5019608 0.5019608 0.5019608 0.6 0.6 0.6 0.5058824 0.5058824 0.5058824 0.5372549 0.5372549 0.5372549 0.6862745 0.6862745 0.6862745 0.6862745 0.6862745 0.6862745 0.5686275 0.5686275 0.5686275 0.6941177 0.6941177 0.6941177 0.5019608 0.5019608 0.5019608 0.5019608 0.5019608 0.5019608 0.5019608 0.5019608 0.5019608 0.5019608 0.5019608 0.5019608 0.5019608 0.5019608 0.5019608 0.5450981 0.5450981 0.5450981 0.5372549 0.5372549 0.5372549 0.6235294 0.6235294 0.6235294 0.5921569 0.5921569 0.5921569 0.6862745 0.6862745 0.6862745 0.5372549 0.5372549 0.5372549 0.5137255 0.5137255 0.5137255 0.654902 0.654902 0.654902 0.5019608 0.5019608 0.5019608 0.5019608 0.5019608 0.5019608 0.5686275 0.5686275 0.5686275 0.5137255 0.5137255 0.5137255 0.5019608 0.5019608 0.5019608 0.5019608 0.5019608 0.5019608 0.5019608 0.5019608 0.5019608 0.7019608 0.7019608 0.7019608 0.5019608 0.5019608 0.5019608 0.5019608 0.5019608 0.5019608 0.7803922 0.7803922 0.7803922 0.5019608 0.5019608 0.5019608 0.8274511 0.8274511 0.8274511 0.8274511 0.8274511 0.8274511 0.5019608 0.5019608 0.5019608 0.7019608 0.7019608 0.7019608 0.5019608 0.5019608 0.5019608 0.5019608 0.5019608 0.5019608 0.8588236 0.8588236 0.8588236 0.8745099 0.8745099 0.8745099 0.7960785 0.7960785 0.7960785 0.7803922 0.7803922 0.7803922 0.7098039 0.7098039 0.7098039 0.5019608 0.5019608 0.5019608 0.5019608 0.5019608 0.5019608 0.7098039 0.7098039 0.7098039 0.5019608 0.5019608 0.5019608 0.5686275 0.5686275 0.5686275 0.5019608 0.5019608 0.5019608 0.5019608 0.5019608 0.5019608 0.5019608 0.5019608 0.5019608 0.5019608 0.5019608 0.5019608 0.6470588 0.6470588 0.6470588 0.5019608 0.5019608 0.5019608 0.5019608 0.5019608 0.5019608 0.5019608 0.5019608 0.5019608 0.5882353 0.5882353 0.5882353 0.6 0.6 0.6 0.5019608 0.5019608 0.5019608 0.5607843 0.5607843 0.5607843 0.5019608 0.5019608 0.5019608 0.5019608 0.5019608 0.5019608 0.5607843 0.5607843 0.5607843 0.5019608 0.5019608 0.5019608 0.5019608 0.5019608 0.5019608 0.5607843 0.5607843 0.5607843 0.5019608 0.5019608 0.5019608 0.5764706 0.5764706 0.5764706 0.5019608 0.5019608 0.5019608 0.5019608 0.5019608 0.5019608 0.5019608 0.5019608 0.5019608 0.5019608 0.5019608 0.5019608 0.5019608 0.5019608 0.5019608 0.5019608 0.5019608 0.5019608 0.5019608 0.5019608 0.5019608 0.5019608 0.5019608 0.5019608 0.5019608 0.5019608 0.5019608 0.5019608 0.5019608 0.5019608 0.5019608 0.5019608 0.5019608 0.5019608 0.5019608 0.5019608 0.5019608 0.5019608 0.5019608 0.5019608 0.5019608 0.5019608 0.5019608 0.5019608 0.5019608 0.5019608 0.5019608 0.5019608 0.5019608 0.5019608 0.5019608 0.7568628 0.7568628 0.7568628 0.5019608 0.5019608 0.5019608 0.7568628 0.7568628 0.7568628 0.7960785 0.7960785 0.7960785 0.627451 0.627451 0.627451 0.7803922 0.7803922 0.7803922 0.5019608 0.5019608 0.5019608 0.8039216 0.8039216 0.8039216 0.7960785 0.7960785 0.7960785 0.5019608 0.5019608 0.5019608 0.5019608 0.5019608 0.5019608 0.5019608 0.5019608 0.5019608 0.5019608 0.5019608 0.5019608 0.6235294 0.6235294 0.6235294 0.6313726 0.6313726 0.6313726 0.6235294 0.6235294 0.6235294 0.6313726 0.6313726 0.6313726 0.6313726 0.6313726 0.6313726 0.6470588 0.6470588 0.6470588 0.6313726 0.6313726 0.6313726 0.6470588 0.6470588 0.6470588 0.5019608 0.5019608 0.5019608 0.5019608 0.5019608 0.5019608 0.5019608 0.5019608 0.5019608 0.5019608 0.5019608 0.5019608 0.5019608 0.5019608 0.5019608 0.5019608 0.5019608 0.5019608 0.5019608 0.5019608 0.5019608 0.5019608 0.5019608 0.5019608 0.5019608 0.5019608 0.5019608 0.5019608 0.5019608 0.5019608 0.5019608 0.5019608 0.5019608 0.5019608 0.5019608 0.5019608 0.6627451 0.6627451 0.6627451 0.6784314 0.6784314 0.6784314 0.6627451 0.6627451 0.6627451 0.6784314 0.6784314 0.6784314 0.5921569 0.5921569 0.5921569 0.5686275 0.5686275 0.5686275 0.5921569 0.5921569 0.5921569 0.5686275 0.5686275 0.5686275 0.5019608 0.5019608 0.5019608 0.5019608 0.5019608 0.5019608 0.5019608 0.5019608 0.5019608 0.5019608 0.5019608 0.5019608 0.5019608 0.5019608 0.5019608 0.5019608 0.5019608 0.5019608 0.5019608 0.5019608 0.5019608 0.5019608 0.5019608 0.5019608 0.5019608 0.5019608 0.5019608 0.5019608 0.5019608 0.5019608 0.5019608 0.5019608 0.5019608 0.5019608 0.5019608 0.5019608 0.6235294 0.6235294 0.6235294 0.6392157 0.6392157 0.6392157 0.5019608 0.5019608 0.5019608 0.5019608 0.5019608 0.5019608 0.5019608 0.5019608 0.5019608 0.5019608 0.5019608 0.5019608 0.5019608 0.5019608 0.5019608 0.5019608 0.5019608 0.5019608 0.6235294 0.6235294 0.6235294 0.6235294 0.6235294 0.6235294 0.5019608 0.5019608 0.5019608 0.5019608 0.5019608 0.5019608 0.5019608 0.5019608 0.5019608 0.5019608 0.5019608 0.5019608 0.5019608 0.5019608 0.5019608 0.5019608 0.5019608 0.5019608 0.6078432 0.6078432 0.6078432 0.654902 0.654902 0.654902 0.7411765 0.7411765 0.7411765 0.7333333 0.7333333 0.7333333 0.7490196 0.7490196 0.7490196 0.7803922 0.7803922 0.7803922 0.7725491 0.7725491 0.7725491 0.7411765 0.7411765 0.7411765 0.764706 0.764706 0.764706 0.7490196 0.7490196 0.7490196 0.7176471 0.7176471 0.7176471 0.7725491 0.7725491 0.7725491 0.7019608 0.7019608 0.7019608 0.764706 0.764706 0.764706 0.5019608 0.5019608 0.5019608 0.5019608 0.5019608 0.5019608 0.5019608 0.5019608 0.5019608 0.5019608 0.5019608 0.5019608 0.5019608 0.5019608 0.5019608 0.5019608 0.5019608 0.5019608 0.5058824 0.5058824 0.5058824 0.5215687 0.5215687 0.5215687 0.5019608 0.5019608 0.5019608 0.5019608 0.5019608 0.5019608 0.5019608 0.5019608 0.5019608 0.5019608 0.5019608 0.5019608 0.7019608 0.7019608 0.7019608 0.6862745 0.6862745 0.6862745 0.7960785 0.7960785 0.7960785 0.764706 0.764706 0.764706 0.7019608 0.7019608 0.7019608 0.7960785 0.7960785 0.7960785 0.6705883 0.6705883 0.6705883 0.6235294 0.6235294 0.6235294 0.6235294 0.6235294 0.6235294 0.6392157 0.6392157 0.6392157 0.7019608 0.7019608 0.7019608 0.5450981 0.5450981 0.5450981 0.5450981 0.5450981 0.5450981 0.5764706 0.5764706 0.5764706 0.7019608 0.7019608 0.7019608 0.5607843 0.5607843 0.5607843 0.5019608 0.5019608 0.5019608 0.5019608 0.5019608 0.5019608 0.5450981 0.5450981 0.5450981 0.5058824 0.5058824 0.5058824 0.8901961 0.8901961 0.8901961 0.8509805 0.8509805 0.8509805 1 1 1 0.937255 0.937255 0.937255 0.5019608 0.5019608 0.5019608 0.5019608 0.5019608 0.5019608 0.5019608 0.5019608 0.5019608 0.5686275 0.5686275 0.5686275 0.5019608 0.5019608 0.5019608 0.5019608 0.5019608 0.5019608 0.5019608 0.5019608 0.5019608 0.5215687 0.5215687 0.5215687 0.5019608 0.5019608 0.5019608 0.5450981 0.5450981 0.5450981 0.5019608 0.5019608 0.5019608 0.5529412 0.5529412 0.5529412 0.5137255 0.5137255 0.5137255 0.5137255 0.5137255 0.5137255 0.5843138 0.5843138 0.5843138 0.5764706 0.5764706 0.5764706 0.5019608 0.5019608 0.5019608 0.5215687 0.5215687 0.5215687 0.5019608 0.5019608 0.5019608 0.5607843 0.5607843 0.5607843 0.5019608 0.5019608 0.5019608 0.5137255 0.5137255 0.5137255 0.5686275 0.5686275 0.5686275 0.5686275 0.5686275 0.5686275 0.5019608 0.5019608 0.5019608 0.5019608 0.5019608 0.5019608 0.5019608 0.5019608 0.5019608 0.5019608 0.5019608 0.5019608 0.5019608 0.5019608 0.5019608 0.5607843 0.5607843 0.5607843 0.5019608 0.5019608 0.5019608 0.5921569 0.5921569 0.5921569 0.5019608 0.5019608 0.5019608 0.5137255 0.5137255 0.5137255 0.5686275 0.5686275 0.5686275 0.5843138 0.5843138 0.5843138 0.882353 0.882353 0.882353 0.8352942 0.8352942 0.8352942 0.8901961 0.8901961 0.8901961 0.8509805 0.8509805 0.8509805 0.5019608 0.5019608 0.5019608 0.5607843 0.5607843 0.5607843 0.8431373 0.8431373 0.8431373 0.6705883 0.6705883 0.6705883 0.9294118 0.9294118 0.9294118 0.8901961 0.8901961 0.8901961 0.937255 0.937255 0.937255 0.9058824 0.9058824 0.9058824 0.9450981 0.9450981 0.9450981 0.9294118 0.9294118 0.9294118 0.9607844 0.9607844 0.9607844 0.937255 0.937255 0.937255 0.937255 0.937255 0.937255 0.9450981 0.9450981 0.9450981 0.9607844 0.9607844 0.9607844 0.9607844 0.9607844 0.9607844 0.8980393 0.8980393 0.8980393 0.8980393 0.8980393 0.8980393 0.9450981 0.9450981 0.9450981 0.9058824 0.9058824 0.9058824 0.5019608 0.5019608 0.5019608 0.5019608 0.5019608 0.5019608 0.8588236 0.8588236 0.8588236 0.7960785 0.7960785 0.7960785 0.8745099 0.8745099 0.8745099 0.8745099 0.8745099 0.8745099 0.5019608 0.5019608 0.5019608 0.5019608 0.5019608 0.5019608 0.9294118 0.9294118 0.9294118 0.9215687 0.9215687 0.9215687 0.8745099 0.8745099 0.8745099 0.8745099 0.8745099 0.8745099 0.9450981 0.9450981 0.9450981 0.937255 0.937255 0.937255 0.9529412 0.9529412 0.9529412 0.9450981 0.9450981 0.9450981 0.9607844 0.9607844 0.9607844 0.9529412 0.9529412 0.9529412 0.9686275 0.9686275 0.9686275 0.9607844 0.9607844 0.9607844 0.5019608 0.5019608 0.5019608 0.5019608 0.5019608 0.5019608 0.5019608 0.5019608 0.5019608 0.5019608 0.5019608 0.5019608 0.8588236 0.8588236 0.8588236 0.7960785 0.7960785 0.7960785 0.8980393 0.8980393 0.8980393 0.8980393 0.8980393 0.8980393 0.5019608 0.5019608 0.5019608 0.5019608 0.5019608 0.5019608 0.5019608 0.5019608 0.5019608 0.5019608 0.5019608 0.5019608 0.9058824 0.9058824 0.9058824 0.937255 0.937255 0.937255 0.9450981 0.9450981 0.9450981 0.9607844 0.9607844 0.9607844 0.5019608 0.5019608 0.5019608 0.5529412 0.5529412 0.5529412 0.5137255 0.5137255 0.5137255 0.5764706 0.5764706 0.5764706 0.937255 0.937255 0.937255 0.9215687 0.9215687 0.9215687 0.9450981 0.9450981 0.9450981 0.9294118 0.9294118 0.9294118 0.5019608 0.5019608 0.5019608 0.5921569 0.5921569 0.5921569 0.5137255 0.5137255 0.5137255 0.5686275 0.5686275 0.5686275 0.8901961 0.8901961 0.8901961 0.5607843 0.5607843 0.5607843 0.9058824 0.9058824 0.9058824 0.5019608 0.5019608 0.5019608 0.5019608 0.5019608 0.5019608 0.5019608 0.5019608 0.5019608 0.5215687 0.5215687 0.5215687 0.5686275 0.5686275 0.5686275 0.8431373 0.8431373 0.8431373 0.6705883 0.6705883 0.6705883 0.882353 0.882353 0.882353 0.8352942 0.8352942 0.8352942 0.5019608 0.5019608 0.5019608 0.5019608 0.5019608 0.5019608 0.5019608 0.5019608 0.5019608 0.5450981 0.5450981 0.5450981 0.9529412 0.9529412 0.9529412 0.9450981 0.9450981 0.9450981 0.9607844 0.9607844 0.9607844 0.9529412 0.9529412 0.9529412 0.5019608 0.5019608 0.5019608 0.5019608 0.5019608 0.5019608 0.5450981 0.5450981 0.5450981 0.5019608 0.5019608 0.5019608 0.6705883 0.6705883 0.6705883 0.6392157 0.6392157 0.6392157 0.9529412 0.9529412 0.9529412 0.9215687 0.9215687 0.9215687 0.9529412 0.9529412 0.9529412 0.9529412 0.9529412 0.9529412 0.9686275 0.9686275 0.9686275 0.9764706 0.9764706 0.9764706 1 1 1 0.9843138 0.9843138 0.9843138 1 1 1 0.9686275 0.9686275 0.9686275 0.5450981 0.5450981 0.5450981 0.5019608 0.5019608 0.5019608 0.764706 0.764706 0.764706 0.6078432 0.6078432 0.6078432 0.5921569 0.5921569 0.5921569 0.7803922 0.7803922 0.7803922 0.5019608 0.5019608 0.5019608 0.5921569 0.5921569 0.5921569 0.9686275 0.9686275 0.9686275 0.9843138 0.9843138 0.9843138 0.9686275 0.9686275 0.9686275 0.9686275 0.9686275 0.9686275 0.9607844 0.9607844 0.9607844 0.9686275 0.9686275 0.9686275 0.9764706 0.9764706 0.9764706 0.5019608 0.5019608 0.5019608 0.5372549 0.5372549 0.5372549 0.7803922 0.7803922 0.7803922 0.7803922 0.7803922 0.7803922 0.5019608 0.5019608 0.5019608 0.5019608 0.5019608 0.5019608 0.5019608 0.5019608 0.5019608 0.5019608 0.5019608 0.5019608 0.5019608 0.5019608 0.5019608 0.5019608 0.5019608 0.5019608 0.5019608 0.5019608 0.5019608 0.5372549 0.5372549 0.5372549 0.5019608 0.5019608 0.5019608 0.5019608 0.5019608 0.5019608 0.5019608 0.5019608 0.5019608 0.5019608 0.5019608 0.5019608 0.5019608 0.5019608 0.5019608 0.5019608 0.5019608 0.5019608 0.5019608 0.5019608 0.5019608 0.5019608 0.5019608 0.5019608 0.5019608 0.5019608 0.5019608 0.5019608 0.5019608 0.5019608 0.5019608 0.5019608 0.5019608 0.5450981 0.5450981 0.5450981 0.5019608 0.5019608 0.5019608 0.5215687 0.5215687 0.5215687 0.6 0.6 0.6 0.6313726 0.6313726 0.6313726 0.6705883 0.6705883 0.6705883 0.5215687 0.5215687 0.5215687 0.5450981 0.5450981 0.5450981 0.5529412 0.5529412 0.5529412 0.5450981 0.5450981 0.5450981 0.7019608 0.7019608 0.7019608 0.7411765 0.7411765 0.7411765 0.6941177 0.6941177 0.6941177 0.5450981 0.5450981 0.5450981 0.5686275 0.5686275 0.5686275 0.5450981 0.5450981 0.5450981 0.5019608 0.5019608 0.5019608 0.5764706 0.5764706 0.5764706 0.5019608 0.5019608 0.5019608 0.5019608 0.5019608 0.5019608 0.5019608 0.5019608 0.5019608 0.5019608 0.5019608 0.5019608 0.5019608 0.5019608 0.5019608 0.5019608 0.5019608 0.5019608 0.5019608 0.5019608 0.5019608 0.5137255 0.5137255 0.5137255 0.5294118 0.5294118 0.5294118 0.5019608 0.5019608 0.5019608 0.5450981 0.5450981 0.5450981 0.6313726 0.6313726 0.6313726 0.5019608 0.5019608 0.5019608 0.5450981 0.5450981 0.5450981 0.6313726 0.6313726 0.6313726 0.6784314 0.6784314 0.6784314 0.5450981 0.5450981 0.5450981 0.7254902 0.7254902 0.7254902 0.5686275 0.5686275 0.5686275 0.5333334 0.5333334 0.5333334 0.6392157 0.6392157 0.6392157 0.5019608 0.5019608 0.5019608 0.5372549 0.5372549 0.5372549 0.654902 0.654902 0.654902 0.6509804 0.6509804 0.6509804 0.7333333 0.7333333 0.7333333 0.7019608 0.7019608 0.7019608 0.654902 0.654902 0.654902 0.6392157 0.6392157 0.6392157 0.5333334 0.5333334 0.5333334 0.6078432 0.6078432 0.6078432 0.654902 0.654902 0.654902 0.6509804 0.6509804 0.6509804 0.7333333 0.7333333 0.7333333 0.5372549 0.5372549 0.5372549 0.5686275 0.5686275 0.5686275 0.654902 0.654902 0.654902 0.7254902 0.7254902 0.7254902 0.5176471 0.5176471 0.5176471 0.5019608 0.5019608 0.5019608 0.5450981 0.5450981 0.5450981 0.5137255 0.5137255 0.5137255 0.5215687 0.5215687 0.5215687 0.5921569 0.5921569 0.5921569 0.5019608 0.5019608 0.5019608 0.5764706 0.5764706 0.5764706 0.5019608 0.5019608 0.5019608 0.5019608 0.5019608 0.5019608 0.5764706 0.5764706 0.5764706 0.5019608 0.5019608 0.5019608 0.5019608 0.5019608 0.5019608 0.5019608 0.5019608 0.5019608 0.5137255 0.5137255 0.5137255 0.5019608 0.5019608 0.5019608 0.5019608 0.5019608 0.5019608 0.5019608 0.5019608 0.5019608 0.5019608 0.5019608 0.5019608 0.5019608 0.5019608 0.5019608 0.5019608 0.5019608 0.5019608 0.5019608 0.5019608 0.5019608 0.5019608 0.5019608 0.5019608 0.5019608 0.5019608 0.5019608 0.5019608 0.5019608 0.5019608 0.5019608 0.5019608 0.5019608 0.5372549 0.5372549 0.5372549 0.5019608 0.5019608 0.5019608 0.5019608 0.5019608 0.5019608 0.5058824 0.5058824 0.5058824 0.5843138 0.5843138 0.5843138 0.654902 0.654902 0.654902 0.5019608 0.5019608 0.5019608 0.5019608 0.5019608 0.5019608 0.5019608 0.5019608 0.5019608 0.5019608 0.5019608 0.5019608 0.5019608 0.5019608 0.5019608 0.5019608 0.5019608 0.5019608 0.5019608 0.5019608 0.5019608 0.5019608 0.5019608 0.5019608 0.5019608 0.5019608 0.5019608 0.5019608 0.5019608 0.5019608 0.5019608 0.5019608 0.5019608 0.5019608 0.5019608 0.5019608 0.5019608 0.5019608 0.5019608 0.5019608 0.5019608 0.5019608 0.5019608 0.5019608 0.5019608 0.5450981 0.5450981 0.5450981 0.5019608 0.5019608 0.5019608 0.5921569 0.5921569 0.5921569 0.5450981 0.5450981 0.5450981 0.5019608 0.5019608 0.5019608 0.5019608 0.5019608 0.5019608 0.5019608 0.5019608 0.5019608 0.5019608 0.5019608 0.5019608 0.8901961 0.8901961 0.8901961 0.8901961 0.8901961 0.8901961 0.937255 0.937255 0.937255 0.9215687 0.9215687 0.9215687 0.5019608 0.5019608 0.5019608 0.5019608 0.5019608 0.5019608 0.5019608 0.5019608 0.5019608 0.5019608 0.5019608 0.5019608 0.5019608 0.5019608 0.5019608 0.5019608 0.5019608 0.5019608 0.5019608 0.5019608 0.5019608 0.5019608 0.5019608 0.5019608 0.5019608 0.5019608 0.5019608 0.5019608 0.5019608 0.5019608 0.5019608 0.5019608 0.5019608 0.5019608 0.5019608 0.5019608 0.5019608 0.5019608 0.5019608 0.5019608 0.5019608 0.5019608 0.5450981 0.5450981 0.5450981 0.5137255 0.5137255 0.5137255 0.5019608 0.5019608 0.5019608 0.5019608 0.5019608 0.5019608 0.5019608 0.5019608 0.5019608 0.5019608 0.5019608 0.5019608 0.6705883 0.6705883 0.6705883 0.5450981 0.5450981 0.5450981 0.6627451 0.6627451 0.6627451 0.5294118 0.5294118 0.5294118 0.5529412 0.5529412 0.5529412 0.6627451 0.6627451 0.6627451 0.7019608 0.7019608 0.7019608 0.5921569 0.5921569 0.5921569 0.5215687 0.5215687 0.5215687 0.6156863 0.6156863 0.6156863 0.5215687 0.5215687 0.5215687 0.5372549 0.5372549 0.5372549 0.6156863 0.6156863 0.6156863 0.654902 0.654902 0.654902 0.5176471 0.5176471 0.5176471 0.5450981 0.5450981 0.5450981 0.5843138 0.5843138 0.5843138 0.5686275 0.5686275 0.5686275 0.6078432 0.6078432 0.6078432 0.5843138 0.5843138 0.5843138 0.654902 0.654902 0.654902 0.5019608 0.5019608 0.5019608 0.5019608 0.5019608 0.5019608 0.5019608 0.5019608 0.5019608 0.5019608 0.5019608 0.5019608 0.5019608 0.5019608 0.5019608 0.5019608 0.5019608 0.5019608 0.5019608 0.5019608 0.5019608 0.5450981 0.5450981 0.5450981 0.5215687 0.5215687 0.5215687 0.5019608 0.5019608 0.5019608 0.6 0.6 0.6 0.6313726 0.6313726 0.6313726 0.6705883 0.6705883 0.6705883 0.5215687 0.5215687 0.5215687 0.5450981 0.5450981 0.5450981 0.5450981 0.5450981 0.5450981 0.5529412 0.5529412 0.5529412 0.7019608 0.7019608 0.7019608 0.7411765 0.7411765 0.7411765 0.6941177 0.6941177 0.6941177 0.5450981 0.5450981 0.5450981 0.5686275 0.5686275 0.5686275 0.5450981 0.5450981 0.5450981 0.5764706 0.5764706 0.5764706 0.5019608 0.5019608 0.5019608 0.5019608 0.5019608 0.5019608 0.5019608 0.5019608 0.5019608 0.5019608 0.5019608 0.5019608 0.5019608 0.5019608 0.5019608 0.5019608 0.5019608 0.5019608 0.5019608 0.5019608 0.5019608 0.5137255 0.5137255 0.5137255 0.5019608 0.5019608 0.5019608 0.5294118 0.5294118 0.5294118 0.6313726 0.6313726 0.6313726 0.5450981 0.5450981 0.5450981 0.5019608 0.5019608 0.5019608 0.5019608 0.5019608 0.5019608 0.6313726 0.6313726 0.6313726 0.5450981 0.5450981 0.5450981 0.6784314 0.6784314 0.6784314 0.7254902 0.7254902 0.7254902 0.5450981 0.5450981 0.5450981 0.5686275 0.5686275 0.5686275 0.5372549 0.5372549 0.5372549 0.6392157 0.6392157 0.6392157 0.5019608 0.5019608 0.5019608 0.5333334 0.5333334 0.5333334 0.7333333 0.7333333 0.7333333 0.6509804 0.6509804 0.6509804 0.654902 0.654902 0.654902 0.7019608 0.7019608 0.7019608 0.6392157 0.6392157 0.6392157 0.654902 0.654902 0.654902 0.5333334 0.5333334 0.5333334 0.7333333 0.7333333 0.7333333 0.654902 0.654902 0.654902 0.6509804 0.6509804 0.6509804 0.6078432 0.6078432 0.6078432 0.7254902 0.7254902 0.7254902 0.5686275 0.5686275 0.5686275 0.654902 0.654902 0.654902 0.5372549 0.5372549 0.5372549 0.5137255 0.5137255 0.5137255 0.5019608 0.5019608 0.5019608 0.5450981 0.5450981 0.5450981 0.5176471 0.5176471 0.5176471 0.5764706 0.5764706 0.5764706 0.5921569 0.5921569 0.5921569 0.5019608 0.5019608 0.5019608 0.5215687 0.5215687 0.5215687 0.5019608 0.5019608 0.5019608 0.5764706 0.5764706 0.5764706 0.5019608 0.5019608 0.5019608 0.5019608 0.5019608 0.5019608 0.5019608 0.5019608 0.5019608 0.5137255 0.5137255 0.5137255 0.5019608 0.5019608 0.5019608 0.5019608 0.5019608 0.5019608 0.5019608 0.5019608 0.5019608 0.5019608 0.5019608 0.5019608 0.5019608 0.5019608 0.5019608 0.5019608 0.5019608 0.5019608 0.5019608 0.5019608 0.5019608 0.5019608 0.5019608 0.5019608 0.5019608 0.5019608 0.5019608 0.5372549 0.5372549 0.5372549 0.5019608 0.5019608 0.5019608 0.5019608 0.5019608 0.5019608 0.5019608 0.5019608 0.5019608 0.5019608 0.5019608 0.5019608 0.5058824 0.5058824 0.5058824 0.5019608 0.5019608 0.5019608 0.5843138 0.5843138 0.5843138 0.5019608 0.5019608 0.5019608 0.5019608 0.5019608 0.5019608 0.5019608 0.5019608 0.5019608 0.654902 0.654902 0.654902 0.5019608 0.5019608 0.5019608 0.5019608 0.5019608 0.5019608 0.5019608 0.5019608 0.5019608 0.5019608 0.5019608 0.5019608 0.5019608 0.5019608 0.5019608 0.5019608 0.5019608 0.5019608 0.5019608 0.5019608 0.5019608 0.5019608 0.5019608 0.5019608 0.5019608 0.5019608 0.5019608 0.5019608 0.5019608 0.5019608 0.5019608 0.5019608 0.5019608 0.5019608 0.5019608 0.5019608 0.5450981 0.5450981 0.5450981 0.5921569 0.5921569 0.5921569 0.5019608 0.5019608 0.5019608 0.5450981 0.5450981 0.5450981 0.5019608 0.5019608 0.5019608 0.5019608 0.5019608 0.5019608 0.5019608 0.5019608 0.5019608 0.5019608 0.5019608 0.5019608 0.8901961 0.8901961 0.8901961 0.937255 0.937255 0.937255 0.8901961 0.8901961 0.8901961 0.9215687 0.9215687 0.9215687 0.5019608 0.5019608 0.5019608 0.5019608 0.5019608 0.5019608 0.5019608 0.5019608 0.5019608 0.5019608 0.5019608 0.5019608 0.5019608 0.5019608 0.5019608 0.5019608 0.5019608 0.5019608 0.5019608 0.5019608 0.5019608 0.5019608 0.5019608 0.5019608 0.5019608 0.5019608 0.5019608 0.5019608 0.5019608 0.5019608 0.5019608 0.5019608 0.5019608 0.5019608 0.5019608 0.5019608 0.5019608 0.5019608 0.5019608 0.5450981 0.5450981 0.5450981 0.5019608 0.5019608 0.5019608 0.5137255 0.5137255 0.5137255 0.5019608 0.5019608 0.5019608 0.5019608 0.5019608 0.5019608 0.5019608 0.5019608 0.5019608 0.5019608 0.5019608 0.5019608 0.6705883 0.6705883 0.6705883 0.6627451 0.6627451 0.6627451 0.5450981 0.5450981 0.5450981 0.5294118 0.5294118 0.5294118 0.6627451 0.6627451 0.6627451 0.5529412 0.5529412 0.5529412 0.7019608 0.7019608 0.7019608 0.5921569 0.5921569 0.5921569 0.6156863 0.6156863 0.6156863 0.5215687 0.5215687 0.5215687 0.5215687 0.5215687 0.5215687 0.6156863 0.6156863 0.6156863 0.5372549 0.5372549 0.5372549 0.654902 0.654902 0.654902 0.5843138 0.5843138 0.5843138 0.5450981 0.5450981 0.5450981 0.5176471 0.5176471 0.5176471 0.5686275 0.5686275 0.5686275 0.5843138 0.5843138 0.5843138 0.6078432 0.6078432 0.6078432 0.654902 0.654902 0.654902 0.5019608 0.5019608 0.5019608 0.5019608 0.5019608 0.5019608 0.5019608 0.5019608 0.5019608 0.5019608 0.5019608 0.5019608 0.6313726 0.6313726 0.6313726 0.5294118 0.5294118 0.5294118 0.5607843 0.5607843 0.5607843 0.5058824 0.5058824 0.5058824 0.5019608 0.5019608 0.5019608 0.5607843 0.5607843 0.5607843 0.5372549 0.5372549 0.5372549 0.5294118 0.5294118 0.5294118 0.6470588 0.6470588 0.6470588 0.5843138 0.5843138 0.5843138 0.5372549 0.5372549 0.5372549 0.5019608 0.5019608 0.5019608 0.5843138 0.5843138 0.5843138 0.5686275 0.5686275 0.5686275 0.5019608 0.5019608 0.5019608 0.5019608 0.5019608 0.5019608 0.5019608 0.5019608 0.5019608 0.5215687 0.5215687 0.5215687 0.5686275 0.5686275 0.5686275 0.5019608 0.5019608 0.5019608 0.5019608 0.5019608 0.5019608 0.5019608 0.5019608 0.5019608 0.5019608 0.5019608 0.5019608 0.5019608 0.5019608 0.5019608 0.5019608 0.5019608 0.5019608 0.5019608 0.5019608 0.5019608 0.5372549 0.5372549 0.5372549 0.5019608 0.5019608 0.5019608 0.5019608 0.5019608 0.5019608 0.5019608 0.5019608 0.5019608 0.5019608 0.5019608 0.5019608 0.5019608 0.5019608 0.5019608 0.5019608 0.5019608 0.5019608 0.5019608 0.5019608 0.5019608 0.5019608 0.5019608 0.5019608 0.5019608 0.5019608 0.5019608 0.5019608 0.5019608 0.5019608 0.5019608 0.5019608 0.5019608 0.5019608 0.5019608 0.5019608 0.5019608 0.5019608 0.5019608 0.5019608 0.5019608 0.5019608 0.5019608 0.5019608 0.5019608 0.5019608 0.5019608 0.5019608 0.5019608 0.5019608 0.5019608 0.5019608 0.5019608 0.5019608 0.5019608 0.5019608 0.5019608 0.5019608 0.5019608 0.5019608 0.5019608 0.5019608 0.5019608 0.5019608 0.5019608 0.5019608 0.5019608 0.5019608 0.5019608 0.5019608 0.5019608 0.5019608 0.5019608 0.5019608 0.5019608 0.5019608 0.5019608 0.5019608 0.5019608 0.5019608 0.5019608 0.5019608 0.5019608 0.5019608 0.5019608 0.5019608 0.5019608 0.5019608 0.5019608 0.5019608 0.5019608 0.5019608 0.5019608 0.5294118 0.5294118 0.5294118 0.5019608 0.5019608 0.5019608 0.6156863 0.6156863 0.6156863 0.5294118 0.5294118 0.5294118 0.5450981 0.5450981 0.5450981 0.6156863 0.6156863 0.6156863 0.654902 0.654902 0.654902 0.5019608 0.5019608 0.5019608 0.5019608 0.5019608 0.5019608 0.5019608 0.5019608 0.5019608 0.5450981 0.5450981 0.5450981 0.6470588 0.6470588 0.6470588 0.5019608 0.5019608 0.5019608 0.5215687 0.5215687 0.5215687 0.5450981 0.5450981 0.5450981 0.6470588 0.6470588 0.6470588 0.6941177 0.6941177 0.6941177 0.5450981 0.5450981 0.5450981 0.5372549 0.5372549 0.5372549 0.6941177 0.6941177 0.6941177 0.7254902 0.7254902 0.7254902 0.6313726 0.6313726 0.6313726 0.5372549 0.5372549 0.5372549 0.5294118 0.5294118 0.5294118 0.5450981 0.5450981 0.5450981 0.654902 0.654902 0.654902 0.5450981 0.5450981 0.5450981 0.7254902 0.7254902 0.7254902 0.5450981 0.5450981 0.5450981 0.6470588 0.6470588 0.6470588 0.5294118 0.5294118 0.5294118 0.5019608 0.5019608 0.5019608 0.5019608 0.5019608 0.5019608 0.5019608 0.5019608 0.5019608 0.5019608 0.5019608 0.5019608 0.5019608 0.5019608 0.5019608 0.5019608 0.5019608 0.5019608 0.5019608 0.5019608 0.5019608 0.5019608 0.5019608 0.5019608 0.5019608 0.5019608 0.5019608 0.5019608 0.5019608 0.5019608 0.5019608 0.5019608 0.5019608 0.5019608 0.5019608 0.5019608 0.5019608 0.5019608 0.5019608 0.5019608 0.5019608 0.5019608 0.5019608 0.5019608 0.5019608 0.5019608 0.5019608 0.5019608 0.5019608 0.5019608 0.5019608 0.5019608 0.5019608 0.5019608 0.5019608 0.5019608 0.5019608 0.5019608 0.5019608 0.5019608 0.5019608 0.5019608 0.5019608 0.5019608 0.5019608 0.5019608 0.5019608 0.5019608 0.5019608 0.5019608 0.5019608 0.5019608 0.5019608 0.5019608 0.5019608 0.5019608 0.5019608 0.5019608 0.5019608 0.5019608 0.5019608 0.5019608 0.5019608 0.5019608 0.5019608 0.5019608 0.5019608 0.5019608 0.5019608 0.5019608 0.5019608 0.5019608 0.5019608 0.5019608 0.5019608 0.5019608 0.5019608 0.5019608 0.5019608 0.5019608 0.5019608 0.5019608 0.5019608 0.5019608 0.5019608 0.5019608 0.5019608 0.5019608 0.5019608 0.5019608 0.5019608 0.5019608 0.5019608 0.5019608 0.5019608 0.5019608 0.5019608 0.5019608 0.5019608 0.5019608 0.5019608 0.5019608 0.5019608 0.5019608 0.5019608 0.5019608 0.5019608 0.5019608 0.5019608 0.5019608 0.5019608 0.5019608 0.5019608 0.5019608 0.5019608 0.5019608 0.5019608 0.5019608 0.5019608 0.5019608 0.5019608 0.5019608 0.5019608 0.5019608 0.5019608 0.5019608 0.5019608 0.5019608 0.5019608 0.5019608 0.5019608 0.5019608 0.5019608 0.5019608 0.5019608 0.5019608 0.5019608 0.5019608 0.5019608 0.5019608 0.5019608 0.5019608 0.5019608 0.5019608 0.5019608 0.5019608 0.5019608 0.5019608 0.5019608 0.5019608 0.5019608 0.5019608 0.5019608 0.5019608 0.5019608 0.5019608 0.5019608 0.5019608 0.5019608 0.5019608 0.5019608 0.5019608 0.5019608 0.5019608 0.5019608 0.5019608 0.5019608 0.5019608 0.5019608 0.5019608 0.5019608 0.5019608 0.5019608 0.5019608 0.5019608 0.5019608 0.5019608 0.5019608 0.5019608 0.5019608 0.5019608 0.5019608 0.5019608 0.5019608 0.5019608 0.5019608 0.5019608 0.5019608 0.5019608 0.5019608 0.5019608 0.5019608 0.5019608 0.5019608 0.5019608 0.5019608 0.5019608 0.5019608 0.5019608 0.5019608 0.5019608 0.5019608 0.5019608 0.5019608 0.5019608 0.5019608 0.5019608 0.5019608 0.5019608 0.5019608 0.5019608 0.5019608 0.5019608 0.5019608 0.5019608 0.5019608 0.5019608 0.5019608 0.5019608 0.5019608 0.5019608 0.5019608 0.5019608 0.5019608 0.5019608 0.5019608 0.5450981 0.5450981 0.5450981 0.6 0.6 0.6 0.5019608 0.5019608 0.5019608 0.5019608 0.5019608 0.5019608 0.5607843 0.5607843 0.5607843 0.5450981 0.5450981 0.5450981 0.5019608 0.5019608 0.5019608 0.5019608 0.5019608 0.5019608 0.5372549 0.5372549 0.5372549 0.5607843 0.5607843 0.5607843 0.5019608 0.5019608 0.5019608 0.5019608 0.5019608 0.5019608 0.5607843 0.5607843 0.5607843 0.5372549 0.5372549 0.5372549 0.5019608 0.5019608 0.5019608 0.5019608 0.5019608 0.5019608 0.5686275 0.5686275 0.5686275 0.5607843 0.5607843 0.5607843 0.5019608 0.5019608 0.5019608 0.5019608 0.5019608 0.5019608 0.6156863 0.6156863 0.6156863 0.5686275 0.5686275 0.5686275 0.5019608 0.5019608 0.5019608 0.5019608 0.5019608 0.5019608 0.6313726 0.6313726 0.6313726 0.6156863 0.6156863 0.6156863 0.5019608 0.5019608 0.5019608 0.5019608 0.5019608 0.5019608 0.6470588 0.6470588 0.6470588 0.6313726 0.6313726 0.6313726 0.5019608 0.5019608 0.5019608 0.5019608 0.5019608 0.5019608 0.6392157 0.6392157 0.6392157 0.6470588 0.6470588 0.6470588 0.5019608 0.5019608 0.5019608 0.5019608 0.5019608 0.5019608 0.6784314 0.6784314 0.6784314 0.6392157 0.6392157 0.6392157 0.5019608 0.5019608 0.5019608 0.5019608 0.5019608 0.5019608 0.6784314 0.6784314 0.6784314 0.6784314 0.6784314 0.6784314 0.5019608 0.5019608 0.5019608 0.5019608 0.5019608 0.5019608 0.6470588 0.6470588 0.6470588 0.6784314 0.6784314 0.6784314 0.5019608 0.5019608 0.5019608 0.5019608 0.5019608 0.5019608 0.6235294 0.6235294 0.6235294 0.6470588 0.6470588 0.6470588 0.5019608 0.5019608 0.5019608 0.5019608 0.5019608 0.5019608 0.6313726 0.6313726 0.6313726 0.6235294 0.6235294 0.6235294 0.5019608 0.5019608 0.5019608 0.5019608 0.5019608 0.5019608 0.6156863 0.6156863 0.6156863 0.6313726 0.6313726 0.6313726 0.5019608 0.5019608 0.5019608 0.5019608 0.5019608 0.5019608 0.6078432 0.6078432 0.6078432 0.6156863 0.6156863 0.6156863 0.5019608 0.5019608 0.5019608 0.5019608 0.5019608 0.5019608 0.6078432 0.6078432 0.6078432 0.6078432 0.6078432 0.6078432 0.5019608 0.5019608 0.5019608 0.5019608 0.5019608 0.5019608 0.5921569 0.5921569 0.5921569 0.6078432 0.6078432 0.6078432 0.5019608 0.5019608 0.5019608 0.5019608 0.5019608 0.5019608 0.6 0.6 0.6 0.5921569 0.5921569 0.5921569 0.5019608 0.5019608 0.5019608 0.5019608 0.5019608 0.5019608 0.6 0.6 0.6 0.6 0.6 0.6 0.5019608 0.5019608 0.5019608 0.5019608 0.5019608 0.5019608 0.5019608 0.5019608 0.5019608 0.5019608 0.5019608 0.5019608 0.5019608 0.5019608 0.5019608 0.5019608 0.5019608 0.5019608 0.5019608 0.5019608 0.5019608 0.5019608 0.5019608 0.5019608 0.5019608 0.5019608 0.5019608 0.5019608 0.5019608 0.5019608 0.5019608 0.5019608 0.5019608 0.5019608 0.5019608 0.5019608 0.5019608 0.5019608 0.5019608 0.5019608 0.5019608 0.5019608 0.5019608 0.5019608 0.5019608 0.5019608 0.5019608 0.5019608 0.5019608 0.5019608 0.5019608 0.5019608 0.5019608 0.5019608 0.5019608 0.5019608 0.5019608 0.5019608 0.5019608 0.5019608 0.5019608 0.5019608 0.5019608 0.5019608 0.5019608 0.5019608 0.5019608 0.5019608 0.5019608 0.5019608 0.5019608 0.5019608 0.5019608 0.5019608 0.5019608 0.5019608 0.5019608 0.5019608 0.5019608 0.5019608 0.5019608 0.5019608 0.5019608 0.5019608 0.5019608 0.5019608 0.5019608 0.5019608 0.5019608 0.5019608 0.5019608 0.5019608 0.5019608 0.5019608 0.5019608 0.5019608 0.5019608 0.5019608 0.5019608 0.5019608 0.5019608 0.5019608 0.5019608 0.5019608 0.5019608 0.5019608 0.5019608 0.5019608 0.5019608 0.5019608 0.5019608 0.5019608 0.5019608 0.5019608 0.5019608 0.5019608 0.5019608 0.5019608 0.5019608 0.5019608 0.5019608 0.5019608 0.5019608 0.5019608 0.5019608 0.5019608 0.5019608 0.5019608 0.5019608 0.5019608 0.5019608 0.5019608 0.5019608 0.5019608 0.5019608 0.5019608 0.5019608 0.5019608 0.5019608 0.5019608 0.5019608 0.5019608 0.5019608 0.5019608 0.5019608 0.5019608 0.5019608 0.5019608 0.5019608 0.5019608 0.5019608 0.5019608 0.5019608 0.5019608 0.5019608 0.5019608 0.5019608 0.5019608 0.5019608 0.5019608 0.5019608 0.5019608 0.5019608 0.5019608 0.5019608 0.5019608 0.5019608 0.5019608 0.5019608 0.5019608 0.5019608 0.5019608 0.5019608 0.5019608 0.5019608 0.5019608 0.5019608 0.5019608 0.5019608 0.5019608 0.5019608 0.5019608 0.5019608 0.5019608 0.5019608 0.5019608 0.5019608 0.5019608 0.5019608 0.5019608 0.5019608 0.5019608 0.5019608 0.5019608 0.5019608 0.5019608 0.5019608 0.5019608 0.5019608 0.5019608 0.5019608 0.5019608 0.5019608 0.5019608 0.5019608 0.5019608 0.5019608 0.5019608 0.5019608 0.5019608 0.5019608 0.5019608 0.5019608 0.5019608 0.5019608 0.5019608 0.5019608 0.5019608 0.5019608 0.5019608 0.5019608 0.5019608 0.5019608 0.5019608 0.5019608 0.5019608 0.5019608 0.5019608 0.5019608 0.5019608 0.5019608 0.5019608 0.5019608 0.5019608 0.5019608 0.5019608 0.5019608 0.5019608 0.5019608 0.5019608 0.9529412 0.9529412 0.9529412 1 1 1 0.9490197 0.9490197 0.9490197 1 1 1 1 1 1 1 1 1 1 1 1 1 1 1 1 1 1 1 1 1 1 1 1 0.6705883 0.6705883 0.6705883 0.5019608 0.5019608 0.5019608 0.5019608 0.5019608 0.5019608 0.6078432 0.6078432 0.6078432 0.5019608 0.5019608 0.5019608 0.5019608 0.5019608 0.5019608 0.5019608 0.5019608 0.5019608 0.5019608 0.5019608 0.5019608 0.5019608 0.5019608 0.5019608 0.5921569 0.5921569 0.5921569 0.6862745 0.6862745 0.6862745 0.7254902 0.7254902 0.7254902 0.5019608 0.5019608 0.5019608 0.7333333 0.7333333 0.7333333 0.5294118 0.5294118 0.5294118 1 1 1 1 1 1 1 1 1 1 1 1 1 1 1 1 1 1 1 1 1 0.9490197 0.9490197 0.9490197 1 1 1 0.9686275 0.9686275 0.9686275 1 1 1 0.5215687 0.5215687 0.5215687 0.5019608 0.5019608 0.5019608 0.5019608 0.5019608 0.5019608 0.5019608 0.5019608 0.5019608 0.5019608 0.5019608 0.5019608 0.5019608 0.5019608 0.5019608 0.5019608 0.5019608 0.5019608 0.5019608 0.5019608 0.5019608 0.5019608 0.5019608 0.5019608 0.5019608 0.5019608 0.5019608 0.5019608 0.5019608 0.5019608 0.5019608 0.5019608 0.5019608 0.5019608 0.5019608 0.5019608 0.5019608 0.5019608 0.5019608 0.6078432 0.6078432 0.6078432 0.5019608 0.5019608 0.5019608 0.5450981 0.5450981 0.5450981 0.5019608 0.5019608 0.5019608 0.5450981 0.5450981 0.5450981 0.5019608 0.5019608 0.5019608 0.5215687 0.5215687 0.5215687 0.6 0.6 0.6 0.5372549 0.5372549 0.5372549 0.5019608 0.5019608 0.5019608 0.5019608 0.5019608 0.5019608 0.5019608 0.5019608 0.5019608 0.5372549 0.5372549 0.5372549 0.5019608 0.5019608 0.5019608 0.5137255 0.5137255 0.5137255 0.6235294 0.6235294 0.6235294 0.5215687 0.5215687 0.5215687 0.654902 0.654902 0.654902 0.6 0.6 0.6 0.5215687 0.5215687 0.5215687 0.5019608 0.5019608 0.5019608 0.6470588 0.6470588 0.6470588 0.5058824 0.5058824 0.5058824 0.5294118 0.5294118 0.5294118 0.6784314 0.6784314 0.6784314 0.6078432 0.6078432 0.6078432 0.5294118 0.5294118 0.5294118 0.5019608 0.5019608 0.5019608 0.5019608 0.5019608 0.5019608 0.5019608 0.5019608 0.5019608 0.5019608 0.5019608 0.5019608 0.5019608 0.5019608 0.5019608 0.5019608 0.5019608 0.5019608 0.5019608 0.5019608 0.5019608 0.5019608 0.5019608 0.5019608 0.5019608 0.5019608 0.5019608 0.5019608 0.5019608 0.5019608 0.5019608 0.5019608 0.5019608 0.5019608 0.5019608 0.5019608 0.5019608 0.5019608 0.5019608 0.5019608 0.5019608 0.5019608 0.5019608 0.5019608 0.5019608 0.5019608 0.5019608 0.5019608 0.5019608 0.5019608 0.5019608 0.5019608 0.5019608 0.5019608 0.5019608 0.5019608 0.5019608 0.5019608 0.5019608 0.5019608 0.5019608 0.5019608 0.5019608 0.6392157 0.6392157 0.6392157 0.6313726 0.6313726 0.6313726 0.7176471 0.7176471 0.7176471 0.7294118 0.7294118 0.7294118 0.5019608 0.5019608 0.5019608 0.5019608 0.5019608 0.5019608 0.5019608 0.5019608 0.5019608 0.5019608 0.5019608 0.5019608 0.5019608 0.5019608 0.5019608 0.5019608 0.5019608 0.5019608 0.5019608 0.5019608 0.5019608 0.5019608 0.5019608 0.5019608 0.5019608 0.5019608 0.5019608 0.5019608 0.5019608 0.5019608 0.5019608 0.5019608 0.5019608 0.5019608 0.5019608 0.5019608 0.5019608 0.5019608 0.5019608 0.5019608 0.5019608 0.5019608 0.5019608 0.5019608 0.5019608 0.5019608 0.5019608 0.5019608 0.5019608 0.5019608 0.5019608 0.5019608 0.5019608 0.5019608 0.5019608 0.5019608 0.5019608 0.5019608 0.5019608 0.5019608 0.5019608 0.5019608 0.5019608 0.5019608 0.5019608 0.5019608 0.6470588 0.6470588 0.6470588 0.7254902 0.7254902 0.7254902 0.6470588 0.6470588 0.6470588 0.6 0.6 0.6 0.5058824 0.5058824 0.5058824 0.5019608 0.5019608 0.5019608 0.5019608 0.5019608 0.5019608 0.6 0.6 0.6 0.5607843 0.5607843 0.5607843 0.5019608 0.5019608 0.5019608 0.5450981 0.5450981 0.5450981 0.5019608 0.5019608 0.5019608 0.5019608 0.5019608 0.5019608 0.5450981 0.5450981 0.5450981 0.5686275 0.5686275 0.5686275 0.5686275 0.5686275 0.5686275 0.5019608 0.5019608 0.5019608 0.5764706 0.5764706 0.5764706 0.6078432 0.6078432 0.6078432 0.5019608 0.5019608 0.5019608 0.5019608 0.5019608 0.5019608 0.5137255 0.5137255 0.5137255 0.6078432 0.6078432 0.6078432 0.6235294 0.6235294 0.6235294 0.9764706 0.9764706 0.9764706 1 1 1 1 1 1 0.9843138 0.9843138 0.9843138 0.9764706 0.9764706 0.9764706 0.9764706 0.9764706 0.9764706 0.8901961 0.8901961 0.8901961 0.9058824 0.9058824 0.9058824 0.9764706 0.9764706 0.9764706 0.9294118 0.9294118 0.9294118 0.9058824 0.9058824 0.9058824 0.8117648 0.8117648 0.8117648 0.8117648 0.8117648 0.8117648 0.6235294 0.6235294 0.6235294 0.6313726 0.6313726 0.6313726 0.6235294 0.6235294 0.6235294 0.5019608 0.5019608 0.5019608 0.5019608 0.5019608 0.5019608 0.5019608 0.5019608 0.5019608 0.5019608 0.5019608 0.5019608 0.5019608 0.5019608 0.5019608 0.5019608 0.5019608 0.5019608 1 1 1 1 1 1 1 1 1 0.9921569 0.9921569 0.9921569 1 1 1 1 1 1 0.9921569 0.9921569 0.9921569 0.937255 0.937255 0.937255 1 1 1 0.9450981 0.9450981 0.9450981 0.937255 0.937255 0.937255 0.8196079 0.8196079 0.8196079 0.8196079 0.8196079 0.8196079 0.6313726 0.6313726 0.6313726 0.6156863 0.6156863 0.6156863 0.5019608 0.5019608 0.5019608 0.5019608 0.5019608 0.5019608 0.5019608 0.5019608 0.5019608 0.5019608 0.5019608 0.5019608 0.5019608 0.5019608 0.5019608 0.5019608 0.5019608 0.5019608 0.7333333 0.7333333 0.7333333 0.5294118 0.5294118 0.5294118 0.6627451 0.6627451 0.6627451 0.5764706 0.5764706 0.5764706 0.5843138 0.5843138 0.5843138 0.5450981 0.5450981 0.5450981 0.5019608 0.5019608 0.5019608 0.5019608 0.5019608 0.5019608 0.5019608 0.5019608 0.5019608 0.5019608 0.5019608 0.5019608 0.5019608 0.5019608 0.5019608 0.5019608 0.5019608 0.5019608 0.5019608 0.5019608 0.5019608 0.5019608 0.5019608 0.5019608 0.5019608 0.5019608 0.5019608 0.5019608 0.5019608 0.5019608 0.5764706 0.5764706 0.5764706 0.5607843 0.5607843 0.5607843 0.9294118 0.9294118 0.9294118 0.9686275 0.9686275 0.9686275 0.9294118 0.9294118 0.9294118 0.9921569 0.9921569 0.9921569 0.9921569 0.9921569 0.9921569 0.9921569 0.9921569 0.9921569 1 1 1 1 1 1 1 1 1 0.5019608 0.5019608 0.5019608 0.5019608 0.5019608 0.5019608 0.5019608 0.5019608 0.5019608 0.5019608 0.5019608 0.5019608 0.8039216 0.8039216 0.8039216 0.7803922 0.7803922 0.7803922 0.7725491 0.7725491 0.7725491 0.6980392 0.6980392 0.6980392 0.9058824 0.9058824 0.9058824 0.8980393 0.8980393 0.8980393 0.8039216 0.8039216 0.8039216 0.7803922 0.7803922 0.7803922 0.9764706 0.9764706 0.9764706 0.9764706 0.9764706 0.9764706 0.9058824 0.9058824 0.9058824 0.8980393 0.8980393 0.8980393 1 1 1 1 1 1 0.9764706 0.9764706 0.9764706 0.9764706 0.9764706 0.9764706 0.9921569 0.9921569 0.9921569 0.9843138 0.9843138 0.9843138 1 1 1 1 1 1 0.9294118 0.9294118 0.9294118 0.9843138 0.9843138 0.9843138 0.9921569 0.9921569 0.9921569 0.9529412 0.9529412 0.9529412 0.6235294 0.6235294 0.6235294 0.9294118 0.9294118 0.9294118 0.5764706 0.5764706 0.5764706 1 1 1 0.9921569 0.9921569 0.9921569 1 1 1 0.9921569 0.9921569 0.9921569 0.9764706 0.9764706 0.9764706 1 1 1 0.9764706 0.9764706 0.9764706 1 1 1 0.882353 0.882353 0.882353 0.9764706 0.9764706 0.9764706 0.8666667 0.8666667 0.8666667 0.9764706 0.9764706 0.9764706 0.7725491 0.7725491 0.7725491 0.882353 0.882353 0.882353 0.8196079 0.8196079 0.8196079 0.8666667 0.8666667 0.8666667 0.6705883 0.6705883 0.6705883 0.7725491 0.7725491 0.7725491 0.7098039 0.7098039 0.7098039 0.8196079 0.8196079 0.8196079 0.5921569 0.5921569 0.5921569 0.5019608 0.5019608 0.5019608 0.5215687 0.5215687 0.5215687 0.5921569 0.5921569 0.5921569 0.5215687 0.5215687 0.5215687 0.5450981 0.5450981 0.5450981 0.5019608 0.5019608 0.5019608 0.5450981 0.5450981 0.5450981 0.5019608 0.5019608 0.5019608 0.5019608 0.5019608 0.5019608 0.5372549 0.5372549 0.5372549 0.5019608 0.5019608 0.5019608 0.5686275 0.5686275 0.5686275 0.6078432 0.6078432 0.6078432 0.5529412 0.5529412 0.5529412 0.5372549 0.5372549 0.5372549 0.5019608 0.5019608 0.5019608 0.5019608 0.5019608 0.5019608 0.5529412 0.5529412 0.5529412 0.5058824 0.5058824 0.5058824 0.5019608 0.5019608 0.5019608 0.5019608 0.5019608 0.5019608 0.5019608 0.5019608 0.5019608 0.5019608 0.5019608 0.5019608 0.5058824 0.5058824 0.5058824 0.5019608 0.5019608 0.5019608 0.5019608 0.5019608 0.5019608 0.5019608 0.5019608 0.5019608 0.5019608 0.5019608 0.5019608 0.5019608 0.5019608 0.5019608 0.5019608 0.5019608 0.5019608 0.5019608 0.5019608 0.5019608 0.5019608 0.5019608 0.5019608 0.5019608 0.5019608 0.5019608 0.5019608 0.5019608 0.5019608 0.5019608 0.5019608 0.5019608 0.6078432 0.6078432 0.6078432 0.6156863 0.6156863 0.6156863 0.5019608 0.5019608 0.5019608 0.5019608 0.5019608 0.5019608 0.5921569 0.5921569 0.5921569 0.5294118 0.5294118 0.5294118 0.5019608 0.5019608 0.5019608 0.5019608 0.5019608 0.5019608 0.5686275 0.5686275 0.5686275 0.5019608 0.5019608 0.5019608 0.5215687 0.5215687 0.5215687 0.5019608 0.5019608 0.5019608 0.5294118 0.5294118 0.5294118 0.5019608 0.5019608 0.5019608 0.5019608 0.5019608 0.5019608 0.5019608 0.5019608 0.5019608 0.5215687 0.5215687 0.5215687 0.5019608 0.5019608 0.5019608 0.5019608 0.5019608 0.5019608 0.5019608 0.5019608 0.5019608 0.5137255 0.5137255 0.5137255 0.6235294 0.6235294 0.6235294 0.5019608 0.5019608 0.5019608 0.5921569 0.5921569 0.5921569 0.5921569 0.5921569 0.5921569 0.5764706 0.5764706 0.5764706 0.5019608 0.5019608 0.5019608 0.5019608 0.5019608 0.5019608 0.5450981 0.5450981 0.5450981 0.5019608 0.5019608 0.5019608 0.654902 0.654902 0.654902 0.6 0.6 0.6 0.5019608 0.5019608 0.5019608 0.5019608 0.5019608 0.5019608 0.5019608 0.5019608 0.5019608 0.5019608 0.5019608 0.5019608 0.5019608 0.5019608 0.5019608 0.5019608 0.5019608 0.5019608 0.5019608 0.5019608 0.5019608 0.5019608 0.5019608 0.5019608 0.5019608 0.5019608 0.5019608 0.5019608 0.5019608 0.5019608 0.5019608 0.5019608 0.5019608 0.5019608 0.5019608 0.5019608 0.5019608 0.5019608 0.5019608 0.5019608 0.5019608 0.5019608 0.5019608 0.5019608 0.5019608 0.5019608 0.5019608 0.5019608 0.5019608 0.5019608 0.5019608 0.5019608 0.5019608 0.5019608 0.5019608 0.5019608 0.5019608 0.5019608 0.5019608 0.5019608 0.5019608 0.5019608 0.5019608 0.5019608 0.5019608 0.5019608 0.5019608 0.5019608 0.5019608 0.5019608 0.5019608 0.5019608 0.5019608 0.5019608 0.5019608 0.5019608 0.5019608 0.5019608 0.5019608 0.5019608 0.5019608 0.5019608 0.5019608 0.5019608 0.5019608 0.5019608 0.5019608 0.5019608 0.5019608 0.5019608 0.5019608 0.5019608 0.5019608 0.5019608 0.5019608 0.5019608 0.5019608 0.5019608 0.5019608 0.5019608 0.5019608 0.5019608 0.5019608 0.5019608 0.5019608 0.5019608 0.5019608 0.5019608 0.5019608 0.5019608 0.5019608 0.5019608 0.5019608 0.5019608 0.5019608 0.5019608 0.5019608 0.5019608 0.5019608 0.5019608 0.5019608 0.5019608 0.5019608 0.5019608 0.5019608 0.5019608 0.5019608 0.5019608 0.5019608 0.5019608 0.5019608 0.5019608 0.5019608 0.5019608 0.5019608 0.5019608 0.5019608 0.5019608 0.5019608 0.5019608 0.5019608 0.5019608 0.5019608 0.5019608 0.5019608 0.5019608 0.5019608 0.5019608 0.5019608 0.5019608 0.5019608 0.5019608 0.5019608 0.5019608 0.5019608 0.5019608 0.5019608 0.5019608 0.5019608 0.5019608 0.5019608 0.5019608 0.5019608 0.5019608 0.5019608 0.5019608 0.5019608 0.5019608 0.5019608 0.5019608 0.5019608 0.5019608 0.5019608 0.5019608 0.5019608 0.5019608 0.5019608 0.5019608 0.5019608 0.5019608 0.5019608 0.5019608 0.5019608 0.5019608 0.5019608 0.5019608 0.5019608 0.5019608 0.5019608 0.5019608 0.5019608 0.5019608 0.5019608 0.5019608 0.5019608 0.5019608 0.5019608 0.5019608 0.5019608 0.5019608 0.5019608 0.5019608 0.5019608 0.5019608 0.5019608 0.5019608 0.5019608 0.5019608 0.5019608 0.5019608 0.5019608 0.5019608 0.5019608 0.5019608 0.5019608 0.5019608 0.5019608 0.5019608 0.5019608 0.5019608 0.5019608 0.5019608 0.5019608 0.5019608 0.5019608 0.5019608 0.5019608 0.5019608 0.8156863 0.8156863 0.8156863 0.9450981 0.9450981 0.9450981 0.5019608 0.5019608 0.5019608 0.5019608 0.5019608 0.5019608 0.5019608 0.5019608 0.5019608 0.5019608 0.5019608 0.5019608 0.5019608 0.5019608 0.5019608 0.8156863 0.8156863 0.8156863 0.5019608 0.5019608 0.5019608 0.5019608 0.5019608 0.5019608 0.8901961 0.8901961 0.8901961 0.8431373 0.8431373 0.8431373 0.9843138 0.9843138 0.9843138 0.9843138 0.9843138 0.9843138 1 1 1 1 1 1 0.5019608 0.5019608 0.5019608 0.5019608 0.5019608 0.5019608 0.8588236 0.8588236 0.8588236 0.8901961 0.8901961 0.8901961 0.5019608 0.5019608 0.5019608 0.8431373 0.8431373 0.8431373 0.5019608 0.5019608 0.5019608 0.9843138 0.9843138 0.9843138 0.9843138 0.9843138 0.9843138 0.9843138 0.9843138 0.9843138 0.9686275 0.9686275 0.9686275 0.9843138 0.9843138 0.9843138 1 1 1 1 1 1 0.9843138 0.9843138 0.9843138 0.8901961 0.8901961 0.8901961 0.8431373 0.8431373 0.8431373 0.5019608 0.5019608 0.5019608 0.8431373 0.8431373 0.8431373 0.5019608 0.5019608 0.5019608 0.8588236 0.8588236 0.8588236 0.9686275 0.9686275 0.9686275 0.9843138 0.9843138 0.9843138 0.9725491 0.9725491 0.9725491 0.9843138 0.9843138 0.9843138 0.6117647 0.6117647 0.6117647 0.6039216 0.6039216 0.6039216 0.8274511 0.8274511 0.8274511 0.8274511 0.8274511 0.8274511 0.5176471 0.5176471 0.5176471 0.5529412 0.5529412 0.5529412 0.7333333 0.7333333 0.7333333 0.8117648 0.8117648 0.8117648 0.5019608 0.5019608 0.5019608 0.5019608 0.5019608 0.5019608 0.5019608 0.5019608 0.5019608 0.5019608 0.5019608 0.5019608 0.6078432 0.6078432 0.6078432 0.5019608 0.5019608 0.5019608 0.5019608 0.5019608 0.5019608 0.5019608 0.5019608 0.5019608 0.572549 0.572549 0.572549 0.5019608 0.5019608 0.5019608 0.8274511 0.8274511 0.8274511 0.6862745 0.6862745 0.6862745 0.8274511 0.8274511 0.8274511 0.8274511 0.8274511 0.8274511 0.572549 0.572549 0.572549 0.6039216 0.6039216 0.6039216 0.6039216 0.6039216 0.6039216 0.6117647 0.6117647 0.6117647 0.8745099 0.8745099 0.8745099 0.8901961 0.8901961 0.8901961 0.6117647 0.6117647 0.6117647 0.8901961 0.8901961 0.8901961 0.6039216 0.6039216 0.6039216 0.6039216 0.6039216 0.6039216 0.8431373 0.8431373 0.8431373 0.6039216 0.6039216 0.6039216 0.8901961 0.8901961 0.8901961 0.8901961 0.8901961 0.8901961 1 1 1 0.9843138 0.9843138 0.9843138 0.8901961 0.8901961 0.8901961 0.9843138 0.9843138 0.9843138 0.8745099 0.8745099 0.8745099 0.5529412 0.5529412 0.5529412 0.5176471 0.5176471 0.5176471 0.8431373 0.8431373 0.8431373 0.764706 0.764706 0.764706 0.5019608 0.5019608 0.5019608 0.5019608 0.5019608 0.5019608 0.5019608 0.5019608 0.5019608 0.5019608 0.5019608 0.5019608 0.5019608 0.5019608 0.5019608 0.6705883 0.6705883 0.6705883 0.5019608 0.5019608 0.5019608 0.5019608 0.5019608 0.5019608 0.5019608 0.5019608 0.5019608 0.5019608 0.5019608 0.5019608 0.5019608 0.5019608 0.5019608 0.5019608 0.5019608 0.5019608 0.5019608 0.5019608 0.5019608 0.5019608 0.5019608 0.5019608 0.5019608 0.5019608 0.5019608 0.5019608 0.5019608 0.5019608 0.5019608 0.5019608 0.5019608 0.572549 0.572549 0.572549 0.764706 0.764706 0.764706 0.8784314 0.8784314 0.8784314 0.572549 0.572549 0.572549 0.6039216 0.6039216 0.6039216 0.8784314 0.8784314 0.8784314 0.8745099 0.8745099 0.8745099 0.8431373 0.8431373 0.8431373 0.764706 0.764706 0.764706 0.937255 0.937255 0.937255 0.9058824 0.9058824 0.9058824 0.5019608 0.5019608 0.5019608 0.5019608 0.5019608 0.5019608 0.5019608 0.5019608 0.5019608 0.5019608 0.5019608 0.5019608 0.6705883 0.6705883 0.6705883 0.7803922 0.7803922 0.7803922 0.5019608 0.5019608 0.5019608 0.5019608 0.5019608 0.5019608 0.5019608 0.5019608 0.5019608 0.5019608 0.5019608 0.5019608 0.5019608 0.5019608 0.5019608 0.5019608 0.5019608 0.5019608 0.5019608 0.5019608 0.5019608 0.5019608 0.5019608 0.5019608 0.5019608 0.5019608 0.5019608 0.5019608 0.5019608 0.5019608 0.764706 0.764706 0.764706 0.8784314 0.8784314 0.8784314 0.8901961 0.8901961 0.8901961 0.9686275 0.9686275 0.9686275 0.8784314 0.8784314 0.8784314 0.8745099 0.8745099 0.8745099 0.9686275 0.9686275 0.9686275 0.9843138 0.9843138 0.9843138 0.654902 0.654902 0.654902 0.5019608 0.5019608 0.5019608 0.5019608 0.5019608 0.5019608 0.5019608 0.5019608 0.5019608 0.5019608 0.5019608 0.5019608 0.5019608 0.5019608 0.5019608 0.5019608 0.5019608 0.5019608 0.5019608 0.5019608 0.5019608 0.5019608 0.5019608 0.5019608 0.5019608 0.5019608 0.5019608 0.5019608 0.5019608 0.5019608 0.5019608 0.5019608 0.5019608 0.5019608 0.5019608 0.5019608 0.5019608 0.5019608 0.5019608 0.5019608 0.5019608 0.5019608 0.5019608 0.5019608 0.5019608 0.7960785 0.7960785 0.7960785 0.5019608 0.5019608 0.5019608 0.5019608 0.5019608 0.5019608 0.5019608 0.5019608 0.5019608 0.8117648 0.8117648 0.8117648 0.7960785 0.7960785 0.7960785 0.5019608 0.5019608 0.5019608 0.5019608 0.5019608 0.5019608 0.5137255 0.5137255 0.5137255 0.7490196 0.7490196 0.7490196 0.8117648 0.8117648 0.8117648 0.7333333 0.7333333 0.7333333 0.8117648 0.8117648 0.8117648 0.5372549 0.5372549 0.5372549 0.5529412 0.5529412 0.5529412 0.5137255 0.5137255 0.5137255 0.5019608 0.5019608 0.5019608 0.5019608 0.5019608 0.5019608 0.7490196 0.7490196 0.7490196 0.7490196 0.7490196 0.7490196 0.6705883 0.6705883 0.6705883 0.7333333 0.7333333 0.7333333 0.5019608 0.5019608 0.5019608 0.5372549 0.5372549 0.5372549 0.5019608 0.5019608 0.5019608 0.5019608 0.5019608 0.5019608 0.5019608 0.5019608 0.5019608 0.5019608 0.5019608 0.5019608 0.7490196 0.7490196 0.7490196 0.5019608 0.5019608 0.5019608 0.6705883 0.6705883 0.6705883 0.5019608 0.5019608 0.5019608 0.5019608 0.5019608 0.5019608 0.8117648 0.8117648 0.8117648 0.7176471 0.7176471 0.7176471 0.5294118 0.5294118 0.5294118 0.5019608 0.5019608 0.5019608 0.5019608 0.5019608 0.5019608 0.5294118 0.5294118 0.5294118 0.5019608 0.5019608 0.5019608 0.5019608 0.5019608 0.5019608 0.5294118 0.5294118 0.5294118 0.5137255 0.5137255 0.5137255 0.8117648 0.8117648 0.8117648 0.8431373 0.8431373 0.8431373 0.5019608 0.5019608 0.5019608 0.5137255 0.5137255 0.5137255 0.5019608 0.5019608 0.5019608 0.8431373 0.8431373 0.8431373 0.8431373 0.8431373 0.8431373 0.5019608 0.5019608 0.5019608 0.5019608 0.5019608 0.5019608 0.5019608 0.5019608 0.5019608 0.8431373 0.8431373 0.8431373 0.8431373 0.8431373 0.8431373 0.5019608 0.5019608 0.5019608 0.5019608 0.5019608 0.5019608 0.5294118 0.5294118 0.5294118 0.8117648 0.8117648 0.8117648 0.8431373 0.8431373 0.8431373 0.8431373 0.8431373 0.8431373 0.8588236 0.8588236 0.8588236 0.6039216 0.6039216 0.6039216 0.6039216 0.6039216 0.6039216 0.5019608 0.5019608 0.5019608 0.5294118 0.5294118 0.5294118 0.5294118 0.5294118 0.5294118 0.8431373 0.8431373 0.8431373 0.8117648 0.8117648 0.8117648 0.8117648 0.8117648 0.8117648 0.8431373 0.8431373 0.8431373 0.5568628 0.5568628 0.5568628 0.6039216 0.6039216 0.6039216 0.5019608 0.5019608 0.5019608 0.5019608 0.5019608 0.5019608 0.5294118 0.5294118 0.5294118 0.5019608 0.5019608 0.5019608 0.8431373 0.8431373 0.8431373 0.5019608 0.5019608 0.5019608 0.8117648 0.8117648 0.8117648 0.5019608 0.5019608 0.5019608 0.5568628 0.5568628 0.5568628 0.8274511 0.8274511 0.8274511 0.8274511 0.8274511 0.8274511 0.8431373 0.8431373 0.8431373 0.8431373 0.8431373 0.8431373 0.7333333 0.7333333 0.7333333 0.8117648 0.8117648 0.8117648 0.7960785 0.7960785 0.7960785 0.8117648 0.8117648 0.8117648 0.5019608 0.5019608 0.5019608 0.5019608 0.5019608 0.5019608 0.5019608 0.5019608 0.5019608 0.5019608 0.5019608 0.5019608 0.654902 0.654902 0.654902 0.6078432 0.6078432 0.6078432 0.5019608 0.5019608 0.5019608 0.5019608 0.5019608 0.5019608 0.8274511 0.8274511 0.8274511 0.6862745 0.6862745 0.6862745 0.8117648 0.8117648 0.8117648 0.7176471 0.7176471 0.7176471 0.8117648 0.8117648 0.8117648 0.8431373 0.8431373 0.8431373 0.8274511 0.8274511 0.8274511 0.8274511 0.8274511 0.8274511 0.5019608 0.5019608 0.5019608 0.5019608 0.5019608 0.5019608 0.5019608 0.5019608 0.5019608 0.8745099 0.8745099 0.8745099 0.5019608 0.5019608 0.5019608 0.5019608 0.5019608 0.5019608 0.9529412 0.9529412 0.9529412 0.9843138 0.9843138 0.9843138 0.5019608 0.5019608 0.5019608 0.5019608 0.5019608 0.5019608 0.8588236 0.8588236 0.8588236 0.9529412 0.9529412 0.9529412 0.5019608 0.5019608 0.5019608 0.5019608 0.5019608 0.5019608 0.5568628 0.5568628 0.5568628 0.8588236 0.8588236 0.8588236 0.6862745 0.6862745 0.6862745 0.5019608 0.5019608 0.5019608 0.7176471 0.7176471 0.7176471 0.5019608 0.5019608 0.5019608 0.5019608 0.5019608 0.5019608 0.5019608 0.5019608 0.5019608 0.6862745 0.6862745 0.6862745 0.5019608 0.5019608 0.5019608 0.5019608 0.5019608 0.5019608 0.5019608 0.5019608 0.5019608 0.5019608 0.5019608 0.5019608 0.764706 0.764706 0.764706 0.5019608 0.5019608 0.5019608 0.764706 0.764706 0.764706 0.5019608 0.5019608 0.5019608 0.8901961 0.8901961 0.8901961 0.5019608 0.5019608 0.5019608 0.5019608 0.5019608 0.5019608 0.6705883 0.6705883 0.6705883 0.7803922 0.7803922 0.7803922 0.5019608 0.5019608 0.5019608 0.5019608 0.5019608 0.5019608 0.5019608 0.5019608 0.5019608 0.6705883 0.6705883 0.6705883 0.5019608 0.5019608 0.5019608 0.5019608 0.5019608 0.5019608 0.6078432 0.6078432 0.6078432 0.5019608 0.5019608 0.5019608 0.5019608 0.5019608 0.5019608 0.5019608 0.5019608 0.5019608 0.654902 0.654902 0.654902 0.6078432 0.6078432 0.6078432 0.8431373 0.8431373 0.8431373 0.8588236 0.8588236 0.8588236 0.8431373 0.8431373 0.8431373 0.8274511 0.8274511 0.8274511 0.8588236 0.8588236 0.8588236 0.6039216 0.6039216 0.6039216 0.8274511 0.8274511 0.8274511 0.6117647 0.6117647 0.6117647 0.5019608 0.5019608 0.5019608 0.5019608 0.5019608 0.5019608 0.7960785 0.7960785 0.7960785 0.7333333 0.7333333 0.7333333 0.5019608 0.5019608 0.5019608 0.5019608 0.5019608 0.5019608 0.7333333 0.7333333 0.7333333 0.5176471 0.5176471 0.5176471 0.764706 0.764706 0.764706 0.5176471 0.5176471 0.5176471 0.5019608 0.5019608 0.5019608 0.5019608 0.5019608 0.5019608 0.9058824 0.9058824 0.9058824 0.764706 0.764706 0.764706 0.5019608 0.5019608 0.5019608 0.5019608 0.5019608 0.5019608 0.8431373 0.8431373 0.8431373 0.6039216 0.6039216 0.6039216 0.8588236 0.8588236 0.8588236 0.5568628 0.5568628 0.5568628 0.9843138 0.9843138 0.9843138 0.8431373 0.8431373 0.8431373 0.9529412 0.9529412 0.9529412 0.8588236 0.8588236 0.8588236 0.9843138 0.9843138 0.9843138 0.9843138 0.9843138 0.9843138 0.9843138 0.9843138 0.9843138 0.9529412 0.9529412 0.9529412 0.5019608 0.5019608 0.5019608 0.5019608 0.5019608 0.5019608 0.8745099 0.8745099 0.8745099 0.8901961 0.8901961 0.8901961 0.9529412 0.9529412 0.9529412 0.937255 0.937255 0.937255 0.9529412 0.9529412 0.9529412 0.9843138 0.9843138 0.9843138 0.5019608 0.5019608 0.5019608 0.5019608 0.5019608 0.5019608 0.5137255 0.5137255 0.5137255 0.5450981 0.5450981 0.5450981 0.8274511 0.8274511 0.8274511 0.5019608 0.5019608 0.5019608 0.8431373 0.8431373 0.8431373 0.5019608 0.5019608 0.5019608 0.5019608 0.5019608 0.5019608 0.5019608 0.5019608 0.5019608 0.6392157 0.6392157 0.6392157 0.5019608 0.5019608 0.5019608 0.5019608 0.5019608 0.5019608 0.5019608 0.5019608 0.5019608 0.5019608 0.5019608 0.5019608 0.5019608 0.5019608 0.5019608 0.5019608 0.5019608 0.5019608 0.5019608 0.5019608 0.5019608 0.5019608 0.5019608 0.5019608 0.5019608 0.5019608 0.5019608 0.5019608 0.5019608 0.5019608 0.5019608 0.5019608 0.5019608 0.5019608 0.5019608 0.5019608 0.5019608 0.5019608 0.5019608 0.5019608 0.5019608 0.5019608 0.5019608 0.5019608 0.5019608 0.5019608 0.5019608 0.5019608 0.5019608 0.5019608 0.5019608 0.5019608 0.5019608 0.5019608 0.5019608 0.5019608 0.5019608 0.5019608 0.5019608 0.5019608 0.5019608 0.5019608 0.5019608 0.5019608 0.5019608 0.5019608 0.5019608 0.5019608 0.5019608 0.5019608 0.5019608 0.5019608 0.5019608 0.5019608 0.5019608 0.5019608 0.5019608 0.5019608 0.5019608 0.5019608 0.5019608 0.5019608 0.5019608 0.5019608 0.5019608 0.5019608 0.5019608 0.5019608 0.5019608 0.5019608 0.5019608 0.5019608 0.5019608 0.5019608 0.5019608 0.5019608 0.5019608 0.5019608 0.5019608 0.5019608 0.5019608 0.5019608 0.5019608 0.5019608 0.5019608 0.5019608 0.5019608 0.5019608 0.5019608 0.5019608 0.5019608 0.5019608 0.5019608 0.5019608 0.5019608 0.5019608 0.5019608 0.5019608 0.5019608 0.5019608 0.5019608 0.5019608 0.5019608 0.5019608 0.5019608 0.5019608 0.5019608 0.5019608 0.5019608 0.5019608 0.5019608 0.5019608 0.5019608 0.5019608 0.5019608 0.5019608 0.5019608 0.5019608 0.5019608 0.5019608 0.5019608 0.5019608 0.5019608 0.5019608 0.5019608 0.5019608 0.5019608 0.5019608 0.5019608 0.5019608 0.5019608 0.5019608 0.5019608 0.5019608 0.5019608 0.5019608 0.5019608 0.5019608 0.5019608 0.5019608 0.5019608 0.5019608 0.5019608 0.5019608 0.5019608 0.5019608 0.5019608 0.5019608 0.5019608 0.5019608 0.5019608 0.5019608 0.5019608 0.5019608 0.5019608 0.5019608 0.5019608 0.5019608 0.5019608 0.5019608 0.5019608 0.5019608 0.5019608 0.5019608 0.5019608 0.5019608 0.5019608 0.5019608 0.5019608 0.5019608 0.5019608 0.5019608 0.5019608 0.5019608 0.5019608 0.5019608 0.5019608 0.5019608 0.5019608 0.5019608 0.5019608 0.627451 0.627451 0.627451 0.5019608 0.5019608 0.5019608 0.5019608 0.5019608 0.5019608 0.5019608 0.5019608 0.5019608 0.5019608 0.5019608 0.5019608 0.5019608 0.5019608 0.5019608 0.5019608 0.5019608 0.5019608 0.5019608 0.5019608 0.5019608 0.5019608 0.5019608 0.5019608 0.5019608 0.5019608 0.5019608 0.5019608 0.5019608 0.5019608 0.5764706 0.5764706 0.5764706 0.5019608 0.5019608 0.5019608 0.5019608 0.5019608 0.5019608 0.5019608 0.5019608 0.5019608 0.5019608 0.5019608 0.5019608 0.5019608 0.5019608 0.5019608 0.5019608 0.5019608 0.5019608 0.5019608 0.5019608 0.5019608 0.5019608 0.5019608 0.5019608 0.5019608 0.5019608 0.5019608 0.5019608 0.5019608 0.5019608 0.5019608 0.5019608 0.5019608 0.5019608 0.5019608 0.5019608 0.5019608 0.5019608 0.5019608 0.5019608 0.5019608 0.5019608 0.5019608 0.5019608 0.5019608 0.5019608 0.5019608 0.5019608 0.5019608 0.5019608 0.5019608 0.5019608 0.5019608 0.5019608 0.5019608 0.5019608 0.5019608 0.5019608 0.5019608 0.5019608 0.5019608 0.5019608 0.5019608 0.5019608 0.5019608 0.5019608 0.5019608 0.5019608 0.5019608 0.5019608 0.5019608 0.5019608 0.5019608 0.5019608 0.5019608 0.5019608 0.5019608 0.5019608 0.5019608 0.5019608 0.5019608 0.5019608 0.5019608 0.5019608 0.5019608 0.5019608 0.5019608 0.5019608 0.5019608 0.5019608 0.5019608 0.5019608 0.5019608 0.5019608 0.5019608 0.5019608 0.5019608 0.5019608 0.5019608 0.5019608 0.5019608 0.5019608 0.5019608 0.5019608 0.5019608 0.5019608 0.5019608 0.5019608 0.5019608 0.5019608 0.5019608 0.5019608 0.5019608 0.5019608 0.5019608 0.5019608 0.5019608 0.5019608 0.5019608 0.5019608 0.5019608 0.5019608 0.5019608 0.5019608 0.5019608 0.5019608 0.5019608 0.5019608 0.5019608 0.5019608 0.5019608 0.5019608 0.5843138 0.5843138 0.5843138 0.6078432 0.6078432 0.6078432 0.5019608 0.5019608 0.5019608 0.5019608 0.5019608 0.5019608 0.5019608 0.5019608 0.5019608 0.5019608 0.5019608 0.5019608 0.5019608 0.5019608 0.5019608 0.5019608 0.5019608 0.5019608 0.5019608 0.5019608 0.5019608 0.5019608 0.5019608 0.5019608 0.5019608 0.5019608 0.5019608 0.5019608 0.5019608 0.5019608 0.5019608 0.5019608 0.5019608 0.5019608 0.5019608 0.5019608 0.5019608 0.5019608 0.5019608 0.5019608 0.5019608 0.5019608 0.5019608 0.5019608 0.5019608 0.5019608 0.5019608 0.5019608 0.5019608 0.5019608 0.5019608 0.5019608 0.5019608 0.5019608 0.5019608 0.5019608 0.5019608 0.5019608 0.5019608 0.5019608 0.5019608 0.5019608 0.5019608 0.5019608 0.5019608 0.5019608 0.5019608 0.5019608 0.5019608 0.5019608 0.5019608 0.5019608 0.5019608 0.5019608 0.5019608 0.5019608 0.5019608 0.5019608 0.5019608 0.5019608 0.5019608 0.5019608 0.5019608 0.5019608 0.5019608 0.5019608 0.5019608 0.5019608 0.5019608 0.5019608 0.6235294 0.6235294 0.6235294 0.5019608 0.5019608 0.5019608 0.6235294 0.6235294 0.6235294 0.5921569 0.5921569 0.5921569 0.5019608 0.5019608 0.5019608 0.5764706 0.5764706 0.5764706 0.5019608 0.5019608 0.5019608 0.5019608 0.5019608 0.5019608 0.5019608 0.5019608 0.5019608 0.5019608 0.5019608 0.5019608 0.5019608 0.5019608 0.5019608 0.5019608 0.5019608 0.5019608 0.5019608 0.5019608 0.5019608 0.5019608 0.5019608 0.5019608 0.5019608 0.5019608 0.5019608 0.5019608 0.5019608 0.5019608 0.5019608 0.5019608 0.5019608 0.5019608 0.5019608 0.5019608 0.5019608 0.5019608 0.5019608 0.5019608 0.5019608 0.5019608 0.5019608 0.5019608 0.5019608 0.5019608 0.5019608 0.5019608 0.5019608 0.5019608 0.5019608 0.5019608 0.5019608 0.5019608 0.5019608 0.5019608 0.5019608 0.5019608 0.5019608 0.5019608 0.5019608 0.5019608 0.5019608 0.5019608 0.5019608 0.5019608 0.5019608 0.5019608 0.5019608 0.5019608 0.5019608 0.5019608 0.5019608 0.5019608 0.5019608 0.5019608 0.5019608 0.5019608 0.5019608 0.5019608 0.5019608 0.5019608 0.5019608 0.5019608 0.5019608 0.5019608 0.5019608 0.5019608 0.5019608 0.5019608 0.5019608 0.5019608 0.5019608 0.5019608 0.5019608 0.5019608 0.5019608 0.5019608 0.5019608 0.5019608 0.5019608 0.5019608 0.5019608 0.5019608 0.5019608 0.5019608 0.5019608 0.5019608 0.5019608 0.5019608 0.5019608 0.5019608 0.5019608 0.5019608 0.5019608 0.5019608 0.5019608 0.5019608 0.5019608 0.5019608 0.5019608 0.5019608 0.5019608 0.5019608 0.5019608 0.5019608 0.5019608 0.5019608 0.5019608 0.5019608 0.5019608 0.5019608 0.5019608 0.5019608 0.5019608 0.5019608 0.5019608 0.5019608 0.5294118 0.5294118 0.5294118 0.6431373 0.6431373 0.6431373 0.5294118 0.5294118 0.5294118 0.654902 0.654902 0.654902 0.6627451 0.6627451 0.6627451 0.5294118 0.5294118 0.5294118 0.5137255 0.5137255 0.5137255 0.6470588 0.6470588 0.6470588 0.5686275 0.5686275 0.5686275 0.5137255 0.5137255 0.5137255 0.5019608 0.5019608 0.5019608 0.5686275 0.5686275 0.5686275 0.5019608 0.5019608 0.5019608 0.5019608 0.5019608 0.5019608 0.5019608 0.5019608 0.5019608 0.5019608 0.5019608 0.5019608 0.5019608 0.5019608 0.5019608 0.5019608 0.5019608 0.5019608 0.5607843 0.5607843 0.5607843 0.5450981 0.5450981 0.5450981 0.6392157 0.6392157 0.6392157 0.5294118 0.5294118 0.5294118 0.6470588 0.6470588 0.6470588 0.5294118 0.5294118 0.5294118 0.6470588 0.6470588 0.6470588 0.5019608 0.5019608 0.5019608 0.5019608 0.5019608 0.5019608 0.6078432 0.6078432 0.6078432 0.5019608 0.5019608 0.5019608 0.5019608 0.5019608 0.5019608 0.5019608 0.5019608 0.5019608 0.5019608 0.5019608 0.5019608 0.5019608 0.5019608 0.5019608 0.5019608 0.5019608 0.5019608 0.5019608 0.5019608 0.5019608 0.5019608 0.5019608 0.5019608 0.5019608 0.5019608 0.5019608 0.5019608 0.5019608 0.5019608 0.6431373 0.6431373 0.6431373 0.7019608 0.7019608 0.7019608 0.654902 0.654902 0.654902 0.7019608 0.7019608 0.7019608 0.654902 0.654902 0.654902 0.7176471 0.7176471 0.7176471 0.6627451 0.6627451 0.6627451 0.5686275 0.5686275 0.5686275 0.6470588 0.6470588 0.6470588 0.6862745 0.6862745 0.6862745 0.6705883 0.6705883 0.6705883 0.5019608 0.5019608 0.5019608 0.5686275 0.5686275 0.5686275 0.5019608 0.5019608 0.5019608 0.6862745 0.6862745 0.6862745 0.5019608 0.5019608 0.5019608 0.5019608 0.5019608 0.5019608 0.5607843 0.5607843 0.5607843 0.7019608 0.7019608 0.7019608 0.6470588 0.6470588 0.6470588 0.6862745 0.6862745 0.6862745 0.5019608 0.5019608 0.5019608 0.5019608 0.5019608 0.5019608 0.5019608 0.5019608 0.5019608 0.6392157 0.6392157 0.6392157 0.6078432 0.6078432 0.6078432 0.5019608 0.5019608 0.5019608 0.5019608 0.5019608 0.5019608 0.5019608 0.5019608 0.5019608 0.5019608 0.5019608 0.5019608 0.5019608 0.5019608 0.5019608 0.5019608 0.5019608 0.5019608 0.5019608 0.5019608 0.5019608 0.5019608 0.5019608 0.5019608 0.6078432 0.6078432 0.6078432 0.5019608 0.5019608 0.5019608 0.5019608 0.5019608 0.5019608 0.5019608 0.5019608 0.5019608 0.5019608 0.5019608 0.5019608 0.6078432 0.6078432 0.6078432 0.5019608 0.5019608 0.5019608 0.6392157 0.6392157 0.6392157 0.7019608 0.7019608 0.7019608 0.6431373 0.6431373 0.6431373 0.5019608 0.5019608 0.5019608 0.5019608 0.5019608 0.5019608 0.5019608 0.5019608 0.5019608 0.5019608 0.5019608 0.5019608 0.5294118 0.5294118 0.5294118 0.6431373 0.6431373 0.6431373 0.6627451 0.6627451 0.6627451 0.6470588 0.6470588 0.6470588 0.5137255 0.5137255 0.5137255 0.5137255 0.5137255 0.5137255 0.6470588 0.6470588 0.6470588 0.6627451 0.6627451 0.6627451 0.6705883 0.6705883 0.6705883 0.7176471 0.7176471 0.7176471 0.5019608 0.5019608 0.5019608 0.5607843 0.5607843 0.5607843 0.5450981 0.5450981 0.5450981 0.6392157 0.6392157 0.6392157 0.5019608 0.5019608 0.5019608 0.5019608 0.5019608 0.5019608 0.5019608 0.5019608 0.5019608 0.5019608 0.5019608 0.5019608 0.5019608 0.5019608 0.5019608 0.5019608 0.5019608 0.5019608 0.5019608 0.5019608 0.5019608 0.5019608 0.5019608 0.5019608 0.5019608 0.5019608 0.5019608 0.5019608 0.5019608 0.5019608 0.5019608 0.5019608 0.5019608 0.5019608 0.5019608 0.5019608 0.5019608 0.5019608 0.5019608 0.5019608 0.5019608 0.5019608 0.5019608 0.5019608 0.5019608 0.5019608 0.5019608 0.5019608 0.5019608 0.5019608 0.5019608 0.5019608 0.5019608 0.5019608 0.5019608 0.5019608 0.5019608 0.5019608 0.5019608 0.5019608 0.5019608 0.5019608 0.5019608 0.5607843 0.5607843 0.5607843 0.5607843 0.5607843 0.5607843 0.5019608 0.5019608 0.5019608 0.5607843 0.5607843 0.5607843 0.6156863 0.6156863 0.6156863 0.5019608 0.5019608 0.5019608 0.6392157 0.6392157 0.6392157 0.6156863 0.6156863 0.6156863 0.5529412 0.5529412 0.5529412 0.6392157 0.6392157 0.6392157 0.5019608 0.5019608 0.5019608 0.5529412 0.5529412 0.5529412 0.5019608 0.5019608 0.5019608 0.5019608 0.5019608 0.5019608 0.5607843 0.5607843 0.5607843 0.5019608 0.5019608 0.5019608 0.5019608 0.5019608 0.5019608 0.5019608 0.5019608 0.5019608 0.5019608 0.5019608 0.5019608 0.5019608 0.5019608 0.5019608 0.5019608 0.5019608 0.5019608 0.5019608 0.5019608 0.5019608 0.5019608 0.5019608 0.5019608 0.5019608 0.5019608 0.5019608 0.5019608 0.5019608 0.5019608 0.5019608 0.5019608 0.5019608 0.5019608 0.5019608 0.5019608 0.5019608 0.5019608 0.5019608 0.5019608 0.5019608 0.5019608 0.5019608 0.5019608 0.5019608 0.5019608 0.5019608 0.5019608 0.5019608 0.5019608 0.5019608 0.5019608 0.5019608 0.5019608 0.5019608 0.5019608 0.5019608 0.5019608 0.5019608 0.5019608 0.5019608 0.5019608 0.5019608 0.5019608 0.5019608 0.5019608 0.5019608 0.5019608 0.5019608 0.5019608 0.5019608 0.5019608 0.5019608 0.5019608 0.5019608 0.5019608 0.5019608 0.5019608 0.5019608 0.5019608 0.5019608 0.5019608 0.5019608 0.5019608 0.5019608 0.5019608 0.5019608 0.5019608 0.5019608 0.5019608 0.5019608 0.5019608 0.5019608 0.5019608 0.5019608 0.5019608 0.5019608 0.5019608 0.5019608 0.5019608 0.5019608 0.5019608 0.5019608 0.5019608 0.5019608 0.5019608 0.5019608 0.5019608 0.5019608 0.5019608 0.5019608 0.5215687 0.5215687 0.5215687 0.5019608 0.5019608 0.5019608 0.5450981 0.5450981 0.5450981 0.5215687 0.5215687 0.5215687 0.5019608 0.5019608 0.5019608 0.5450981 0.5450981 0.5450981 0.5607843 0.5607843 0.5607843 0.5019608 0.5019608 0.5019608 0.6 0.6 0.6 0.5607843 0.5607843 0.5607843 0.6156863 0.6156863 0.6156863 0.6 0.6 0.6 0.5019608 0.5019608 0.5019608 0.6156863 0.6156863 0.6156863 0.5019608 0.5019608 0.5019608 0.5019608 0.5019608 0.5019608 0.5019608 0.5019608 0.5019608 0.5019608 0.5019608 0.5019608 0.5019608 0.5019608 0.5019608 0.5019608 0.5019608 0.5019608 0.5019608 0.5019608 0.5019608 0.5019608 0.5019608 0.5019608 0.5019608 0.5019608 0.5019608 0.5019608 0.5019608 0.5019608 0.5019608 0.5019608 0.5019608 0.5019608 0.5019608 0.5019608 0.5019608 0.5019608 0.5019608 0.5019608 0.5019608 0.5019608 0.5019608 0.5019608 0.5019608 0.5019608 0.5019608 0.5019608 0.5019608 0.5019608 0.5019608 0.5019608 0.5019608 0.5019608 0.5019608 0.5019608 0.5019608 0.5019608 0.5019608 0.5019608 0.5019608 0.5019608 0.5019608 0.5019608 0.5019608 0.5019608 0.5019608 0.5019608 0.5019608 0.5019608 0.5019608 0.5019608 0.5019608 0.5019608 0.5019608 0.5019608 0.5019608 0.5019608 0.5019608 0.5019608 0.5019608 0.5019608 0.5019608 0.5019608 0.5019608 0.5019608 0.5019608 0.5019608 0.5019608 0.5019608 0.5019608 0.5019608 0.5019608 0.5019608 0.5019608 0.5019608 0.5019608 0.5019608 0.5019608 0.5019608 0.5019608 0.5019608 0.5019608 0.5019608 0.5019608 0.5019608 0.5019608 0.5019608 0.5019608 0.5019608 0.5019608 0.5019608 0.5019608 0.5019608 0.5019608 0.5019608 0.5019608 0.5019608 0.5019608 0.5019608 0.5058824 0.5058824 0.5058824 0.5019608 0.5019608 0.5019608 0.6235294 0.6235294 0.6235294 0.5058824 0.5058824 0.5058824 0.654902 0.654902 0.654902 0.6235294 0.6235294 0.6235294 0.5019608 0.5019608 0.5019608 0.654902 0.654902 0.654902 0.5058824 0.5058824 0.5058824 0.5019608 0.5019608 0.5019608 0.5019608 0.5019608 0.5019608 0.5058824 0.5058824 0.5058824 0.5019608 0.5019608 0.5019608 0.5019608 0.5019608 0.5019608 0.5019608 0.5019608 0.5019608 0.5019608 0.5019608 0.5019608 0.5019608 0.5019608 0.5019608 0.5019608 0.5019608 0.5019608 0.5019608 0.5019608 0.5019608 0.5019608 0.5019608 0.5019608 0.5019608 0.5019608 0.5019608 0.5019608 0.5019608 0.5019608 0.5019608 0.5019608 0.5019608 0.5019608 0.5019608 0.5019608 0.5019608 0.5019608 0.5019608 0.5019608 0.5019608 0.5019608 0.5019608 0.5019608 0.5019608 0.5019608 0.5019608 0.5019608 0.5019608 0.5019608 0.5019608 0.5019608 0.5019608 0.5019608 0.5019608 0.5019608 0.5019608 0.5019608 0.5019608 0.5019608 0.5019608 0.5019608 0.5019608 0.5019608 0.5019608 0.5019608 0.5019608 0.5019608 0.5019608 0.5019608 0.5019608 0.5019608 0.5019608 0.5019608 0.5019608 0.5019608 0.5019608 0.5019608 0.5019608 0.5019608 0.5019608 0.5686275 0.5686275 0.5686275 0.5019608 0.5019608 0.5019608 0.5019608 0.5019608 0.5019608 0.5019608 0.5019608 0.5019608 0.5921569 0.5921569 0.5921569 0.5686275 0.5686275 0.5686275 0.5019608 0.5019608 0.5019608 0.5019608 0.5019608 0.5019608 0.5764706 0.5764706 0.5764706 0.5921569 0.5921569 0.5921569 0.5019608 0.5019608 0.5019608 0.5019608 0.5019608 0.5019608 0.5019608 0.5019608 0.5019608 0.5764706 0.5764706 0.5764706 0.5019608 0.5019608 0.5019608 0.5019608 0.5019608 0.5019608 0.5843138 0.5843138 0.5843138 0.6313726 0.6313726 0.6313726 0.5019608 0.5019608 0.5019608 0.5019608 0.5019608 0.5019608 0.5372549 0.5372549 0.5372549 0.5843138 0.5843138 0.5843138 0.5019608 0.5019608 0.5019608 0.5019608 0.5019608 0.5019608 0.5686275 0.5686275 0.5686275 0.5372549 0.5372549 0.5372549 0.5019608 0.5019608 0.5019608 0.5019608 0.5019608 0.5019608 0.6 0.6 0.6 0.5686275 0.5686275 0.5686275 0.5019608 0.5019608 0.5019608 0.5019608 0.5019608 0.5019608 0.6470588 0.6470588 0.6470588 0.6 0.6 0.6 0.5019608 0.5019608 0.5019608 0.5019608 0.5019608 0.5019608 0.6313726 0.6313726 0.6313726 0.6470588 0.6470588 0.6470588 0.5019608 0.5019608 0.5019608 0.5019608 0.5019608 0.5019608 0.5686275 0.5686275 0.5686275 0.6235294 0.6235294 0.6235294 0.5019608 0.5019608 0.5019608 0.5019608 0.5019608 0.5019608 0.5529412 0.5529412 0.5529412 0.5686275 0.5686275 0.5686275 0.5019608 0.5019608 0.5019608 0.5019608 0.5019608 0.5019608 0.5843138 0.5843138 0.5843138 0.5529412 0.5529412 0.5529412 0.5019608 0.5019608 0.5019608 0.5019608 0.5019608 0.5019608 0.6470588 0.6470588 0.6470588 0.5843138 0.5843138 0.5843138 0.5019608 0.5019608 0.5019608 0.5019608 0.5019608 0.5019608 0.6705883 0.6705883 0.6705883 0.6470588 0.6470588 0.6470588 0.5019608 0.5019608 0.5019608 0.5019608 0.5019608 0.5019608 0.6235294 0.6235294 0.6235294 0.6705883 0.6705883 0.6705883 0.5019608 0.5019608 0.5019608 0.5019608 0.5019608 0.5019608 0.5019608 0.5019608 0.5019608 0.5019608 0.5019608 0.5019608 0.5019608 0.5019608 0.5019608 0.5019608 0.5019608 0.5019608 0.5019608 0.5019608 0.5019608 0.5019608 0.5019608 0.5019608 0.5019608 0.5019608 0.5019608 0.5019608 0.5019608 0.5019608 0.6392157 0.6392157 0.6392157 0.5019608 0.5019608 0.5019608 0.5019608 0.5019608 0.5019608 0.5019608 0.5019608 0.5019608 0.6705883 0.6705883 0.6705883 0.6392157 0.6392157 0.6392157 0.5019608 0.5019608 0.5019608 0.5019608 0.5019608 0.5019608 0.5019608 0.5019608 0.5019608 0.6705883 0.6705883 0.6705883 0.5019608 0.5019608 0.5019608 0.5019608 0.5019608 0.5019608 0.5019608 0.5019608 0.5019608 0.5019608 0.5019608 0.5019608 0.5019608 0.5019608 0.5019608 0.5019608 0.5019608 0.5019608 0.5019608 0.5019608 0.5019608 0.5019608 0.5019608 0.5019608 0.5019608 0.5019608 0.5019608 0.5019608 0.5019608 0.5019608 0.5019608 0.5019608 0.5019608 0.5019608 0.5019608 0.5019608 0.5019608 0.5019608 0.5019608 0.5019608 0.5019608 0.5019608 0.5019608 0.5019608 0.5019608 0.5019608 0.5019608 0.5019608 0.5019608 0.5019608 0.5019608 0.5019608 0.5019608 0.5019608 0.5019608 0.5019608 0.5019608 0.5019608 0.5019608 0.5019608 0.5019608 0.5019608 0.5019608 0.5019608 0.5019608 0.5019608 0.5019608 0.5019608 0.5019608 0.5019608 0.5019608 0.5019608 0.5019608 0.5019608 0.5019608 0.5019608 0.5019608 0.5019608 0.5019608 0.5019608 0.5019608 0.5019608 0.5019608 0.5019608 0.5019608 0.5019608 0.5019608 0.5019608 0.5019608 0.5019608 0.5019608 0.5019608 0.5019608 0.5019608 0.5019608 0.5019608 0.5019608 0.5019608 0.5019608 0.5019608 0.5019608 0.5019608 0.5019608 0.5019608 0.5019608 0.5019608 0.5019608 0.5019608 0.5019608 0.5019608 0.5019608 0.5019608 0.5019608 0.5019608 0.5019608 0.5019608 0.5019608 0.5019608 0.5019608 0.5019608 0.5019608 0.5019608 0.5019608 0.5019608 0.5019608 0.5019608 0.5019608 0.5019608 0.5019608 0.5019608 0.5019608 0.5019608 0.5019608 0.5019608 0.5019608 0.5019608 0.5019608 0.5019608 0.5019608 0.5019608 0.5019608 0.5019608 0.5019608 0.5019608 0.5019608 0.5019608 0.5019608 0.5019608 0.5019608 0.5019608 0.5019608 0.5019608 0.5019608 0.5019608 0.5019608 0.5019608 0.5019608 0.5019608 0.5019608 0.5019608 0.5019608 0.5019608 0.5019608 0.5019608 0.5019608 0.5019608 0.5019608 0.5019608 0.5019608 0.5019608 0.5019608 0.5019608 0.5019608 0.5019608 0.5019608 0.5019608 0.5019608 0.5019608 0.5019608 0.5019608 0.5019608 0.5019608 0.5019608 0.5019608 0.5019608 0.5019608 0.5019608 0.5019608 0.5019608 0.5019608 0.5019608 0.5019608 0.5019608 0.5019608 0.5019608 0.5019608 0.5019608 0.5019608 0.5019608 0.5019608 0.5019608 0.5019608 0.5019608 0.5019608 0.7490196 0.7490196 0.7490196 0.7490196 0.7490196 0.7490196 0.6705883 0.6705883 0.6705883 0.7019608 0.7019608 0.7019608 0.7098039 0.7098039 0.7098039 0.7333333 0.7333333 0.7333333 0.6705883 0.6705883 0.6705883 0.7333333 0.7333333 0.7333333 0.7333333 0.7333333 0.7333333 0.7803922 0.7803922 0.7803922 0.7333333 0.7333333 0.7333333 0.7176471 0.7176471 0.7176471 0.7019608 0.7019608 0.7019608 0.7019608 0.7019608 0.7019608 0.6235294 0.6235294 0.6235294 0.5764706 0.5764706 0.5764706 0.8509805 0.8509805 0.8509805 0.5019608 0.5019608 0.5019608 0.8274511 0.8274511 0.8274511 0.5019608 0.5019608 0.5019608 0.764706 0.764706 0.764706 0.654902 0.654902 0.654902 0.5019608 0.5019608 0.5019608 0.6627451 0.6627451 0.6627451 0.8588236 0.8588236 0.8588236 0.8509805 0.8509805 0.8509805 0.9215687 0.9215687 0.9215687 0.9215687 0.9215687 0.9215687 0.9764706 0.9764706 0.9764706 0.9607844 0.9607844 0.9607844 0.9686275 0.9686275 0.9686275 0.9686275 0.9686275 0.9686275 0.9529412 0.9529412 0.9529412 0.9529412 0.9529412 0.9529412 0.6862745 0.6862745 0.6862745 0.5607843 0.5607843 0.5607843 0.5019608 0.5019608 0.5019608 0.5019608 0.5019608 0.5019608 0.5019608 0.5019608 0.5019608 0.5019608 0.5019608 0.5019608 0.5019608 0.5019608 0.5019608 0.5137255 0.5137255 0.5137255 0.5019608 0.5019608 0.5019608 0.5019608 0.5019608 0.5019608 0.5019608 0.5019608 0.5019608 0.6156863 0.6156863 0.6156863 0.5019608 0.5019608 0.5019608 0.7411765 0.7411765 0.7411765 0.5019608 0.5019608 0.5019608 0.5019608 0.5019608 0.5019608 0.8666667 0.8666667 0.8666667 0.5019608 0.5019608 0.5019608 0.9450981 0.9450981 0.9450981 0.9921569 0.9921569 0.9921569 0.5058824 0.5058824 0.5058824 0.5137255 0.5137255 0.5137255 1 1 1 1 1 1 0.5137255 0.5137255 0.5137255 0.5137255 0.5137255 0.5137255 0.9843138 0.9843138 0.9843138 0.9843138 0.9843138 0.9843138 0.5019608 0.5019608 0.5019608 0.9686275 0.9686275 0.9686275 0.5019608 0.5019608 0.5019608 0.9686275 0.9686275 0.9686275 0.937255 0.937255 0.937255 0.9137256 0.9137256 0.9137256 0.9294118 0.9294118 0.9294118 1 1 1 1 1 1 1 1 1 1 1 1 1 1 1 1 1 1 0.9921569 0.9921569 0.9921569 1 1 1 0.9450981 0.9450981 0.9450981 0.9529412 0.9529412 0.9529412 0.8588236 0.8588236 0.8588236 0.8431373 0.8431373 0.8431373 0.6627451 0.6627451 0.6627451 0.6705883 0.6705883 0.6705883 0.5372549 0.5372549 0.5372549 0.5450981 0.5450981 0.5450981 0.5019608 0.5019608 0.5019608 0.5019608 0.5019608 0.5019608 0.9529412 0.9529412 0.9529412 0.5019608 0.5019608 0.5019608 0.5019608 0.5019608 0.5019608 0.9529412 0.9529412 0.9529412 0.5019608 0.5019608 0.5019608 0.9764706 0.9764706 0.9764706 0.9686275 0.9686275 0.9686275 0.5019608 0.5019608 0.5019608 0.5058824 0.5058824 0.5058824 0.9764706 0.9764706 0.9764706 0.9686275 0.9686275 0.9686275 0.5058824 0.5058824 0.5058824 0.5019608 0.5019608 0.5019608 0.9529412 0.9529412 0.9529412 0.8588236 0.8588236 0.8588236 0.5019608 0.5019608 0.5019608 0.7568628 0.7568628 0.7568628 0.5019608 0.5019608 0.5019608 0.5019608 0.5019608 0.5019608 0.7254902 0.7254902 0.7254902 0.6705883 0.6705883 0.6705883 0.5019608 0.5019608 0.5019608 0.5019608 0.5019608 0.5019608 0.5019608 0.5019608 0.5019608 0.5019608 0.5019608 0.5019608 0.5333334 0.5333334 0.5333334 0.5019608 0.5019608 0.5019608 0.654902 0.654902 0.654902 0.5019608 0.5019608 0.5019608 0.6509804 0.6509804 0.6509804 0.5019608 0.5019608 0.5019608 0.6078432 0.6078432 0.6078432 0.5176471 0.5176471 0.5176471 0.5686275 0.5686275 0.5686275 0.5019608 0.5019608 0.5019608 0.5019608 0.5019608 0.5019608 0.5019608 0.5019608 0.5019608 0.5019608 0.5019608 0.5019608 0.5019608 0.5019608 0.5019608 0.5019608 0.5019608 0.5019608 0.5019608 0.5019608 0.5019608 0.5019608 0.5019608 0.5019608 0.5019608 0.5019608 0.5019608 0.5019608 0.5019608 0.5019608 0.5019608 0.5019608 0.5019608 0.5019608 0.5019608 0.5019608 0.5019608 0.5019608 0.5019608 0.5019608 0.5019608 0.5019608 0.5019608 0.5019608 0.5019608 0.5019608 0.5019608 0.5019608 0.5019608 0.5019608 0.5019608 0.5019608 0.5019608 0.5019608 0.5019608 0.5019608 0.5019608 0.5019608 0.5019608 0.5019608 0.5019608 0.5019608 0.5019608 0.5019608 0.5019608 0.5019608 0.5019608 0.5019608 0.5019608 0.5019608 0.5019608 0.5019608 0.5019608 0.5019608 0.5019608 0.5019608 0.5019608 0.5019608 0.5019608 0.5019608 0.5019608 0.5019608 0.5019608 0.5019608 0.5019608 0.5019608 0.5019608 0.5019608 0.5019608 0.5019608 0.5019608 0.5019608 0.5019608 0.5450981 0.5450981 0.5450981 0.5843138 0.5843138 0.5843138 0.654902 0.654902 0.654902 0.6470588 0.6470588 0.6470588 0.882353 0.882353 0.882353 0.8666667 0.8666667 0.8666667 0.7176471 0.7176471 0.7176471 0.7176471 0.7176471 0.7176471 0.5019608 0.5019608 0.5019608 0.5019608 0.5019608 0.5019608 0.5058824 0.5058824 0.5058824 0.5019608 0.5019608 0.5019608 0.5019608 0.5019608 0.5019608 0.5019608 0.5019608 0.5019608 0.5019608 0.5019608 0.5019608 0.5843138 0.5843138 0.5843138 0.5137255 0.5137255 0.5137255 0.6235294 0.6235294 0.6235294 0.7019608 0.7019608 0.7019608 0.6627451 0.6627451 0.6627451 0.5529412 0.5529412 0.5529412 0.6784314 0.6784314 0.6784314 0.5019608 0.5019608 0.5019608 0.7254902 0.7254902 0.7254902 0.7725491 0.7725491 0.7725491 0.6470588 0.6470588 0.6470588 0.5019608 0.5019608 0.5019608 0.5921569 0.5921569 0.5921569 0.5019608 0.5019608 0.5019608 0.5019608 0.5019608 0.5019608 0.5921569 0.5921569 0.5921569 0.5019608 0.5019608 0.5019608 0.7490196 0.7490196 0.7490196 0.7333333 0.7333333 0.7333333 0.6784314 0.6784314 0.6784314 0.6627451 0.6627451 0.6627451 0.5215687 0.5215687 0.5215687 0.5019608 0.5019608 0.5019608 0.5019608 0.5019608 0.5019608 0.5019608 0.5019608 0.5019608 0.7333333 0.7333333 0.7333333 0.6862745 0.6862745 0.6862745 0.7254902 0.7254902 0.7254902 0.6156863 0.6156863 0.6156863 0.7333333 0.7333333 0.7333333 0.5019608 0.5019608 0.5019608 0.7568628 0.7568628 0.7568628 0.7490196 0.7490196 0.7490196 0.6392157 0.6392157 0.6392157 0.5019608 0.5019608 0.5019608 0.5019608 0.5019608 0.5019608 0.5019608 0.5019608 0.5019608 0.5019608 0.5019608 0.5019608 0.5019608 0.5019608 0.5019608 0.5019608 0.5019608 0.5019608 0.5019608 0.5019608 0.5019608 0.5019608 0.5019608 0.5019608 0.5019608 0.5019608 0.5019608 0.5019608 0.5019608 0.5019608 0.5019608 0.5019608 0.5019608 0.5019608 0.5019608 0.5019608 0.5019608 0.5019608 0.5019608 0.5019608 0.5019608 0.5019608 0.5019608 0.5019608 0.5019608 0.5019608 0.5019608 0.5019608 0.5019608 0.5019608 0.5019608 0.8431373 0.8431373 0.8431373 0.9725491 0.9725491 0.9725491 0.8588236 0.8588236 0.8588236 0.9843138 0.9843138 0.9843138 0.8901961 0.8901961 0.8901961 0.9686275 0.9686275 0.9686275 0.8431373 0.8431373 0.8431373 1 1 1 0.8901961 0.8901961 0.8901961 0.9843138 0.9843138 0.9843138 0.8745099 0.8745099 0.8745099 0.9843138 0.9843138 0.9843138 0.5019608 0.5019608 0.5019608 0.5019608 0.5019608 0.5019608 0.5019608 0.5019608 0.5019608 0.5019608 0.5019608 0.5019608 0.5019608 0.5019608 0.5019608 0.5019608 0.5019608 0.5019608 0.5019608 0.5019608 0.5019608 0.5019608 0.5019608 0.5019608 0.5019608 0.5019608 0.5019608 0.5019608 0.5019608 0.5019608 0.5019608 0.5019608 0.5019608 0.5019608 0.5019608 0.5019608 0.5019608 0.5019608 0.5019608 0.5019608 0.5019608 0.5019608 0.5019608 0.5019608 0.5019608 0.5019608 0.5019608 0.5019608 0.5019608 0.5019608 0.5019608 0.8431373 0.8431373 0.8431373 0.5019608 0.5019608 0.5019608 0.9450981 0.9450981 0.9450981 0.8392158 0.8392158 0.8392158 0.5019608 0.5019608 0.5019608 0.5019608 0.5019608 0.5019608 0.5019608 0.5019608 0.5019608 0.6627451 0.6627451 0.6627451 0.5019608 0.5019608 0.5019608 0.5019608 0.5019608 0.5019608 0.5019608 0.5019608 0.5019608 0.5019608 0.5019608 0.5019608 0.5019608 0.5019608 0.5019608 0.5019608 0.5019608 0.5019608 0.5019608 0.5019608 0.5019608 0.5019608 0.5019608 0.5019608 0.5019608 0.5019608 0.5019608 0.8901961 0.8901961 0.8901961 0.7960785 0.7960785 0.7960785 0.9215687 0.9215687 0.9215687 0.5137255 0.5137255 0.5137255 0.5019608 0.5019608 0.5019608 0.7803922 0.7803922 0.7803922 0.937255 0.937255 0.937255 0.9058824 0.9058824 0.9058824 1 1 1 0.9529412 0.9529412 0.9529412 0.9215687 0.9215687 0.9215687 0.9058824 0.9058824 0.9058824 0.5019608 0.5019608 0.5019608 0.5019608 0.5019608 0.5019608 0.5019608 0.5019608 0.5019608 0.5019608 0.5019608 0.5019608 0.5019608 0.5019608 0.5019608 0.5019608 0.5019608 0.5019608 0.5019608 0.5019608 0.5019608 0.5019608 0.5019608 0.5019608 0.5019608 0.5019608 0.5019608 0.5019608 0.5019608 0.5019608 0.5019608 0.5019608 0.5019608 0.5019608 0.5019608 0.5019608 0.7960785 0.7960785 0.7960785 0.8431373 0.8431373 0.8431373 0.5137255 0.5137255 0.5137255 0.7019608 0.7019608 0.7019608 0.5019608 0.5019608 0.5019608 0.5019608 0.5019608 0.5019608 0.5019608 0.5019608 0.5019608 0.5019608 0.5019608 0.5019608 0.5019608 0.5019608 0.5019608 0.5019608 0.5019608 0.5019608 0.5019608 0.5019608 0.5019608 0.5019608 0.5019608 0.5019608 0.5019608 0.5019608 0.5019608 0.5019608 0.5019608 0.5019608 0.5019608 0.5019608 0.5019608 0.5019608 0.5019608 0.5019608 0.5019608 0.5019608 0.5019608 0.5019608 0.5019608 0.5019608 0.5019608 0.5019608 0.5019608 0.5019608 0.5019608 0.5019608 0.5019608 0.5019608 0.5019608 0.5019608 0.5019608 0.5019608 0.5019608 0.5019608 0.5019608 0.5019608 0.5019608 0.5019608 0.5019608 0.5019608 0.5019608 0.5019608 0.5019608 0.5019608 0.5019608 0.5019608 0.5019608 0.5019608 0.5019608 0.5019608 0.5019608 0.5019608 0.5019608 0.5019608 0.5019608 0.5019608 0.654902 0.654902 0.654902 0.5019608 0.5019608 0.5019608 0.5019608 0.5019608 0.5019608 0.5019608 0.5019608 0.5019608 0.5019608 0.5019608 0.5019608 0.5019608 0.5019608 0.5019608 0.5019608 0.5019608 0.5019608 0.5019608 0.5019608 0.5019608 0.5019608 0.5019608 0.5019608 0.5019608 0.5019608 0.5019608 0.5019608 0.5019608 0.5019608 0.5019608 0.5019608 0.5019608 0.5019608 0.5019608 0.5019608 0.5019608 0.5019608 0.5019608 0.5019608 0.5019608 0.5019608 0.5019608 0.5019608 0.5019608 0.7176471 0.7176471 0.7176471 0.7529413 0.7529413 0.7529413 0.5019608 0.5019608 0.5019608 0.5019608 0.5019608 0.5019608 0.8588236 0.8588236 0.8588236 0.5019608 0.5019608 0.5019608 0.937255 0.937255 0.937255 0.5019608 0.5019608 0.5019608 0.9450981 0.9450981 0.9450981 0.5019608 0.5019608 0.5019608 0.5372549 0.5372549 0.5372549 0.6627451 0.6627451 0.6627451 0.764706 0.764706 0.764706 0.8392158 0.8392158 0.8392158 0.9058824 0.9058824 0.9058824 0.9450981 0.9450981 0.9450981 1 1 1 0.8431373 0.8431373 0.8431373 0.9058824 0.9058824 0.9058824 0.5019608 0.5019608 0.5019608 0.5019608 0.5019608 0.5019608 0.8156863 0.8156863 0.8156863 0.5019608 0.5019608 0.5019608 0.5019608 0.5019608 0.5019608 0.5019608 0.5019608 0.5019608 0.5019608 0.5019608 0.5019608 0.8156863 0.8156863 0.8156863 0.9450981 0.9450981 0.9450981 0.5019608 0.5019608 0.5019608 0.9450981 0.9450981 0.9450981 0.937255 0.937255 0.937255 0.5019608 0.5019608 0.5019608 0.8588236 0.8588236 0.8588236 0.5019608 0.5019608 0.5019608 0.7529413 0.7529413 0.7529413 0.5019608 0.5019608 0.5019608 0.8901961 0.8901961 0.8901961 0.5019608 0.5019608 0.5019608 0.9843138 0.9843138 0.9843138 0.5019608 0.5019608 0.5019608 0.8745099 0.8745099 0.8745099 0.5019608 0.5019608 0.5019608 0.5019608 0.5019608 0.5019608 0.5019608 0.5019608 0.5019608 0.5019608 0.5019608 0.5019608 0.8431373 0.8431373 0.8431373 0.9058824 0.9058824 0.9058824 0.7019608 0.7019608 0.7019608 0.9529412 0.9529412 0.9529412 0.9058824 0.9058824 0.9058824 0.5019608 0.5019608 0.5019608 0.5372549 0.5372549 0.5372549 0.5529412 0.5529412 0.5529412 0.764706 0.764706 0.764706 0.8431373 0.8431373 0.8431373 0.8431373 0.8431373 0.8431373 0.9058824 0.9058824 0.9058824 0.937255 0.937255 0.937255 0.937255 0.937255 0.937255 1 1 1 1 1 1 0.9058824 0.9058824 0.9058824 0.9215687 0.9215687 0.9215687 0.5019608 0.5019608 0.5019608 0.5019608 0.5019608 0.5019608 0.5019608 0.5019608 0.5019608 0.5019608 0.5019608 0.5019608 0.5019608 0.5019608 0.5019608 0.5019608 0.5019608 0.5019608 0.5019608 0.5019608 0.5019608 0.5019608 0.5019608 0.5019608 0.5019608 0.5019608 0.5019608 0.5019608 0.5019608 0.5019608 0.5019608 0.5019608 0.5019608 0.5019608 0.5019608 0.5019608 0.5019608 0.5019608 0.5019608 0.5019608 0.5019608 0.5019608 0.5019608 0.5019608 0.5019608 0.5019608 0.5019608 0.5019608 0.5019608 0.5019608 0.5019608 0.5019608 0.5019608 0.5019608 0.5019608 0.5019608 0.5019608 0.5019608 0.5019608 0.5019608 0.5019608 0.5019608 0.5019608 0.5019608 0.5019608 0.5019608 0.5019608 0.5019608 0.5019608 0.5019608 0.5019608 0.5019608 0.5019608 0.5019608 0.5019608 0.5019608 0.5019608 0.5019608 0.5019608 0.5019608 0.5019608 0.5019608 0.5019608 0.5019608 0.5019608 0.5019608 0.5019608 0.5019608 0.5019608 0.5019608 0.5019608 0.5019608 0.5019608 0.5019608 0.5019608 0.5019608 0.5019608 0.5019608 0.5019608 0.5019608 0.5019608 0.5019608 0.5019608 0.5019608 0.5019608 0.5019608 0.5019608 0.5019608 0.5019608 0.5019608 0.5019608 0.5019608 0.5019608 0.5019608 0.5019608 0.5019608 0.5019608 0.5019608 0.5019608 0.5019608 0.5019608 0.5019608 0.5019608 0.5019608 0.5019608 0.5019608 0.5019608 0.5019608 0.5019608 0.5019608 0.5019608 0.5019608 0.5019608 0.5019608 0.5019608 0.5019608 0.5019608 0.5019608 0.5019608 0.5019608 0.5019608 0.5019608 0.5019608 0.5019608 0.5019608 0.5019608 0.5019608 0.5019608 0.5019608 0.5019608 0.5019608 0.5019608 0.5019608 0.5019608 0.5019608 0.5019608 0.5019608 0.5019608 0.5019608 0.5019608 0.5019608 0.5019608 0.5019608 0.5019608 0.5019608 0.5019608 0.5019608 0.5019608 0.5019608 0.5019608 0.5019608 0.5019608 0.5019608 0.5019608 0.5019608 0.5019608 0.5019608 0.5019608 0.5019608 0.5019608 0.5019608 0.5019608 0.5019608 0.5019608 0.5019608 0.5019608 0.5019608 0.5019608 0.5019608 0.5019608 0.5019608 0.5019608 0.5019608 0.5019608 0.5019608 0.5019608 0.5019608 0.5019608 0.5019608 0.5019608 0.5019608 0.5019608 0.5019608 0.5019608 0.5019608 0.5019608 0.5019608 0.5019608 0.5019608 0.5019608 0.5019608 0.5019608 0.5019608 0.6392157 0.6392157 0.6392157 0.6078432 0.6078432 0.6078432 0.5019608 0.5019608 0.5019608 0.6235294 0.6235294 0.6235294 0.5019608 0.5019608 0.5019608 0.6235294 0.6235294 0.6235294 0.5019608 0.5019608 0.5019608 0.5019608 0.5019608 0.5019608 0.6392157 0.6392157 0.6392157 0.6705883 0.6705883 0.6705883 0.6470588 0.6470588 0.6470588 0.7019608 0.7019608 0.7019608 0.6862745 0.6862745 0.6862745 0.7019608 0.7019608 0.7019608 0.6705883 0.6705883 0.6705883 0.7019608 0.7019608 0.7019608 0.6392157 0.6392157 0.6392157 0.5607843 0.5607843 0.5607843 0.8431373 0.8431373 0.8431373 0.8431373 0.8431373 0.8431373 0.937255 0.937255 0.937255 0.9294118 0.9294118 0.9294118 0.9686275 0.9686275 0.9686275 0.937255 0.937255 0.937255 0.9843138 0.9843138 0.9843138 0.9843138 0.9843138 0.9843138 0.9921569 0.9921569 0.9921569 0.9921569 0.9921569 0.9921569 0.9843138 0.9843138 0.9843138 0.9843138 0.9843138 0.9843138 0.5019608 0.5019608 0.5019608 0.5019608 0.5019608 0.5019608 0.5019608 0.5019608 0.5019608 0.5019608 0.5019608 0.5019608 0.5019608 0.5019608 0.5019608 0.5019608 0.5019608 0.5019608 0.5019608 0.5019608 0.5019608 0.5019608 0.5019608 0.5019608 0.5019608 0.5019608 0.5019608 0.5019608 0.5019608 0.5019608 0.5019608 0.5019608 0.5019608 0.5019608 0.5019608 0.5019608 0.5019608 0.5019608 0.5019608 0.5019608 0.5019608 0.5019608 0.5019608 0.5019608 0.5019608 0.5019608 0.5019608 0.5019608 0.5019608 0.5019608 0.5019608 0.5019608 0.5019608 0.5019608 0.5019608 0.5019608 0.5019608 0.5019608 0.5019608 0.5019608 0.5019608 0.5019608 0.5019608 0.5019608 0.5019608 0.5019608 0.5019608 0.5019608 0.5019608 0.5019608 0.5019608 0.5019608 0.5019608 0.5019608 0.5019608 0.5019608 0.5019608 0.5019608 0.5019608 0.5019608 0.5019608 0.5019608 0.5019608 0.5019608 0.5019608 0.5019608 0.5019608 0.5019608 0.5019608 0.5019608 0.5019608 0.5019608 0.5019608 0.5019608 0.5019608 0.5019608 0.5019608 0.5019608 0.5019608 0.5019608 0.5019608 0.5019608 0.5019608 0.5019608 0.5019608 0.5019608 0.5019608 0.5019608 0.5450981 0.5450981 0.5450981 0.5019608 0.5019608 0.5019608 0.5019608 0.5019608 0.5019608 0.5019608 0.5019608 0.5019608 0.5019608 0.5019608 0.5019608 0.5019608 0.5019608 0.5019608 0.5019608 0.5019608 0.5019608 0.5019608 0.5019608 0.5019608 0.5019608 0.5019608 0.5019608 0.5019608 0.5019608 0.5019608 0.5019608 0.5019608 0.5019608 0.5019608 0.5019608 0.5019608 0.5019608 0.5019608 0.5019608 0.5019608 0.5019608 0.5019608 0.5019608 0.5019608 0.5019608 0.5019608 0.5019608 0.5019608 0.5019608 0.5019608 0.5019608 0.5019608 0.5019608 0.5019608 0.5019608 0.5019608 0.5019608 0.5019608 0.5019608 0.5019608 0.5019608 0.5019608 0.5019608 0.5019608 0.5019608 0.5019608 0.8509805 0.8509805 0.8509805 0.8509805 0.8509805 0.8509805 0.9686275 0.9686275 0.9686275 0.9686275 0.9686275 0.9686275 0.9921569 0.9921569 0.9921569 0.9843138 0.9843138 0.9843138 0.9686275 0.9686275 0.9686275 0.9607844 0.9607844 0.9607844 0.937255 0.937255 0.937255 0.6705883 0.6705883 0.6705883 0.9764706 0.9764706 0.9764706 0.9764706 0.9764706 0.9764706 0.9921569 0.9921569 0.9921569 0.9843138 0.9843138 0.9843138 0.9764706 0.9764706 0.9764706 0.9764706 0.9764706 0.9764706 0.9843138 0.9843138 0.9843138 0.9686275 0.9686275 0.9686275 0.5019608 0.5019608 0.5019608 0.5019608 0.5019608 0.5019608 0.5019608 0.5019608 0.5019608 0.5333334 0.5333334 0.5333334 0.5019608 0.5019608 0.5019608 0.654902 0.654902 0.654902 0.5019608 0.5019608 0.5019608 0.6509804 0.6509804 0.6509804 0.5019608 0.5019608 0.5019608 0.6078432 0.6078432 0.6078432 0.5176471 0.5176471 0.5176471 0.5686275 0.5686275 0.5686275 0.9686275 0.9686275 0.9686275 0.9686275 0.9686275 0.9686275 0.9686275 0.9686275 0.9686275 0.9764706 0.9764706 0.9764706 0.9764706 0.9764706 0.9764706 0.9764706 0.9764706 0.9764706 0.9764706 0.9764706 0.9764706 1 1 1 0.9843138 0.9843138 0.9843138 0.937255 0.937255 0.937255 0.9686275 0.9686275 0.9686275 0.5019608 0.5019608 0.5019608 0.5019608 0.5019608 0.5019608 0.5019608 0.5019608 0.5019608 0.6156863 0.6156863 0.6156863 0.5019608 0.5019608 0.5019608 0.7411765 0.7411765 0.7411765 0.5019608 0.5019608 0.5019608 0.5019608 0.5019608 0.5019608 0.8666667 0.8666667 0.8666667 0.5019608 0.5019608 0.5019608 0.9450981 0.9450981 0.9450981 0.9921569 0.9921569 0.9921569 0.5058824 0.5058824 0.5058824 0.5137255 0.5137255 0.5137255 1 1 1 1 1 1 0.5137255 0.5137255 0.5137255 0.5137255 0.5137255 0.5137255 0.9843138 0.9843138 0.9843138 0.9843138 0.9843138 0.9843138 0.5019608 0.5019608 0.5019608 0.9686275 0.9686275 0.9686275 0.5019608 0.5019608 0.5019608 0.9137256 0.9137256 0.9137256 0.937255 0.937255 0.937255 0.9686275 0.9686275 0.9686275 0.9294118 0.9294118 0.9294118 1 1 1 1 1 1 1 1 1 1 1 1 1 1 1 1 1 1 0.9921569 0.9921569 0.9921569 1 1 1 0.9450981 0.9450981 0.9450981 0.9529412 0.9529412 0.9529412 0.8588236 0.8588236 0.8588236 0.8431373 0.8431373 0.8431373 0.6627451 0.6627451 0.6627451 0.6705883 0.6705883 0.6705883 0.5372549 0.5372549 0.5372549 0.5450981 0.5450981 0.5450981 0.5019608 0.5019608 0.5019608 0.5019608 0.5019608 0.5019608 0.5019608 0.5019608 0.5019608 0.5019608 0.5019608 0.5019608 0.9529412 0.9529412 0.9529412 0.9529412 0.9529412 0.9529412 0.5019608 0.5019608 0.5019608 0.9764706 0.9764706 0.9764706 0.9686275 0.9686275 0.9686275 0.5019608 0.5019608 0.5019608 0.5058824 0.5058824 0.5058824 0.9764706 0.9764706 0.9764706 0.9686275 0.9686275 0.9686275 0.5058824 0.5058824 0.5058824 0.5019608 0.5019608 0.5019608 0.9529412 0.9529412 0.9529412 0.8588236 0.8588236 0.8588236 0.5019608 0.5019608 0.5019608 0.7568628 0.7568628 0.7568628 0.5019608 0.5019608 0.5019608 0.5019608 0.5019608 0.5019608 0.7254902 0.7254902 0.7254902 0.6705883 0.6705883 0.6705883 0.5019608 0.5019608 0.5019608 0.9686275 0.9686275 0.9686275 0.9686275 0.9686275 0.9686275 0.9686275 0.9686275 0.9686275 0.9764706 0.9764706 0.9764706 0.9764706 0.9764706 0.9764706 0.9764706 0.9764706 0.9764706 0.9764706 0.9764706 0.9764706 1 1 1 0.9843138 0.9843138 0.9843138 0.937255 0.937255 0.937255 0.9686275 0.9686275 0.9686275 0.5019608 0.5019608 0.5019608 0.5019608 0.5019608 0.5019608 0.5019608 0.5019608 0.5019608 0.5019608 0.5019608 0.5019608 0.5019608 0.5019608 0.5019608 0.8274511 0.8274511 0.8274511 0.5058824 0.5058824 0.5058824 0.9137256 0.9137256 0.9137256 0.5058824 0.5058824 0.5058824 0.937255 0.937255 0.937255 0.9529412 0.9529412 0.9529412 0.5019608 0.5019608 0.5019608 0.5058824 0.5058824 0.5058824 0.9450981 0.9450981 0.9450981 0.9215687 0.9215687 0.9215687 0.5019608 0.5019608 0.5019608 0.5019608 0.5019608 0.5019608 0.8745099 0.8745099 0.8745099 0.7411765 0.7411765 0.7411765 0.5019608 0.5019608 0.5019608 0.6 0.6 0.6 0.5019608 0.5019608 0.5019608 0.5019608 0.5019608 0.5019608 0.5019608 0.5019608 0.5019608 0.5019608 0.5019608 0.5019608 0.5019608 0.5019608 0.5019608 0.5019608 0.5019608 0.5019608 0.5019608 0.5019608 0.5019608 0.6156863 0.6156863 0.6156863 0.5294118 0.5294118 0.5294118 0.5921569 0.5921569 0.5921569 0.5137255 0.5137255 0.5137255 0.6784314 0.6784314 0.6784314 0.5019608 0.5019608 0.5019608 0.6862745 0.6862745 0.6862745 0.5019608 0.5019608 0.5019608 0.5843138 0.5843138 0.5843138 0.5294118 0.5294118 0.5294118 0.5019608 0.5019608 0.5019608 0.5019608 0.5019608 0.5019608 0.5019608 0.5019608 0.5019608 0.5019608 0.5019608 0.5019608 0.5019608 0.5019608 0.5019608 0.5019608 0.5019608 0.5019608 0.5019608 0.5019608 0.5019608 0.8352942 0.8352942 0.8352942 0.5019608 0.5019608 0.5019608 0.8980393 0.8980393 0.8980393 0.5019608 0.5019608 0.5019608 0.9450981 0.9450981 0.9450981 0.5019608 0.5019608 0.5019608 0.5137255 0.5137255 0.5137255 0.9607844 0.9607844 0.9607844 0.937255 0.937255 0.937255 0.5019608 0.5019608 0.5019608 0.5019608 0.5019608 0.5019608 0.937255 0.937255 0.937255 0.8588236 0.8588236 0.8588236 0.5019608 0.5019608 0.5019608 0.5019608 0.5019608 0.5019608 0.7411765 0.7411765 0.7411765 0.5019608 0.5019608 0.5019608 0.5607843 0.5607843 0.5607843 0.5019608 0.5019608 0.5019608 0.5019608 0.5019608 0.5019608 0.5019608 0.5019608 0.5019608 0.5019608 0.5019608 0.5019608 0.5019608 0.5019608 0.5019608 0.5019608 0.5019608 0.5019608 0.5019608 0.5019608 0.5019608 0.5019608 0.5019608 0.5019608 0.5019608 0.5019608 0.5019608 0.5019608 0.5019608 0.5019608 0.8352942 0.8352942 0.8352942 0.8352942 0.8352942 0.8352942 0.9607844 0.9607844 0.9607844 0.9686275 0.9686275 0.9686275 1 1 1 1 1 1 1 1 1 1 1 1 1 1 1 1 1 1 0.9843138 0.9843138 0.9843138 0.9921569 0.9921569 0.9921569 0.9294118 0.9294118 0.9294118 0.9215687 0.9215687 0.9215687 0.8039216 0.8039216 0.8039216 0.8117648 0.8117648 0.8117648 0.6078432 0.6078432 0.6078432 0.6156863 0.6156863 0.6156863 0.5019608 0.5019608 0.5019608 0.5019608 0.5019608 0.5019608 0.5019608 0.5019608 0.5019608 0.5019608 0.5019608 0.5019608 0.5019608 0.5019608 0.5019608 0.5019608 0.5019608 0.5019608 0.5019608 0.5019608 0.5019608 0.5019608 0.5019608 0.5019608 0.5019608 0.5019608 0.5019608 0.5019608 0.5019608 0.5019608 0.5019608 0.5019608 0.5019608 0.5019608 0.5019608 0.5019608 0.5686275 0.5686275 0.5686275 0.5019608 0.5019608 0.5019608 0.5019608 0.5019608 0.5019608 0.6156863 0.6156863 0.6156863 0.7019608 0.7019608 0.7019608 0.6705883 0.6705883 0.6705883 0.5019608 0.5019608 0.5019608 0.5019608 0.5019608 0.5019608 0.5019608 0.5019608 0.5019608 0.5019608 0.5019608 0.5019608 0.5019608 0.5019608 0.5019608 0.5019608 0.5019608 0.5019608 0.5058824 0.5058824 0.5058824 0.5058824 0.5058824 0.5058824 0.5019608 0.5019608 0.5019608 0.5019608 0.5019608 0.5019608 0.5019608 0.5019608 0.5019608 0.5019608 0.5019608 0.5019608 0.5019608 0.5019608 0.5019608 0.5019608 0.5019608 0.5019608 0.5019608 0.5019608 0.5019608 0.5019608 0.5019608 0.5019608 0.5019608 0.5019608 0.5019608 0.5019608 0.5019608 0.5019608 0.5019608 0.5019608 0.5019608 0.5019608 0.5019608 0.5019608 0.8901961 0.8901961 0.8901961 0.6352941 0.6352941 0.6352941 0.6196079 0.6196079 0.6196079 0.8352942 0.8352942 0.8352942 0.9843138 0.9843138 0.9843138 0.8980393 0.8980393 0.8980393 0.937255 0.937255 0.937255 0.8666667 0.8666667 0.8666667 0.5019608 0.5019608 0.5019608 0.5019608 0.5019608 0.5019608 0.5019608 0.5019608 0.5019608 0.8745099 0.8745099 0.8745099 0.5019608 0.5019608 0.5019608 0.8431373 0.8431373 0.8431373 0.9843138 0.9843138 0.9843138 0.9725491 0.9725491 0.9725491 0.9686275 0.9686275 0.9686275 0.8901961 0.8901961 0.8901961 0.5019608 0.5019608 0.5019608 0.5019608 0.5019608 0.5019608 0.5019608 0.5019608 0.5019608 0.5450981 0.5450981 0.5450981 0.5019608 0.5019608 0.5019608 0.5019608 0.5019608 0.5019608 0.5019608 0.5019608 0.5019608 0.5019608 0.5019608 0.5019608 0.8588236 0.8588236 0.8588236 0.5019608 0.5019608 0.5019608 0.5019608 0.5019608 0.5019608 0.7960785 0.7960785 0.7960785 0.5019608 0.5019608 0.5019608 0.5019608 0.5019608 0.5019608 0.5019608 0.5019608 0.5019608 0.7529413 0.7529413 0.7529413 0.5019608 0.5019608 0.5019608 0.5019608 0.5019608 0.5019608 0.7803922 0.7803922 0.7803922 0.9215687 0.9215687 0.9215687 0.5019608 0.5019608 0.5019608 0.8901961 0.8901961 0.8901961 0.5019608 0.5019608 0.5019608 0.5019608 0.5019608 0.5019608 0.5019608 0.5019608 0.5019608 0.5019608 0.5019608 0.5019608 0.5019608 0.5019608 0.5019608 0.5294118 0.5294118 0.5294118 0.5019608 0.5019608 0.5019608 0.5137255 0.5137255 0.5137255 0.5019608 0.5019608 0.5019608 0.5019608 0.5019608 0.5019608 0.5137255 0.5137255 0.5137255 0.5019608 0.5019608 0.5019608 0.5019608 0.5019608 0.5019608 0.5019608 0.5019608 0.5019608 0.5019608 0.5019608 0.5019608 0.5019608 0.5019608 0.5019608 0.5019608 0.5019608 0.5019608 0.5019608 0.5019608 0.5019608 0.5019608 0.5019608 0.5019608 0.5019608 0.5019608 0.5019608 0.5019608 0.5019608 0.5019608 0.5019608 0.5019608 0.5019608 0.5019608 0.5019608 0.5019608 0.5019608 0.5019608 0.5019608 0.5019608 0.5019608 0.5019608 0.5019608 0.5019608 0.5019608 0.5019608 0.5019608 0.5019608 0.5019608 0.5019608 0.5019608 0.5019608 0.5019608 0.5019608 0.5019608 0.5019608 0.5019608 0.5019608 0.5019608 0.5019608 0.5019608 0.5019608 0.5019608 0.5019608 0.5019608 0.5019608 0.5019608 0.5019608 0.5019608 0.5019608 0.5019608 0.5019608 0.5137255 0.5137255 0.5137255 0.5019608 0.5019608 0.5019608 0.5019608 0.5019608 0.5019608 0.5019608 0.5019608 0.5019608 0.5019608 0.5019608 0.5019608 0.5019608 0.5019608 0.5019608 0.5019608 0.5019608 0.5019608 0.5019608 0.5019608 0.5019608 0.5019608 0.5019608 0.5019608 0.5019608 0.5019608 0.5019608 0.5019608 0.5019608 0.5019608 0.5019608 0.5019608 0.5019608 0.5019608 0.5019608 0.5019608 0.5019608 0.5019608 0.5019608 1 1 1 1 1 1 1 1 1 0.9921569 0.9921569 0.9921569 1 1 1 1 1 1 0.7725491 0.7725491 0.7725491 0.7960785 0.7960785 0.7960785 0.764706 0.764706 0.764706 0.7568628 0.7568628 0.7568628 0.7333333 0.7333333 0.7333333 0.7176471 0.7176471 0.7176471 0.7490196 0.7490196 0.7490196 0.764706 0.764706 0.764706 0.7176471 0.7176471 0.7176471 0.764706 0.764706 0.764706 0.7490196 0.7490196 0.7490196 0.7490196 0.7490196 0.7490196 0.5019608 0.5019608 0.5019608 0.5019608 0.5019608 0.5019608 0.5019608 0.5019608 0.5019608 0.5019608 0.5019608 0.5019608 0.5019608 0.5019608 0.5019608 0.5019608 0.5019608 0.5019608 0.5019608 0.5019608 0.5019608 0.5019608 0.5019608 0.5019608 0.5019608 0.5019608 0.5019608 0.5019608 0.5019608 0.5019608 0.5019608 0.5019608 0.5019608 0.5019608 0.5019608 0.5019608 0.5019608 0.5019608 0.5019608 0.5019608 0.5019608 0.5019608 0.5019608 0.5019608 0.5019608 0.5019608 0.5019608 0.5019608 0.5019608 0.5019608 0.5019608 0.5019608 0.5019608 0.5019608 0.5019608 0.5019608 0.5019608 0.5019608 0.5019608 0.5019608 0.5019608 0.5019608 0.5019608 0.5019608 0.5019608 0.5019608 0.5607843 0.5607843 0.5607843 0.5019608 0.5019608 0.5019608 0.5019608 0.5019608 0.5019608 0.7254902 0.7254902 0.7254902 0.5019608 0.5019608 0.5019608 0.6862745 0.6862745 0.6862745 0.6705883 0.6705883 0.6705883 0.5019608 0.5019608 0.5019608 0.5019608 0.5019608 0.5019608 0.5019608 0.5019608 0.5019608 0.5019608 0.5019608 0.5019608 0.5019608 0.5019608 0.5019608 0.5019608 0.5019608 0.5019608 0.5019608 0.5019608 0.5019608 0.5019608 0.5019608 0.5019608 0.5019608 0.5019608 0.5019608 0.5019608 0.5019608 0.5019608 0.5019608 0.5019608 0.5019608 0.5019608 0.5019608 0.5019608 0.5019608 0.5019608 0.5019608 0.5019608 0.5019608 0.5019608 0.5019608 0.5019608 0.5019608 0.5019608 0.5019608 0.5019608 0.5019608 0.5019608 0.5019608 0.5019608 0.5019608 0.5019608 0.5019608 0.5019608 0.5019608 0.5019608 0.5019608 0.5019608 0.5019608 0.5019608 0.5019608 0.5019608 0.5019608 0.5019608 0.5019608 0.5019608 0.5019608 0.5019608 0.5019608 0.5019608 0.5019608 0.5019608 0.5019608 0.5019608 0.5019608 0.5019608 0.5019608 0.5019608 0.5019608 0.5019608 0.5019608 0.5019608 0.5019608 0.5019608 0.5019608 0.5019608 0.5019608 0.5019608 0.5019608 0.5019608 0.5019608 0.5019608 0.5019608 0.5019608 0.5019608 0.5019608 0.5019608 0.5019608 0.5019608 0.5019608 0.5019608 0.5019608 0.5019608 0.5019608 0.5019608 0.5019608 0.5019608 0.5019608 0.5019608 0.5019608 0.5019608 0.5019608 0.5019608 0.5019608 0.5019608 0.5019608 0.5019608 0.5019608 0.5019608 0.5019608 0.5019608 0.5019608 0.5019608 0.5019608 0.5019608 0.5019608 0.5019608 0.5019608 0.5019608 0.5019608 0.5019608 0.5019608 0.5019608 0.5019608 0.5019608 0.5019608 0.5019608 0.5019608 0.5019608 0.5019608 0.5019608 0.5019608 0.5019608 0.5019608 0.5019608 0.5019608 0.5019608 0.5019608 0.5019608 0.5019608 0.5019608 0.5019608 0.5019608 0.5019608 0.5019608 0.5019608 0.5019608 0.5019608 0.5019608 0.5019608 0.5019608 0.5019608 0.5019608 0.5019608 0.5019608 0.5019608 0.5019608 0.5019608 0.5019608 0.5019608 0.5019608 0.5019608 0.5019608 0.5019608 0.5019608 0.5019608 0.5019608 0.5019608 0.5019608 0.5019608 0.5019608 0.5019608 0.5019608 0.5019608 0.5019608 0.5019608 0.5019608 0.5019608 0.5019608 0.5019608 0.5019608 0.5019608 0.5019608 0.5019608 0.5019608 0.5019608 0.5019608 0.5019608 0.5019608 0.5019608 0.5019608 0.5019608 0.5019608 0.5019608 0.5019608 0.5019608 0.5019608 0.5019608 0.5019608 0.5019608 0.5019608 0.5019608 0.5019608 0.5019608 0.5019608 0.5019608 0.5019608 0.5019608 0.5019608 0.5019608 0.5019608 0.5019608 0.5019608 0.8117648 0.8117648 0.8117648 0.5019608 0.5019608 0.5019608 0.5019608 0.5019608 0.5019608 0.7333333 0.7333333 0.7333333 0.5019608 0.5019608 0.5019608 0.5019608 0.5019608 0.5019608 0.8117648 0.8117648 0.8117648 0.5019608 0.5019608 0.5019608 0.7960785 0.7960785 0.7960785 0.5019608 0.5019608 0.5019608 0.7803922 0.7803922 0.7803922 0.5019608 0.5019608 0.5019608 0.8274511 0.8274511 0.8274511 0.5019608 0.5019608 0.5019608 0.7960785 0.7960785 0.7960785 0.5019608 0.5019608 0.5019608 0.7960785 0.7960785 0.7960785 0.5019608 0.5019608 0.5019608 0.5019608 0.5019608 0.5019608 0.7960785 0.7960785 0.7960785 0.5019608 0.5019608 0.5019608 0.5019608 0.5019608 0.5019608 0.5019608 0.5019608 0.5019608 0.7019608 0.7019608 0.7019608 0.5019608 0.5019608 0.5019608 0.5019608 0.5019608 0.5019608 0.5019608 0.5019608 0.5019608 0.5019608 0.5019608 0.5019608 0.6705883 0.6705883 0.6705883 0.5019608 0.5019608 0.5019608 0.5019608 0.5019608 0.5019608 0.5019608 0.5019608 0.5019608 0.5019608 0.5019608 0.5019608 0.6392157 0.6392157 0.6392157 0.5019608 0.5019608 0.5019608 0.5019608 0.5019608 0.5019608 0.6392157 0.6392157 0.6392157 0.5019608 0.5019608 0.5019608 0.5019608 0.5019608 0.5019608 0.5019608 0.5019608 0.5019608 0.5019608 0.5019608 0.5019608 0.5019608 0.5019608 0.5019608 0.5019608 0.5019608 0.5019608 0.5137255 0.5137255 0.5137255 0.5019608 0.5019608 0.5019608 0.5019608 0.5019608 0.5019608 0.5019608 0.5019608 0.5019608 0.6705883 0.6705883 0.6705883 0.5019608 0.5019608 0.5019608 0.5019608 0.5019608 0.5019608 0.5019608 0.5019608 0.5019608 0.5294118 0.5294118 0.5294118 0.5019608 0.5019608 0.5019608 0.5019608 0.5019608 0.5019608 0.5019608 0.5019608 0.5019608 0.5137255 0.5137255 0.5137255 0.5764706 0.5764706 0.5764706 0.5019608 0.5019608 0.5019608 0.5019608 0.5019608 0.5019608 0.5019608 0.5019608 0.5019608 0.5019608 0.5019608 0.5019608 0.5019608 0.5019608 0.5019608 0.5137255 0.5137255 0.5137255 0.5019608 0.5019608 0.5019608 0.5019608 0.5019608 0.5019608 0.5019608 0.5019608 0.5019608 0.5019608 0.5019608 0.5019608 0.5019608 0.5019608 0.5019608 0.5019608 0.5019608 0.5019608 0.5019608 0.5019608 0.5019608 0.654902 0.654902 0.654902 0.5019608 0.5019608 0.5019608 0.5921569 0.5921569 0.5921569 0.5019608 0.5019608 0.5019608 0.7490196 0.7490196 0.7490196 0.6235294 0.6235294 0.6235294 0.5019608 0.5019608 0.5019608 0.5019608 0.5019608 0.5019608 0.5019608 0.5019608 0.5019608 0.5019608 0.5019608 0.5019608 0.7803922 0.7803922 0.7803922 0.5019608 0.5019608 0.5019608 0.764706 0.764706 0.764706 0.5019608 0.5019608 0.5019608 0.6392157 0.6392157 0.6392157 0.5019608 0.5019608 0.5019608 0.764706 0.764706 0.764706 0.5019608 0.5019608 0.5019608 0.6235294 0.6235294 0.6235294 0.5019608 0.5019608 0.5019608 0.7333333 0.7333333 0.7333333 0.5019608 0.5019608 0.5019608 0.6078432 0.6078432 0.6078432 0.5019608 0.5019608 0.5019608 0.7960785 0.7960785 0.7960785 0.5019608 0.5019608 0.5019608 0.5019608 0.5019608 0.5019608 0.6862745 0.6862745 0.6862745 0.5019608 0.5019608 0.5019608 0.5019608 0.5019608 0.5019608 0.7176471 0.7176471 0.7176471 0.5019608 0.5019608 0.5019608 0.5019608 0.5019608 0.5019608 0.5019608 0.5019608 0.5019608 0.5019608 0.5019608 0.5019608 0.5019608 0.5019608 0.5019608 0.5019608 0.5019608 0.5019608 0.5019608 0.5019608 0.5019608 0.5019608 0.5019608 0.5019608 0.5019608 0.5019608 0.5019608 0.5019608 0.5019608 0.5019608 0.5019608 0.5019608 0.5019608 0.5019608 0.5019608 0.5019608 0.5019608 0.5019608 0.5019608 0.5019608 0.5019608 0.5019608 0.5019608 0.5019608 0.5019608 0.5019608 0.5019608 0.5019608 0.5019608 0.5019608 0.5019608 0.5019608 0.5019608 0.5019608 0.5019608 0.5019608 0.5019608 0.5019608 0.5019608 0.5019608 0.5019608 0.5019608 0.5019608 0.5019608 0.5019608 0.5019608 0.5019608 0.5019608 0.5019608 0.5019608 0.5019608 0.5019608 0.5019608 0.5019608 0.5019608 0.5019608 0.5019608 0.5019608 0.5019608 0.5019608 0.5019608 0.5019608 0.5019608 0.5019608 0.5019608 0.5019608 0.5019608 0.5019608 0.5019608 0.5019608 0.5019608 0.5019608 0.5019608 0.5019608 0.5019608 0.5019608 0.5019608 0.5019608 0.5019608 0.5019608 0.5019608 0.5019608 0.5019608 0.5019608 0.5019608 0.5019608 0.5019608 0.5019608 0.5019608 0.5019608 0.5019608 0.5019608 0.5019608 0.5019608 0.5019608 0.5019608 0.5019608 0.5019608 0.5019608 0.5019608 0.5019608 0.5019608 0.5019608 0.5019608 0.5019608 0.5019608 0.5019608 0.5019608 0.5019608 0.5019608 0.5019608 0.5019608 0.5019608 0.5019608 0.5019608 0.5019608 0.5019608 0.5019608 0.5019608 0.5019608 0.5019608 0.5019608 0.5019608 0.5019608 0.5019608 0.5019608 0.5019608 0.5019608 0.5019608 0.5019608 0.5019608 0.5019608 0.5019608 0.5019608 0.5019608 0.5019608 0.5019608 0.5019608 0.5019608 0.5019608 0.5019608 0.5019608 0.5019608 0.5019608 0.5019608 0.5019608 0.5019608 0.5019608 0.5019608 0.5019608 0.5019608 0.5019608 0.5019608 0.5019608 0.5019608 0.5019608 0.5019608 0.5019608 0.5019608 0.5019608 0.5019608 0.5019608 0.5019608 0.5019608 0.5019608 0.5019608 0.5019608 0.5019608 0.5019608 0.5019608 0.5019608 0.5019608 0.5019608 0.5019608 0.5019608 0.5019608 0.5019608 0.5019608 0.5019608 0.5019608 0.5019608 0.5019608 0.5019608 0.5019608 0.5019608 0.5019608 0.5019608 0.5019608 0.5019608 0.5019608 0.5019608 0.5019608 0.5019608 0.5019608 0.5019608 0.5019608 0.5019608 0.5019608 0.5019608 0.5019608 0.5019608 0.5019608 0.5019608 0.5019608 0.5019608 0.5019608 0.5019608 0.5019608 0.5019608 0.5019608 0.5019608 0.5019608 0.5019608 0.5019608 0.5019608 0.5019608 0.5019608 0.5019608 0.5019608 0.5019608 0.5019608 0.5019608 0.5019608 0.5019608 0.5019608 0.5019608 0.5019608 0.5019608 0.5019608 0.5019608 0.5019608 0.5019608 0.5019608 0.5019608 0.5019608 0.5019608 0.5019608 0.5019608 0.5019608 0.5019608 0.5019608 0.5019608 0.5019608 0.5019608 0.5019608 0.5019608 0.5019608 0.5019608 0.5019608 0.5019608 0.5019608 0.5019608 0.5019608 0.5019608 0.5019608 0.5019608 0.5019608 0.5019608 0.5019608 0.5019608 0.5019608 0.5019608 0.5019608 0.5019608 0.5019608 0.5019608 0.5019608 0.5019608 0.5019608 0.5019608 0.5019608 0.5019608 0.5019608 0.5019608 0.5019608 0.5019608 0.5019608 0.5019608 0.5019608 0.5019608 0.5019608 0.5019608 0.5019608 0.5019608 0.5019608 0.5019608 0.5019608 0.5019608 0.5019608 0.5019608 0.5019608 0.5019608 0.5019608 0.5019608 0.5019608 0.5019608 0.5019608 0.5019608 0.5019608 0.5019608 0.5019608 0.5019608 0.5019608 0.5019608 0.5019608 0.5019608 0.5019608 0.5019608 0.5019608 0.5019608 0.5019608 0.5019608 0.5019608 0.5019608 0.5019608 0.5019608 0.5019608 0.5019608 0.5019608 0.5019608 0.5019608 0.5019608 0.5019608 0.5019608 0.5019608 0.5019608 0.5019608 0.5019608 0.5019608 0.5019608 0.5019608 0.5019608 0.5019608 0.5019608 0.5019608 0.5019608 0.5019608 0.5019608 0.5019608 0.5019608 0.5019608 0.5019608 0.5019608 0.5019608 0.5019608 0.5019608 0.5019608 0.5019608 0.5019608 0.5019608 0.5019608 0.5019608 0.5019608 0.5019608 0.5019608 0.5019608 0.5019608 0.5019608 0.5019608 0.5019608 0.5019608 0.5019608 0.5019608 0.5019608 0.5019608 0.5019608 0.5019608 0.5019608 0.5019608 0.5019608 0.5019608 0.5019608 0.5019608 0.5019608 0.5019608 0.5019608 0.5019608 0.5019608 0.5019608 0.5019608 0.5019608 0.5019608 0.5019608 0.5019608 0.5019608 0.5019608 0.5019608 0.5019608 0.5019608 0.5019608 0.5019608 0.5019608 0.5019608 0.5019608 0.5019608 0.5019608 0.5019608 0.5019608 0.5019608 0.5019608 0.5019608 0.5019608 0.5019608 0.5019608 0.5019608 0.5019608 0.7490196 0.7490196 0.7490196 0.764706 0.764706 0.764706 0.764706 0.764706 0.764706 0.764706 0.764706 0.764706 0.764706 0.764706 0.764706 0.7568628 0.7568628 0.7568628 0.764706 0.764706 0.764706 0.7725491 0.7725491 0.7725491 0.7725491 0.7725491 0.7725491 0.7490196 0.7490196 0.7490196 0.7803922 0.7803922 0.7803922 0.764706 0.764706 0.764706 0.7960785 0.7960785 0.7960785 0.7803922 0.7803922 0.7803922 0.7803922 0.7803922 0.7803922 0.8039216 0.8039216 0.8039216 0.8039216 0.8039216 0.8039216 0.7960785 0.7960785 0.7960785 0.8039216 0.8039216 0.8039216 0.7725491 0.7725491 0.7725491 0.7960785 0.7960785 0.7960785 0.8274511 0.8274511 0.8274511 0.7882354 0.7882354 0.7882354 0.8196079 0.8196079 0.8196079 0.8039216 0.8039216 0.8039216 0.7803922 0.7803922 0.7803922 0.7960785 0.7960785 0.7960785 0.8196079 0.8196079 0.8196079 0.8039216 0.8039216 0.8039216 0.8274511 0.8274511 0.8274511 0.8117648 0.8117648 0.8117648 0.8117648 0.8117648 0.8117648 0.7960785 0.7960785 0.7960785 0.8274511 0.8274511 0.8274511 0.7882354 0.7882354 0.7882354 0.8196079 0.8196079 0.8196079 0.8117648 0.8117648 0.8117648 0.8039216 0.8039216 0.8039216 0.7882354 0.7882354 0.7882354 0.8274511 0.8274511 0.8274511 0.5019608 0.5019608 0.5019608 0.5019608 0.5019608 0.5019608 0.6392157 0.6392157 0.6392157 0.5019608 0.5019608 0.5019608 0.5019608 0.5019608 0.5019608 0.5019608 0.5019608 0.5019608 0.5019608 0.5019608 0.5019608 0.5019608 0.5019608 0.5019608 0.5019608 0.5019608 0.5019608 0.5019608 0.5019608 0.5019608 0.5019608 0.5019608 0.5019608 0.5019608 0.5019608 0.5019608 0.5019608 0.5019608 0.5019608 0.5019608 0.5019608 0.5019608 0.5019608 0.5019608 0.5019608 0.5019608 0.5019608 0.5019608 0.5019608 0.5019608 0.5019608 0.5019608 0.5019608 0.5019608 0.5019608 0.5019608 0.5019608 0.5019608 0.5019608 0.5019608 0.5019608 0.5019608 0.5019608 0.5019608 0.5019608 0.5019608 0.5372549 0.5372549 0.5372549 0.5019608 0.5019608 0.5019608 0.5372549 0.5372549 0.5372549 0.5450981 0.5450981 0.5450981 0.7254902 0.7254902 0.7254902 0.5019608 0.5019608 0.5019608 0.5019608 0.5019608 0.5019608 0.5019608 0.5019608 0.5019608 0.5372549 0.5372549 0.5372549 0.5019608 0.5019608 0.5019608 0.5686275 0.5686275 0.5686275 0.5019608 0.5019608 0.5019608 0.5019608 0.5019608 0.5019608 0.5019608 0.5019608 0.5019608 0.5019608 0.5019608 0.5019608 0.5019608 0.5019608 0.5019608 0.5019608 0.5019608 0.5019608 0.5019608 0.5019608 0.5019608 0.5019608 0.5019608 0.5019608 0.5019608 0.5019608 0.5019608 0.5019608 0.5019608 0.5019608 0.5019608 0.5019608 0.5019608 0.5019608 0.5019608 0.5019608 0.5019608 0.5019608 0.5019608 0.5686275 0.5686275 0.5686275 0.5019608 0.5019608 0.5019608 0.5019608 0.5019608 0.5019608 0.5019608 0.5019608 0.5019608 0.5764706 0.5764706 0.5764706 0.5019608 0.5019608 0.5019608 0.6313726 0.6313726 0.6313726 0.5019608 0.5019608 0.5019608 0.5019608 0.5019608 0.5019608 0.5019608 0.5019608 0.5019608 0.5372549 0.5372549 0.5372549 0.5019608 0.5019608 0.5019608 0.5686275 0.5686275 0.5686275 0.5019608 0.5019608 0.5019608 0.5019608 0.5019608 0.5019608 0.5019608 0.5019608 0.5019608 0.6470588 0.6470588 0.6470588 0.5019608 0.5019608 0.5019608 0.6235294 0.6235294 0.6235294 0.5019608 0.5019608 0.5019608 0.5019608 0.5019608 0.5019608 0.5019608 0.5019608 0.5019608 0.5529412 0.5529412 0.5529412 0.5019608 0.5019608 0.5019608 0.5843138 0.5843138 0.5843138 0.5019608 0.5019608 0.5019608 0.5019608 0.5019608 0.5019608 0.5019608 0.5019608 0.5019608 0.6705883 0.6705883 0.6705883 0.5019608 0.5019608 0.5019608 0.5019608 0.5019608 0.5019608 0.5019608 0.5019608 0.5019608 0.5019608 0.5019608 0.5019608 0.6392157 0.6392157 0.6392157 0.5019608 0.5019608 0.5019608 0.5019608 0.5019608 0.5019608 0.5019608 0.5019608 0.5019608 0.5019608 0.5019608 0.5019608 0.5019608 0.5019608 0.5019608 0.5019608 0.5019608 0.5019608 0.5019608 0.5019608 0.5019608 0.5019608 0.5019608 0.5019608 0.5019608 0.5019608 0.5019608 0.5019608 0.5019608 0.5019608 0.5019608 0.5019608 0.5019608 0.5019608 0.5019608 0.5019608 0.5019608 0.5019608 0.5019608 0.5019608 0.5019608 0.5019608 0.5019608 0.5019608 0.5019608 0.5019608 0.5019608 0.5019608 0.5019608 0.5019608 0.5019608 0.5019608 0.5019608 0.5019608 0.5019608 0.5019608 0.5019608 0.9843138 0.9843138 0.9843138 0.9921569 0.9921569 0.9921569 0.8039216 0.8039216 0.8039216 0.5019608 0.5019608 0.5019608 0.5019608 0.5019608 0.5019608 0.5137255 0.5137255 0.5137255 0.5019608 0.5019608 0.5019608 0.5137255 0.5137255 0.5137255 0.5019608 0.5019608 0.5019608 0.5019608 0.5019608 0.5019608 0.5019608 0.5019608 0.5019608 0.5019608 0.5019608 0.5019608 0.5019608 0.5019608 0.5019608 0.5019608 0.5019608 0.5019608 0.5019608 0.5019608 0.5019608 0.5019608 0.5019608 0.5019608 0.5019608 0.5019608 0.5019608 0.5019608 0.5019608 0.5019608 0.5019608 0.5019608 0.5019608 0.5019608 0.5019608 0.5019608 0.6235294 0.6235294 0.6235294 0.5019608 0.5019608 0.5019608 0.5019608 0.5019608 0.5019608 0.5019608 0.5019608 0.5019608 0.5019608 0.5019608 0.5019608 0.5019608 0.5019608 0.5019608 0.5019608 0.5019608 0.5019608 0.6235294 0.6235294 0.6235294 0.5921569 0.5921569 0.5921569 0.5019608 0.5019608 0.5019608 0.5921569 0.5921569 0.5921569 0.5450981 0.5450981 0.5450981 0.5019608 0.5019608 0.5019608 0.5019608 0.5019608 0.5019608 0.5450981 0.5450981 0.5450981 0.5607843 0.5607843 0.5607843 0.5019608 0.5019608 0.5019608 0.5019608 0.5019608 0.5019608 0.5019608 0.5019608 0.5019608 0.5019608 0.5019608 0.5019608 0.5019608 0.5019608 0.5019608 0.5019608 0.5019608 0.5019608 0.5019608 0.5019608 0.5019608 0.5607843 0.5607843 0.5607843 0.6470588 0.6470588 0.6470588 0.5019608 0.5019608 0.5019608 0.6392157 0.6392157 0.6392157 0.5019608 0.5019608 0.5019608 0.8274511 0.8274511 0.8274511 0.7803922 0.7803922 0.7803922 0.8196079 0.8196079 0.8196079 0.8117648 0.8117648 0.8117648 0.8196079 0.8196079 0.8196079 0.5019608 0.5019608 0.5019608 0.5019608 0.5019608 0.5019608 0.5019608 0.5019608 0.5019608 0.5019608 0.5019608 0.5019608 0.627451 0.627451 0.627451 0.5019608 0.5019608 0.5019608 0.5019608 0.5019608 0.5019608 0.6 0.6 0.6 0.5019608 0.5019608 0.5019608 0.5019608 0.5019608 0.5019608 0.5019608 0.5019608 0.5019608 0.6313726 0.6313726 0.6313726 0.6 0.6 0.6 0.5450981 0.5450981 0.5450981 0.6627451 0.6627451 0.6627451 0.5529412 0.5529412 0.5529412 0.7411765 0.7411765 0.7411765 0.5686275 0.5686275 0.5686275 0.6941177 0.6941177 0.6941177 0.7411765 0.7411765 0.7411765 0.5058824 0.5058824 0.5058824 0.6627451 0.6627451 0.6627451 0.6941177 0.6941177 0.6941177 0.6627451 0.6627451 0.6627451 0.5058824 0.5058824 0.5058824 0.5686275 0.5686275 0.5686275 0.7411765 0.7411765 0.7411765 0.6941177 0.6941177 0.6941177 0.5529412 0.5529412 0.5529412 0.6627451 0.6627451 0.6627451 0.5450981 0.5450981 0.5450981 0.6313726 0.6313726 0.6313726 0.5019608 0.5019608 0.5019608 0.6 0.6 0.6 0.5019608 0.5019608 0.5019608 0.5019608 0.5019608 0.5019608 0.5019608 0.5019608 0.5019608 0.5019608 0.5019608 0.5019608 0.6235294 0.6235294 0.6235294 0.6313726 0.6313726 0.6313726 0.6235294 0.6235294 0.6235294 0.6313726 0.6313726 0.6313726 0.6313726 0.6313726 0.6313726 0.6470588 0.6470588 0.6470588 0.6313726 0.6313726 0.6313726 0.6470588 0.6470588 0.6470588 0.5019608 0.5019608 0.5019608 0.5019608 0.5019608 0.5019608 0.5019608 0.5019608 0.5019608 0.5019608 0.5019608 0.5019608 0.5019608 0.5019608 0.5019608 0.5019608 0.5019608 0.5019608 0.5019608 0.5019608 0.5019608 0.5019608 0.5019608 0.5019608 0.5019608 0.5019608 0.5019608 0.5019608 0.5019608 0.5019608 0.5019608 0.5019608 0.5019608 0.5019608 0.5019608 0.5019608 0.6627451 0.6627451 0.6627451 0.6784314 0.6784314 0.6784314 0.6627451 0.6627451 0.6627451 0.6784314 0.6784314 0.6784314 0.5921569 0.5921569 0.5921569 0.5686275 0.5686275 0.5686275 0.5921569 0.5921569 0.5921569 0.5686275 0.5686275 0.5686275 0.5019608 0.5019608 0.5019608 0.5019608 0.5019608 0.5019608 0.5019608 0.5019608 0.5019608 0.5019608 0.5019608 0.5019608 0.5019608 0.5019608 0.5019608 0.5019608 0.5019608 0.5019608 0.5019608 0.5019608 0.5019608 0.5019608 0.5019608 0.5019608 0.5019608 0.5019608 0.5019608 0.5019608 0.5019608 0.5019608 0.5019608 0.5019608 0.5019608 0.5019608 0.5019608 0.5019608 0.6235294 0.6235294 0.6235294 0.6392157 0.6392157 0.6392157 0.5019608 0.5019608 0.5019608 0.5019608 0.5019608 0.5019608 0.5019608 0.5019608 0.5019608 0.5019608 0.5019608 0.5019608 0.5019608 0.5019608 0.5019608 0.5019608 0.5019608 0.5019608 0.6235294 0.6235294 0.6235294 0.6235294 0.6235294 0.6235294 0.5019608 0.5019608 0.5019608 0.5019608 0.5019608 0.5019608 0.5019608 0.5019608 0.5019608 0.5019608 0.5019608 0.5019608 0.5019608 0.5019608 0.5019608 0.5019608 0.5019608 0.5019608 0.6078432 0.6078432 0.6078432 0.654902 0.654902 0.654902 0.5019608 0.5019608 0.5019608 0.5019608 0.5019608 0.5019608 0.5019608 0.5019608 0.5019608 0.5019608 0.5019608 0.5019608 0.5019608 0.5019608 0.5019608 0.5019608 0.5019608 0.5019608 0.5450981 0.5450981 0.5450981 0.5058824 0.5058824 0.5058824 0.6705883 0.6705883 0.6705883 0.6392157 0.6392157 0.6392157 0.9529412 0.9529412 0.9529412 0.9215687 0.9215687 0.9215687 1 1 1 0.9843138 0.9843138 0.9843138 1 1 1 0.9686275 0.9686275 0.9686275 0.5450981 0.5450981 0.5450981 0.5019608 0.5019608 0.5019608 0.764706 0.764706 0.764706 0.6078432 0.6078432 0.6078432 0.5921569 0.5921569 0.5921569 0.7803922 0.7803922 0.7803922 0.5019608 0.5019608 0.5019608 0.5921569 0.5921569 0.5921569 0.5019608 0.5019608 0.5019608 0.5372549 0.5372549 0.5372549 0.7803922 0.7803922 0.7803922 0.7803922 0.7803922 0.7803922 0.5019608 0.5019608 0.5019608 0.5019608 0.5019608 0.5019608 0.5019608 0.5019608 0.5019608 0.5019608 0.5019608 0.5019608 0.5019608 0.5019608 0.5019608 0.5019608 0.5019608 0.5019608 0.5019608 0.5019608 0.5019608 0.5372549 0.5372549 0.5372549 0.5019608 0.5019608 0.5019608 0.5019608 0.5019608 0.5019608 0.5019608 0.5019608 0.5019608 0.5019608 0.5019608 0.5019608 0.5019608 0.5019608 0.5019608 0.5019608 0.5019608 0.5019608 0.5019608 0.5019608 0.5019608 0.5019608 0.5019608 0.5019608 0.5019608 0.5019608 0.5019608 0.5019608 0.5019608 0.5019608 0.5019608 0.5019608 0.5019608 0.5764706 0.5764706 0.5764706 0.5019608 0.5019608 0.5019608 0.5019608 0.5019608 0.5019608 0.5137255 0.5137255 0.5137255 0.5294118 0.5294118 0.5294118 0.5019608 0.5019608 0.5019608 0.5019608 0.5019608 0.5019608 0.5058824 0.5058824 0.5058824 0.6627451 0.6627451 0.6627451 0.654902 0.654902 0.654902 0.5019608 0.5019608 0.5019608 0.5019608 0.5019608 0.5019608 0.5019608 0.5019608 0.5019608 0.5019608 0.5019608 0.5019608 0.5019608 0.5019608 0.5019608 0.5019608 0.5019608 0.5019608 0.5019608 0.5019608 0.5019608 0.5450981 0.5450981 0.5450981 0.5019608 0.5019608 0.5019608 0.5921569 0.5921569 0.5921569 0.5450981 0.5450981 0.5450981 0.8901961 0.8901961 0.8901961 0.8901961 0.8901961 0.8901961 0.937255 0.937255 0.937255 0.9215687 0.9215687 0.9215687 0.5019608 0.5019608 0.5019608 0.5019608 0.5019608 0.5019608 0.5019608 0.5019608 0.5019608 0.5019608 0.5019608 0.5019608 0.5019608 0.5019608 0.5019608 0.5019608 0.5019608 0.5019608 0.5019608 0.5019608 0.5019608 0.5019608 0.5019608 0.5019608 0.5019608 0.5019608 0.5019608 0.5019608 0.5019608 0.5019608 0.5019608 0.5019608 0.5019608 0.5019608 0.5019608 0.5019608 0.5019608 0.5019608 0.5019608 0.5019608 0.5019608 0.5019608 0.5450981 0.5450981 0.5450981 0.5137255 0.5137255 0.5137255 0.5019608 0.5019608 0.5019608 0.5019608 0.5019608 0.5019608 0.5019608 0.5019608 0.5019608 0.5764706 0.5764706 0.5764706 0.5019608 0.5019608 0.5019608 0.5137255 0.5137255 0.5137255 0.5019608 0.5019608 0.5019608 0.5294118 0.5294118 0.5294118 0.5019608 0.5019608 0.5019608 0.5058824 0.5058824 0.5058824 0.5019608 0.5019608 0.5019608 0.6627451 0.6627451 0.6627451 0.5019608 0.5019608 0.5019608 0.5019608 0.5019608 0.5019608 0.5019608 0.5019608 0.5019608 0.654902 0.654902 0.654902 0.5019608 0.5019608 0.5019608 0.5019608 0.5019608 0.5019608 0.5019608 0.5019608 0.5019608 0.5019608 0.5019608 0.5019608 0.5450981 0.5450981 0.5450981 0.5921569 0.5921569 0.5921569 0.5019608 0.5019608 0.5019608 0.5450981 0.5450981 0.5450981 0.8901961 0.8901961 0.8901961 0.937255 0.937255 0.937255 0.8901961 0.8901961 0.8901961 0.9215687 0.9215687 0.9215687 0.5019608 0.5019608 0.5019608 0.5019608 0.5019608 0.5019608 0.5019608 0.5019608 0.5019608 0.5019608 0.5019608 0.5019608 0.5019608 0.5019608 0.5019608 0.5019608 0.5019608 0.5019608 0.5019608 0.5019608 0.5019608 0.5019608 0.5019608 0.5019608 0.5019608 0.5019608 0.5019608 0.5019608 0.5019608 0.5019608 0.5019608 0.5019608 0.5019608 0.5019608 0.5019608 0.5019608 0.5019608 0.5019608 0.5019608 0.5450981 0.5450981 0.5450981 0.5019608 0.5019608 0.5019608 0.5137255 0.5137255 0.5137255 0.5019608 0.5019608 0.5019608 0.5019608 0.5019608 0.5019608 0.5019608 0.5019608 0.5019608 0.5019608 0.5019608 0.5019608 0.5843138 0.5843138 0.5843138 0.5450981 0.5450981 0.5450981 0.5019608 0.5019608 0.5019608 0.5019608 0.5019608 0.5019608 0.5019608 0.5019608 0.5019608 0.5019608 0.5019608 0.5019608 0.5019608 0.5019608 0.5019608 0.5019608 0.5019608 0.5019608 0.8039216 0.8039216 0.8039216 0.7803922 0.7803922 0.7803922 0.7725491 0.7725491 0.7725491 0.6980392 0.6980392 0.6980392 0.6705883 0.6705883 0.6705883 0.7725491 0.7725491 0.7725491 0.7098039 0.7098039 0.7098039 0.8196079 0.8196079 0.8196079 0.5921569 0.5921569 0.5921569 0.5019608 0.5019608 0.5019608 0.5215687 0.5215687 0.5215687 0.5019608 0.5019608 0.5019608 0.5019608 0.5019608 0.5019608 0.5019608 0.5019608 0.5019608 0.5019608 0.5019608 0.5019608 0.5019608 0.5019608 0.5019608 0.5019608 0.5019608 0.5019608 0.5019608 0.5019608 0.5019608 0.5019608 0.5019608 0.5019608 0.5019608 0.5019608 0.5019608 0.5019608 0.5019608 0.5019608 0.5019608 0.5019608 0.5019608 0.5019608 0.5019608 0.5019608 0.5019608 0.5019608 0.5019608 0.5019608 0.5019608 0.5019608 0.5019608 0.5019608 0.5019608 0.5019608 0.5019608 0.5019608 0.5019608 0.5019608 0.5019608 0.5019608 0.5019608 0.5019608 0.5019608 0.5019608 0.5019608 0.5019608 0.5019608 0.5019608 0.5019608 0.5019608 0.5019608 0.5019608 0.5019608 0.5019608 0.5019608 0.5019608 0.5019608 0.5019608 0.5019608 0.5019608 0.5019608 0.5019608 0.5019608 0.5019608 0.5019608 0.5019608 0.5019608 0.5019608 0.5019608 0.5019608 0.5019608 0.5019608 0.5019608 0.5019608 0.5019608 0.5019608 0.5019608 0.5019608 0.5019608 0.5019608 0.5019608 0.5019608 0.5019608 0.5019608 0.5019608 0.5019608 0.5019608 0.5019608 0.5019608 0.5019608 0.5019608 0.5019608 0.5019608 0.5019608 0.5019608 0.5019608 0.5019608 0.5019608 0.5019608 0.5019608 0.5019608 0.5019608 0.5019608 0.5019608 0.5019608 0.5019608 0.5019608 0.5019608 0.5019608 0.5019608 0.5019608 0.5019608 0.5019608 0.5019608 0.5019608 0.5019608 0.5019608 0.5019608 0.5019608 0.5019608 0.5019608 0.5019608 0.5019608 0.9529412 0.9529412 0.9529412 0.937255 0.937255 0.937255 0.9529412 0.9529412 0.9529412 0.9843138 0.9843138 0.9843138 0.5019608 0.5019608 0.5019608 0.5019608 0.5019608 0.5019608 0.5137255 0.5137255 0.5137255 0.5450981 0.5450981 0.5450981 0.8274511 0.8274511 0.8274511 0.5019608 0.5019608 0.5019608 0.8431373 0.8431373 0.8431373 0.5019608 0.5019608 0.5019608 0.5019608 0.5019608 0.5019608 0.5019608 0.5019608 0.5019608 0.6392157 0.6392157 0.6392157 0.5019608 0.5019608 0.5019608 0.5019608 0.5019608 0.5019608 0.5019608 0.5019608 0.5019608 0.5019608 0.5019608 0.5019608 0.5019608 0.5019608 0.5019608 0.5019608 0.5019608 0.5019608 0.5019608 0.5019608 0.5019608 0.5019608 0.5019608 0.5019608 0.5019608 0.5019608 0.5019608 0.5019608 0.5019608 0.5019608 0.5019608 0.5019608 0.5019608 0.5019608 0.5019608 0.5019608 0.5019608 0.5019608 0.5019608 0.5019608 0.5019608 0.5019608 0.5019608 0.5019608 0.5019608 0.5019608 0.5019608 0.5019608 0.5019608 0.5019608 0.5019608 0.5019608 0.5019608 0.5019608 0.5019608 0.5019608 0.5019608 0.5019608 0.5019608 0.5019608 0.5019608 0.5019608 0.5019608 0.5019608 0.5019608 0.5019608 0.5019608 0.5019608 0.5019608 0.5019608 0.5019608 0.5019608 0.5019608 0.5019608 0.5019608 0.5019608 0.5019608 0.5019608 0.5019608 0.5019608 0.5019608 0.5019608 0.5019608 0.5019608 0.5019608 0.5019608 0.5019608 0.5019608 0.5019608 0.5019608 0.5019608 0.5019608 0.5019608 0.5019608 0.5019608 0.5019608 0.5019608 0.5019608 0.5019608 0.5019608 0.5019608 0.5019608 0.5019608 0.5019608 0.5019608 0.5019608 0.5019608 0.5019608 0.5019608 0.5019608 0.5019608 0.5019608 0.5019608 0.5019608 0.5019608 0.5019608 0.5019608 0.5019608 0.5019608 0.5019608 0.5019608 0.5019608 0.5019608 0.5019608 0.5019608 0.5019608 0.5019608 0.5019608 0.5019608 0.5019608 0.5019608 0.5019608 0.5019608 0.5019608 0.5019608 0.5019608 0.5019608 0.5019608 0.5019608 0.5019608 0.5019608 0.5019608 0.5019608 0.5019608 0.5019608 0.5019608 0.5019608 0.5019608 0.5019608 0.5019608 0.5019608 0.5019608 0.5019608 0.5019608 0.5019608 0.5019608 0.5019608 0.5019608 0.5019608 0.5019608 0.5019608 0.5019608 0.5019608 0.5019608 0.5019608 0.5019608 0.5019608 0.5019608 0.5019608 0.5019608 0.5019608 0.5019608 0.5019608 0.5019608 0.5019608 0.5019608 0.5019608 0.5019608 0.5019608 0.5019608 0.5019608 0.5019608 0.5019608 0.5019608 0.5019608 0.5019608 0.5019608 0.5019608 0.5019608 0.5019608 0.5019608 0.5019608 0.5019608 0.5019608 0.5019608 0.5019608 0.5019608 0.5019608 0.5019608 0.5019608 0.5019608 0.5019608 0.5019608 0.5019608 0.5019608 0.5019608 0.5019608 0.5019608 0.5019608 0.5019608 0.5019608 0.5019608 0.5019608 0.5019608 0.5019608 0.5019608 0.5019608 0.5019608 0.5019608 0.5019608 0.5019608 0.5019608 0.5019608 0.5019608 0.5019608 0.5019608 0.5019608 0.5019608 0.5019608 0.5019608 0.5019608 0.5019608 0.5019608 0.5019608 0.5019608 0.5019608 0.5019608 0.5019608 0.5019608 0.5019608 0.5019608 0.5019608 0.5019608 0.5019608 0.5019608 0.5019608 0.5019608 0.5019608 0.5019608 0.5019608 0.5019608 0.5019608 0.5019608 0.5019608 0.5019608 0.5019608 0.5019608 0.5019608 0.5019608 0.5019608 0.5019608 0.5019608 0.5019608 0.5019608 0.5019608 0.5019608 0.5019608 0.5019608 0.5019608 0.5019608 0.5019608 0.5019608 0.5019608 0.5019608 0.5019608 0.5019608 0.5019608 0.5019608 0.5019608 0.5019608 0.5019608 0.5019608 0.5019608 0.5019608 0.5019608 0.5019608 0.5019608 0.5019608 0.5019608 0.5019608 0.5019608 0.5019608 0.5019608 0.5019608 0.5019608 0.5019608 0.5019608 0.5019608 0.5019608 0.5019608 0.5019608 0.5019608 0.5019608 0.5019608 0.5019608 0.5019608 0.5019608 0.5019608 0.5019608 0.5019608 0.5019608 0.5019608 0.5019608 0.5019608 0.5019608 0.5019608 0.5019608 0.5019608 0.5019608 0.5019608 0.5019608 0.5019608 0.5019608 0.5019608 0.5019608 0.5019608 0.5019608 0.5019608 0.5019608 0.5019608 0.5019608 0.5019608 0.5019608 0.5019608 0.5019608 0.5019608 0.5019608 0.5019608 0.5019608 0.5019608 0.5019608 0.5019608 0.5019608 0.5019608 0.5019608 0.5019608 0.5019608 0.5019608 0.5019608 0.5019608 0.5019608 0.5019608 0.5019608 0.5019608 0.5019608 0.5019608 0.5019608 0.5019608 0.5019608 0.5019608 0.5019608 0.5019608 0.5019608 0.5019608 0.5019608 0.5019608 0.5019608 0.5019608 0.5019608 0.5019608 0.5019608 0.5019608 0.5019608 0.5019608 0.5019608 0.5019608 0.5019608 0.5019608 0.5019608 0.5019608 0.5019608 0.5019608 0.5019608 0.5019608 0.5019608 0.5019608 0.5019608 0.5019608 0.5019608 0.5019608 0.5019608 0.5019608 0.5019608 0.5019608 0.5019608 0.5019608 0.5019608 0.5019608 0.5019608 0.5019608 0.5019608 0.5019608 0.5019608 0.5019608 0.5019608 0.5019608 0.5019608 0.5019608 0.5019608 0.5019608 0.5019608 0.5019608 0.5019608 0.5019608 0.5019608 0.5019608 0.5019608 0.5019608 0.5019608 0.5019608 0.5019608 0.5019608 0.5019608 0.5019608 0.5019608 0.5019608 0.5019608 0.5019608 0.5019608 0.5019608 0.5019608 0.5019608 0.5019608 0.5019608 0.5019608 0.5019608 0.5019608 0.5019608 0.5019608 0.5019608 0.5019608 0.5019608 0.5019608 0.5019608 0.5019608 0.5019608 0.5019608 0.5019608 0.5019608 0.5019608 0.5019608 0.5019608 0.5019608 0.5019608 0.5019608 0.5019608 0.5019608 0.5019608 0.5019608 0.5019608 0.5019608 0.5019608 0.5019608 0.5019608 0.5019608 0.5019608 0.5019608 0.5019608 0.5019608 0.5019608 0.5019608 0.5019608 0.5019608 0.5019608 0.5019608 0.5019608 0.5019608 0.5019608 0.5019608 0.5019608 0.5019608 0.5019608 0.5019608 0.5019608 0.5019608 0.5019608 0.5019608 0.5019608 0.5019608 0.5019608 0.5019608 0.5019608 0.5019608 0.5019608 0.5019608 0.5019608 0.5019608 0.5019608 0.5019608 0.5019608 0.5019608 0.5019608 0.5019608 0.5019608 0.5019608 0.5019608 0.5019608 0.5019608 0.5019608 0.5019608 0.5019608 0.5019608 0.5019608 0.5019608 0.5019608 0.5019608 0.5019608 0.5019608 0.5019608 0.5019608 0.5019608 0.5019608 0.5019608 0.5019608 0.5019608 0.5019608 0.5019608 0.5019608 0.5019608 0.5019608 0.5019608 0.5019608 0.5019608 0.5019608 0.5019608 0.5019608 0.5019608 0.5686275 0.5686275 0.5686275 0.5019608 0.5019608 0.5019608 0.5019608 0.5019608 0.5019608 0.5019608 0.5019608 0.5019608 0.5019608 0.5019608 0.5019608 0.5764706 0.5764706 0.5764706 0.5019608 0.5019608 0.5019608 0.5019608 0.5019608 0.5019608 0.5686275 0.5686275 0.5686275 0.5372549 0.5372549 0.5372549 0.5019608 0.5019608 0.5019608 0.5019608 0.5019608 0.5019608 0.6313726 0.6313726 0.6313726 0.6470588 0.6470588 0.6470588 0.5019608 0.5019608 0.5019608 0.5019608 0.5019608 0.5019608 0.5843138 0.5843138 0.5843138 0.5529412 0.5529412 0.5529412 0.5019608 0.5019608 0.5019608 0.5019608 0.5019608 0.5019608 0.6235294 0.6235294 0.6235294 0.6705883 0.6705883 0.6705883 0.5019608 0.5019608 0.5019608 0.5019608 0.5019608 0.5019608 0.6392157 0.6392157 0.6392157 0.5019608 0.5019608 0.5019608 0.5019608 0.5019608 0.5019608 0.5019608 0.5019608 0.5019608 0.5019608 0.5019608 0.5019608 0.5019608 0.5019608 0.5019608 0.5019608 0.5019608 0.5019608 0.5019608 0.5019608 0.5019608 0.5019608 0.5019608 0.5019608 0.5019608 0.5019608 0.5019608 0.5019608 0.5019608 0.5019608 0.5019608 0.5019608 0.5019608 0.5019608 0.5019608 0.5019608 0.5019608 0.5019608 0.5019608 0.5019608 0.5019608 0.5019608 0.5019608 0.5019608 0.5019608 0.5019608 0.5019608 0.5019608 0.5019608 0.5019608 0.5019608 0.5019608 0.5019608 0.5019608 0.5019608 0.5019608 0.5019608 0.5019608 0.5019608 0.5019608 0.5019608 0.5019608 0.5019608 0.5019608 0.5019608 0.5019608 0.5019608 0.5019608 0.5019608 0.5019608 0.5019608 0.5019608 0.5019608 0.5019608 0.5019608 0.9843138 0.9843138 0.9843138 0.9686275 0.9686275 0.9686275 0.5019608 0.5019608 0.5019608 0.5137255 0.5137255 0.5137255 0.9843138 0.9843138 0.9843138 1 1 1 0.5137255 0.5137255 0.5137255 0.9921569 0.9921569 0.9921569 0.5019608 0.5019608 0.5019608 0.8666667 0.8666667 0.8666667 0.7411765 0.7411765 0.7411765 0.8666667 0.8666667 0.8666667 0.5019608 0.5019608 0.5019608 0.5019608 0.5019608 0.5019608 0.5019608 0.5019608 0.5019608 0.5019608 0.5019608 0.5019608 0.9607844 0.9607844 0.9607844 1 1 1 0.9686275 0.9686275 0.9686275 1 1 1 1 1 1 0.9921569 0.9921569 0.9921569 0.9843138 0.9843138 0.9843138 0.8352942 0.8352942 0.8352942 0.9607844 0.9607844 0.9607844 0.8352942 0.8352942 0.8352942 0.5019608 0.5019608 0.5019608 0.5019608 0.5019608 0.5019608 0.5019608 0.5019608 0.5019608 0.5019608 0.5019608 0.5019608 0.8117648 0.8117648 0.8117648 0.8039216 0.8039216 0.8039216 0.5019608 0.5019608 0.5019608 0.5019608 0.5019608 0.5019608 0.5019608 0.5019608 0.5019608 0.5019608 0.5019608 0.5019608 0.5019608 0.5019608 0.5019608 0.5019608 0.5019608 0.5019608 0.5019608 0.5019608 0.5019608 0.5019608 0.5019608 0.5019608 0.5019608 0.5019608 0.5019608 0.5019608 0.5019608 0.5019608 0.5019608 0.5019608 0.5019608 0.5019608 0.5019608 0.5019608 0.5019608 0.5019608 0.5019608 0.5019608 0.5019608 0.5019608 0.5019608 0.5019608 0.5019608 0.5019608 0.5019608 0.5019608 0.5019608 0.5019608 0.5019608 0.5019608 0.5019608 0.5019608 0.5137255 0.5137255 0.5137255 0.5019608 0.5019608 0.5019608 0.5019608 0.5019608 0.5019608 0.5019608 0.5019608 0.5019608 0.5019608 0.5019608 0.5019608 0.5019608 0.5019608 0.5019608 0.5137255 0.5137255 0.5137255 0.5019608 0.5019608 0.5019608 0.5019608 0.5019608 0.5019608 0.5019608 0.5019608 0.5019608 0.5019608 0.5019608 0.5019608 0.5019608 0.5019608 0.5019608 0.6862745 0.6862745 0.6862745 0.5921569 0.5921569 0.5921569 0.5137255 0.5137255 0.5137255 0.5686275 0.5686275 0.5686275 0.5019608 0.5019608 0.5019608 0.5137255 0.5137255 0.5137255 0.5019608 0.5019608 0.5019608 0.5019608 0.5019608 0.5019608 0.5019608 0.5019608 0.5019608 0.5607843 0.5607843 0.5607843 0.5019608 0.5019608 0.5019608 0.5019608 0.5019608 0.5019608 0.5764706 0.5764706 0.5764706 0.5019608 0.5019608 0.5019608 0.5019608 0.5019608 0.5019608 0.7333333 0.7333333 0.7333333 0.7803922 0.7803922 0.7803922 0.7490196 0.7490196 0.7490196 0.7411765 0.7411765 0.7411765 0.7019608 0.7019608 0.7019608 0.7176471 0.7176471 0.7176471 0.5019608 0.5019608 0.5019608 0.5019608 0.5019608 0.5019608 0.5019608 0.5019608 0.5019608 0.5019608 0.5019608 0.5019608 0.5019608 0.5019608 0.5019608 0.5137255 0.5137255 0.5137255 0.6078432 0.6078432 0.6078432 0.5843138 0.5843138 0.5843138 0.7333333 0.7333333 0.7333333 0.7019608 0.7019608 0.7019608 0.5019608 0.5019608 0.5019608 0.5019608 0.5019608 0.5019608 0.5019608 0.5019608 0.5019608 0.5019608 0.5019608 0.5019608 0.5019608 0.5019608 0.5019608 0.5137255 0.5137255 0.5137255 0.6078432 0.6078432 0.6078432 0.5843138 0.5843138 0.5843138 0.7333333 0.7333333 0.7333333 0.654902 0.654902 0.654902 0.6392157 0.6392157 0.6392157 0.5019608 0.5019608 0.5019608 0.5372549 0.5372549 0.5372549 0.5019608 0.5019608 0.5019608 0.5019608 0.5019608 0.5019608 0.5372549 0.5372549 0.5372549 0.7254902 0.7254902 0.7254902 0.5843138 0.5843138 0.5843138 0.5019608 0.5019608 0.5019608 0.5215687 0.5215687 0.5215687 0.5019608 0.5019608 0.5019608 0.5019608 0.5019608 0.5019608 0.5019608 0.5019608 0.5019608 0.5019608 0.5019608 0.5019608 0.5019608 0.5019608 0.5019608 0.5019608 0.5019608 0.5019608 0.5019608 0.5019608 0.5019608 0.5019608 0.5019608 0.5019608 0.5019608 0.5019608 0.5019608 0.5019608 0.5019608 0.5019608 0.5019608 0.5019608 0.5019608 0.5019608 0.5019608 0.5019608 0.5019608 0.5019608 0.5019608 0.5019608 0.5019608 0.5019608 0.5019608 0.5019608 0.5019608 0.5019608 0.5019608 0.5019608 0.5019608 0.5019608 0.5019608 0.8117648 0.8117648 0.8117648 0.8117648 0.8117648 0.8117648 0.8901961 0.8901961 0.8901961 0.9764706 0.9764706 0.9764706 1 1 1 1 1 1 1 1 1 1 1 1 0.9686275 0.9686275 0.9686275 0.9490197 0.9490197 0.9490197 0.682353 0.682353 0.682353 0.7176471 0.7176471 0.7176471 0.6392157 0.6392157 0.6392157 0.6313726 0.6313726 0.6313726 0.7294118 0.7294118 0.7294118 0.682353 0.682353 0.682353 0.9490197 0.9490197 0.9490197 0.9529412 0.9529412 0.9529412 1 1 1 1 1 1 1 1 1 1 1 1 0.9921569 0.9921569 0.9921569 1 1 1 0.8196079 0.8196079 0.8196079 0.8196079 0.8196079 0.8196079 0.6156863 0.6156863 0.6156863 0.5019608 0.5019608 0.5019608 0.5019608 0.5019608 0.5019608 0.5019608 0.5019608 0.5019608 0.5019608 0.5019608 0.5019608 0.5019608 0.5019608 0.5019608 0.5019608 0.5019608 0.5019608 0.5294118 0.5294118 0.5294118 0.6078432 0.6078432 0.6078432 0.7333333 0.7333333 0.7333333 0.5019608 0.5019608 0.5019608 0.6470588 0.6470588 0.6470588 0.5019608 0.5019608 0.5019608 0.5686275 0.5686275 0.5686275 0.5019608 0.5019608 0.5019608 0.5019608 0.5019608 0.5019608 0.5019608 0.5019608 0.5019608 0.5019608 0.5019608 0.5019608 0.5019608 0.5019608 0.5019608 0.5019608 0.5019608 0.5019608 0.5019608 0.5019608 0.5019608 0.5019608 0.5019608 0.5019608 0.5019608 0.5019608 0.5019608 0.5058824 0.5058824 0.5058824 0.5019608 0.5019608 0.5019608 0.5019608 0.5019608 0.5019608 0.5529412 0.5529412 0.5529412 0.5372549 0.5372549 0.5372549 0.5019608 0.5019608 0.5019608 0.5019608 0.5019608 0.5019608 0.5294118 0.5294118 0.5294118 0.7019608 0.7019608 0.7019608 0.5294118 0.5294118 0.5294118 0.7176471 0.7176471 0.7176471 0.5294118 0.5294118 0.5294118 0.6862745 0.6862745 0.6862745 0.5137255 0.5137255 0.5137255 0.5019608 0.5019608 0.5019608 0.5019608 0.5019608 0.5019608 0.7490196 0.7490196 0.7490196 0.7490196 0.7490196 0.7490196 0.6705883 0.6705883 0.6705883 0.7019608 0.7019608 0.7019608 0.6705883 0.6705883 0.6705883 0.7333333 0.7333333 0.7333333 0.7333333 0.7333333 0.7333333 0.7803922 0.7803922 0.7803922 0.7333333 0.7333333 0.7333333 0.7176471 0.7176471 0.7176471 0.6235294 0.6235294 0.6235294 0.5764706 0.5764706 0.5764706 0.5019608 0.5019608 0.5019608 0.5019608 0.5019608 0.5019608 0.6705883 0.6705883 0.6705883 0.6627451 0.6627451 0.6627451 0.8431373 0.8431373 0.8431373 0.8588236 0.8588236 0.8588236 1 1 1 0.9921569 0.9921569 0.9921569 1 1 1 1 1 1 1 1 1 0.9294118 0.9294118 0.9294118 0.9686275 0.9686275 0.9686275 0.937255 0.937255 0.937255 0.5019608 0.5019608 0.5019608 0.5019608 0.5019608 0.5019608 0.5019608 0.5019608 0.5019608 0.654902 0.654902 0.654902 0.5137255 0.5137255 0.5137255 0.6078432 0.6078432 0.6078432 0.5019608 0.5019608 0.5019608 0.5019608 0.5019608 0.5019608 0.5019608 0.5019608 0.5019608 0.5019608 0.5019608 0.5019608 0.5019608 0.5019608 0.5019608 0.5019608 0.5019608 0.5019608 0.5019608 0.5019608 0.5019608 0.5019608 0.5019608 0.5019608 0.5019608 0.5019608 0.5019608 0.5019608 0.5019608 0.5019608 0.5019608 0.5019608 0.5019608 0.5019608 0.5019608 0.5019608 0.5019608 0.5019608 0.5019608 0.5019608 0.5019608 0.5019608 0.5019608 0.5019608 0.5019608 0.5019608 0.5019608 0.5019608 0.5019608 0.5019608 0.5019608 0.5019608 0.5019608 0.5019608 0.5019608 0.5019608 0.5019608 0.5019608 0.5019608 0.5019608 0.5019608 0.5019608 0.5019608 0.5019608 0.5019608 0.5019608 0.5019608 0.5019608 0.5019608 0.5019608 0.5019608 0.5019608 0.5019608 0.5019608 0.5019608 0.5019608 0.5019608 0.5019608 0.5019608 0.5019608 0.5019608 0.5019608 0.5019608 0.5019608 0.5019608 0.5019608 0.5019608 0.5019608 0.5019608 0.5019608 0.5019608 0.5019608 0.5019608 0.5019608 0.5019608 0.5019608 0.5019608 0.5019608 0.5019608 0.5019608 0.5019608 0.5019608 0.5019608 0.5019608 0.5019608 0.5019608 0.5019608 0.5019608 0.5019608 0.5019608 0.5019608 0.5019608 0.5019608 0.5019608 0.7529413 0.7529413 0.7529413 0.5019608 0.5019608 0.5019608 0.5019608 0.5019608 0.5019608 0.937255 0.937255 0.937255 0.5019608 0.5019608 0.5019608 0.9450981 0.9450981 0.9450981 0.5019608 0.5019608 0.5019608 0.8156863 0.8156863 0.8156863 0.5019608 0.5019608 0.5019608 0.5019608 0.5019608 0.5019608 0.5019608 0.5019608 0.5019608 0.5019608 0.5019608 0.5019608 0.5019608 0.5019608 0.5019608 0.8156863 0.8156863 0.8156863 0.5019608 0.5019608 0.5019608 0.9450981 0.9450981 0.9450981 0.5019608 0.5019608 0.5019608 0.937255 0.937255 0.937255 0.5019608 0.5019608 0.5019608 0.7529413 0.7529413 0.7529413 0.5019608 0.5019608 0.5019608 0.5019608 0.5019608 0.5019608 0.5019608 0.5019608 0.5019608 0.5019608 0.5019608 0.5019608 0.5019608 0.5019608 0.5019608 0.5019608 0.5019608 0.5019608 0.5019608 0.5019608 0.5019608 0.5019608 0.5019608 0.5019608 0.5019608 0.5019608 0.5019608 0.5019608 0.5019608 0.5019608 0.5019608 0.5019608 0.5019608 0.5019608 0.5019608 0.5019608 0.5019608 0.5019608 0.5019608 0.5019608 0.5019608 0.5019608 0.5019608 0.5019608 0.5019608 0.5019608 0.5019608 0.5019608 0.5019608 0.5019608 0.5019608 0.5019608 0.5019608 0.5019608 0.5019608 0.5019608 0.5019608 0.5019608 0.5019608 0.5019608 0.5019608 0.5019608 0.5019608 0.5019608 0.5019608 0.5019608 0.5019608 0.5019608 0.5019608 0.5019608 0.5019608 0.5019608 0.5019608 0.5019608 0.5019608 0.5019608 0.5019608 0.5019608 0.5019608 0.5019608 0.5019608 0.5019608 0.5019608 0.5019608 0.5019608 0.5019608 0.5019608 0.5019608 0.5019608 0.5019608 0.5019608 0.5019608 0.5019608 0.5019608 0.5019608 0.5019608 0.5019608 0.5019608 0.5019608 0.8431373 0.8431373 0.8431373 0.8431373 0.8431373 0.8431373 0.937255 0.937255 0.937255 0.9294118 0.9294118 0.9294118 0.9686275 0.9686275 0.9686275 0.937255 0.937255 0.937255 0.9843138 0.9843138 0.9843138 0.9843138 0.9843138 0.9843138 0.9921569 0.9921569 0.9921569 0.9921569 0.9921569 0.9921569 0.9843138 0.9843138 0.9843138 0.9843138 0.9843138 0.9843138 0.5019608 0.5019608 0.5019608 0.5019608 0.5019608 0.5019608 0.5019608 0.5019608 0.5019608 0.5019608 0.5019608 0.5019608 0.5019608 0.5019608 0.5019608 0.5019608 0.5019608 0.5019608 0.5019608 0.5019608 0.5019608 0.5019608 0.5019608 0.5019608 0.5019608 0.5019608 0.5019608 0.5019608 0.5019608 0.5019608 0.5019608 0.5019608 0.5019608 0.5019608 0.5019608 0.5019608 0.5019608 0.5019608 0.5019608 0.5019608 0.5019608 0.5019608 0.5019608 0.5019608 0.5019608 0.5019608 0.5019608 0.5019608 0.5019608 0.5019608 0.5019608 0.5019608 0.5019608 0.5019608 0.5019608 0.5019608 0.5019608 0.5019608 0.5019608 0.5019608 0.5019608 0.5019608 0.5019608 0.5019608 0.5019608 0.5019608 0.5019608 0.5019608 0.5019608 0.5019608 0.5019608 0.5019608 0.5019608 0.5019608 0.5019608 0.5019608 0.5019608 0.5019608 0.5019608 0.5019608 0.5019608 0.5019608 0.5019608 0.5019608 0.5019608 0.5019608 0.5019608 0.5019608 0.5019608 0.5019608 0.5019608 0.5019608 0.5019608 0.5019608 0.5019608 0.5019608 0.5019608 0.5019608 0.5019608 0.5019608 0.5019608 0.5019608 0.5019608 0.5019608 0.5019608 0.5019608 0.5019608 0.5019608 0.5019608 0.5019608 0.5019608 0.5019608 0.5019608 0.5019608 0.5019608 0.5019608 0.5019608 0.5019608 0.5019608 0.5019608 0.5019608 0.5019608 0.5019608 0.5019608 0.5019608 0.5019608 0.5019608 0.5019608 0.5019608 0.5450981 0.5450981 0.5450981 0.9764706 0.9764706 0.9764706 0.9686275 0.9686275 0.9686275 0.9764706 0.9764706 0.9764706 0.9764706 0.9764706 0.9764706 0.937255 0.937255 0.937255 0.9686275 0.9686275 0.9686275 0.5019608 0.5019608 0.5019608 0.5019608 0.5019608 0.5019608 0.5019608 0.5019608 0.5019608 0.5019608 0.5019608 0.5019608 0.5019608 0.5019608 0.5019608 0.5019608 0.5019608 0.5019608 0.5019608 0.5019608 0.5019608 0.5019608 0.5019608 0.5019608 0.5294118 0.5294118 0.5294118 0.5019608 0.5019608 0.5019608 0.5137255 0.5137255 0.5137255 0.5019608 0.5019608 0.5019608 0.5019608 0.5019608 0.5019608 0.5019608 0.5019608 0.5019608 0.5019608 0.5019608 0.5019608 0.5019608 0.5019608 0.5019608 0.5019608 0.5019608 0.5019608 0.5019608 0.5019608 0.5019608 0.5019608 0.5019608 0.5019608 0.5019608 0.5019608 0.5019608 0.5019608 0.5019608 0.5019608 0.5019608 0.5019608 0.5019608 0.5019608 0.5019608 0.5019608 0.5019608 0.5019608 0.5019608 0.5019608 0.5019608 0.5019608 0.5019608 0.5019608 0.5019608 0.5019608 0.5019608 0.5019608 1 1 1 1 1 1 0.9843138 0.9843138 0.9843138 1 1 1 1 1 1 0.9921569 0.9921569 0.9921569 1 1 1 0.9843138 0.9843138 0.9843138 0.5019608 0.5019608 0.5019608 0.5019608 0.5019608 0.5019608 0.5058824 0.5058824 0.5058824 0.5686275 0.5686275 0.5686275 0.5137255 0.5137255 0.5137255 0.5686275 0.5686275 0.5686275 0.5686275 0.5686275 0.5686275 0.5921569 0.5921569 0.5921569 0.5019608 0.5019608 0.5019608 0.5607843 0.5607843 0.5607843 0.5019608 0.5019608 0.5019608 0.5215687 0.5215687 0.5215687 0.5019608 0.5019608 0.5019608 0.5019608 0.5019608 0.5019608 0.8352942 0.8352942 0.8352942 0.937255 0.937255 0.937255 1 1 1 0.882353 0.882353 0.882353 0.5607843 0.5607843 0.5607843 0.5019608 0.5019608 0.5019608 0.9058824 0.9058824 0.9058824 0.8901961 0.8901961 0.8901961 0.937255 0.937255 0.937255 0.9294118 0.9294118 0.9294118 0.9607844 0.9607844 0.9607844 0.9450981 0.9450981 0.9450981 0.9058824 0.9058824 0.9058824 0.9450981 0.9450981 0.9450981 0.7960785 0.7960785 0.7960785 0.9058824 0.9058824 0.9058824 0.9450981 0.9450981 0.9450981 0.8588236 0.8588236 0.8588236 0.5019608 0.5019608 0.5019608 0.5019608 0.5019608 0.5019608 0.8745099 0.8745099 0.8745099 0.8745099 0.8745099 0.8745099 0.9215687 0.9215687 0.9215687 0.9294118 0.9294118 0.9294118 0.9529412 0.9529412 0.9529412 0.9450981 0.9450981 0.9450981 0.9529412 0.9529412 0.9529412 0.9686275 0.9686275 0.9686275 0.9607844 0.9607844 0.9607844 0.9843138 0.9843138 0.9843138 0.9686275 0.9686275 0.9686275 0.9686275 0.9686275 0.9686275 0.9529412 0.9529412 0.9529412 0.9529412 0.9529412 0.9529412 0.5019608 0.5019608 0.5019608 0.5019608 0.5019608 0.5019608 0.5019608 0.5019608 0.5019608 0.5019608 0.5019608 0.5019608 0.654902 0.654902 0.654902 0.5019608 0.5019608 0.5019608 0.5686275 0.5686275 0.5686275 0.5019608 0.5019608 0.5019608 0.5137255 0.5137255 0.5137255 0.5843138 0.5843138 0.5843138 0.5137255 0.5137255 0.5137255 0.5764706 0.5764706 0.5764706 0.5450981 0.5450981 0.5450981 0.5019608 0.5019608 0.5019608 0.5019608 0.5019608 0.5019608 0.5019608 0.5019608 0.5019608 0.5019608 0.5019608 0.5019608 0.5137255 0.5137255 0.5137255 0.5019608 0.5019608 0.5019608 0.5450981 0.5450981 0.5450981 0.5019608 0.5019608 0.5019608 0.5019608 0.5019608 0.5019608 0.5019608 0.5019608 0.5019608 0.5019608 0.5019608 0.5019608 0.5019608 0.5019608 0.5019608 0.5019608 0.5019608 0.5019608 0.5450981 0.5450981 0.5450981 0.6470588 0.6470588 0.6470588 0.5215687 0.5215687 0.5215687 0.5372549 0.5372549 0.5372549 0.7254902 0.7254902 0.7254902 0.5607843 0.5607843 0.5607843 0.5058824 0.5058824 0.5058824 0.5019608 0.5019608 0.5019608 0.5019608 0.5019608 0.5019608 0.5019608 0.5019608 0.5019608 0.5019608 0.5019608 0.5019608 0.5019608 0.5019608 0.5019608 0.5019608 0.5019608 0.5019608 0.5019608 0.5019608 0.5019608 0.5019608 0.5019608 0.5019608 0.5019608 0.5019608 0.5019608 0.6862745 0.6862745 0.6862745 0.5019608 0.5019608 0.5019608 0.7254902 0.7254902 0.7254902 0.5019608 0.5019608 0.5019608 0.5019608 0.5019608 0.5019608 0.6078432 0.6078432 0.6078432 0.5019608 0.5019608 0.5019608 0.5019608 0.5019608 0.5019608 0.5019608 0.5019608 0.5019608 0.9921569 0.9921569 0.9921569 0.5764706 0.5764706 0.5764706 0.5607843 0.5607843 0.5607843 1 1 1 1 1 1 0.9764706 0.9764706 0.9764706 0.9764706 0.9764706 0.9764706 0.882353 0.882353 0.882353 0.8196079 0.8196079 0.8196079 0.7725491 0.7725491 0.7725491 0.8980393 0.8980393 0.8980393 0.7803922 0.7803922 0.7803922 0.8039216 0.8039216 0.8039216 0.9764706 0.9764706 0.9764706 0.9764706 0.9764706 0.9764706 1 1 1 1 1 1 0.9843138 0.9843138 0.9843138 0.6235294 0.6235294 0.6235294 0.5764706 0.5764706 0.5764706 0.5215687 0.5215687 0.5215687 0.5019608 0.5019608 0.5019608 0.5450981 0.5450981 0.5450981 0.5019608 0.5019608 0.5019608 0.5019608 0.5019608 0.5019608 0.5019608 0.5019608 0.5019608 0.5019608 0.5019608 0.5019608 0.5019608 0.5019608 0.5019608 0.5019608 0.5019608 0.5019608 0.5019608 0.5019608 0.5019608 0.5019608 0.5019608 0.5019608 0.5019608 0.5019608 0.5019608 0.5019608 0.5019608 0.5019608 0.5019608 0.5019608 0.5019608 0.5019608 0.5019608 0.5019608 0.5019608 0.5019608 0.5019608 0.5019608 0.5019608 0.5019608 0.5019608 0.5019608 0.5019608 0.5019608 0.5019608 0.5019608 0.5019608 0.5019608 0.5019608 0.5019608 0.5019608 0.5019608 0.5019608 0.5019608 0.5019608 0.5019608 0.5019608 0.5019608 0.5019608 0.5019608 0.5019608 0.5019608 0.5019608 0.5019608 0.5019608 0.5019608 0.5019608 0.5019608 0.5019608 0.5019608 0.5019608 0.5019608 0.5019608 0.5019608 0.5019608 0.5019608 0.5019608 0.5019608 0.5019608 0.5019608 0.5019608 0.5019608 0.7019608 0.7019608 0.7019608 0.5019608 0.5019608 0.5019608 0.5450981 0.5450981 0.5450981 0.7019608 0.7019608 0.7019608 0.6470588 0.6470588 0.6470588 0.5019608 0.5019608 0.5019608 0.5019608 0.5019608 0.5019608 0.5019608 0.5019608 0.5019608 0.6392157 0.6392157 0.6392157 0.5019608 0.5019608 0.5019608 0.5019608 0.5019608 0.5019608 0.9764706 0.9764706 0.9764706 0.9529412 0.9529412 0.9529412 0.5019608 0.5019608 0.5019608 0.5019608 0.5019608 0.5019608 0.9764706 0.9764706 0.9764706 0.5058824 0.5058824 0.5058824 0.5019608 0.5019608 0.5019608 0.8588236 0.8588236 0.8588236 0.5019608 0.5019608 0.5019608 0.6705883 0.6705883 0.6705883 0.5019608 0.5019608 0.5019608 0.5019608 0.5019608 0.5019608 0.5843138 0.5843138 0.5843138 0.5137255 0.5137255 0.5137255 0.5019608 0.5019608 0.5019608 0.5019608 0.5019608 0.5019608 0.5058824 0.5058824 0.5058824 0.6392157 0.6392157 0.6392157 0.5019608 0.5019608 0.5019608 0.7490196 0.7490196 0.7490196 0.7254902 0.7254902 0.7254902 0.6862745 0.6862745 0.6862745 0.5019608 0.5019608 0.5019608 0.5019608 0.5019608 0.5019608 0.8509805 0.8509805 0.8509805 0.9686275 0.9686275 0.9686275 0.9686275 0.9686275 0.9686275 0.9921569 0.9921569 0.9921569 0.9843138 0.9843138 0.9843138 0.9686275 0.9686275 0.9686275 0.9607844 0.9607844 0.9607844 0.937255 0.937255 0.937255 0.6705883 0.6705883 0.6705883 0.9764706 0.9764706 0.9764706 0.9843138 0.9843138 0.9843138 0.9764706 0.9764706 0.9764706 0.9843138 0.9843138 0.9843138 0.9686275 0.9686275 0.9686275 0.5019608 0.5019608 0.5019608 0.5019608 0.5019608 0.5019608 0.5372549 0.5372549 0.5372549 0.7019608 0.7019608 0.7019608 0.5137255 0.5137255 0.5137255 0.6078432 0.6078432 0.6078432 0.9764706 0.9764706 0.9764706 0.937255 0.937255 0.937255 0.9686275 0.9686275 0.9686275 0.9764706 0.9764706 0.9764706 0.9686275 0.9686275 0.9686275 0.5019608 0.5019608 0.5019608 0.5019608 0.5019608 0.5019608 0.5019608 0.5019608 0.5019608 0.7411765 0.7411765 0.7411765 0.5019608 0.5019608 0.5019608 0.5019608 0.5019608 0.5019608 0.7411765 0.7411765 0.7411765 0.8666667 0.8666667 0.8666667 0.9921569 0.9921569 0.9921569 0.8666667 0.8666667 0.8666667 0.5137255 0.5137255 0.5137255 1 1 1 1 1 1 0.5137255 0.5137255 0.5137255 0.9843138 0.9843138 0.9843138 0.5019608 0.5019608 0.5019608 0.9686275 0.9686275 0.9686275 0.5019608 0.5019608 0.5019608 0.6705883 0.6705883 0.6705883 0.5019608 0.5019608 0.5019608 0.6627451 0.6627451 0.6627451 0.8431373 0.8431373 0.8431373 0.8588236 0.8588236 0.8588236 1 1 1 0.9921569 0.9921569 0.9921569 1 1 1 1 1 1 0.9137256 0.9137256 0.9137256 0.9294118 0.9294118 0.9294118 0.9686275 0.9686275 0.9686275 0.937255 0.937255 0.937255 0.9764706 0.9764706 0.9764706 0.5019608 0.5019608 0.5019608 0.9529412 0.9529412 0.9529412 0.5019608 0.5019608 0.5019608 0.9764706 0.9764706 0.9764706 0.5058824 0.5058824 0.5058824 0.5019608 0.5019608 0.5019608 0.8588236 0.8588236 0.8588236 0.5019608 0.5019608 0.5019608 0.7568628 0.7568628 0.7568628 0.5019608 0.5019608 0.5019608 0.6705883 0.6705883 0.6705883 0.5019608 0.5019608 0.5019608 0.5019608 0.5019608 0.5019608 0.5019608 0.5019608 0.5019608 0.5019608 0.5019608 0.5019608 0.5019608 0.5019608 0.5019608 0.8274511 0.8274511 0.8274511 0.5058824 0.5058824 0.5058824 0.9137256 0.9137256 0.9137256 0.5019608 0.5019608 0.5019608 0.9529412 0.9529412 0.9529412 0.5019608 0.5019608 0.5019608 0.9215687 0.9215687 0.9215687 0.5372549 0.5372549 0.5372549 0.7411765 0.7411765 0.7411765 0.5019608 0.5019608 0.5019608 0.5019608 0.5019608 0.5019608 0.5019608 0.5019608 0.5019608 0.5019608 0.5019608 0.5019608 0.5019608 0.5019608 0.5019608 0.5019608 0.5019608 0.5019608 0.5019608 0.5019608 0.5019608 0.5019608 0.5019608 0.5019608 0.5019608 0.5019608 0.5019608 0.5019608 0.5019608 0.5019608 0.5019608 0.5019608 0.5019608 0.8352942 0.8352942 0.8352942 0.5019608 0.5019608 0.5019608 0.5019608 0.5019608 0.5019608 0.9607844 0.9607844 0.9607844 0.5019608 0.5019608 0.5019608 0.5137255 0.5137255 0.5137255 0.5019608 0.5019608 0.5019608 0.937255 0.937255 0.937255 0.5019608 0.5019608 0.5019608 0.8588236 0.8588236 0.8588236 0.5058824 0.5058824 0.5058824 0.5019608 0.5019608 0.5019608 0.7411765 0.7411765 0.7411765 0.5019608 0.5019608 0.5019608 0.5019608 0.5019608 0.5019608 0.5019608 0.5019608 0.5019608 0.5019608 0.5019608 0.5019608 0.5019608 0.5019608 0.5019608 0.5019608 0.5019608 0.5019608 0.5019608 0.5019608 0.5019608 0.7019608 0.7019608 0.7019608 0.5019608 0.5019608 0.5019608 0.6705883 0.6705883 0.6705883 0.5686275 0.5686275 0.5686275 0.5019608 0.5019608 0.5019608 0.5019608 0.5019608 0.5019608 0.6470588 0.6470588 0.6470588 0.5019608 0.5019608 0.5019608 0.7725491 0.7725491 0.7725491 0.6627451 0.6627451 0.6627451 0.6235294 0.6235294 0.6235294 0.5019608 0.5019608 0.5019608 0.5019608 0.5019608 0.5019608 0.5019608 0.5019608 0.5019608 0.5019608 0.5019608 0.5019608 0.5058824 0.5058824 0.5058824 0.5058824 0.5058824 0.5058824 0.5019608 0.5019608 0.5019608 0.5019608 0.5019608 0.5019608 0.5019608 0.5019608 0.5019608 0.8666667 0.8666667 0.8666667 0.5019608 0.5019608 0.5019608 0.5019608 0.5019608 0.5019608 0.937255 0.937255 0.937255 0.8980393 0.8980393 0.8980393 0.9843138 0.9843138 0.9843138 0.7725491 0.7725491 0.7725491 0.6352941 0.6352941 0.6352941 0.6196079 0.6196079 0.6196079 0.7098039 0.7098039 0.7098039 0.5019608 0.5019608 0.5019608 0.5019608 0.5019608 0.5019608 0.5019608 0.5019608 0.5019608 0.5019608 0.5019608 0.5019608 0.5019608 0.5019608 0.5019608 0.5019608 0.5019608 0.5019608 0.5019608 0.5019608 0.5019608 0.5019608 0.5019608 0.5019608 0.5019608 0.5019608 0.5019608 0.5019608 0.5019608 0.5019608 0.5019608 0.5019608 0.5019608 0.5019608 0.5019608 0.5019608 0.5019608 0.5019608 0.5019608 0.5019608 0.5019608 0.5019608 0.5019608 0.5019608 0.5019608 0.5019608 0.5019608 0.5019608 0.5019608 0.5019608 0.5019608 0.5019608 0.5019608 0.5019608 0.5019608 0.5019608 0.5019608 0.5019608 0.5019608 0.5019608 1 1 1 1 1 1 1 1 1 0.9921569 0.9921569 0.9921569 1 1 1 1 1 1 0.7725491 0.7725491 0.7725491 0.7960785 0.7960785 0.7960785 0.764706 0.764706 0.764706 0.7568628 0.7568628 0.7568628 0.7333333 0.7333333 0.7333333 0.7176471 0.7176471 0.7176471 0.7490196 0.7490196 0.7490196 0.764706 0.764706 0.764706 0.7176471 0.7176471 0.7176471 0.764706 0.764706 0.764706 0.7490196 0.7490196 0.7490196 0.7490196 0.7490196 0.7490196 0.5019608 0.5019608 0.5019608 0.5019608 0.5019608 0.5019608 0.5019608 0.5019608 0.5019608 0.5019608 0.5019608 0.5019608 0.5019608 0.5019608 0.5019608 0.5019608 0.5019608 0.5019608 0.5019608 0.5019608 0.5019608 0.5019608 0.5019608 0.5019608 0.5019608 0.5019608 0.5019608 0.5019608 0.5019608 0.5019608 0.5019608 0.5019608 0.5019608 0.5019608 0.5019608 0.5019608 0.5019608 0.5019608 0.5019608 0.5607843 0.5607843 0.5607843 0.5019608 0.5019608 0.5019608 0.5019608 0.5019608 0.5019608 0.5019608 0.5019608 0.5019608 0.5019608 0.5019608 0.5019608 0.5019608 0.5019608 0.5019608 0.5019608 0.5019608 0.5019608 0.5019608 0.5019608 0.5019608 0.5019608 0.5019608 0.5019608 0.5019608 0.5019608 0.5019608 0.5019608 0.5019608 0.5019608 0.5019608 0.5019608 0.5019608 0.5019608 0.5019608 0.5019608 0.5019608 0.5019608 0.5019608 0.5019608 0.5019608 0.5019608 0.5019608 0.5019608 0.5019608 0.5019608 0.5019608 0.5019608 0.5019608 0.5019608 0.5019608 0.5019608 0.5019608 0.5019608 0.5019608 0.5019608 0.5019608 0.5019608 0.5019608 0.5019608 0.5019608 0.5019608 0.5019608 0.5019608 0.5019608 0.5019608 0.5019608 0.5019608 0.5019608 0.5019608 0.5019608 0.5019608 0.5019608 0.5019608 0.5019608 0.5019608 0.5019608 0.5019608 0.5019608 0.5019608 0.5019608 0.5019608 0.5019608 0.5019608 0.5019608 0.5019608 0.5019608 0.5019608 0.5019608 0.5019608 0.5019608 0.5019608 0.5019608 0.5019608 0.5019608 0.5019608 0.5019608 0.5019608 0.5019608 0.5019608 0.5019608 0.5019608 0.5019608 0.5019608 0.5019608 0.5019608 0.5019608 0.5019608 0.5019608 0.5019608 0.5019608 0.5019608 0.5019608 0.5019608 0.5019608 0.5019608 0.5019608 0.5019608 0.5019608 0.5019608 0.5450981 0.5450981 0.5450981 0.6313726 0.6313726 0.6313726 0.5450981 0.5450981 0.5450981 0.7254902 0.7254902 0.7254902 0.5372549 0.5372549 0.5372549 0.6156863 0.6156863 0.6156863 0.5019608 0.5019608 0.5019608 0.5764706 0.5764706 0.5764706 0.5019608 0.5019608 0.5019608 0.5019608 0.5019608 0.5019608 0.5019608 0.5019608 0.5019608 0.5019608 0.5019608 0.5019608 0.5019608 0.5019608 0.5019608 0.5019608 0.5019608 0.5019608 0.5019608 0.5019608 0.5019608 0.5019608 0.5019608 0.5019608 0.5019608 0.5019608 0.5019608 0.5450981 0.5450981 0.5450981 0.6313726 0.6313726 0.6313726 0.5450981 0.5450981 0.5450981 0.7254902 0.7254902 0.7254902 0.5372549 0.5372549 0.5372549 0.6156863 0.6156863 0.6156863 0.5019608 0.5019608 0.5019608 0.5764706 0.5764706 0.5764706 0.5019608 0.5019608 0.5019608 0.5019608 0.5019608 0.5019608 0.5019608 0.5019608 0.5019608 0.5019608 0.5019608 0.5019608 0.5019608 0.5019608 0.5019608 0.5019608 0.5019608 0.5019608 0.6862745 0.6862745 0.6862745 0.764706 0.764706 0.764706 0.7960785 0.7960785 0.7960785 0.7019608 0.7019608 0.7019608 0.6705883 0.6705883 0.6705883 0.6235294 0.6235294 0.6235294 0.6235294 0.6235294 0.6235294 0.6392157 0.6392157 0.6392157 0.7019608 0.7019608 0.7019608 0.5450981 0.5450981 0.5450981 0.5764706 0.5764706 0.5764706 0.5607843 0.5607843 0.5607843 0.5019608 0.5019608 0.5019608 0.5019608 0.5019608 0.5019608 0.5019608 0.5019608 0.5019608 0.5019608 0.5019608 0.5019608 0.5019608 0.5019608 0.5019608 0.5294118 0.5294118 0.5294118 0.6156863 0.6156863 0.6156863 0.5294118 0.5294118 0.5294118 0.5450981 0.5450981 0.5450981 0.7254902 0.7254902 0.7254902 0.5019608 0.5019608 0.5019608 0.5019608 0.5019608 0.5019608 0.5019608 0.5019608 0.5019608 0.5019608 0.5019608 0.5019608 0.5019608 0.5019608 0.5019608 0.5019608 0.5019608 0.5019608 0.5019608 0.5019608 0.5019608 0.5019608 0.5019608 0.5019608 0.5372549 0.5372549 0.5372549 0.5019608 0.5019608 0.5019608 0.5215687 0.5215687 0.5215687 0.654902 0.654902 0.654902 0.6078432 0.6078432 0.6078432 0.5019608 0.5019608 0.5019608 0.5019608 0.5019608 0.5019608 0.5764706 0.5764706 0.5764706 0.5686275 0.5686275 0.5686275 0.5019608 0.5019608 0.5019608 0.5450981 0.5450981 0.5450981 0.5019608 0.5019608 0.5019608 0.5019608 0.5019608 0.5019608 0.5607843 0.5607843 0.5607843 0.6 0.6 0.6 0.5019608 0.5019608 0.5019608 0.6784314 0.6784314 0.6784314 0.5294118 0.5294118 0.5294118 0.5450981 0.5450981 0.5450981 0.5019608 0.5019608 0.5019608 0.5019608 0.5019608 0.5019608 0.5019608 0.5019608 0.5019608 0.5019608 0.5019608 0.5019608 0.5019608 0.5019608 0.5019608 0.5019608 0.5019608 0.5019608 0.5019608 0.5019608 0.5019608 0.5019608 0.5019608 0.5019608 0.5019608 0.5019608 0.5019608 0.5019608 0.5019608 0.5019608 0.654902 0.654902 0.654902 0.8509805 0.8509805 0.8509805 0.764706 0.764706 0.764706 0.5019608 0.5019608 0.5019608 0.6627451 0.6627451 0.6627451 0.8588236 0.8588236 0.8588236 0.8509805 0.8509805 0.8509805 0.9215687 0.9215687 0.9215687 0.9215687 0.9215687 0.9215687 0.9686275 0.9686275 0.9686275 0.9686275 0.9686275 0.9686275 0.5607843 0.5607843 0.5607843 0.6862745 0.6862745 0.6862745 0.5450981 0.5450981 0.5450981 0.5843138 0.5843138 0.5843138 0.654902 0.654902 0.654902 0.6470588 0.6470588 0.6470588 0.7176471 0.7176471 0.7176471 0.7176471 0.7176471 0.7176471 0.5019608 0.5019608 0.5019608 0.5019608 0.5019608 0.5019608 0.7333333 0.7333333 0.7333333 0.5019608 0.5019608 0.5019608 0.7490196 0.7490196 0.7490196 0.5215687 0.5215687 0.5215687 0.5019608 0.5019608 0.5019608 0.5019608 0.5019608 0.5019608 0.5019608 0.5019608 0.5019608 0.8431373 0.8431373 0.8431373 0.5019608 0.5019608 0.5019608 0.5019608 0.5019608 0.5019608 0.5019608 0.5019608 0.5019608 0.9450981 0.9450981 0.9450981 0.8392158 0.8392158 0.8392158 0.5019608 0.5019608 0.5019608 0.5019608 0.5019608 0.5019608 0.5019608 0.5019608 0.5019608 0.5019608 0.5019608 0.5019608 0.5019608 0.5019608 0.5019608 0.5019608 0.5019608 0.5019608 0.5019608 0.5019608 0.5019608 0.5019608 0.5019608 0.5019608 0.5019608 0.5019608 0.5019608 0.5019608 0.5019608 0.5019608 0.5019608 0.5019608 0.5019608 0.5019608 0.5019608 0.5019608 0.5019608 0.5019608 0.5019608 0.5019608 0.5019608 0.5019608 0.5019608 0.5019608 0.5019608 0.5019608 0.5019608 0.5019608 0.5019608 0.5019608 0.5019608 0.5019608 0.5019608 0.5019608 0.6784314 0.6784314 0.6784314 0.5294118 0.5294118 0.5294118 0.5921569 0.5921569 0.5921569 0.5137255 0.5137255 0.5137255 0.5019608 0.5019608 0.5019608 0.5294118 0.5294118 0.5294118 0.5019608 0.5019608 0.5019608 0.5019608 0.5019608 0.5019608 0.5019608 0.5019608 0.5019608 0.5019608 0.5019608 0.5019608 0.5019608 0.5019608 0.5019608 0.5019608 0.5019608 0.5019608 0.5019608 0.5019608 0.5019608 0.5019608 0.5019608 0.5019608 0.5019608 0.5019608 0.5019608 0.5019608 0.5019608 0.5019608 0.7529413 0.7529413 0.7529413 0.5019608 0.5019608 0.5019608 0.5019608 0.5019608 0.5019608 0.8431373 0.8431373 0.8431373 0.5019608 0.5019608 0.5019608 0.8588236 0.8588236 0.8588236 0.5019608 0.5019608 0.5019608 0.9725491 0.9725491 0.9725491 0.8901961 0.8901961 0.8901961 0.5019608 0.5019608 0.5019608 0.9843138 0.9843138 0.9843138 0.9843138 0.9843138 0.9843138 0.8784314 0.8784314 0.8784314 0.572549 0.572549 0.572549 0.6117647 0.6117647 0.6117647 0.9843138 0.9843138 0.9843138 0.9686275 0.9686275 0.9686275 0.8431373 0.8431373 0.8431373 0.6039216 0.6039216 0.6039216 0.5019608 0.5019608 0.5019608 0.5019608 0.5019608 0.5019608 0.9843138 0.9843138 0.9843138 0.5019608 0.5019608 0.5019608 0.8901961 0.8901961 0.8901961 0.5019608 0.5019608 0.5019608 0.5019608 0.5019608 0.5019608 0.5019608 0.5019608 0.5019608 0.5019608 0.5019608 0.5019608 0.5019608 0.5019608 0.5019608 0.5019608 0.5019608 0.5019608 0.5019608 0.5019608 0.5019608 0.5019608 0.5019608 0.5019608 0.5019608 0.5019608 0.5019608 0.5019608 0.5019608 0.5019608 0.6078432 0.6078432 0.6078432 0.5019608 0.5019608 0.5019608 0.5019608 0.5019608 0.5019608 0.5019608 0.5019608 0.5019608 0.5019608 0.5019608 0.5019608 0.5019608 0.5019608 0.5019608 0.5019608 0.5019608 0.5019608 0.5019608 0.5019608 0.5019608 0.5529412 0.5529412 0.5529412 0.5019608 0.5019608 0.5019608 0.5019608 0.5019608 0.5019608 0.7960785 0.7960785 0.7960785 0.5137255 0.5137255 0.5137255 0.5019608 0.5019608 0.5019608 0.5019608 0.5019608 0.5019608 0.5019608 0.5019608 0.5019608 0.7333333 0.7333333 0.7333333 0.5019608 0.5019608 0.5019608 0.5019608 0.5019608 0.5019608 0.5019608 0.5019608 0.5019608 0.5529412 0.5529412 0.5529412 0.8392158 0.8392158 0.8392158 0.9058824 0.9058824 0.9058824 0.5019608 0.5019608 0.5019608 0.9450981 0.9450981 0.9450981 0.5019608 0.5019608 0.5019608 0.5019608 0.5019608 0.5019608 0.9529412 0.9529412 0.9529412 0.6705883 0.6705883 0.6705883 0.5019608 0.5019608 0.5019608 0.5019608 0.5019608 0.5019608 0.5019608 0.5019608 0.5019608 0.9215687 0.9215687 0.9215687 0.5019608 0.5019608 0.5019608 0.7019608 0.7019608 0.7019608 0.5137255 0.5137255 0.5137255 0.8431373 0.8431373 0.8431373 0.9215687 0.9215687 0.9215687 0.8431373 0.8431373 0.8431373 0.5019608 0.5019608 0.5019608 0.5019608 0.5019608 0.5019608 0.5019608 0.5019608 0.5019608 0.7960785 0.7960785 0.7960785 0.5019608 0.5019608 0.5019608 0.8901961 0.8901961 0.8901961 0.5019608 0.5019608 0.5019608 0.5019608 0.5019608 0.5019608 0.5019608 0.5019608 0.5019608 0.5019608 0.5019608 0.5019608 0.5019608 0.5019608 0.5019608 0.5019608 0.5019608 0.5019608 0.5019608 0.5019608 0.5019608 0.5019608 0.5019608 0.5019608 0.5019608 0.5019608 0.5019608 0.5019608 0.5019608 0.5019608 0.5019608 0.5019608 0.5019608 0.5019608 0.5019608 0.5019608 0.5019608 0.5019608 0.5019608 0.5019608 0.5019608 0.5019608 0.5019608 0.5019608 0.5019608 0.5019608 0.5019608 0.5019608 0.5019608 0.5019608 0.5019608 0.5019608 0.5019608 0.5019608 0.5019608 0.5019608 0.5019608 0.7098039 0.7098039 0.7098039 0.7960785 0.7960785 0.7960785 0.8588236 0.8588236 0.8588236 0.5019608 0.5019608 0.5019608 0.5019608 0.5019608 0.5019608 0.8274511 0.8274511 0.8274511 0.8274511 0.8274511 0.8274511 0.5019608 0.5019608 0.5019608 0.7019608 0.7019608 0.7019608 0.5019608 0.5019608 0.5019608 0.5019608 0.5019608 0.5019608 0.5019608 0.5019608 0.5019608 0.5019608 0.5019608 0.5019608 0.5019608 0.5019608 0.5019608 0.5019608 0.5019608 0.5019608 0.5019608 0.5019608 0.5019608 0.5019608 0.5019608 0.5019608 0.5019608 0.5019608 0.5019608 0.5019608 0.5019608 0.5019608 0.5019608 0.5019608 0.5019608 0.5019608 0.5019608 0.5019608 0.5019608 0.5019608 0.5019608 0.5019608 0.5019608 0.5019608 0.5019608 0.5019608 0.5019608 0.5019608 0.5019608 0.5019608 0.5019608 0.5019608 0.5019608 0.5019608 0.5019608 0.5019608 0.5019608 0.5019608 0.5019608 0.5019608 0.5019608 0.5019608 0.5019608 0.5019608 0.5019608 0.5019608 0.5019608 0.5019608 0.5019608 0.5019608 0.5019608 0.5019608 0.5019608 0.5019608 0.5019608 0.5019608 0.5019608 0.5019608 0.5019608 0.5019608 0.5019608 0.5019608 0.5019608 0.5019608 0.5019608 0.5019608 0.5019608 0.5019608 0.5019608 0.5019608 0.5019608 0.5019608 0.5019608 0.5019608 0.5019608 0.5019608 0.5019608 0.5019608 0.5019608 0.5019608 0.5019608 0.5019608 0.5019608 0.5019608 0.5019608 0.5019608 0.5019608 0.5019608 0.5019608 0.5019608 0.5019608 0.5019608 0.5019608 0.5019608 0.5019608 0.5019608 0.5019608 0.5019608 0.5019608 0.5019608 0.5019608 0.5019608 0.5019608 0.5019608 0.5019608 0.5019608 0.5019608 0.5019608 0.5019608 0.5019608 0.5019608 0.5019608 0.5019608 0.5019608 0.5019608 0.5019608 0.5019608 0.5019608 0.5019608 0.5019608 0.5019608 0.5019608 0.5019608 0.5019608 0.5019608 0.5019608 0.5019608 0.5019608 0.5019608 0.5019608 0.5019608 0.5019608 0.5019608 0.5019608 0.5019608 0.5019608 0.5019608 0.5019608 0.5019608 0.5019608 0.5019608 0.5019608 0.5019608 0.5019608 0.5019608 0.5019608 0.5019608 0.5019608 0.5019608 0.5019608 0.5019608 0.5019608 0.5019608 0.7176471 0.7176471 0.7176471 0.5019608 0.5019608 0.5019608 0.5019608 0.5019608 0.5019608 0.5019608 0.5019608 0.5019608 0.5019608 0.5019608 0.5019608 0.5019608 0.5019608 0.5019608 0.8117648 0.8117648 0.8117648 0.572549 0.572549 0.572549 0.5294118 0.5294118 0.5294118 0.5019608 0.5019608 0.5019608 0.8274511 0.8274511 0.8274511 0.6117647 0.6117647 0.6117647 0.5137255 0.5137255 0.5137255 0.5019608 0.5019608 0.5019608 0.8431373 0.8431373 0.8431373 0.5019608 0.5019608 0.5019608 0.5019608 0.5019608 0.5019608 0.5019608 0.5019608 0.5019608 0.5294118 0.5294118 0.5294118 0.5019608 0.5019608 0.5019608 0.8431373 0.8431373 0.8431373 0.5019608 0.5019608 0.5019608 0.6039216 0.6039216 0.6039216 0.5019608 0.5019608 0.5019608 0.5019608 0.5019608 0.5019608 0.5019608 0.5019608 0.5019608 0.8745099 0.8745099 0.8745099 0.5019608 0.5019608 0.5019608 0.8431373 0.8431373 0.8431373 0.9843138 0.9843138 0.9843138 0.5019608 0.5019608 0.5019608 0.9725491 0.9725491 0.9725491 0.5019608 0.5019608 0.5019608 0.8784314 0.8784314 0.8784314 0.764706 0.764706 0.764706 0.5019608 0.5019608 0.5019608 0.572549 0.572549 0.572549 0.5019608 0.5019608 0.5019608 0.5019608 0.5019608 0.5019608 0.5019608 0.5019608 0.5019608 0.5019608 0.5019608 0.5019608 0.8117648 0.8117648 0.8117648 0.5019608 0.5019608 0.5019608 0.7333333 0.7333333 0.7333333 0.5019608 0.5019608 0.5019608 0.5019608 0.5019608 0.5019608 0.5019608 0.5019608 0.5019608 0.8274511 0.8274511 0.8274511 0.5019608 0.5019608 0.5019608 0.7960785 0.7960785 0.7960785 0.5019608 0.5019608 0.5019608 0.5019608 0.5019608 0.5019608 0.5019608 0.5019608 0.5019608 0.5019608 0.5019608 0.5019608 0.7019608 0.7019608 0.7019608 0.5019608 0.5019608 0.5019608 0.5019608 0.5019608 0.5019608 0.5019608 0.5019608 0.5019608 0.5019608 0.5019608 0.5019608 0.7176471 0.7176471 0.7176471 0.5019608 0.5019608 0.5019608 0.5019608 0.5019608 0.5019608 0.6078432 0.6078432 0.6078432 0.5019608 0.5019608 0.5019608 0.764706 0.764706 0.764706 0.5019608 0.5019608 0.5019608 0.5019608 0.5019608 0.5019608 0.7490196 0.7490196 0.7490196 0.5019608 0.5019608 0.5019608 0.5019608 0.5019608 0.5019608 0.5019608 0.5019608 0.5019608 0.5019608 0.5019608 0.5019608 0.5019608 0.5019608 0.5019608 0.5019608 0.5019608 0.5019608 0.5019608 0.5019608 0.5019608 0.5019608 0.5019608 0.5019608 0.5019608 0.5019608 0.5019608 0.5019608 0.5019608 0.5019608 0.5019608 0.5019608 0.5019608 0.5019608 0.5019608 0.5019608 0.5019608 0.5019608 0.5019608 0.5019608 0.5019608 0.5019608 0.5019608 0.5019608 0.5019608 0.5019608 0.5019608 0.5019608 0.5019608 0.5019608 0.5019608 0.5019608 0.5019608 0.5019608 0.5019608 0.5019608 0.5019608 0.5019608 0.5019608 0.5019608 0.5019608 0.5019608 0.5019608 0.5019608 0.5019608 0.5019608 0.5019608 0.5019608 0.5019608 0.5019608 0.5019608 0.5019608 0.5019608 0.5019608 0.5019608 0.5019608 0.5019608 0.5019608 0.5019608 0.5019608 0.5019608 0.5019608 0.5019608 0.5019608 0.5019608 0.5019608 0.5019608 0.5019608 0.5019608 0.5019608 0.5019608 0.5019608 0.5019608 0.5019608 0.5019608 0.5019608 0.5019608 0.5019608 0.5019608 0.5019608 0.5019608 0.5019608 0.5019608 0.5019608 0.5019608 0.5019608 0.5019608 0.5019608 0.5019608 0.5019608 0.5019608 0.5019608 0.5019608 0.5019608 0.5019608 0.5019608 0.5019608 0.5019608 0.5019608 0.5019608 0.5019608 0.5019608 0.5019608 0.5019608 0.5019608 0.5019608 0.5019608 0.5019608 0.5019608 0.5019608 0.5019608 0.5019608 0.5019608 0.5019608 0.5019608 0.5019608 0.5019608 0.5019608 0.5019608 0.5019608 0.5019608 0.5019608 0.5019608 0.5019608 0.5019608 0.5019608 0.5019608 0.5019608 0.5019608 0.5019608 0.5019608 0.5019608 0.5019608 0.5019608 0.5019608 0.5019608 0.6235294 0.6235294 0.6235294 0.5019608 0.5019608 0.5019608 0.5921569 0.5921569 0.5921569 0.5019608 0.5019608 0.5019608 0.5764706 0.5764706 0.5764706 0.5019608 0.5019608 0.5019608 0.5019608 0.5019608 0.5019608 0.5019608 0.5019608 0.5019608 0.5019608 0.5019608 0.5019608 0.5019608 0.5019608 0.5019608 0.6078432 0.6078432 0.6078432 0.5019608 0.5019608 0.5019608 0.6235294 0.6235294 0.6235294 0.5019608 0.5019608 0.5019608 0.5019608 0.5019608 0.5019608 0.5019608 0.5019608 0.5019608 0.5019608 0.5019608 0.5019608 0.5019608 0.5019608 0.5019608 0.5019608 0.5019608 0.5019608 0.5019608 0.5019608 0.5019608 0.5019608 0.5019608 0.5019608 0.5019608 0.5019608 0.5019608 0.5019608 0.5019608 0.5019608 0.5019608 0.5019608 0.5019608 0.5019608 0.5019608 0.5019608 0.7960785 0.7960785 0.7960785 0.5019608 0.5019608 0.5019608 0.627451 0.627451 0.627451 0.7960785 0.7960785 0.7960785 0.7803922 0.7803922 0.7803922 0.5019608 0.5019608 0.5019608 0.8039216 0.8039216 0.8039216 0.5019608 0.5019608 0.5019608 0.5019608 0.5019608 0.5019608 0.5019608 0.5019608 0.5019608 0.5019608 0.5019608 0.5019608 0.5019608 0.5019608 0.5019608 0.5019608 0.5019608 0.5019608 0.5019608 0.5019608 0.5019608 0.5019608 0.5019608 0.5019608 0.5019608 0.5019608 0.5019608 0.5019608 0.5019608 0.5019608 0.5019608 0.5019608 0.5019608 0.5019608 0.5019608 0.5019608 0.5019608 0.5019608 0.5019608 0.5019608 0.5019608 0.5019608 0.5019608 0.5019608 0.5019608 0.5019608 0.5019608 0.5019608 0.5019608 0.5019608 0.5019608 0.5019608 0.5019608 0.5019608 0.5019608 0.5019608 0.5019608 0.5019608 0.5019608 0.5019608 0.5019608 0.5019608 0.5019608 0.5019608 0.5019608 0.5019608 0.5019608 0.5019608 0.5019608 0.5019608 0.5019608 0.5019608 0.5019608 0.5019608 0.5019608 0.5019608 0.5019608 0.5019608 0.5019608 0.5019608 0.5019608 0.5019608 0.5019608 0.5019608 0.5019608 0.5019608 0.5019608 0.5019608 0.5019608 0.5019608 0.5607843 0.5607843 0.5607843 0.5607843 0.5607843 0.5607843 0.5019608 0.5019608 0.5019608 0.5019608 0.5019608 0.5019608 0.5529412 0.5529412 0.5529412 0.6156863 0.6156863 0.6156863 0.6392157 0.6392157 0.6392157 0.5019608 0.5019608 0.5019608 0.5215687 0.5215687 0.5215687 0.5019608 0.5019608 0.5019608 0.6156863 0.6156863 0.6156863 0.5450981 0.5450981 0.5450981 0.6 0.6 0.6 0.5019608 0.5019608 0.5019608 0.5607843 0.5607843 0.5607843 0.5019608 0.5019608 0.5019608 0.5019608 0.5019608 0.5019608 0.5019608 0.5019608 0.5019608 0.5058824 0.5058824 0.5058824 0.5058824 0.5058824 0.5058824 0.5019608 0.5019608 0.5019608 0.6235294 0.6235294 0.6235294 0.654902 0.654902 0.654902 0.5137255 0.5137255 0.5137255 0.5764706 0.5764706 0.5764706 0.5019608 0.5019608 0.5019608 0.5019608 0.5019608 0.5019608 0.5019608 0.5019608 0.5019608 0.5019608 0.5019608 0.5019608 0.5019608 0.5019608 0.5019608 0.5019608 0.5019608 0.5019608 0.5686275 0.5686275 0.5686275 0.6627451 0.6627451 0.6627451 0.5058824 0.5058824 0.5058824 0.5019608 0.5019608 0.5019608 0.5019608 0.5019608 0.5019608 0.6313726 0.6313726 0.6313726 0.6313726 0.6313726 0.6313726 0.5019608 0.5019608 0.5019608 0.5019608 0.5019608 0.5019608 0.5019608 0.5019608 0.5019608 0.5019608 0.5019608 0.5019608 0.6784314 0.6784314 0.6784314 0.5921569 0.5921569 0.5921569 0.5019608 0.5019608 0.5019608 0.5019608 0.5019608 0.5019608 0.5019608 0.5019608 0.5019608 0.5019608 0.5019608 0.5019608 0.5019608 0.5019608 0.5019608 0.5019608 0.5019608 0.5019608 0.5019608 0.5019608 0.5019608 0.5019608 0.5019608 0.5019608 0.7333333 0.7333333 0.7333333 0.7803922 0.7803922 0.7803922 0.7019608 0.7019608 0.7019608 0.5019608 0.5019608 0.5019608 0.5019608 0.5019608 0.5019608 0.5019608 0.5019608 0.5019608 0.5019608 0.5019608 0.5019608 0.5019608 0.5019608 0.5019608 0.5019608 0.5019608 0.5019608 0.5019608 0.5019608 0.5019608 0.5019608 0.5019608 0.5019608 0.5019608 0.5019608 0.5019608 0.5019608 0.5019608 0.5019608 0.5019608 0.5019608 0.5019608 0.5019608 0.5019608 0.5019608 0.5686275 0.5686275 0.5686275 0.5529412 0.5529412 0.5529412 0.7411765 0.7411765 0.7411765 0.5019608 0.5019608 0.5019608 0.5019608 0.5019608 0.5019608 0.5019608 0.5019608 0.5019608 0.5450981 0.5450981 0.5450981 0.7254902 0.7254902 0.7254902 0.5843138 0.5843138 0.5843138 0.5019608 0.5019608 0.5019608 0.5019608 0.5019608 0.5019608 0.5019608 0.5019608 0.5019608 0.5372549 0.5372549 0.5372549 0.6470588 0.6470588 0.6470588 0.5019608 0.5019608 0.5019608 0.5019608 0.5019608 0.5019608 0.5607843 0.5607843 0.5607843 0.5372549 0.5372549 0.5372549 0.5019608 0.5019608 0.5019608 0.5019608 0.5019608 0.5019608 0.5019608 0.5019608 0.5019608 0.5019608 0.5019608 0.5019608 0.5019608 0.5019608 0.5019608 0.5019608 0.5019608 0.5019608 0.5019608 0.5019608 0.5019608 0.5019608 0.5019608 0.5019608 0.5019608 0.5019608 0.5019608 0.5294118 0.5294118 0.5294118 0.6 0.6 0.6 0.5019608 0.5019608 0.5019608 0.6078432 0.6078432 0.6078432 0.5019608 0.5019608 0.5019608 0.5019608 0.5019608 0.5019608 0.5019608 0.5019608 0.5019608 0.5019608 0.5019608 0.5019608 0.5019608 0.5019608 0.5019608 0.5019608 0.5019608 0.5019608 0.5019608 0.5019608 0.5019608 0.5019608 0.5019608 0.5019608 0.5019608 0.5019608 0.5019608 0.5019608 0.5019608 0.5019608 0.5019608 0.5019608 0.5019608 0.5019608 0.5019608 0.5019608 0.5019608 0.5019608 0.5019608 0.5019608 0.5019608 0.5019608 0.5019608 0.5019608 0.5019608 0.5019608 0.5019608 0.5019608 0.5019608 0.5019608 0.5019608 0.5019608 0.5019608 0.5019608 0.5019608 0.5019608 0.5019608 0.5019608 0.5019608 0.5019608 0.5019608 0.5019608 0.5019608 0.5019608 0.5019608 0.5019608 0.5019608 0.5019608 0.5019608 0.8431373 0.8431373 0.8431373 0.937255 0.937255 0.937255 0.937255 0.937255 0.937255 0.9843138 0.9843138 0.9843138 0.9843138 0.9843138 0.9843138 0.9921569 0.9921569 0.9921569 0.5019608 0.5019608 0.5019608 0.5019608 0.5019608 0.5019608 0.5019608 0.5019608 0.5019608 0.5019608 0.5019608 0.5019608 0.5019608 0.5019608 0.5019608 0.5019608 0.5019608 0.5019608 0.9843138 0.9843138 0.9843138 0.9921569 0.9921569 0.9921569 0.8039216 0.8039216 0.8039216 1 1 1 0.9921569 0.9921569 0.9921569 1 1 1 0.7490196 0.7490196 0.7490196 0.764706 0.764706 0.764706 0.5019608 0.5019608 0.5019608 0.5019608 0.5019608 0.5019608 0.764706 0.764706 0.764706 0.7490196 0.7490196 0.7490196 0.5019608 0.5019608 0.5019608 0.5019608 0.5019608 0.5019608 0.5019608 0.5019608 0.5019608 0.5019608 0.5019608 0.5019608 0.5019608 0.5019608 0.5019608 0.5019608 0.5019608 0.5019608 0.5019608 0.5019608 0.5019608 0.5019608 0.5019608 0.5019608 0.5019608 0.5019608 0.5019608 0.5019608 0.5019608 0.5019608 0.5019608 0.5019608 0.5019608 0.5019608 0.5019608 0.5019608 0.5019608 0.5019608 0.5019608 0.5019608 0.5019608 0.5019608 0.5019608 0.5019608 0.5019608 0.5019608 0.5019608 0.5019608 0.5019608 0.5019608 0.5019608 0.5019608 0.5019608 0.5019608 0.5019608 0.5019608 0.5019608 0.5019608 0.5019608 0.5019608 0.5019608 0.5019608 0.5019608 0.5019608 0.5019608 0.5019608 0.5019608 0.5019608 0.5019608 0.5019608 0.5019608 0.5019608 0.5019608 0.5019608 0.5019608 0.5019608 0.5019608 0.5019608 0.5019608 0.5019608 0.5019608 0.5019608 0.5019608 0.5019608 0.5686275 0.5686275 0.5686275 0.5058824 0.5058824 0.5058824 0.5686275 0.5686275 0.5686275 0.5686275 0.5686275 0.5686275 0.5019608 0.5019608 0.5019608 0.5450981 0.5450981 0.5450981 0.6 0.6 0.6 0.5019608 0.5019608 0.5019608 0.6 0.6 0.6 0.5019608 0.5019608 0.5019608 0.7019608 0.7019608 0.7019608 0.5137255 0.5137255 0.5137255 0.5843138 0.5843138 0.5843138 0.5019608 0.5019608 0.5019608 0.5019608 0.5019608 0.5019608 0.5019608 0.5019608 0.5019608 0.5019608 0.5019608 0.5019608 0.5019608 0.5019608 0.5019608 0.5019608 0.5019608 0.5019608 0.5019608 0.5019608 0.5019608 0.5019608 0.5019608 0.5019608 0.5019608 0.5019608 0.5019608 0.5686275 0.5686275 0.5686275 0.7411765 0.7411765 0.7411765 0.5450981 0.5450981 0.5450981 0.6941177 0.6941177 0.6941177 0.7411765 0.7411765 0.7411765 0.5058824 0.5058824 0.5058824 0.6627451 0.6627451 0.6627451 0.5450981 0.5450981 0.5450981 0.5843138 0.5843138 0.5843138 0.5019608 0.5019608 0.5019608 0.5019608 0.5019608 0.5019608 0.6156863 0.6156863 0.6156863 0.7254902 0.7254902 0.7254902 0.5019608 0.5019608 0.5019608 0.8666667 0.8666667 0.8666667 0.7411765 0.7411765 0.7411765 0.9921569 0.9921569 0.9921569 0.8666667 0.8666667 0.8666667 0.5137255 0.5137255 0.5137255 1 1 1 0.7411765 0.7411765 0.7411765 0.5019608 0.5019608 0.5019608 0.5019608 0.5019608 0.5019608 0.5019608 0.5019608 0.5019608 1 1 1 0.5137255 0.5137255 0.5137255 0.9843138 0.9843138 0.9843138 0.5019608 0.5019608 0.5019608 0.9686275 0.9686275 0.9686275 0.5019608 0.5019608 0.5019608 0.5019608 0.5019608 0.5019608 0.5019608 0.5019608 0.5019608 0.5019608 0.5019608 0.5019608 0.5019608 0.5019608 0.5019608 0.5019608 0.5019608 0.5019608 0.5019608 0.5019608 0.5019608 0.5019608 0.5019608 0.5019608 0.5019608 0.5019608 0.5019608 0.5019608 0.5019608 0.5019608 0.5019608 0.5019608 0.5019608 0.5019608 0.5019608 0.5019608 0.5019608 0.5019608 0.5019608 0.5019608 0.5019608 0.5019608 0.5019608 0.5019608 0.5019608 0.5019608 0.5019608 0.5019608 0.5019608 0.5019608 0.5019608 0.5019608 0.5019608 0.5019608 0.6235294 0.6235294 0.6235294 0.6392157 0.6392157 0.6392157 0.5019608 0.5019608 0.5019608 0.5019608 0.5019608 0.5019608 0.6235294 0.6235294 0.6235294 0.6235294 0.6235294 0.6235294 0.5019608 0.5019608 0.5019608 0.5019608 0.5019608 0.5019608 0.6078432 0.6078432 0.6078432 0.654902 0.654902 0.654902 0.7019608 0.7019608 0.7019608 0.6862745 0.6862745 0.6862745 0.6705883 0.6705883 0.6705883 0.6235294 0.6235294 0.6235294 0.5450981 0.5450981 0.5450981 0.5764706 0.5764706 0.5764706 0.6235294 0.6235294 0.6235294 0.5607843 0.5607843 0.5607843 0.5019608 0.5019608 0.5019608 0.654902 0.654902 0.654902 0.5019608 0.5019608 0.5019608 0.5019608 0.5019608 0.5019608 0.6705883 0.6705883 0.6705883 0.6392157 0.6392157 0.6392157 0.9529412 0.9529412 0.9529412 0.9215687 0.9215687 0.9215687 1 1 1 0.9843138 0.9843138 0.9843138 1 1 1 0.9686275 0.9686275 0.9686275 0.5450981 0.5450981 0.5450981 0.5019608 0.5019608 0.5019608 0.764706 0.764706 0.764706 0.6078432 0.6078432 0.6078432 0.5921569 0.5921569 0.5921569 0.7803922 0.7803922 0.7803922 0.5019608 0.5019608 0.5019608 0.5921569 0.5921569 0.5921569 0.5019608 0.5019608 0.5019608 0.5019608 0.5019608 0.5019608 0.7803922 0.7803922 0.7803922 0.7803922 0.7803922 0.7803922 0.5019608 0.5019608 0.5019608 0.5019608 0.5019608 0.5019608 0.5019608 0.5019608 0.5019608 0.5019608 0.5019608 0.5019608 0.5019608 0.5019608 0.5019608 0.5019608 0.5019608 0.5019608 0.5019608 0.5019608 0.5019608 0.5764706 0.5764706 0.5764706 0.5019608 0.5019608 0.5019608 0.5019608 0.5019608 0.5019608 0.5137255 0.5137255 0.5137255 0.5294118 0.5294118 0.5294118 0.5019608 0.5019608 0.5019608 0.5019608 0.5019608 0.5019608 0.5058824 0.5058824 0.5058824 0.6627451 0.6627451 0.6627451 0.654902 0.654902 0.654902 0.5019608 0.5019608 0.5019608 0.5019608 0.5019608 0.5019608 0.5019608 0.5019608 0.5019608 0.5019608 0.5019608 0.5019608 0.5019608 0.5019608 0.5019608 0.5019608 0.5019608 0.5019608 0.5019608 0.5019608 0.5019608 0.5450981 0.5450981 0.5450981 0.5019608 0.5019608 0.5019608 0.5921569 0.5921569 0.5921569 0.5450981 0.5450981 0.5450981 0.5019608 0.5019608 0.5019608 0.5019608 0.5019608 0.5019608 0.5019608 0.5019608 0.5019608 0.5019608 0.5019608 0.5019608 0.5019608 0.5019608 0.5019608 0.5019608 0.5019608 0.5019608 0.5019608 0.5019608 0.5019608 0.5019608 0.5019608 0.5019608 0.5019608 0.5019608 0.5019608 0.5019608 0.5019608 0.5019608 0.5019608 0.5019608 0.5019608 0.5764706 0.5764706 0.5764706 0.5019608 0.5019608 0.5019608 0.5137255 0.5137255 0.5137255 0.5019608 0.5019608 0.5019608 0.5294118 0.5294118 0.5294118 0.5019608 0.5019608 0.5019608 0.5058824 0.5058824 0.5058824 0.5019608 0.5019608 0.5019608 0.6627451 0.6627451 0.6627451 0.5019608 0.5019608 0.5019608 0.5019608 0.5019608 0.5019608 0.5019608 0.5019608 0.5019608 0.654902 0.654902 0.654902 0.5019608 0.5019608 0.5019608 0.5019608 0.5019608 0.5019608 0.5019608 0.5019608 0.5019608 0.5019608 0.5019608 0.5019608 0.5450981 0.5450981 0.5450981 0.5921569 0.5921569 0.5921569 0.5019608 0.5019608 0.5019608 0.5450981 0.5450981 0.5450981 0.5019608 0.5019608 0.5019608 0.5019608 0.5019608 0.5019608 0.5019608 0.5019608 0.5019608 0.5019608 0.5019608 0.5019608 0.5019608 0.5019608 0.5019608 0.5019608 0.5019608 0.5019608 0.5019608 0.5019608 0.5019608 0.5019608 0.5019608 0.5019608 0.5019608 0.5019608 0.5019608 0.5019608 0.5019608 0.5019608 0.5019608 0.5019608 0.5019608 0.5019608 0.5019608 0.5019608 0.5019608 0.5019608 0.5019608 0.5019608 0.5019608 0.5019608 0.5019608 0.5019608 0.5019608 0.5019608 0.5019608 0.5019608 0.5019608 0.5019608 0.5019608 0.5019608 0.5019608 0.5019608 0.5019608 0.5019608 0.5019608 0.5019608 0.5019608 0.5019608 0.5019608 0.5019608 0.5019608 0.5019608 0.5019608 0.5019608 0.5019608 0.5019608 0.5019608 0.5019608 0.5019608 0.5019608 0.5019608 0.5019608 0.5019608 0.5019608 0.5019608 0.5019608 0.5019608 0.5019608 0.5019608 0.5019608 0.5019608 0.5019608 0.5019608 0.5019608 0.5019608 0.5019608 0.5019608 0.5019608 0.5019608 0.5019608 0.5019608 0.5019608 0.5019608 0.5019608 0.5019608 0.5019608 0.5019608 0.5019608 0.5019608 0.5019608 0.5019608 0.5019608 0.5019608 0.5019608 0.5019608 0.5019608 0.9529412 0.9529412 0.9529412 0.937255 0.937255 0.937255 0.9529412 0.9529412 0.9529412 0.9843138 0.9843138 0.9843138 0.5019608 0.5019608 0.5019608 0.5019608 0.5019608 0.5019608 0.5137255 0.5137255 0.5137255 0.5450981 0.5450981 0.5450981 0.8274511 0.8274511 0.8274511 0.5019608 0.5019608 0.5019608 0.8431373 0.8431373 0.8431373 0.5019608 0.5019608 0.5019608 0.5019608 0.5019608 0.5019608 0.5019608 0.5019608 0.5019608 0.6392157 0.6392157 0.6392157 0.5019608 0.5019608 0.5019608 0.5019608 0.5019608 0.5019608 0.5019608 0.5019608 0.5019608 0.5019608 0.5019608 0.5019608 0.5019608 0.5019608 0.5019608 0.5019608 0.5019608 0.5019608 0.5019608 0.5019608 0.5019608 0.5019608 0.5019608 0.5019608 0.5019608 0.5019608 0.5019608 0.5019608 0.5019608 0.5019608 0.5019608 0.5019608 0.5019608 0.5019608 0.5019608 0.5019608 0.5019608 0.5019608 0.5019608 0.5019608 0.5019608 0.5019608 0.5019608 0.5019608 0.5019608 0.5137255 0.5137255 0.5137255 0.7176471 0.7176471 0.7176471 0.5294118 0.5294118 0.5294118 0.5294118 0.5294118 0.5294118 0.7019608 0.7019608 0.7019608 0.5019608 0.5019608 0.5019608 0.5019608 0.5019608 0.5019608 0.5019608 0.5019608 0.5019608 0.5019608 0.5019608 0.5019608 0.5019608 0.5019608 0.5019608 0.5019608 0.5019608 0.5019608 0.5019608 0.5019608 0.5019608 0.5019608 0.5019608 0.5019608 0.5019608 0.5019608 0.5019608 0.5019608 0.5019608 0.5019608 0.5019608 0.5019608 0.5019608 0.5607843 0.5607843 0.5607843 0.5529412 0.5529412 0.5529412 0.5019608 0.5019608 0.5019608 0.5019608 0.5019608 0.5019608 0.5019608 0.5019608 0.5019608 0.5019608 0.5019608 0.5019608 0.5019608 0.5019608 0.5019608 0.5019608 0.5019608 0.5019608 0.5019608 0.5019608 0.5019608 0.5019608 0.5019608 0.5019608 0.5019608 0.5019608 0.5019608 0.5019608 0.5019608 0.5019608 0.5019608 0.5019608 0.5019608 0.5019608 0.5019608 0.5019608 0.5019608 0.5019608 0.5019608 0.5019608 0.5019608 0.5019608 0.5019608 0.5019608 0.5019608 0.5019608 0.5019608 0.5019608 0.5019608 0.5019608 0.5019608 0.5019608 0.5019608 0.5019608 0.5019608 0.5019608 0.5019608 0.5019608 0.5019608 0.5019608 0.5019608 0.5019608 0.5019608 0.5019608 0.5019608 0.5019608 0.5019608 0.5019608 0.5019608 0.5019608 0.5019608 0.5019608 0.5019608 0.5019608 0.5019608 0.5019608 0.5019608 0.5019608 0.5019608 0.5019608 0.5019608 0.5019608 0.5019608 0.5019608 0.5019608 0.5019608 0.5019608 0.5019608 0.5019608 0.5019608 0.5019608 0.5019608 0.5019608 0.5019608 0.5019608 0.5019608 0.5019608 0.5019608 0.5019608 0.7490196 0.7490196 0.7490196 0.7490196 0.7490196 0.7490196 0.6705883 0.6705883 0.6705883 0.7333333 0.7333333 0.7333333 0.7333333 0.7333333 0.7333333 0.7803922 0.7803922 0.7803922 0.6235294 0.6235294 0.6235294 0.5764706 0.5764706 0.5764706 0.9843138 0.9843138 0.9843138 0.9686275 0.9686275 0.9686275 0.5019608 0.5019608 0.5019608 0.5137255 0.5137255 0.5137255 0.9843138 0.9843138 0.9843138 1 1 1 0.5137255 0.5137255 0.5137255 0.9921569 0.9921569 0.9921569 0.5019608 0.5019608 0.5019608 0.7411765 0.7411765 0.7411765 0.5019608 0.5019608 0.5019608 0.5019608 0.5019608 0.5019608 0.5019608 0.5019608 0.5019608 0.7333333 0.7333333 0.7333333 0.5019608 0.5019608 0.5019608 0.7490196 0.7490196 0.7490196 0.5019608 0.5019608 0.5019608 0.5019608 0.5019608 0.5019608 0.5019608 0.5019608 0.5019608 0.5019608 0.5019608 0.5019608 0.5019608 0.5019608 0.5019608 0.5019608 0.5019608 0.5019608 0.5019608 0.5019608 0.5019608 0.5019608 0.5019608 0.5019608 0.5019608 0.5019608 0.5019608 0.5019608 0.5019608 0.5019608 0.5019608 0.5019608 0.5019608 0.5019608 0.5019608 0.5019608 0.5019608 0.5019608 0.5019608 0.5019608 0.5019608 0.5019608 0.5019608 0.5019608 0.5019608 0.5019608 0.5019608 0.5019608 0.5019608 0.5019608 0.5019608 0.5019608 0.5019608 0.5019608 0.5019608 0.5019608 0.5019608 0.5019608 0.5019608 0.5019608 0.5019608 0.5019608 0.5019608 0.5019608 0.5019608 0.5019608 0.5019608 0.5019608 0.5019608 0.5019608 0.5019608 0.5019608 0.5019608 0.5019608 0.5019608 0.5019608 0.5019608 0.5019608 0.5019608 0.5019608 0.5019608 0.5019608 0.5019608 0.5019608 0.5019608 0.5019608 0.5019608 0.9764706 0.9764706 0.9764706 0.937255 0.937255 0.937255 0.9686275 0.9686275 0.9686275 0.9529412 0.9529412 0.9529412 0.9764706 0.9764706 0.9764706 0.9686275 0.9686275 0.9686275 0.937255 0.937255 0.937255 0.9686275 0.9686275 0.9686275 0.9607844 0.9607844 0.9607844 0.5019608 0.5019608 0.5019608 0.5137255 0.5137255 0.5137255 0.9607844 0.9607844 0.9607844 0.7411765 0.7411765 0.7411765 0.5019608 0.5019608 0.5019608 0.5019608 0.5019608 0.5019608 0.5019608 0.5019608 0.5019608 0.5019608 0.5019608 0.5019608 0.5019608 0.5019608 0.5019608 0.5019608 0.5019608 0.5019608 0.5137255 0.5137255 0.5137255 0.5019608 0.5019608 0.5019608 0.9529412 0.9529412 0.9529412 0.8274511 0.8274511 0.8274511 0.5019608 0.5019608 0.5019608 0.7411765 0.7411765 0.7411765 0.5450981 0.5450981 0.5450981 0.5019608 0.5019608 0.5019608 0.5019608 0.5019608 0.5019608 0.5019608 0.5019608 0.5019608 0.5019608 0.5019608 0.5019608 0.5019608 0.5019608 0.5019608 0.5019608 0.5019608 0.5019608 0.8117648 0.8117648 0.8117648 0.8039216 0.8039216 0.8039216 0.9921569 0.9921569 0.9921569 0.5019608 0.5019608 0.5019608 0.5019608 0.5019608 0.5019608 0.5019608 0.5019608 0.5019608 1 1 1 0.9843138 0.9843138 0.9843138 1 1 1 0.9607844 0.9607844 0.9607844 1 1 1 0.9686275 0.9686275 0.9686275 0.8352942 0.8352942 0.8352942 0.9607844 0.9607844 0.9607844 0.8352942 0.8352942 0.8352942 0.5019608 0.5019608 0.5019608 0.5019608 0.5019608 0.5019608 0.5019608 0.5019608 0.5019608 0.5019608 0.5019608 0.5019608 0.5019608 0.5019608 0.5019608 0.7960785 0.7960785 0.7960785 0.5019608 0.5019608 0.5019608 0.5019608 0.5019608 0.5019608 0.5019608 0.5019608 0.5019608 0.5019608 0.5019608 0.5019608 0.5607843 0.5607843 0.5607843 0.5019608 0.5019608 0.5019608 0.5019608 0.5019608 0.5019608 0.5019608 0.5019608 0.5019608 0.5019608 0.5019608 0.5019608 0.5019608 0.5019608 0.5019608 0.6078432 0.6078432 0.6078432 0.764706 0.764706 0.764706 0.5019608 0.5019608 0.5019608 0.5019608 0.5019608 0.5019608 0.5019608 0.5019608 0.5019608 0.5019608 0.5019608 0.5019608 0.5019608 0.5019608 0.5019608 0.5019608 0.5019608 0.5019608 0.5019608 0.5019608 0.5019608 0.5019608 0.5019608 0.5019608 0.5019608 0.5019608 0.5019608 0.5019608 0.5019608 0.5019608 0.6313726 0.6313726 0.6313726 0.5529412 0.5529412 0.5529412 0.5019608 0.5019608 0.5019608 0.6 0.6 0.6 0.5019608 0.5019608 0.5019608 0.5019608 0.5019608 0.5019608 0.5019608 0.5019608 0.5019608 0.5019608 0.5019608 0.5019608 0.5019608 0.5019608 0.5019608 0.5019608 0.5019608 0.5019608 0.5019608 0.5019608 0.5019608 0.6078432 0.6078432 0.6078432 0.5843138 0.5843138 0.5843138 0.7333333 0.7333333 0.7333333 0.6392157 0.6392157 0.6392157 0.5019608 0.5019608 0.5019608 0.5019608 0.5019608 0.5019608 0.5019608 0.5019608 0.5019608 0.5019608 0.5019608 0.5019608 0.5019608 0.5019608 0.5019608 0.5019608 0.5019608 0.5019608 0.5019608 0.5019608 0.5019608 0.5019608 0.5019608 0.5019608 0.5019608 0.5019608 0.5019608 0.5019608 0.5019608 0.5019608 0.5019608 0.5019608 0.5019608 0.5019608 0.5019608 0.5019608 0.5019608 0.5019608 0.5019608 0.5019608 0.5019608 0.5019608 0.5019608 0.5019608 0.5019608 0.8117648 0.8117648 0.8117648 0.8117648 0.8117648 0.8117648 1 1 1 1 1 1 1 1 1 0.9686275 0.9686275 0.9686275 0.7176471 0.7176471 0.7176471 0.682353 0.682353 0.682353 0.6313726 0.6313726 0.6313726 0.7294118 0.7294118 0.7294118 0.682353 0.682353 0.682353 1 1 1 1 1 1 1 1 1 1 1 1 0.8196079 0.8196079 0.8196079 0.8196079 0.8196079 0.8196079 0.5019608 0.5019608 0.5019608 0.5294118 0.5294118 0.5294118 0.5019608 0.5019608 0.5019608 0.5019608 0.5019608 0.5019608 0.5019608 0.5019608 0.5019608 0.5019608 0.5019608 0.5019608 0.5019608 0.5019608 0.5019608 0.5019608 0.5019608 0.5019608 0.5019608 0.5019608 0.5019608 0.5019608 0.5019608 0.5019608 0.5019608 0.5019608 0.5019608 0.5019608 0.5019608 0.5019608 0.5137255 0.5137255 0.5137255 0.5019608 0.5019608 0.5019608 0.5019608 0.5019608 0.5019608 0.5019608 0.5019608 0.5019608 0.5019608 0.5019608 0.5019608 0.5372549 0.5372549 0.5372549 0.5019608 0.5019608 0.5019608 0.6392157 0.6392157 0.6392157 0.5019608 0.5019608 0.5019608 0.6078432 0.6078432 0.6078432 0.5019608 0.5019608 0.5019608 0.5019608 0.5019608 0.5019608 0.9450981 0.9450981 0.9450981 0.5019608 0.5019608 0.5019608 0.5019608 0.5019608 0.5019608 0.5019608 0.5019608 0.5019608 0.5019608 0.5019608 0.5019608 0.5019608 0.5019608 0.5019608 0.5019608 0.5019608 0.5019608 0.5019608 0.5019608 0.5019608 0.7529413 0.7529413 0.7529413 0.5019608 0.5019608 0.5019608 0.5019608 0.5019608 0.5019608 0.9450981 0.9450981 0.9450981 0.5019608 0.5019608 0.5019608 0.8156863 0.8156863 0.8156863 0.5019608 0.5019608 0.5019608 0.5019608 0.5019608 0.5019608 0.5019608 0.5019608 0.5019608 0.5019608 0.5019608 0.5019608 0.5019608 0.5019608 0.5019608 0.8156863 0.8156863 0.8156863 0.5019608 0.5019608 0.5019608 0.9450981 0.9450981 0.9450981 0.5019608 0.5019608 0.5019608 0.7529413 0.7529413 0.7529413 0.5019608 0.5019608 0.5019608 0.5019608 0.5019608 0.5019608 0.5019608 0.5019608 0.5019608 0.5019608 0.5019608 0.5019608 0.5019608 0.5019608 0.5019608 0.5019608 0.5019608 0.5019608 0.5019608 0.5019608 0.5019608 0.5019608 0.5019608 0.5019608 0.5019608 0.5019608 0.5019608 0.5019608 0.5019608 0.5019608 0.5019608 0.5019608 0.5019608 0.5019608 0.5019608 0.5019608 0.6078432 0.6078432 0.6078432 0.5019608 0.5019608 0.5019608 0.6235294 0.6235294 0.6235294 0.5019608 0.5019608 0.5019608 0.5019608 0.5019608 0.5019608 0.5019608 0.5019608 0.5019608 0.5019608 0.5019608 0.5019608 0.5019608 0.5019608 0.5019608 0.5764706 0.5764706 0.5764706 0.6235294 0.6235294 0.6235294 0.5019608 0.5019608 0.5019608 0.5019608 0.5019608 0.5019608 0.627451 0.627451 0.627451 0.5019608 0.5019608 0.5019608 0.8039216 0.8039216 0.8039216 0.5019608 0.5019608 0.5019608 0.7960785 0.7960785 0.7960785 0.5019608 0.5019608 0.5019608 0.5019608 0.5019608 0.5019608 0.5019608 0.5019608 0.5019608 0.5019608 0.5019608 0.5019608 0.5019608 0.5019608 0.5019608 0.5019608 0.5019608 0.5019608 0.5019608 0.5019608 0.5019608 0.5019608 0.5019608 0.5019608 0.5019608 0.5019608 0.5019608 0.5019608 0.5019608 0.5019608 0.5019608 0.5019608 0.5019608 0.5019608 0.5019608 0.5019608 0.5019608 0.5019608 0.5019608 0.5019608 0.5019608 0.5019608 0.5019608 0.5019608 0.5019608 0.5019608 0.5019608 0.5019608 0.5019608 0.5019608 0.5019608 0.5019608 0.5019608 0.5019608 0.5019608 0.5019608 0.5019608 0.5019608 0.5019608 0.5019608 0.5019608 0.5019608 0.5019608 0.5019608 0.5019608 0.5019608 0.5019608 0.5019608 0.5019608 0.5019608 0.5019608 0.5019608 0.5450981 0.5450981 0.5450981 0.5019608 0.5019608 0.5019608 0.9686275 0.9686275 0.9686275 0.5019608 0.5019608 0.5019608 0.9764706 0.9764706 0.9764706 0.5058824 0.5058824 0.5058824 0.8588236 0.8588236 0.8588236 0.5019608 0.5019608 0.5019608 0.6705883 0.6705883 0.6705883 0.5019608 0.5019608 0.5019608 0.5019608 0.5019608 0.5019608 0.5019608 0.5019608 0.5019608 0.5019608 0.5019608 0.5019608 0.5019608 0.5019608 0.5019608 0.5019608 0.5019608 0.5019608 0.7529413 0.7529413 0.7529413 0.5019608 0.5019608 0.5019608 0.5294118 0.5294118 0.5294118 0.5019608 0.5019608 0.5019608 0.5019608 0.5019608 0.5019608 0.5019608 0.5019608 0.5019608 0.5019608 0.5019608 0.5019608 0.5019608 0.5019608 0.5019608 0.5019608 0.5019608 0.5019608 0.5019608 0.5019608 0.5019608 0.5019608 0.5019608 0.5019608 0.5019608 0.5019608 0.5019608 0.5019608 0.5019608 0.5019608 0.5019608 0.5019608 0.5019608 0.5019608 0.5019608 0.5019608 0.5019608 0.5019608 0.5019608 0.5019608 0.5019608 0.5019608 0.5019608 0.5019608 0.5019608 0.5019608 0.5019608 0.5019608 0.5019608 0.5019608 0.5019608 0.5019608 0.5019608 0.5019608 0.5019608 0.5019608 0.5019608 0.5019608 0.5019608 0.5019608 0.6862745 0.6862745 0.6862745 0.5137255 0.5137255 0.5137255 0.5137255 0.5137255 0.5137255 0.5019608 0.5019608 0.5019608 0.5019608 0.5019608 0.5019608 0.5019608 0.5019608 0.5019608 0.5019608 0.5019608 0.5019608 0.6470588 0.6470588 0.6470588 0.5294118 0.5294118 0.5294118 0.7333333 0.7333333 0.7333333 0.8352942 0.8352942 0.8352942 0.937255 0.937255 0.937255 1 1 1 0.882353 0.882353 0.882353 0.5607843 0.5607843 0.5607843 0.9058824 0.9058824 0.9058824 0.9294118 0.9294118 0.9294118 0.9607844 0.9607844 0.9607844 0.9058824 0.9058824 0.9058824 0.9450981 0.9450981 0.9450981 0.7960785 0.7960785 0.7960785 0.9058824 0.9058824 0.9058824 0.9450981 0.9450981 0.9450981 0.8588236 0.8588236 0.8588236 0.8745099 0.8745099 0.8745099 0.8745099 0.8745099 0.8745099 0.9529412 0.9529412 0.9529412 0.9450981 0.9450981 0.9450981 0.9529412 0.9529412 0.9529412 0.9686275 0.9686275 0.9686275 0.9843138 0.9843138 0.9843138 0.9686275 0.9686275 0.9686275 0.9686275 0.9686275 0.9686275 0.9529412 0.9529412 0.9529412 0.9529412 0.9529412 0.9529412 0.5372549 0.5372549 0.5372549 0.5450981 0.5450981 0.5450981 0.7254902 0.7254902 0.7254902 0.6156863 0.6156863 0.6156863 0.5019608 0.5019608 0.5019608 0.6156863 0.6156863 0.6156863 0.5372549 0.5372549 0.5372549 0.5019608 0.5019608 0.5019608 0.7254902 0.7254902 0.7254902 0.5450981 0.5450981 0.5450981 0.6313726 0.6313726 0.6313726 0.5019608 0.5019608 0.5019608 0.5450981 0.5450981 0.5450981 0.5019608 0.5019608 0.5019608 0.5019608 0.5019608 0.5019608 0.5019608 0.5019608 0.5019608 0.5607843 0.5607843 0.5607843 0.5019608 0.5019608 0.5019608 0.5019608 0.5019608 0.5019608 0.5450981 0.5450981 0.5450981 0.5019608 0.5019608 0.5019608 0.5450981 0.5450981 0.5450981 0.5921569 0.5921569 0.5921569 0.5019608 0.5019608 0.5019608 0.6235294 0.6235294 0.6235294 0.5921569 0.5921569 0.5921569 0.5019608 0.5019608 0.5019608 0.6470588 0.6470588 0.6470588 0.5019608 0.5019608 0.5019608 0.5019608 0.5019608 0.5019608 0.5607843 0.5607843 0.5607843 0.5019608 0.5019608 0.5019608 0.5019608 0.5019608 0.5019608 0.5019608 0.5019608 0.5019608 0.5019608 0.5019608 0.5019608 0.5019608 0.5019608 0.5019608 0.5294118 0.5294118 0.5294118 0.572549 0.572549 0.572549 0.5019608 0.5019608 0.5019608 0.5019608 0.5019608 0.5019608 0.5019608 0.5019608 0.5019608 0.5019608 0.5019608 0.5019608 0.5019608 0.5019608 0.5019608 0.5019608 0.5019608 0.5019608 0.5019608 0.5019608 0.5019608 0.5019608 0.5019608 0.5019608 0.5019608 0.5019608 0.5019608 0.5019608 0.5019608 0.5019608 0.5019608 0.5019608 0.5019608 0.5019608 0.5019608 0.5019608 0.5019608 0.5019608 0.5019608 0.5019608 0.5019608 0.5019608 0.5019608 0.5019608 0.5019608 0.5019608 0.5019608 0.5019608 0.5019608 0.5019608 0.5019608 0.5019608 0.5019608 0.5019608 0.5019608 0.5019608 0.5019608 0.5019608 0.5019608 0.5019608 0.5019608 0.5019608 0.5019608 0.5019608 0.5019608 0.5019608 0.5019608 0.5019608 0.5019608 0.5019608 0.5019608 0.5019608 0.5019608 0.5019608 0.5019608 0.5019608 0.5019608 0.5019608 0.6392157 0.6392157 0.6392157 0.5019608 0.5019608 0.5019608 0.5019608 0.5019608 0.5019608 0.5019608 0.5019608 0.5019608 0.5019608 0.5019608 0.5019608 0.7019608 0.7019608 0.7019608 0.5019608 0.5019608 0.5019608 0.5019608 0.5019608 0.5019608 0.5019608 0.5019608 0.5019608 0.5019608 0.5019608 0.5019608 0.9529412 0.9529412 0.9529412 0.9764706 0.9764706 0.9764706 0.5019608 0.5019608 0.5019608 0.8588236 0.8588236 0.8588236 0.5019608 0.5019608 0.5019608 0.6705883 0.6705883 0.6705883 0.5019608 0.5019608 0.5019608 0.5019608 0.5019608 0.5019608 0.5019608 0.5019608 0.5019608 0.5019608 0.5019608 0.5019608 0.5019608 0.5019608 0.5019608 0.5019608 0.5019608 0.5019608 0.5019608 0.5019608 0.5019608 0.5019608 0.5019608 0.5019608 0.5019608 0.5019608 0.5019608 0.5019608 0.5019608 0.5019608 0.5019608 0.5019608 0.5019608 0.5019608 0.5019608 0.5019608 0.5019608 0.5019608 0.5019608 0.5137255 0.5137255 0.5137255 0.5019608 0.5019608 0.5019608 0.5058824 0.5058824 0.5058824 0.7490196 0.7490196 0.7490196 0.6862745 0.6862745 0.6862745 0.5019608 0.5019608 0.5019608 0.5019608 0.5019608 0.5019608 0.8509805 0.8509805 0.8509805 0.9686275 0.9686275 0.9686275 0.9921569 0.9921569 0.9921569 0.9607844 0.9607844 0.9607844 0.937255 0.937255 0.937255 0.9843138 0.9843138 0.9843138 0.9764706 0.9764706 0.9764706 0.9764706 0.9764706 0.9764706 0.9843138 0.9843138 0.9843138 0.9686275 0.9686275 0.9686275 0.5019608 0.5019608 0.5019608 0.5019608 0.5019608 0.5019608 0.5372549 0.5372549 0.5372549 0.7019608 0.7019608 0.7019608 0.5137255 0.5137255 0.5137255 0.5019608 0.5019608 0.5019608 0.6705883 0.6705883 0.6705883 0.5019608 0.5019608 0.5019608 0.8588236 0.8588236 0.8588236 1 1 1 0.9921569 0.9921569 0.9921569 1 1 1 1 1 1 0.9137256 0.9137256 0.9137256 0.9294118 0.9294118 0.9294118 0.9686275 0.9686275 0.9686275 0.937255 0.937255 0.937255 0.5019608 0.5019608 0.5019608 0.5137255 0.5137255 0.5137255 0.6784314 0.6784314 0.6784314 0.5294118 0.5294118 0.5294118 0.5019608 0.5019608 0.5019608 0.5019608 0.5019608 0.5019608 0.5019608 0.5019608 0.5019608 0.5019608 0.5019608 0.5019608 0.8352942 0.8352942 0.8352942 0.5019608 0.5019608 0.5019608 0.5137255 0.5137255 0.5137255 0.5019608 0.5019608 0.5019608 0.5686275 0.5686275 0.5686275 0.6705883 0.6705883 0.6705883 0.5019608 0.5019608 0.5019608 0.5019608 0.5019608 0.5019608 0.7725491 0.7725491 0.7725491 0.6235294 0.6235294 0.6235294 0.5019608 0.5019608 0.5019608 0.5019608 0.5019608 0.5019608 0.5019608 0.5019608 0.5019608 0.5019608 0.5019608 0.5019608 0.5019608 0.5019608 0.5019608 0.5019608 0.5019608 0.5019608 0.5019608 0.5019608 0.5019608 0.5019608 0.5019608 0.5019608 0.5019608 0.5019608 0.5019608 0.5019608 0.5019608 0.5019608 0.5019608 0.5019608 0.5019608 0.5019608 0.5019608 0.5019608 0.6862745 0.6862745 0.6862745 0.5019608 0.5019608 0.5019608 0.5019608 0.5019608 0.5019608 0.6078432 0.6078432 0.6078432 0.5019608 0.5019608 0.5019608 0.5019608 0.5019608 0.5019608 0.5019608 0.5019608 0.5019608 0.5019608 0.5019608 0.5019608 0.5019608 0.5019608 0.5019608 0.5019608 0.5019608 0.5019608 0.5019608 0.5019608 0.5019608 0.5019608 0.5019608 0.5019608 0.5019608 0.5019608 0.5019608 0.5019608 0.5019608 0.5019608 0.5019608 0.5019608 0.5019608 0.5019608 0.5019608 0.5019608 0.5019608 0.5019608 0.5019608 0.5019608 0.5019608 0.5019608 0.5019608 0.5019608 0.5019608 0.5019608 0.5019608 0.5019608 0.5019608 0.5019608 0.5019608 0.5019608 0.5019608 0.5019608 0.5019608 0.5019608 0.5019608 0.5019608 0.5019608 0.5019608 0.5843138 0.5843138 0.5843138 0.5450981 0.5450981 0.5450981 0.5019608 0.5019608 0.5019608 0.5019608 0.5019608 0.5019608 0.5843138 0.5843138 0.5843138 0.7176471 0.7176471 0.7176471 0.7176471 0.7176471 0.7176471 0.5019608 0.5019608 0.5019608 0.5019608 0.5019608 0.5019608 0.5019608 0.5019608 0.5019608 0.654902 0.654902 0.654902 0.8509805 0.8509805 0.8509805 0.764706 0.764706 0.764706 0.8588236 0.8588236 0.8588236 0.8588236 0.8588236 0.8588236 0.8509805 0.8509805 0.8509805 0.9686275 0.9686275 0.9686275 0.9686275 0.9686275 0.9686275 0.5607843 0.5607843 0.5607843 0.6862745 0.6862745 0.6862745 0.9686275 0.9686275 0.9686275 0.937255 0.937255 0.937255 1 1 1 0.9294118 0.9294118 0.9294118 1 1 1 1 1 1 0.9921569 0.9921569 0.9921569 0.8588236 0.8588236 0.8588236 0.8431373 0.8431373 0.8431373 0.5019608 0.5019608 0.5019608 0.5019608 0.5019608 0.5019608 0.5019608 0.5019608 0.5019608 0.8431373 0.8431373 0.8431373 0.5019608 0.5019608 0.5019608 0.5019608 0.5019608 0.5019608 0.5019608 0.5019608 0.5019608 0.9450981 0.9450981 0.9450981 0.5019608 0.5019608 0.5019608 0.5019608 0.5019608 0.5019608 0.5019608 0.5019608 0.5019608 0.5019608 0.5019608 0.5019608 0.5019608 0.5019608 0.5019608 0.5019608 0.5019608 0.5019608 0.5019608 0.5019608 0.5019608 0.5019608 0.5019608 0.5019608 0.5019608 0.5019608 0.5019608 0.5019608 0.5019608 0.5019608 0.5019608 0.5019608 0.5019608 0.5019608 0.5019608 0.5019608 0.5058824 0.5058824 0.5058824 0.5019608 0.5019608 0.5019608 0.5058824 0.5058824 0.5058824 0.5019608 0.5019608 0.5019608 0.5019608 0.5019608 0.5019608 0.9843138 0.9843138 0.9843138 0.7725491 0.7725491 0.7725491 0.7098039 0.7098039 0.7098039 0.8980393 0.8980393 0.8980393 0.5019608 0.5019608 0.5019608 0.5019608 0.5019608 0.5019608 0.5019608 0.5019608 0.5019608 0.5019608 0.5019608 0.5019608 0.5019608 0.5019608 0.5019608 0.5019608 0.5019608 0.5019608 0.5019608 0.5019608 0.5019608 0.5019608 0.5019608 0.5019608 0.5019608 0.5019608 0.5019608 0.5019608 0.5019608 0.5019608 0.5019608 0.5019608 0.5019608 0.5019608 0.5019608 0.5019608 0.5019608 0.5019608 0.5019608 0.5019608 0.5019608 0.5019608 0.5019608 0.5019608 0.5019608 0.5019608 0.5019608 0.5019608 0.5019608 0.5019608 0.5019608 0.5019608 0.5019608 0.5019608 0.5019608 0.5019608 0.5019608 0.5019608 0.5019608 0.5019608 0.5019608 0.5019608 0.5019608 0.5019608 0.5019608 0.5019608 0.5019608 0.5019608 0.5019608 0.5019608 0.5019608 0.5019608 0.5019608 0.5019608 0.5019608 0.7333333 0.7333333 0.7333333 0.5019608 0.5019608 0.5019608 0.5019608 0.5019608 0.5019608 0.5019608 0.5019608 0.5019608 0.5019608 0.5019608 0.5019608 0.572549 0.572549 0.572549 0.9725491 0.9725491 0.9725491 0.5019608 0.5019608 0.5019608 0.5019608 0.5019608 0.5019608 0.8745099 0.8745099 0.8745099 0.8431373 0.8431373 0.8431373 0.5019608 0.5019608 0.5019608 0.5019608 0.5019608 0.5019608 0.5019608 0.5019608 0.5019608 0.5019608 0.5019608 0.5019608 0.5019608 0.5019608 0.5019608 0.5019608 0.5019608 0.5019608 0.5019608 0.5019608 0.5019608 0.5019608 0.5019608 0.5019608 0.5019608 0.5019608 0.5019608 0.5019608 0.5019608 0.5019608 0.5019608 0.5019608 0.5019608 0.5019608 0.5019608 0.5019608 0.5019608 0.5019608 0.5019608 0.5019608 0.5019608 0.5019608 0.5019608 0.5019608 0.5019608 0.5019608 0.5019608 0.5019608 0.5019608 0.5019608 0.5019608 0.5019608 0.5019608 0.5019608 0.5019608 0.5019608 0.5019608 0.5019608 0.5019608 0.5019608 0.5019608 0.5019608 0.5019608 0.5019608 0.5019608 0.5019608 0.5019608 0.5019608 0.5019608 0.5019608 0.5019608 0.5019608 0.5019608 0.5019608 0.5019608 0.5019608 0.5019608 0.5019608 0.5019608 0.5019608 0.5019608 0.5019608 0.5019608 0.5019608 0.5019608 0.5019608 0.5019608 0.5019608 0.5019608 0.5019608 0.5019608 0.5019608 0.5019608 0.5019608 0.5019608 0.5019608 0.5019608 0.5019608 0.5019608 0.5019608 0.5019608 0.5019608 0.5019608 0.5019608 0.5019608 0.7098039 0.7098039 0.7098039 0.7960785 0.7960785 0.7960785 0.5019608 0.5019608 0.5019608 0.5019608 0.5019608 0.5019608 0.5019608 0.5019608 0.5019608 0.8274511 0.8274511 0.8274511 0.5019608 0.5019608 0.5019608 0.7019608 0.7019608 0.7019608 0.5019608 0.5019608 0.5019608 0.5019608 0.5019608 0.5019608 0.5019608 0.5019608 0.5019608 0.5019608 0.5019608 0.5019608 0.5019608 0.5019608 0.5019608 0.5019608 0.5019608 0.5019608 0.5019608 0.5019608 0.5019608 0.5019608 0.5019608 0.5019608 0.5019608 0.5019608 0.5019608 0.5019608 0.5019608 0.5019608 0.5019608 0.5019608 0.5019608 0.5019608 0.5019608 0.5019608 0.5019608 0.5019608 0.5019608 0.5019608 0.5019608 0.5019608 0.5019608 0.5019608 0.5019608 0.5019608 0.5019608 0.5019608 0.5019608 0.5019608 0.5019608 0.5019608 0.5019608 0.5019608 0.9529412 0.9529412 0.9529412 0.9450981 0.9450981 0.9450981 0.5019608 0.5019608 0.5019608 0.5019608 0.5019608 0.5019608 0.5019608 0.5019608 0.5019608 0.5019608 0.5019608 0.5019608 0.9215687 0.9215687 0.9215687 0.7019608 0.7019608 0.7019608 0.8901961 0.8901961 0.8901961 0.5019608 0.5019608 0.5019608 0.5019608 0.5019608 0.5019608 0.5019608 0.5019608 0.5019608 0.5019608 0.5019608 0.5019608 0.8431373 0.8431373 0.8431373 0.5019608 0.5019608 0.5019608 0.9215687 0.9215687 0.9215687 0.9450981 0.9450981 0.9450981 0.5019608 0.5019608 0.5019608 0.8431373 0.8431373 0.8431373 0.5019608 0.5019608 0.5019608 0.5019608 0.5019608 0.5019608 0.8431373 0.8431373 0.8431373 0.8901961 0.8901961 0.8901961 0.8901961 0.8901961 0.8901961 0.5019608 0.5019608 0.5019608 0.5019608 0.5019608 0.5019608 0.5019608 0.5019608 0.5019608 0.9686275 0.9686275 0.9686275 0.9725491 0.9725491 0.9725491 0.5019608 0.5019608 0.5019608 0.572549 0.572549 0.572549 0.5019608 0.5019608 0.5019608 0.5137255 0.5137255 0.5137255 0.5764706 0.5764706 0.5764706 0.5019608 0.5019608 0.5019608 0.5019608 0.5019608 0.5019608 0.5019608 0.5019608 0.5019608 0.5019608 0.5019608 0.5019608 0.5019608 0.5019608 0.5019608 0.5019608 0.5019608 0.5019608</float_array>
          <technique_common>
            <accessor source="#geom-AccessoryB1__colorsample-map0-array" count="7111" stride="3">
              <param name="R" type="float"/>
              <param name="G" type="float"/>
              <param name="B" type="float"/>
            </accessor>
          </technique_common>
        </source>
        <source id="geom-AccessoryB1__colorsample-map1">
          <float_array id="geom-AccessoryB1__colorsample-map1-array" count="21333">0.07977416 0.4368658 0 0.07977416 0.4392004 0 0.07931639 0.437995 0 0.07931639 0.437995 0 0.07977416 0.4392004 0 0.07931639 0.4392004 0 0.07977416 0.4301976 0 0.07931639 0.4290684 0 0.07977416 0.4278783 0 0.07977416 0.4278783 0 0.07931639 0.4290684 0 0.07931639 0.4278783 0 0.07890441 0.433402 0 0.07847715 0.4332342 0 0.07847715 0.4328222 0 0.07861448 0.4465705 0 0.07890441 0.447013 0 0.07847715 0.4467689 0 0.07847715 0.4465095 0 0.07890441 0.4460975 0 0.07890441 0.4462501 0 0.07977416 0.4368658 0 0.07931639 0.437995 0 0.07977416 0.4392004 0 0.07931639 0.437995 0 0.07931639 0.4392004 0 0.07977416 0.4392004 0 0.07977416 0.4301976 0 0.07977416 0.4278783 0 0.07931639 0.4290684 0 0.07977416 0.4278783 0 0.07931639 0.4278783 0 0.07931639 0.4290684 0 0.07890441 0.433402 0 0.07847715 0.4328222 0 0.07847715 0.4332342 0 0.07861448 0.4465705 0 0.07847715 0.4467689 0 0.07890441 0.447013 0 0.07847715 0.4465095 0 0.07890441 0.4462501 0 0.07890441 0.4460975 0 0.07174792 0.3567712 0 0.07174792 0.3573052 0 0.07031357 0.3568475 0 0.07031357 0.3568475 0 0.07174792 0.3573052 0 0.07031357 0.358175 0 0.07174792 0.3573052 0 0.07174792 0.3583734 0 0.07031357 0.358175 0 0.07244983 0.3432975 0 0.06869612 0.3437095 0 0.07054245 0.3430686 0 0.06810101 0.368307 0 0.07170215 0.3689631 0 0.06990158 0.3690547 0 0.06607156 0.3516594 0 0.06837568 0.3524376 0 0.06784161 0.3530327 0 0.07174792 0.3553521 0 0.07031357 0.3552758 0 0.07174792 0.354818 0 0.07031357 0.3552758 0 0.07031357 0.3539483 0 0.07174792 0.354818 0 0.07031357 0.3539483 0 0.07174792 0.3537499 0 0.07174792 0.354818 0 0.06837568 0.3596399 0 0.07457084 0.3577936 0 0.07493705 0.3599451 0 0.07460136 0.3545586 0 0.06837568 0.3524376 0 0.07502861 0.3524681 0 0.8298619 0.5944152 0 0.8387732 0.595819 0 0.8303197 0.5968567 0 0.8303197 0.5968567 0 0.8387732 0.595819 0 0.8316777 0.5988404 0 0.8102235 0.6230412 0 0.8106813 0.6205387 0 0.8193637 0.6216068 0 0.8106813 0.6205387 0 0.8120699 0.6184939 0 0.8193637 0.6216068 0 0.8276799 0.5979095 0 0.8272069 0.5975433 0 0.8291905 0.5955291 0 0.8213168 0.5978943 0 0.8198367 0.5977722 0 0.8198367 0.5955443 0 0.8213168 0.5978943 0 0.8198367 0.5955443 0 0.8217746 0.597528 0 0.8217746 0.597528 0 0.8198367 0.5955443 0 0.8224003 0.5972839 0 0.8198367 0.5955443 0 0.8236057 0.5970703 0 0.8224003 0.5972839 0 0.8253605 0.5970703 0 0.8291905 0.5955291 0 0.8265812 0.5973144 0 0.8291905 0.5955291 0 0.8272069 0.5975433 0 0.8265812 0.5973144 0 0.8198367 0.6263981 0 0.82121 0.6263371 0 0.8198367 0.6274509 0 0.8291905 0.6263828 0 0.8291905 0.6274509 0 0.8278019 0.6263218 0 0.8291905 0.5955291 0 0.8291905 0.5977722 0 0.8276799 0.5979095 0 0.8572366 0.6242008 0 0.8578165 0.6248417 0 0.8572366 0.6248417 0 0.8578165 0.618204 0 0.8572366 0.6188601 0 0.8572366 0.618204 0 0.8578165 0.618204 0 0.8581979 0.618204 0 0.8581979 0.6188449 0 0.8810865 0.3018845 0 0.8847333 0.2999161 0 0.8847333 0.3018692 0 0.9350576 0.2606699 0 0.9326009 0.2467994 0 0.9337606 0.2420081 0 0.9360647 0.3099565 0 0.9360495 0.3085527 0 0.9364309 0.3092546 0 0.07977416 0.4368658 0 0.07931639 0.437995 0 0.07931639 0.4368658 0 0.07931639 0.4361029 0 0.07977416 0.4368658 0 0.07977416 0.4361029 0 0.07931639 0.4290684 0 0.07977416 0.4301976 0 0.07931639 0.4301976 0 0.07931639 0.4309758 0 0.07977416 0.4301976 0 0.07977416 0.4309758 0 0.07890441 0.4283971 0 0.07847715 0.4287633 0 0.07847715 0.4283513 0 0.07890441 0.4283971 0 0.07847715 0.4328222 0 0.07890441 0.433402 0 0.07977416 0.4368658 0 0.07931639 0.4368658 0 0.07931639 0.437995 0 0.07977416 0.4368658 0 0.07931639 0.4361029 0 0.07977416 0.4361029 0 0.07931639 0.4290684 0 0.07931639 0.4301976 0 0.07977416 0.4301976 0 0.07977416 0.4301976 0 0.07931639 0.4309758 0 0.07977416 0.4309758 0 0.07890441 0.4283971 0 0.07847715 0.4283513 0 0.07847715 0.4287633 0 0.07847715 0.4328222 0 0.07890441 0.4283971 0 0.07890441 0.433402 0 0.07014573 0.3582056 0 0.07190051 0.3582056 0 0.07101548 0.3583276 0 0.07278553 0.3579309 0 0.07014573 0.3582056 0 0.0692607 0.3579309 0 0.07327382 0.3572137 0 0.06878767 0.3572137 0 0.06855878 0.3564965 0 0.07348745 0.3565118 0 0.07350271 0.3545434 0 0.06855878 0.3545434 0 0.069337 0.3537957 0 0.07273976 0.353811 0 0.898497 0.2822766 0 0.898085 0.2811322 0 0.9047227 0.2783093 0 0.8972152 0.2801251 0 0.9047227 0.2783093 0 0.8961166 0.2794385 0 0.8945144 0.2789502 0 0.898497 0.290013 0 0.898497 0.2822766 0 0.892897 0.2787976 0 0.8810712 0.2783093 0 0.8912642 0.2789502 0 0.889662 0.2794385 0 0.8885633 0.2801251 0 0.8876936 0.2811322 0 0.8872816 0.2822766 0 0.8810712 0.2783093 0 0.8872816 0.290013 0 0.8872816 0.2822766 0 0.06837568 0.3596399 0 0.06604104 0.3602502 0 0.06790265 0.358999 0 0.07649348 0.3620508 0 0.06837568 0.3596399 0 0.07493705 0.3599451 0 0.06535439 0.3642481 0 0.07580682 0.366064 0 0.8578165 0.6248417 0 0.8572366 0.6242008 0 0.8581979 0.6242161 0 0.8581979 0.6248417 0 0.8578165 0.6248417 0 0.8581979 0.6235752 0 0.8572366 0.6242008 0 0.8572366 0.62356 0 0.8581979 0.6223545 0 0.8572366 0.62356 0 0.8572366 0.6223545 0 0.8581979 0.6223545 0 0.8572366 0.6206455 0 0.8581979 0.6206455 0 0.9010453 0.3018692 0 0.9010453 0.2999161 0 0.9046922 0.3018845 0 0.9047227 0.2783093 0 0.898497 0.290013 0 0.9010453 0.2999161 0 0.8999618 0.2999161 0 0.8999618 0.3018845 0 0.8858168 0.3018845 0 0.8858168 0.2999161 0 0.8872816 0.290013 0 0.898497 0.290013 0 0.8847333 0.2999161 0 0.8872816 0.290013 0 0.8810865 0.3018845 0 0.8810712 0.2783093 0 0.9326009 0.2467994 0 0.930312 0.2420081 0 0.9337606 0.2420081 0 0.930312 0.2420081 0 0.9297627 0.2418097 0 0.9138933 0.2467994 0 0.9293507 0.241001 0 0.9114824 0.2372473 0 0.9297627 0.2402228 0 0.930312 0.2399939 0 0.9350118 0.2372473 0 0.9337606 0.2399939 0 0.4981918 0.5405356 0 0.5018082 0.5405356 0 0.4981918 0.5460746 0 0.5018082 0.5460746 0 0.4981918 0.5460746 0 0.5018082 0.5460746 0 0.4981918 0.553933 0 0.5018082 0.553933 0 0.4981918 0.553933 0 0.5018082 0.553933 0 0.4981918 0.5594568 0 0.5018082 0.5594568 0 0.5021287 0.5425498 0 0.5021287 0.5574578 0 0.4978714 0.5460594 0 0.4978714 0.553933 0 0.4978714 0.5574578 0 0.4978714 0.5425498 0 0.5021287 0.5539483 0 0.5021287 0.5460594 0 0.494728 0.5320363 0 0.4954147 0.5320363 0 0.494728 0.5331197 0 0.4954147 0.5331197 0 0.494728 0.5331197 0 0.4954147 0.5331197 0 0.494728 0.5346304 0 0.4954147 0.5346304 0 0.494728 0.5346304 0 0.4954147 0.5346304 0 0.494728 0.5357137 0 0.4954147 0.5357137 0 0.4965133 0.5324178 0 0.4965133 0.535317 0 0.4956893 0.5331044 0 0.4956893 0.5346304 0 0.4936294 0.5352407 0 0.4936294 0.5323567 0 0.4944533 0.5345541 0 0.4944533 0.5330281 0 0.8775921 0.5891814 0 0.8856031 0.5891814 0 0.8775921 0.6035706 0 0.8856031 0.6035706 0 0.8775921 0.6298925 0 0.8775921 0.6259708 0 0.8856031 0.6298925 0 0.8856031 0.6259708 0 0.8864118 0.5862364 0 0.8879682 0.5862364 0 0.8864118 0.5890288 0 0.8879682 0.5890288 0 0.8864118 0.5941253 0 0.8864118 0.5933623 0 0.8879682 0.5941253 0 0.8879682 0.5933623 0 0.8868544 0.5947661 0 0.887541 0.5947509 0 0.8868544 0.5975433 0 0.887541 0.5975586 0 0.8868544 0.5992218 0 0.8868544 0.5975433 0 0.887541 0.5992218 0 0.887541 0.5975586 0 0.8868544 0.6003357 0 0.8868544 0.5992218 0 0.887541 0.6003205 0 0.887541 0.5992218 0 0.8868544 0.6018921 0 0.8868544 0.6003357 0 0.887541 0.6018921 0 0.887541 0.6003205 0 0.8868544 0.6026551 0 0.8868544 0.6018921 0 0.887541 0.6026551 0 0.887541 0.6018921 0 0.07548638 0.4306248 0 0.07417411 0.4306248 0 0.07548638 0.4302129 0 0.07417411 0.4302129 0 0.06436256 0.4311742 0 0.06436256 0.4307622 0 0.07054245 0.4311742 0 0.07054245 0.4307622 0 0.0698558 0.4298161 0 0.06979477 0.4310368 0 0.069337 0.4307317 0 0.06930648 0.4310063 0 0.0698558 0.4298161 0 0.069337 0.4307317 0 0.06796368 0.4298161 0 0.0679942 0.4307011 0 0.06932174 0.4298161 0 0.06979477 0.4298161 0 0.069337 0.430106 0 0.0698558 0.4310368 0 0.0698558 0.4310368 0 0.06796368 0.4310216 0 0.069337 0.430106 0 0.0679942 0.4301366 0 0.07904173 0.4306248 0 0.05877775 0.4306248 0 0.07876707 0.4302129 0 0.05877775 0.4302129 0 0.06671245 0.4310979 0 0.06671245 0.4297398 0 0.08625925 0.4310979 0 0.08625925 0.4297398 0 0.08139163 0.4311742 0 0.07904173 0.4311742 0 0.08139163 0.4307622 0 0.07904173 0.4307622 0 0.0623331 0.4306248 0 0.0623331 0.4302129 0 0.06462196 0.4306248 0 0.06462196 0.4302129 0 0.07183947 0.4311742 0 0.07183947 0.4307622 0 0.07316701 0.4311742 0 0.07316701 0.4307622 0 0.07673762 0.4311742 0 0.07470817 0.4311742 0 0.07673762 0.4307622 0 0.07470817 0.4307622 0 0.06462196 0.4306248 0 0.06462196 0.4302129 0 0.06697185 0.4306248 0 0.06697185 0.4302129 0 0.07284657 0.4306248 0 0.07132067 0.4306248 0 0.07284657 0.4302129 0 0.07132067 0.4302129 0 0.08548104 0.4311742 0 0.08368047 0.4311742 0 0.08548104 0.4307622 0 0.08368047 0.4307622 0 0.06697185 0.4306248 0 0.06697185 0.4302129 0 0.06929122 0.4306248 0 0.06929122 0.4302129 0 0.07904173 0.4311742 0 0.07673762 0.4311742 0 0.07904173 0.4307622 0 0.07673762 0.4307622 0 0.06541543 0.4310979 0 0.06541543 0.4297398 0 0.06671245 0.4310979 0 0.06671245 0.4297398 0 0.06250095 0.4310979 0 0.06250095 0.4297398 0 0.06407263 0.4310979 0 0.06407263 0.4297398 0 0.05804532 0.4297398 0 0.06041047 0.4297398 0 0.05804532 0.4310979 0 0.06041047 0.4310979 0 0.05564965 0.4297398 0 0.05804532 0.4297398 0 0.05564965 0.4310979 0 0.05804532 0.4310979 0 0.05334554 0.4297398 0 0.05564965 0.4297398 0 0.05334554 0.4310979 0 0.05564965 0.4310979 0 0.08442817 0.4304723 0 0.08442817 0.429099 0 0.08622874 0.4304723 0 0.08622874 0.429099 0 0.08009461 0.4304723 0 0.08009461 0.429099 0 0.08227664 0.4304723 0 0.08227664 0.429099 0 0.07798886 0.4304723 0 0.07798886 0.429099 0 0.08009461 0.4304723 0 0.08009461 0.429099 0 0.07620355 0.4304723 0 0.07620355 0.429099 0 0.07798886 0.4304723 0 0.07798886 0.429099 0 0.07353323 0.429099 0 0.07479972 0.429099 0 0.07353323 0.4304723 0 0.07479972 0.4304723 0 0.06596475 0.429099 0 0.07229725 0.429099 0 0.06596475 0.4304723 0 0.07229725 0.4304723 0 0.08368047 0.4311742 0 0.08139163 0.4311742 0 0.08368047 0.4307622 0 0.08139163 0.4307622 0 0.08227664 0.4304723 0 0.08227664 0.429099 0 0.08442817 0.4304723 0 0.08442817 0.429099 0 0.08548104 0.4311742 0 0.08548104 0.4307622 0 0.08726635 0.4311742 0 0.08726635 0.4307622 0 0.05154498 0.4297398 0 0.05334554 0.4297398 0 0.05154498 0.4310979 0 0.05334554 0.4310979 0 0.07316701 0.4311742 0 0.07316701 0.4307622 0 0.07470817 0.4311742 0 0.07470817 0.4307622 0 0.07479972 0.429099 0 0.07620355 0.429099 0 0.07479972 0.4304723 0 0.07620355 0.4304723 0 0.06929122 0.4306248 0 0.06929122 0.4302129 0 0.07132067 0.4306248 0 0.07132067 0.4302129 0 0.06041047 0.4297398 0 0.06250095 0.4297398 0 0.06041047 0.4310979 0 0.06250095 0.4310979 0 0.07417411 0.4306248 0 0.07284657 0.4306248 0 0.07417411 0.4302129 0 0.07284657 0.4302129 0 0.06407263 0.4310979 0 0.06407263 0.4297398 0 0.06541543 0.4310979 0 0.06541543 0.4297398 0 0.07054245 0.4311742 0 0.07054245 0.4307622 0 0.07183947 0.4311742 0 0.07183947 0.4307622 0 0.07229725 0.429099 0 0.07353323 0.429099 0 0.07229725 0.4304723 0 0.07353323 0.4304723 0 0.06358434 0.4307622 0 0.06358434 0.4311742 0 0.05055314 0.4307622 0 0.05055314 0.4311742 0 0.06247044 0.4296483 0 0.06247044 0.4311894 0 0.04780652 0.4296483 0 0.04780652 0.4311894 0 0.05159075 0.4304723 0 0.05157549 0.429099 0 0.0652018 0.4304723 0 0.0652018 0.429099 0 0.06445411 0.4296483 0 0.06445411 0.4311894 0 0.06366064 0.4296483 0 0.06364538 0.4311894 0 0.06564431 0.4296483 0 0.06564431 0.4311894 0 0.06445411 0.4296483 0 0.06445411 0.4311894 0 0.06247044 0.4296483 0 0.06366064 0.4296483 0 0.06247044 0.4311894 0 0.06364538 0.4311894 0 0.06596475 0.4304723 0 0.06596475 0.4317235 0 0.0652018 0.4317388 0 0.0652018 0.4304723 0 0.06596475 0.429099 0 0.06596475 0.4304723 0 0.0652018 0.429099 0 0.8813306 0.6849623 0 0.8939193 0.6849623 0 0.8813306 0.6866102 0 0.8939193 0.6866102 0 0.8813306 0.687007 0 0.8939345 0.687007 0 0.8813306 0.6883955 0 0.8939345 0.6883955 0 0.8813154 0.6838941 0 0.893904 0.6838941 0 0.8813154 0.6845961 0 0.893904 0.6845961 0 0.8949111 0.6846876 0 0.8955367 0.6860456 0 0.8942702 0.6849775 0 0.8942702 0.6866255 0 0.8803387 0.6846418 0 0.8809644 0.684947 0 0.8796979 0.6860151 0 0.8809644 0.686595 0 0.07344167 0.4470588 0 0.07753109 0.4470588 0 0.07344167 0.452369 0 0.07753109 0.452369 0 0.07931639 0.4361029 0 0.07931639 0.4353246 0 0.07977416 0.4361029 0 0.07977416 0.4353246 0 0.07977416 0.4344243 0 0.07931639 0.4353246 0 0.07931639 0.4344243 0 0.07931639 0.4326391 0 0.07931639 0.4317541 0 0.07977416 0.4326391 0 0.07977416 0.4317541 0 0.07977416 0.4309758 0 0.07931639 0.4317541 0 0.07931639 0.4309758 0 0.08014038 0.4272373 0 0.08535897 0.4272373 0 0.08014038 0.4276493 0 0.08535897 0.4276493 0 0.08383307 0.4222782 0 0.08383307 0.422034 0 0.08534371 0.4222782 0 0.08534371 0.422034 0 0.08229191 0.411963 0 0.08380255 0.411963 0 0.08229191 0.4173648 0 0.08380255 0.4173648 0 0.07847715 0.4332342 0 0.07890441 0.433402 0 0.07890441 0.4355841 0 0.07847715 0.4355688 0 0.07847715 0.4363012 0 0.07890441 0.4355841 0 0.07890441 0.436286 0 0.07847715 0.4363012 0 0.07890441 0.4371405 0 0.07847715 0.4371862 0 0.07890441 0.4359961 0 0.07847715 0.4361181 0 0.07890441 0.433051 0 0.07847715 0.4332036 0 0.07890441 0.4369726 0 0.07890441 0.4381018 0 0.07847715 0.4380255 0 0.07847715 0.4369726 0 0.07890441 0.4369726 0 0.07847715 0.4361181 0 0.07890441 0.4359961 0 0.07890441 0.4392157 0 0.07847715 0.4391088 0 0.07890441 0.4381018 0 0.07847715 0.4380255 0 0.07847715 0.4380865 0 0.07847715 0.4371862 0 0.07890441 0.4380102 0 0.07890441 0.4371405 0 0.07890441 0.4412146 0 0.07890441 0.4423438 0 0.07847715 0.4413214 0 0.07847715 0.4424048 0 0.07847715 0.4399024 0 0.07890441 0.4399939 0 0.07847715 0.4408026 0 0.07890441 0.4408484 0 0.07890441 0.4416419 0 0.07847715 0.4416876 0 0.07890441 0.4408484 0 0.07847715 0.4408026 0 0.07890441 0.4423438 0 0.07890441 0.4435035 0 0.07847715 0.4424048 0 0.07847715 0.4434577 0 0.07890441 0.4435035 0 0.07847715 0.4443122 0 0.07890441 0.4444038 0 0.07847715 0.4435645 0 0.07847715 0.4424201 0 0.07890441 0.4438392 0 0.07890441 0.4424506 0 0.07890441 0.4278325 0 0.07890441 0.433051 0 0.07847715 0.4278325 0 0.07847715 0.4332036 0 0.07344167 0.4535592 0 0.07344167 0.4527504 0 0.07751583 0.4535592 0 0.07753109 0.4527504 0 0.07751583 0.4554513 0 0.07345693 0.4554513 0 0.07751583 0.4535592 0 0.07344167 0.4535592 0 0.07890441 0.4447547 0 0.07847715 0.4451209 0 0.07890441 0.4444038 0 0.07847715 0.4443122 0 0.08534371 0.4268864 0 0.08383307 0.4268864 0 0.08534371 0.4222782 0 0.08383307 0.4222782 0 0.07847715 0.4435645 0 0.07890441 0.4438392 0 0.07847715 0.4481422 0 0.07890441 0.4477455 0 0.08229191 0.4292516 0 0.08380255 0.4292516 0 0.08229191 0.4330053 0 0.08380255 0.4330053 0 0.07890441 0.4447547 0 0.07890441 0.4492103 0 0.07847715 0.4451209 0 0.07847715 0.4488441 0 0.07890441 0.4482643 0 0.07890441 0.4497597 0 0.07847715 0.448249 0 0.07847715 0.4497444 0 0.08229191 0.4330053 0 0.08380255 0.4330053 0 0.08229191 0.434226 0 0.08380255 0.434226 0 0.07890441 0.4462501 0 0.07890441 0.4477302 0 0.07847715 0.4465095 0 0.07847715 0.4477302 0 0.08534371 0.422034 0 0.08383307 0.422034 0 0.08534371 0.4205234 0 0.08383307 0.4205234 0 0.07847715 0.4467689 0 0.07890441 0.447013 0 0.07847715 0.448249 0 0.07890441 0.4482643 0 0.07847715 0.4424201 0 0.07847715 0.4416876 0 0.07890441 0.4424506 0 0.07890441 0.4416419 0 0.07977416 0.4344243 0 0.07931639 0.4344243 0 0.07977416 0.4335393 0 0.07931639 0.4335393 0 0.07931639 0.4326391 0 0.07977416 0.4335393 0 0.07977416 0.4326391 0 0.07890441 0.4399939 0 0.07847715 0.4399024 0 0.07890441 0.4389868 0 0.07847715 0.439002 0 0.07847715 0.4380865 0 0.07890441 0.4389868 0 0.07890441 0.4380102 0 0.07890441 0.4412146 0 0.07847715 0.4413214 0 0.07847715 0.4402075 0 0.07890441 0.4402228 0 0.07890441 0.4392157 0 0.07847715 0.4402075 0 0.07847715 0.4391088 0 0.08012512 0.4395362 0 0.08535897 0.4395362 0 0.08014038 0.4399481 0 0.08535897 0.4399481 0 0.07344167 0.4470588 0 0.07344167 0.452369 0 0.07753109 0.4470588 0 0.07753109 0.452369 0 0.07931639 0.4353246 0 0.07931639 0.4361029 0 0.07977416 0.4361029 0 0.07977416 0.4353246 0 0.07977416 0.4344243 0 0.07931639 0.4353246 0 0.07931639 0.4344243 0 0.07931639 0.4317541 0 0.07931639 0.4326391 0 0.07977416 0.4326391 0 0.07977416 0.4317541 0 0.07977416 0.4309758 0 0.07931639 0.4317541 0 0.07931639 0.4309758 0 0.08014038 0.4272373 0 0.08014038 0.4276493 0 0.08535897 0.4272373 0 0.08535897 0.4276493 0 0.08383307 0.4222782 0 0.08534371 0.4222782 0 0.08383307 0.422034 0 0.08534371 0.422034 0 0.08229191 0.411963 0 0.08229191 0.4173648 0 0.08380255 0.411963 0 0.08380255 0.4173648 0 0.07890441 0.4355841 0 0.07890441 0.433402 0 0.07847715 0.4332342 0 0.07847715 0.4355688 0 0.07890441 0.4355841 0 0.07847715 0.4363012 0 0.07890441 0.436286 0 0.07890441 0.4371405 0 0.07847715 0.4363012 0 0.07847715 0.4371862 0 0.07847715 0.4332036 0 0.07847715 0.4361181 0 0.07890441 0.433051 0 0.07890441 0.4359961 0 0.07847715 0.4380255 0 0.07890441 0.4381018 0 0.07890441 0.4369726 0 0.07847715 0.4369726 0 0.07847715 0.4361181 0 0.07890441 0.4369726 0 0.07890441 0.4359961 0 0.07847715 0.4380255 0 0.07847715 0.4391088 0 0.07890441 0.4381018 0 0.07890441 0.4392157 0 0.07890441 0.4371405 0 0.07847715 0.4371862 0 0.07890441 0.4380102 0 0.07847715 0.4380865 0 0.07847715 0.4424048 0 0.07890441 0.4423438 0 0.07847715 0.4413214 0 0.07890441 0.4412146 0 0.07890441 0.4408484 0 0.07890441 0.4399939 0 0.07847715 0.4408026 0 0.07847715 0.4399024 0 0.07890441 0.4416419 0 0.07890441 0.4408484 0 0.07847715 0.4416876 0 0.07847715 0.4408026 0 0.07890441 0.4423438 0 0.07847715 0.4424048 0 0.07890441 0.4435035 0 0.07847715 0.4434577 0 0.07847715 0.4443122 0 0.07890441 0.4435035 0 0.07890441 0.4444038 0 0.07847715 0.4435645 0 0.07890441 0.4438392 0 0.07847715 0.4424201 0 0.07890441 0.4424506 0 0.07847715 0.4332036 0 0.07890441 0.433051 0 0.07847715 0.4278325 0 0.07890441 0.4278325 0 0.07344167 0.4535592 0 0.07751583 0.4535592 0 0.07344167 0.4527504 0 0.07753109 0.4527504 0 0.07344167 0.4535592 0 0.07345693 0.4554513 0 0.07751583 0.4535592 0 0.07751583 0.4554513 0 0.07847715 0.4443122 0 0.07847715 0.4451209 0 0.07890441 0.4444038 0 0.07890441 0.4447547 0 0.08534371 0.4268864 0 0.08534371 0.4222782 0 0.08383307 0.4268864 0 0.08383307 0.4222782 0 0.07847715 0.4435645 0 0.07847715 0.4481422 0 0.07890441 0.4438392 0 0.07890441 0.4477455 0 0.08229191 0.4292516 0 0.08229191 0.4330053 0 0.08380255 0.4292516 0 0.08380255 0.4330053 0 0.07847715 0.4488441 0 0.07890441 0.4492103 0 0.07847715 0.4451209 0 0.07890441 0.4447547 0 0.07890441 0.4482643 0 0.07847715 0.448249 0 0.07890441 0.4497597 0 0.07847715 0.4497444 0 0.08229191 0.4330053 0 0.08229191 0.434226 0 0.08380255 0.4330053 0 0.08380255 0.434226 0 0.07847715 0.4477302 0 0.07890441 0.4477302 0 0.07847715 0.4465095 0 0.07890441 0.4462501 0 0.08534371 0.422034 0 0.08534371 0.4205234 0 0.08383307 0.422034 0 0.08383307 0.4205234 0 0.07847715 0.4467689 0 0.07847715 0.448249 0 0.07890441 0.447013 0 0.07890441 0.4482643 0 0.07847715 0.4424201 0 0.07890441 0.4424506 0 0.07847715 0.4416876 0 0.07890441 0.4416419 0 0.07977416 0.4344243 0 0.07977416 0.4335393 0 0.07931639 0.4344243 0 0.07931639 0.4335393 0 0.07977416 0.4335393 0 0.07931639 0.4326391 0 0.07977416 0.4326391 0 0.07890441 0.4399939 0 0.07890441 0.4389868 0 0.07847715 0.4399024 0 0.07847715 0.439002 0 0.07890441 0.4389868 0 0.07847715 0.4380865 0 0.07890441 0.4380102 0 0.07847715 0.4402075 0 0.07847715 0.4413214 0 0.07890441 0.4412146 0 0.07890441 0.4402228 0 0.07847715 0.4402075 0 0.07890441 0.4392157 0 0.07847715 0.4391088 0 0.08012512 0.4395362 0 0.08014038 0.4399481 0 0.08535897 0.4395362 0 0.08535897 0.4399481 0 0.07080186 0.3568169 0 0.07125963 0.3568169 0 0.07080186 0.3578241 0 0.07125963 0.3578241 0 0.07125963 0.3588159 0 0.07080186 0.3578241 0 0.07080186 0.3588159 0 0.07080186 0.3568169 0 0.07125963 0.3568169 0 0.07125963 0.3578241 0 0.07080186 0.3578241 0 0.07080186 0.3588159 0 0.07125963 0.3578241 0 0.07125963 0.3588159 0 0.07080186 0.3606927 0 0.07080186 0.3598077 0 0.07125963 0.3606927 0 0.07125963 0.3598077 0 0.07125963 0.3588159 0 0.07080186 0.3598077 0 0.07080186 0.3588159 0 0.07125963 0.3606927 0 0.07080186 0.3606927 0 0.07125963 0.3598077 0 0.07080186 0.3598077 0 0.07125963 0.3598077 0 0.07080186 0.3588159 0 0.07125963 0.3588159 0 0.07125963 0.365011 0 0.07080186 0.365011 0 0.07125963 0.3636683 0 0.07080186 0.3636683 0 0.07125963 0.3636683 0 0.07080186 0.3615778 0 0.07125963 0.3615778 0 0.07125963 0.3606927 0 0.07080186 0.3615778 0 0.07080186 0.3606927 0 0.07080186 0.365011 0 0.07080186 0.3636683 0 0.07125963 0.365011 0 0.07125963 0.3636683 0 0.07125963 0.3615778 0 0.07080186 0.3636683 0 0.07080186 0.3615778 0 0.07080186 0.3606927 0 0.07125963 0.3615778 0 0.07125963 0.3606927 0 0.07125963 0.3471122 0 0.07125963 0.3506218 0 0.07080186 0.3471122 0 0.07080186 0.3506218 0 0.07080186 0.3471122 0 0.07125963 0.3471122 0 0.07125963 0.3506218 0 0.07080186 0.3506218 0 0.07125963 0.3506218 0 0.07080186 0.3519646 0 0.07125963 0.3519646 0 0.07080186 0.3519646 0 0.07125963 0.3540551 0 0.07080186 0.3540551 0 0.07080186 0.3549401 0 0.07125963 0.3540551 0 0.07125963 0.3549401 0 0.07125963 0.3506218 0 0.07125963 0.3519646 0 0.07080186 0.3506218 0 0.07080186 0.3519646 0 0.07080186 0.3540551 0 0.07125963 0.3519646 0 0.07125963 0.3540551 0 0.07125963 0.3549401 0 0.07080186 0.3540551 0 0.07080186 0.3549401 0 0.07125963 0.3549401 0 0.07125963 0.3558251 0 0.07080186 0.3549401 0 0.07080186 0.3558251 0 0.07080186 0.3568169 0 0.07125963 0.3558251 0 0.07125963 0.3568169 0 0.07080186 0.3549401 0 0.07125963 0.3549401 0 0.07080186 0.3558251 0 0.07125963 0.3558251 0 0.07080186 0.3558251 0 0.07125963 0.3568169 0 0.07080186 0.3568169 0 0.8356146 0.6592355 0 0.8344854 0.6614634 0 0.8343633 0.6588387 0 0.8334172 0.6606851 0 0.8344854 0.6614634 0 0.8327153 0.6632334 0 0.8334172 0.6606851 0 0.8319524 0.6621653 0 0.8327153 0.6632334 0 0.8305028 0.6643625 0 0.8319524 0.6621653 0 0.8300908 0.6631113 0 0.8305028 0.6643625 0 0.8280308 0.664744 0 0.8300908 0.6631113 0 0.8280308 0.6634318 0 0.8280308 0.664744 0 0.8255741 0.6643625 0 0.8280308 0.6634318 0 0.8259708 0.6631113 0 0.8255741 0.6643625 0 0.8233463 0.6632334 0 0.8259708 0.6631113 0 0.8241245 0.6621653 0 0.8233463 0.6632334 0 0.8215762 0.6614634 0 0.8241245 0.6621653 0 0.8226444 0.6606851 0 0.8215762 0.6614634 0 0.8204471 0.6592355 0 0.8226444 0.6606851 0 0.8216983 0.6588387 0 0.8204471 0.6592355 0 0.8200656 0.6567788 0 0.8216983 0.6588387 0 0.8213779 0.6567788 0 0.8200656 0.6567788 0 0.8204471 0.6543069 0 0.8213779 0.6567788 0 0.8216983 0.6547189 0 0.8204471 0.6543069 0 0.8215762 0.6520943 0 0.8216983 0.6547189 0 0.8226444 0.6528725 0 0.8215762 0.6520943 0 0.8233463 0.6503242 0 0.8226444 0.6528725 0 0.8241245 0.6513924 0 0.8233463 0.6503242 0 0.8255741 0.6491951 0 0.8241245 0.6513924 0 0.8259708 0.6504463 0 0.8255741 0.6491951 0 0.8280308 0.6487983 0 0.8259708 0.6504463 0 0.8280308 0.6501259 0 0.8280308 0.6487983 0 0.8305028 0.6491951 0 0.8280308 0.6501259 0 0.8300908 0.6504463 0 0.8305028 0.6491951 0 0.8327153 0.6503242 0 0.8300908 0.6504463 0 0.8319524 0.6513924 0 0.8327153 0.6503242 0 0.8344854 0.6520943 0 0.8319524 0.6513924 0 0.8334172 0.6528725 0 0.8344854 0.6520943 0 0.8356146 0.6543069 0 0.8334172 0.6528725 0 0.8343633 0.6547189 0 0.8356146 0.6543069 0 0.8360113 0.6567788 0 0.8343633 0.6547189 0 0.8346838 0.6567788 0 0.8360113 0.6567788 0 0.8356146 0.6592355 0 0.8346838 0.6567788 0 0.8343633 0.6588387 0 0.8318151 0.6619974 0 0.8300297 0.662913 0 0.830457 0.6601205 0 0.8293126 0.6607004 0 0.8332494 0.6605631 0 0.8318151 0.6619974 0 0.8313726 0.659205 0 0.830457 0.6601205 0 0.834165 0.6587625 0 0.8332494 0.6605631 0 0.8319677 0.6580606 0 0.8313726 0.659205 0 0.8344854 0.6567788 0 0.834165 0.6587625 0 0.832166 0.6567788 0 0.8319677 0.6580606 0 0.834165 0.6547799 0 0.8344854 0.6567788 0 0.8319677 0.6554971 0 0.832166 0.6567788 0 0.8332494 0.6529946 0 0.834165 0.6547799 0 0.8313726 0.6543527 0 0.8319677 0.6554971 0 0.8318151 0.6515602 0 0.8332494 0.6529946 0 0.830457 0.6534371 0 0.8313726 0.6543527 0 0.8300297 0.6506447 0 0.8318151 0.6515602 0 0.8293126 0.652842 0 0.830457 0.6534371 0 0.8280308 0.6503242 0 0.8300297 0.6506447 0 0.8280308 0.6526436 0 0.8293126 0.652842 0 0.8260471 0.6506447 0 0.8280308 0.6503242 0 0.8267643 0.652842 0 0.8280308 0.6526436 0 0.8242466 0.6515602 0 0.8260471 0.6506447 0 0.8256046 0.6534371 0 0.8267643 0.652842 0 0.8228123 0.6529946 0 0.8242466 0.6515602 0 0.8246891 0.6543527 0 0.8256046 0.6534371 0 0.8218967 0.6547799 0 0.8228123 0.6529946 0 0.8241093 0.6554971 0 0.8246891 0.6543527 0 0.8215915 0.6567788 0 0.8218967 0.6547799 0 0.8238956 0.6567788 0 0.8241093 0.6554971 0 0.8218967 0.6587625 0 0.8215915 0.6567788 0 0.8241093 0.6580606 0 0.8238956 0.6567788 0 0.8228123 0.6605631 0 0.8218967 0.6587625 0 0.8246891 0.659205 0 0.8241093 0.6580606 0 0.8242466 0.6619974 0 0.8228123 0.6605631 0 0.8256046 0.6601205 0 0.8246891 0.659205 0 0.8260471 0.662913 0 0.8242466 0.6619974 0 0.8267643 0.6607004 0 0.8256046 0.6601205 0 0.8280308 0.6632181 0 0.8260471 0.662913 0 0.8280308 0.660914 0 0.8267643 0.6607004 0 0.8300297 0.662913 0 0.8280308 0.6632181 0 0.8293126 0.6607004 0 0.8280308 0.660914 0 0.8310674 0.6577706 0 0.8306249 0.6586556 0 0.8301671 0.6574655 0 0.8298466 0.6580911 0 0.8306249 0.6586556 0 0.8299077 0.6593576 0 0.8298466 0.6580911 0 0.8293583 0.6585946 0 0.8299077 0.6593576 0 0.8290226 0.6598154 0 0.8293583 0.6585946 0 0.8287327 0.658915 0 0.8290226 0.6598154 0 0.8280308 0.659968 0 0.8287327 0.658915 0 0.8280308 0.6590219 0 0.8280308 0.659968 0 0.8270543 0.6598154 0 0.8280308 0.6590219 0 0.8273442 0.658915 0 0.8270543 0.6598154 0 0.8261539 0.6593576 0 0.8273442 0.658915 0 0.8267186 0.6585946 0 0.8261539 0.6593576 0 0.825452 0.6586556 0 0.8267186 0.6585946 0 0.826215 0.6580911 0 0.825452 0.6586556 0 0.8249943 0.6577706 0 0.826215 0.6580911 0 0.8258945 0.6574655 0 0.8249943 0.6577706 0 0.8248417 0.6567788 0 0.8258945 0.6574655 0 0.8257877 0.6567788 0 0.8248417 0.6567788 0 0.8249943 0.655787 0 0.8257877 0.6567788 0 0.8258945 0.6560769 0 0.8249943 0.655787 0 0.825452 0.654902 0 0.8258945 0.6560769 0 0.826215 0.6554513 0 0.825452 0.654902 0 0.8261539 0.6542001 0 0.826215 0.6554513 0 0.8267186 0.654963 0 0.8261539 0.6542001 0 0.8270543 0.6537423 0 0.8267186 0.654963 0 0.8273442 0.6546426 0 0.8270543 0.6537423 0 0.8280308 0.6535897 0 0.8273442 0.6546426 0 0.8280308 0.6545358 0 0.8280308 0.6535897 0 0.8290226 0.6537423 0 0.8280308 0.6545358 0 0.8287327 0.6546426 0 0.8290226 0.6537423 0 0.8299077 0.6542001 0 0.8287327 0.6546426 0 0.8293583 0.654963 0 0.8299077 0.6542001 0 0.8306249 0.654902 0 0.8293583 0.654963 0 0.8298466 0.6554513 0 0.8306249 0.654902 0 0.8310674 0.655787 0 0.8298466 0.6554513 0 0.8301671 0.6560769 0 0.8310674 0.655787 0 0.8312352 0.6567788 0 0.8301671 0.6560769 0 0.8302739 0.6567788 0 0.8312352 0.6567788 0 0.8310674 0.6577706 0 0.8302739 0.6567788 0 0.8301671 0.6574655 0 0.07174792 0.3583734 0 0.07174792 0.3617609 0 0.07031357 0.358175 0 0.07031357 0.3618219 0 0.07174792 0.3632105 0 0.07174792 0.3649347 0 0.07031357 0.36495 0 0.07031357 0.3632563 0 0.07174792 0.3632105 0 0.07031357 0.3618219 0 0.07174792 0.3617609 0 0.06565957 0.3476005 0 0.07627985 0.3464256 0 0.07672236 0.3504692 0 0.06607156 0.3516594 0 0.07672236 0.3504692 0 0.06837568 0.3524376 0 0.07502861 0.3524681 0 0.07244983 0.3432975 0 0.07443351 0.3435111 0 0.06869612 0.3437095 0 0.06684978 0.3443351 0 0.06582742 0.3659114 0 0.07479972 0.3674525 0 0.06631571 0.3675593 0 0.07377737 0.3688563 0 0.07031357 0.348867 0 0.07031357 0.3471733 0 0.07174792 0.3472038 0 0.07174792 0.3489128 0 0.07031357 0.348867 0 0.07174792 0.3503624 0 0.07031357 0.3503166 0 0.07031357 0.3539483 0 0.07031357 0.3503166 0 0.07174792 0.3537499 0 0.07174792 0.3503624 0 0.07142748 0.3403677 0 0.07063401 0.3403677 0 0.07063401 0.3384299 0 0.07142748 0.3384299 0 0.07142748 0.3367056 0 0.07063401 0.3384299 0 0.07063401 0.3367056 0 0.07063401 0.3717555 0 0.07142748 0.3717555 0 0.07063401 0.3736935 0 0.07142748 0.3736935 0 0.07142748 0.3754177 0 0.07063401 0.3736935 0 0.07063401 0.3754177 0 0.07142748 0.3442588 0 0.07063401 0.3442588 0 0.07142748 0.3423209 0 0.07063401 0.3423209 0 0.07142748 0.3423209 0 0.07063401 0.3403677 0 0.07142748 0.3403677 0 0.07142748 0.3678645 0 0.07142748 0.3698177 0 0.07063401 0.3678645 0 0.07063401 0.3698177 0 0.07063401 0.3717555 0 0.07142748 0.3698177 0 0.07142748 0.3717555 0 0.07063401 0.3642023 0 0.07142748 0.3642023 0 0.07063401 0.3659266 0 0.07142748 0.3659266 0 0.07142748 0.3678645 0 0.07063401 0.3659266 0 0.07063401 0.3678645 0 0.07142748 0.347921 0 0.07063401 0.347921 0 0.07063401 0.3461967 0 0.07142748 0.3461967 0 0.07142748 0.3442588 0 0.07063401 0.3461967 0 0.07063401 0.3442588 0 0.07142748 0.3838254 0 0.07063401 0.3838254 0 0.07063401 0.3812009 0 0.07142748 0.3812009 0 0.07063401 0.3812009 0 0.07142748 0.377142 0 0.07063401 0.377142 0 0.07142748 0.377142 0 0.07063401 0.3754177 0 0.07142748 0.3754177 0 0.07063401 0.3309224 0 0.07063401 0.3283131 0 0.07142748 0.3283131 0 0.07142748 0.3309224 0 0.07142748 0.3349813 0 0.07063401 0.3309224 0 0.07063401 0.3349813 0 0.07063401 0.3367056 0 0.07142748 0.3349813 0 0.07142748 0.3367056 0 0.07174792 0.3553521 0 0.07174792 0.3567712 0 0.07031357 0.3552758 0 0.07031357 0.3568475 0 0.07110704 0.3520714 0 0.07188525 0.3524681 0 0.0701915 0.3541009 0 0.07096971 0.3542382 0 0.07109179 0.3600519 0 0.07017624 0.3580072 0 0.07188525 0.3596704 0 0.07095445 0.3578851 0 0.07017624 0.3580072 0 0.0701915 0.3541009 0 0.07095445 0.3578851 0 0.07096971 0.3542382 0 0.07095445 0.3578851 0 0.07096971 0.3542382 0 0.07188525 0.3596704 0 0.07188525 0.3524681 0 0.06837568 0.3596399 0 0.06837568 0.3524376 0 0.07457084 0.3577936 0 0.07460136 0.3545586 0 0.07580682 0.366064 0 0.07479972 0.3674525 0 0.06535439 0.3642481 0 0.06582742 0.3659114 0 0.07142748 0.347921 0 0.07142748 0.3496453 0 0.07063401 0.347921 0 0.07063401 0.3496453 0 0.07063401 0.3537042 0 0.07142748 0.3496453 0 0.07142748 0.3537042 0 0.07063401 0.3537042 0 0.07142748 0.3551843 0 0.07063401 0.3551843 0 0.07063401 0.3567559 0 0.07142748 0.3551843 0 0.07142748 0.3567559 0 0.07142748 0.3567559 0 0.07063401 0.3584192 0 0.07142748 0.3584192 0 0.07142748 0.3624781 0 0.07063401 0.3584192 0 0.07063401 0.3624781 0 0.07063401 0.3642023 0 0.07142748 0.3624781 0 0.07142748 0.3642023 0 0.07174792 0.3454032 0 0.07174792 0.3472038 0 0.07031357 0.3471733 0 0.07031357 0.3453879 0 0.07174792 0.3454032 0 0.07031357 0.343679 0 0.07174792 0.343679 0 0.07174792 0.3419547 0 0.07031357 0.343679 0 0.07031357 0.34197 0 0.07174792 0.3419547 0 0.07031357 0.3401846 0 0.07174792 0.3401846 0 0.07174792 0.3384909 0 0.07031357 0.3384909 0 0.07174792 0.3384909 0 0.07031357 0.3370413 0 0.07174792 0.3370413 0 0.07031357 0.3334096 0 0.07174792 0.3334096 0 0.07031357 0.3310598 0 0.07174792 0.3310598 0 0.07031357 0.3667353 0 0.07031357 0.36495 0 0.07174792 0.3649347 0 0.07174792 0.3667201 0 0.07031357 0.3667353 0 0.07174792 0.3684443 0 0.07031357 0.3684443 0 0.07031357 0.3701686 0 0.07174792 0.3684443 0 0.07174792 0.3701686 0 0.07031357 0.3701686 0 0.07174792 0.3719539 0 0.07031357 0.3719539 0 0.07031357 0.3736324 0 0.07174792 0.3736477 0 0.07174792 0.375082 0 0.07031357 0.375082 0 0.07174792 0.3787289 0 0.07031357 0.3787289 0 0.07174792 0.3810788 0 0.07031357 0.3810636 0 0.06631571 0.3675593 0 0.07377737 0.3688563 0 0.06810101 0.368307 0 0.07170215 0.3689631 0 0.8322423 0.6706188 0 0.8358892 0.6706188 0 0.8322423 0.6747692 0 0.8358892 0.6747692 0 0.8172274 0.6743877 0 0.818204 0.6770428 0 0.8172274 0.6811627 0 0.818204 0.6811627 0 0.819028 0.6831617 0 0.8190433 0.6899214 0 0.8180667 0.6858015 0 0.8180667 0.6899214 0 0.8277256 0.5981842 0 0.8291905 0.5980774 0 0.8279088 0.5990082 0 0.8291905 0.5989624 0 0.8279088 0.5990082 0 0.8291905 0.6011597 0 0.8279088 0.6011597 0 0.8236057 0.5970703 0 0.8198367 0.5955443 0 0.8253605 0.5970703 0 0.8291905 0.5955291 0 0.4995804 0.5401236 0 0.4995804 0.5238117 0 0.5049515 0.5401236 0 0.5049515 0.5238117 0 0.8198367 0.6099489 0 0.8211185 0.6099489 0 0.8198367 0.6263981 0 0.82121 0.6263371 0 0.8198367 0.608011 0 0.8211185 0.608011 0 0.8198367 0.6099489 0 0.8211185 0.6099489 0 0.8198367 0.6056458 0 0.8211185 0.6056458 0 0.8198367 0.608011 0 0.8211185 0.608011 0 0.8198367 0.6031433 0 0.8211185 0.6031433 0 0.8198367 0.6056458 0 0.8211185 0.6056458 0 0.8198367 0.6011597 0 0.8211185 0.6011597 0 0.8198367 0.6031433 0 0.8211185 0.6031433 0 0.8211032 0.5990082 0 0.8211185 0.6011597 0 0.8198367 0.6011597 0 0.8198367 0.5989624 0 0.8198367 0.5980774 0 0.8211032 0.5990082 0 0.8212711 0.5981842 0 0.8278935 0.6031433 0 0.8279088 0.6011597 0 0.8291905 0.6031433 0 0.8291905 0.6011597 0 0.8278935 0.6056458 0 0.8278935 0.6031433 0 0.8291905 0.6056458 0 0.8291905 0.6031433 0 0.8278935 0.608011 0 0.8278935 0.6056458 0 0.8291905 0.608011 0 0.8291905 0.6056458 0 0.8278935 0.6099489 0 0.8278935 0.608011 0 0.8291905 0.6099489 0 0.8291905 0.608011 0 0.8278019 0.6263218 0 0.8278935 0.6099489 0 0.8291905 0.6263828 0 0.8291905 0.6099489 0 0.8578165 0.6148318 0 0.8572366 0.6148776 0 0.8572366 0.6128023 0 0.8578165 0.6127871 0 0.8572366 0.6128023 0 0.8578165 0.6101472 0 0.8572366 0.610132 0 0.8578165 0.6101472 0 0.8572366 0.6076295 0 0.8578165 0.6075685 0 0.8572366 0.6302434 0 0.8572366 0.6281682 0 0.8578165 0.6282292 0 0.8578165 0.6302587 0 0.8578165 0.6328984 0 0.8572366 0.6302434 0 0.8572366 0.6329137 0 0.8572366 0.6354162 0 0.8578165 0.6328984 0 0.8578165 0.6354772 0 0.8578165 0.6075685 0 0.8572366 0.6076295 0 0.8578165 0.6052186 0 0.8572366 0.6053559 0 0.8578165 0.6354772 0 0.8578165 0.6378272 0 0.8572366 0.6354162 0 0.8572366 0.6376898 0 0.8578165 0.5862974 0 0.8578165 0.6052186 0 0.8572366 0.5862974 0 0.8572366 0.6053559 0 0.8578165 0.6378272 0 0.8578165 0.6567483 0 0.8572366 0.6376898 0 0.8572366 0.6567483 0 0.8578165 0.6567483 0 0.8578165 0.663035 0 0.8572366 0.6567483 0 0.8572366 0.663035 0 0.8578165 0.6148318 0 0.8578165 0.617258 0 0.8572366 0.6148776 0 0.8572366 0.6172274 0 0.8578165 0.6282292 0 0.8572366 0.6281682 0 0.8578165 0.625803 0 0.8572366 0.6258183 0 0.8578165 0.617258 0 0.8578165 0.618204 0 0.8572366 0.6172274 0 0.8572366 0.618204 0 0.8578165 0.625803 0 0.8572366 0.6258183 0 0.8578165 0.6248417 0 0.8572366 0.6248417 0 0.8198367 0.5980774 0 0.8198367 0.5977722 0 0.8212711 0.5981842 0 0.8213168 0.5978943 0 0.8581979 0.6194857 0 0.8581979 0.6206455 0 0.8572366 0.619501 0 0.8572366 0.6206455 0 0.8291905 0.5980774 0 0.8277256 0.5981842 0 0.8291905 0.5977722 0 0.8276799 0.5979095 0 0.8989853 0.601236 0 0.9052415 0.601236 0 0.8989853 0.6019074 0 0.9052415 0.6019074 0 0.8989853 0.5912108 0 0.9052415 0.5912108 0 0.8989853 0.5948119 0 0.9052415 0.5948119 0 0.892134 0.5912414 0 0.8983749 0.5912414 0 0.892134 0.5948272 0 0.8983749 0.5948272 0 0.8921187 0.6019226 0 0.8921187 0.6012512 0 0.8983749 0.6019226 0 0.8983749 0.6012512 0 0.8787976 0.5912566 0 0.8915846 0.5912566 0 0.8787976 0.5953765 0 0.8915846 0.5953765 0 0.8787976 0.5964141 0 0.8787976 0.5953765 0 0.8915846 0.5964141 0 0.8915846 0.5953765 0 0.8787976 0.5964141 0 0.8787976 0.5953765 0 0.8915846 0.5964141 0 0.8915846 0.5953765 0 0.8915846 0.5953765 0 0.8915846 0.5964141 0 0.8787976 0.5953765 0 0.8787976 0.5964141 0 0.8787976 0.5974517 0 0.8787976 0.5964141 0 0.8915846 0.5974517 0 0.8915846 0.5964141 0 0.8787976 0.5964141 0 0.8787976 0.5953765 0 0.8915846 0.5964141 0 0.8915846 0.5953765 0 0.8787976 0.6001221 0 0.8787976 0.599115 0 0.8915846 0.6001221 0 0.8915846 0.599115 0 0.8787976 0.6001221 0 0.8787976 0.599115 0 0.8915846 0.6001221 0 0.8915846 0.599115 0 0.8787976 0.6001221 0 0.8787976 0.599115 0 0.8915846 0.6001221 0 0.8915846 0.599115 0 0.8787976 0.5964141 0 0.8915846 0.5964141 0 0.8787976 0.5968414 0 0.8915846 0.5968414 0 0.8915846 0.5953765 0 0.8787976 0.5953765 0 0.8915846 0.5949492 0 0.8787976 0.5949492 0 0.8787976 0.5964141 0 0.8915846 0.5964141 0 0.8787976 0.5968414 0 0.8915846 0.5968414 0 0.8915846 0.5953765 0 0.8787976 0.5953765 0 0.8915846 0.5949492 0 0.8787976 0.5949492 0 0.8787976 0.5964141 0 0.8915846 0.5964141 0 0.8787976 0.5968414 0 0.8915846 0.5968414 0 0.8915846 0.5953765 0 0.8787976 0.5953765 0 0.8915846 0.5949492 0 0.8787976 0.5949492 0 0.4804913 0.5480125 0 0.4850843 0.5480125 0 0.4804913 0.552514 0 0.4850843 0.552514 0 0.4788586 0.552514 0 0.4788586 0.5480125 0 0.4804913 0.552514 0 0.4804913 0.5480125 0 0.501915 0.5358968 0 0.501915 0.5331044 0 0.5035477 0.5358968 0 0.5035477 0.5331044 0 0.5097581 0.5358968 0 0.5081407 0.5358968 0 0.5097581 0.5331044 0 0.5081407 0.5331044 0 0.501915 0.5297627 0 0.501915 0.5253223 0 0.5035477 0.5253223 0 0.5035477 0.5297627 0 0.501915 0.5297627 0 0.5035477 0.5331044 0 0.501915 0.5331044 0 0.5097581 0.5253223 0 0.5097581 0.5297627 0 0.5081407 0.5253223 0 0.5081407 0.5297627 0 0.5097581 0.5297627 0 0.5081407 0.5331044 0 0.5097581 0.5331044 0 0.5097581 0.5358968 0 0.5111925 0.5331044 0 0.5111925 0.5358968 0 0.501915 0.5205921 0 0.5035477 0.5205921 0 0.501915 0.5253223 0 0.5035477 0.5253223 0 0.5097581 0.5205921 0 0.5097581 0.5253223 0 0.5081407 0.5205921 0 0.5081407 0.5253223 0 0.49337 0.5607843 0 0.4909132 0.5607843 0 0.49337 0.5595636 0 0.4909132 0.5595636 0 0.4953079 0.5484703 0 0.4931258 0.5484703 0 0.4953079 0.5472496 0 0.4931258 0.5472496 0 0.5007858 0.5472496 0 0.5007858 0.5484703 0 0.4976883 0.5472496 0 0.4976883 0.5484703 0 0.5042344 0.5472496 0 0.5042344 0.5484703 0 0.5007858 0.5472496 0 0.5007858 0.5484703 0 0.487892 0.5607843 0 0.4844434 0.5607843 0 0.487892 0.5595636 0 0.4844434 0.5595636 0 0.487892 0.5595636 0 0.4909132 0.5595636 0 0.487892 0.5607843 0 0.4909132 0.5607843 0 0.5128099 0.5253223 0 0.5128099 0.5297627 0 0.5111925 0.5253223 0 0.5111925 0.5297627 0 0.5128099 0.5297627 0 0.5111925 0.5331044 0 0.5128099 0.5331044 0 0.5128099 0.5358968 0 0.5111925 0.5358968 0 0.5128099 0.5331044 0 0.5111925 0.5331044 0 0.5111925 0.5297627 0 0.5097581 0.5331044 0 0.5097581 0.5297627 0 0.5111925 0.5297627 0 0.5097581 0.5253223 0 0.5111925 0.5253223 0 0.4836347 0.5618982 0 0.4869764 0.5618982 0 0.4836347 0.5635157 0 0.4869764 0.5635157 0 0.4961471 0.5618982 0 0.4961471 0.5635157 0 0.4914168 0.5618982 0 0.4914168 0.5635157 0 0.5012131 0.5618982 0 0.5012131 0.5635157 0 0.4961471 0.5618982 0 0.4961471 0.5635157 0 0.5059892 0.5635157 0 0.5059892 0.5618982 0 0.5097429 0.5635157 0 0.5097429 0.5618982 0 0.4961318 0.5618982 0 0.4998856 0.5618982 0 0.4961318 0.5635157 0 0.4998856 0.5635157 0 0.5046616 0.5618982 0 0.5097276 0.5618982 0 0.5046616 0.5635157 0 0.5097276 0.5635157 0 0.5128099 0.5205921 0 0.5128099 0.5253223 0 0.5111925 0.5205921 0 0.5111925 0.5253223 0 0.4836347 0.5635157 0 0.4869764 0.5635157 0 0.4836347 0.56495 0 0.4869764 0.56495 0 0.4961471 0.5635157 0 0.4961471 0.56495 0 0.4914168 0.5635157 0 0.4914168 0.56495 0 0.5012131 0.5635157 0 0.5012131 0.56495 0 0.4961471 0.5635157 0 0.4961471 0.56495 0 0.5059892 0.56495 0 0.5059892 0.5635157 0 0.5097429 0.56495 0 0.5097429 0.5635157 0 0.4961318 0.5635157 0 0.4998856 0.5635157 0 0.4961318 0.56495 0 0.4998856 0.56495 0 0.5046616 0.5635157 0 0.5097276 0.5635157 0 0.5046616 0.56495 0 0.5097276 0.56495 0 0.5111925 0.5205921 0 0.5111925 0.5253223 0 0.5097581 0.5205921 0 0.5097581 0.5253223 0 0.5042344 0.5463493 0 0.5007858 0.5463493 0 0.5007858 0.5451286 0 0.5042344 0.5451286 0 0.5007858 0.5451286 0 0.5007858 0.5416342 0 0.5042344 0.5416342 0 0.5007858 0.5451286 0 0.4976883 0.5416342 0 0.4976883 0.5451286 0 0.5007858 0.5463493 0 0.4976883 0.5463493 0 0.4976883 0.5451286 0 0.4953079 0.5416342 0 0.4953079 0.5451286 0 0.4976883 0.5463493 0 0.4953079 0.5463493 0 0.4953079 0.5451286 0 0.4931258 0.5416342 0 0.4931258 0.5451286 0 0.4931258 0.5463493 0 0.4953079 0.5463493 0 0.4931258 0.5451286 0 0.4909743 0.5416342 0 0.4909743 0.5451286 0 0.4909743 0.5463493 0 0.4931258 0.5463493 0 0.4909743 0.5472496 0 0.4931258 0.5472496 0 0.4909743 0.5484703 0 0.4931258 0.5484703 0 0.4909743 0.5451286 0 0.4888685 0.5416342 0 0.4888685 0.5451286 0 0.4888685 0.5463493 0 0.4909743 0.5463493 0 0.4888685 0.5472496 0 0.4909743 0.5472496 0 0.4888685 0.5484703 0 0.4909743 0.5484703 0 0.4822614 0.5451286 0 0.4822614 0.5416342 0 0.4888685 0.5451286 0 0.4822614 0.5463493 0 0.4888685 0.5463493 0 0.4822614 0.5472496 0 0.4888685 0.5472496 0 0.4822614 0.5484703 0 0.4888685 0.5484703 0 0.487892 0.5586633 0 0.4844434 0.5586633 0 0.487892 0.5574425 0 0.4844434 0.5574425 0 0.487892 0.5539483 0 0.487892 0.5574425 0 0.4844434 0.5539483 0 0.4909132 0.5539483 0 0.487892 0.5574425 0 0.4909132 0.5574425 0 0.487892 0.5586633 0 0.4909132 0.5586633 0 0.49337 0.5539483 0 0.4909132 0.5574425 0 0.49337 0.5574425 0 0.4909132 0.5586633 0 0.49337 0.5586633 0 0.4955673 0.5539483 0 0.4955673 0.5574425 0 0.49337 0.5574425 0 0.4955673 0.5586633 0 0.49337 0.5586633 0 0.4977035 0.5539483 0 0.4955673 0.5574425 0 0.4977035 0.5574425 0 0.4977035 0.5586633 0 0.4955673 0.5586633 0 0.4977035 0.5595636 0 0.4955673 0.5595636 0 0.4977035 0.5607843 0 0.4955673 0.5607843 0 0.4998093 0.5539483 0 0.4977035 0.5574425 0 0.4998093 0.5574425 0 0.4998093 0.5586633 0 0.4977035 0.5586633 0 0.4998093 0.5595636 0 0.4977035 0.5595636 0 0.4998093 0.5607843 0 0.4977035 0.5607843 0 0.5064317 0.5539483 0 0.5064317 0.5574425 0 0.4998093 0.5574425 0 0.5064317 0.5586633 0 0.4998093 0.5586633 0 0.5064317 0.5595636 0 0.4998093 0.5595636 0 0.5064317 0.5607843 0 0.4998093 0.5607843 0 0.49337 0.5595636 0 0.4909132 0.5595636 0 0.49337 0.5586633 0 0.4909132 0.5586633 0 0.4953079 0.5472496 0 0.4931258 0.5472496 0 0.4953079 0.5463493 0 0.4931258 0.5463493 0 0.5007858 0.5463493 0 0.5007858 0.5472496 0 0.4976883 0.5463493 0 0.4976883 0.5472496 0 0.5042344 0.5463493 0 0.5042344 0.5472496 0 0.5007858 0.5463493 0 0.5007858 0.5472496 0 0.487892 0.5595636 0 0.4844434 0.5595636 0 0.487892 0.5586633 0 0.4844434 0.5586633 0 0.487892 0.5586633 0 0.4909132 0.5586633 0 0.487892 0.5595636 0 0.4909132 0.5595636 0 0.501915 0.5452812 0 0.501915 0.5386435 0 0.5035477 0.5452812 0 0.5035477 0.5386435 0 0.5097581 0.5452812 0 0.5081407 0.5452812 0 0.5097581 0.5386435 0 0.5081407 0.5386435 0 0.5111925 0.5452812 0 0.5097581 0.5452812 0 0.5111925 0.5386435 0 0.5097581 0.5386435 0 0.5128099 0.5452812 0 0.5111925 0.5452812 0 0.5128099 0.5386435 0 0.5111925 0.5386435 0 0.4844434 0.5595636 0 0.4806744 0.5595636 0 0.4844434 0.5586633 0 0.4806744 0.5586633 0 0.4844434 0.5607843 0 0.4806744 0.5607843 0 0.4844434 0.5595636 0 0.4806744 0.5595636 0 0.4998856 0.5618982 0 0.5046616 0.5618982 0 0.4998856 0.5635157 0 0.5046616 0.5635157 0 0.4998856 0.5635157 0 0.5046616 0.5635157 0 0.4998856 0.56495 0 0.5046616 0.56495 0 0.5059892 0.5635157 0 0.5059892 0.56495 0 0.5012131 0.5635157 0 0.5012131 0.56495 0 0.5059892 0.5618982 0 0.5059892 0.5635157 0 0.5012131 0.5618982 0 0.5012131 0.5635157 0 0.5080034 0.5472496 0 0.5080034 0.5484703 0 0.5042344 0.5472496 0 0.5042344 0.5484703 0 0.5080034 0.5463493 0 0.5080034 0.5472496 0 0.5042344 0.5463493 0 0.5042344 0.5472496 0 0.4955673 0.5586633 0 0.4955673 0.5595636 0 0.49337 0.5586633 0 0.49337 0.5595636 0 0.4955673 0.5595636 0 0.4955673 0.5607843 0 0.49337 0.5595636 0 0.49337 0.5607843 0 0.4976883 0.5463493 0 0.4976883 0.5472496 0 0.4953079 0.5463493 0 0.4953079 0.5472496 0 0.4976883 0.5472496 0 0.4976883 0.5484703 0 0.4953079 0.5472496 0 0.4953079 0.5484703 0 0.4869764 0.5635157 0 0.4869764 0.5618982 0 0.4914168 0.5635157 0 0.4914168 0.5618982 0 0.4869764 0.56495 0 0.4869764 0.5635157 0 0.4914168 0.56495 0 0.4914168 0.5635157 0 0.5111925 0.5358968 0 0.5128099 0.5358968 0 0.5111925 0.5386435 0 0.5128099 0.5386435 0 0.5097581 0.5358968 0 0.5111925 0.5358968 0 0.5097581 0.5386435 0 0.5111925 0.5386435 0 0.5081407 0.5358968 0 0.5097581 0.5358968 0 0.5081407 0.5386435 0 0.5097581 0.5386435 0 0.501915 0.5386435 0 0.501915 0.5358968 0 0.5035477 0.5386435 0 0.5035477 0.5358968 0 0.9354391 0.3009842 0 0.9219654 0.3009842 0 0.9354391 0.2784924 0 0.9219654 0.2784924 0 0.9354391 0.3027543 0 0.9219654 0.3027543 0 0.9354391 0.3009842 0 0.9219654 0.3009842 0 0.9219654 0.3009842 0 0.9201801 0.3009842 0 0.9219654 0.2784924 0 0.9201801 0.2784924 0 0.9219654 0.2767071 0 0.9354391 0.2767071 0 0.9219654 0.2784924 0 0.9354391 0.2784924 0 0.9372244 0.2784924 0 0.9372244 0.3009842 0 0.9354391 0.2784924 0 0.9354391 0.3009842 0 0.9478294 0.23711 0 0.9478294 0.2514229 0 0.9356222 0.23711 0 0.9356222 0.2514229 0 0.9053025 0.3025101 0 0.9053025 0.3038071 0 0.9042801 0.3025101 0 0.9042801 0.3038071 0 0.9031662 0.3025101 0 0.9042801 0.3025101 0 0.9031662 0.3038071 0 0.9042801 0.3038071 0 0.9020066 0.3025101 0 0.9020066 0.3038071 0 0.9004502 0.3025101 0 0.9004502 0.3038071 0 0.9004502 0.3025101 0 0.9004502 0.3038071 0 0.8986648 0.3025101 0 0.8986648 0.3038071 0 0.8965896 0.3038071 0 0.8965896 0.3025101 0 0.8986648 0.3038071 0 0.8986648 0.3025101 0 0.8912489 0.3025101 0 0.8933242 0.3025101 0 0.8912489 0.3038071 0 0.8933242 0.3038071 0 0.8894637 0.3025101 0 0.8912489 0.3025101 0 0.8894637 0.3038071 0 0.8912489 0.3038071 0 0.8879072 0.3025101 0 0.8894637 0.3025101 0 0.8879072 0.3038071 0 0.8894637 0.3038071 0 0.8867475 0.3025101 0 0.8867475 0.3038071 0 0.8856336 0.3025101 0 0.8856336 0.3038071 0 0.884596 0.3025101 0 0.8856336 0.3025101 0 0.884596 0.3038071 0 0.8856336 0.3038071 0 0.8835889 0.3025101 0 0.8835889 0.3038071 0 0.8814069 0.3025101 0 0.8814069 0.3038071 0 0.9085069 0.3038071 0 0.9063249 0.3038071 0 0.9085069 0.3025101 0 0.9063249 0.3025101 0 0.9326009 0.2467994 0 0.9350576 0.2606699 0 0.9324788 0.2606851 0 0.9337606 0.2420081 0 0.9350118 0.2372473 0 0.9337606 0.2399939 0 0.9324178 0.2618601 0 0.9350576 0.2606699 0 0.9349965 0.2621805 0 0.9114824 0.2372473 0 0.9138933 0.2467994 0 0.9114366 0.2606851 0 0.9140307 0.2606851 0 0.9114366 0.2606851 0 0.9140764 0.2618601 0 0.9114977 0.2621805 0 0.9158312 0.2690471 0 0.917174 0.2669413 0 0.91841 0.2701762 0 0.9192035 0.2677348 0 0.9136645 0.2673838 0 0.9156481 0.2657359 0 0.9158312 0.2690471 0 0.917174 0.2669413 0 0.9328298 0.2673838 0 0.930663 0.2690623 0 0.9308461 0.2657359 0 0.9293202 0.2669413 0 0.8802777 0.3114214 0 0.8802777 0.2926986 0 0.8805981 0.3114214 0 0.8805981 0.2926986 0 0.8802624 0.2921492 0 0.8802624 0.2785687 0 0.8805829 0.2921492 0 0.8805829 0.2785687 0 0.8802624 0.2507973 0 0.8802624 0.2372168 0 0.8805829 0.2507973 0 0.8805829 0.2372168 0 0.8802624 0.2709239 0 0.8802624 0.2685435 0 0.8805829 0.2709239 0 0.8805829 0.2685435 0 0.8802624 0.260792 0 0.8802624 0.258442 0 0.8805829 0.2608072 0 0.8805829 0.258442 0 0.8802624 0.264683 0 0.8802624 0.2630045 0 0.8805829 0.264683 0 0.8805829 0.2630197 0 0.8802624 0.2630045 0 0.8805829 0.2608072 0 0.8802624 0.260792 0 0.8802624 0.258442 0 0.8802624 0.2564126 0 0.8805829 0.258442 0 0.8805829 0.2564126 0 0.8802624 0.2729381 0 0.8802624 0.2709239 0 0.8805829 0.2729381 0 0.8805829 0.2709239 0 0.9210956 0.270634 0 0.91841 0.2701762 0 0.9192035 0.2677348 0 0.9214618 0.2681468 0 0.9232471 0.2682536 0 0.9232471 0.2707561 0 0.9210956 0.270634 0 0.8933242 0.3025101 0 0.8949569 0.3025101 0 0.8933242 0.3038071 0 0.8949569 0.3038071 0 0.8965896 0.3025101 0 0.8965896 0.3038071 0 0.8949569 0.3025101 0 0.8949569 0.3038071 0 0.8867475 0.3025101 0 0.8879072 0.3025101 0 0.8867475 0.3038071 0 0.8879072 0.3038071 0 0.9031662 0.3025101 0 0.9031662 0.3038071 0 0.9020066 0.3025101 0 0.9020066 0.3038071 0 0.9324178 0.2618601 0 0.9349965 0.2621805 0 0.9321889 0.263035 0 0.9347219 0.2637064 0 0.9317769 0.2643626 0 0.9321889 0.263035 0 0.9341726 0.2654154 0 0.9328298 0.2673838 0 0.9308461 0.2657359 0 0.9341726 0.2654154 0 0.9114977 0.2621805 0 0.9140764 0.2618601 0 0.9143053 0.263035 0 0.9117876 0.2637064 0 0.9143053 0.263035 0 0.9147173 0.2643626 0 0.9123217 0.2654154 0 0.9156481 0.2657359 0 0.9136645 0.2673838 0 0.9123217 0.2654154 0 0.9053025 0.3025101 0 0.9063249 0.3025101 0 0.9053025 0.3038071 0 0.9063249 0.3038071 0 0.884596 0.3025101 0 0.884596 0.3038071 0 0.8835889 0.3025101 0 0.8835889 0.3038071 0 0.9355612 0.3101549 0 0.9324941 0.3101549 0 0.9355612 0.3083848 0 0.9324941 0.3083848 0 0.9360495 0.3085527 0 0.9360647 0.3099565 0 0.9355612 0.3083848 0 0.9355612 0.3101549 0 0.9516442 0.287419 0 0.9516442 0.2839399 0 0.9522698 0.287419 0 0.9522698 0.2839399 0 0.9516442 0.2898604 0 0.9516442 0.2878309 0 0.9522698 0.2898604 0 0.9522698 0.2878309 0 0.9516442 0.2878309 0 0.9516442 0.2843519 0 0.9522698 0.2878309 0 0.9522698 0.2843519 0 0.9516442 0.2898146 0 0.9516442 0.2889143 0 0.9522698 0.2898146 0 0.9522698 0.2889143 0 0.9516442 0.2889143 0 0.9516442 0.2880293 0 0.9522698 0.2889143 0 0.9522698 0.2880293 0 0.9516442 0.2880293 0 0.9516442 0.287419 0 0.9522698 0.2880293 0 0.9522698 0.287419 0 0.9516442 0.2843519 0 0.9516442 0.2837568 0 0.9522698 0.2843519 0 0.9522698 0.2837568 0 0.1731594 0.8550851 0 0.1749752 0.8550851 0 0.1731594 0.8569467 0 0.1749752 0.8569467 0 0.1749752 0.8590219 0 0.1731594 0.8569467 0 0.1731594 0.8590219 0 0.1749752 0.8610361 0 0.1749752 0.8636301 0 0.1731594 0.8610361 0 0.1731594 0.8636301 0 0.1749752 0.8636301 0 0.1749752 0.8661631 0 0.1731594 0.8636301 0 0.1731594 0.8661631 0 0.182681 0.8817426 0 0.1844968 0.8817426 0 0.182681 0.8842756 0 0.1844968 0.8842756 0 0.182681 0.8868696 0 0.1844968 0.8868696 0 0.182681 0.8888838 0 0.1844968 0.8888838 0 0.182681 0.8888838 0 0.1844968 0.8888838 0 0.182681 0.8909438 0 0.1844968 0.8909438 0 0.1844968 0.8928206 0 0.182681 0.8909438 0 0.182681 0.8928206 0 0.1426413 0.8608682 0 0.1444724 0.8608682 0 0.1426413 0.8701915 0 0.1444724 0.8701915 0 0.1664759 0.8886549 0 0.1664759 0.8868391 0 0.1758144 0.8886549 0 0.1758144 0.8868391 0 0.1749752 0.8550851 0 0.1756771 0.8550851 0 0.1749752 0.8569467 0 0.1756771 0.8569467 0 0.1749752 0.8569467 0 0.1756771 0.8590219 0 0.1749752 0.8590219 0 0.1749752 0.8636301 0 0.1749752 0.8610361 0 0.1756771 0.8636301 0 0.1756771 0.8610361 0 0.1749752 0.8661631 0 0.1749752 0.8636301 0 0.1756771 0.8661631 0 0.1756771 0.8636301 0 0.1844968 0.8817426 0 0.1851988 0.8817426 0 0.1844968 0.8842756 0 0.1851988 0.8842756 0 0.1844968 0.8888838 0 0.1851988 0.8888838 0 0.1844968 0.8909438 0 0.1851988 0.8909438 0 0.1844968 0.8909438 0 0.1851988 0.8928206 0 0.1844968 0.8928206 0 0.1444724 0.8701915 0 0.1444724 0.8608682 0 0.1451591 0.8701915 0 0.1451591 0.8608682 0 0.1758144 0.8861372 0 0.1758144 0.8868391 0 0.1664759 0.8861372 0 0.1664759 0.8868391 0 0.1844968 0.8928206 0 0.1844968 0.8961318 0 0.182681 0.8928206 0 0.182681 0.8961318 0 0.1844968 0.8961318 0 0.1844968 0.8928206 0 0.1851988 0.8961318 0 0.1851988 0.8928206 0 0.1756771 0.8550851 0 0.1749752 0.8550851 0 0.1756771 0.8517739 0 0.1749752 0.8517739 0 0.1731594 0.8517739 0 0.1749752 0.8517739 0 0.1731594 0.8550851 0 0.1749752 0.8550851 0 0.1749752 0.8590219 0 0.1749752 0.8610361 0 0.1731594 0.8590219 0 0.1731594 0.8610361 0 0.1749752 0.8610361 0 0.1749752 0.8590219 0 0.1756771 0.8610361 0 0.1756771 0.8590219 0 0.182681 0.8842756 0 0.1844968 0.8842756 0 0.182681 0.8868696 0 0.1844968 0.8868696 0 0.5867857 0.6064393 0 0.5867857 0.6000611 0 0.5899596 0.6064393 0 0.5899596 0.6000611 0 0.4977798 0.5532922 0 0.4977798 0.5474632 0 0.4984054 0.5532922 0 0.4984054 0.5474632 0 0.4933547 0.5532922 0 0.4933547 0.5474632 0 0.4939803 0.5532922 0 0.4939803 0.5474632 0 0.4939803 0.5474632 0 0.4939803 0.5469596 0 0.4977798 0.5474632 0 0.4977798 0.5469596 0 0.4939803 0.5537957 0 0.4939803 0.5532922 0 0.4977798 0.5537957 0 0.4977798 0.5532922 0 0.4939803 0.5532922 0 0.4939803 0.5474632 0 0.4945296 0.5526971 0 0.4945296 0.5480583 0 0.4939803 0.5474632 0 0.4977798 0.5474632 0 0.4945296 0.5480583 0 0.4972305 0.5480583 0 0.4977798 0.5474632 0 0.4977798 0.5532922 0 0.4972305 0.5480583 0 0.4972305 0.5526971 0 0.4977798 0.5532922 0 0.4939803 0.5532922 0 0.4972305 0.5526971 0 0.4945296 0.5526971 0 0.4945296 0.5526971 0 0.4945296 0.5480583 0 0.4948806 0.5523461 0 0.4948806 0.5484092 0 0.4945296 0.5480583 0 0.4972305 0.5480583 0 0.4948806 0.5484092 0 0.4968795 0.5484092 0 0.4972305 0.5480583 0 0.4972305 0.5526971 0 0.4968795 0.5484092 0 0.4968795 0.5523461 0 0.4972305 0.5526971 0 0.4945296 0.5526971 0 0.4968795 0.5523461 0 0.4948806 0.5523461 0 0.5867857 0.6064393 0 0.5867857 0.6000611 0 0.5899596 0.6064393 0 0.5899596 0.6000611 0 0.4977798 0.5532922 0 0.4977798 0.5474632 0 0.4984054 0.5532922 0 0.4984054 0.5474632 0 0.4933547 0.5532922 0 0.4933547 0.5474632 0 0.4939803 0.5532922 0 0.4939803 0.5474632 0 0.4939803 0.5474632 0 0.4939803 0.5469596 0 0.4977798 0.5474632 0 0.4977798 0.5469596 0 0.4939803 0.5537957 0 0.4939803 0.5532922 0 0.4977798 0.5537957 0 0.4977798 0.5532922 0 0.4939803 0.5532922 0 0.4939803 0.5474632 0 0.4945296 0.5526971 0 0.4945296 0.5480583 0 0.4939803 0.5474632 0 0.4977798 0.5474632 0 0.4945296 0.5480583 0 0.4972305 0.5480583 0 0.4977798 0.5474632 0 0.4977798 0.5532922 0 0.4972305 0.5480583 0 0.4972305 0.5526971 0 0.4977798 0.5532922 0 0.4939803 0.5532922 0 0.4972305 0.5526971 0 0.4945296 0.5526971 0 0.4945296 0.5526971 0 0.4945296 0.5480583 0 0.4948806 0.5523461 0 0.4948806 0.5484092 0 0.4945296 0.5480583 0 0.4972305 0.5480583 0 0.4948806 0.5484092 0 0.4968795 0.5484092 0 0.4972305 0.5480583 0 0.4972305 0.5526971 0 0.4968795 0.5484092 0 0.4968795 0.5523461 0 0.4972305 0.5526971 0 0.4945296 0.5526971 0 0.4968795 0.5523461 0 0.4948806 0.5523461 0 0.5867857 0.6064393 0 0.5867857 0.6000611 0 0.5899596 0.6064393 0 0.5899596 0.6000611 0 0.4977798 0.5532922 0 0.4977798 0.5474632 0 0.4984054 0.5532922 0 0.4984054 0.5474632 0 0.4933547 0.5532922 0 0.4933547 0.5474632 0 0.4939803 0.5532922 0 0.4939803 0.5474632 0 0.4939803 0.5474632 0 0.4939803 0.5469596 0 0.4977798 0.5474632 0 0.4977798 0.5469596 0 0.4939803 0.5537957 0 0.4939803 0.5532922 0 0.4977798 0.5537957 0 0.4977798 0.5532922 0 0.4939803 0.5532922 0 0.4939803 0.5474632 0 0.4945296 0.5526971 0 0.4945296 0.5480583 0 0.4939803 0.5474632 0 0.4977798 0.5474632 0 0.4945296 0.5480583 0 0.4972305 0.5480583 0 0.4977798 0.5474632 0 0.4977798 0.5532922 0 0.4972305 0.5480583 0 0.4972305 0.5526971 0 0.4977798 0.5532922 0 0.4939803 0.5532922 0 0.4972305 0.5526971 0 0.4945296 0.5526971 0 0.4945296 0.5526971 0 0.4945296 0.5480583 0 0.4948806 0.5523461 0 0.4948806 0.5484092 0 0.4945296 0.5480583 0 0.4972305 0.5480583 0 0.4948806 0.5484092 0 0.4968795 0.5484092 0 0.4972305 0.5480583 0 0.4972305 0.5526971 0 0.4968795 0.5484092 0 0.4968795 0.5523461 0 0.4972305 0.5526971 0 0.4945296 0.5526971 0 0.4968795 0.5523461 0 0.4948806 0.5523461 0 0.4592355 0.4195468 0 0.4592355 0.4189059 0 0.4597848 0.4195468 0 0.4597848 0.4189059 0 0.4592355 0.4163272 0 0.4592355 0.4156862 0 0.4597848 0.4163272 0 0.4597848 0.4156862 0 0.4592355 0.416968 0 0.4592355 0.4163272 0 0.4597848 0.416968 0 0.4597848 0.4163272 0 0.4592355 0.4176242 0 0.4592355 0.416968 0 0.4597848 0.4176242 0 0.4597848 0.416968 0 0.4592355 0.418265 0 0.4592355 0.4176242 0 0.4597848 0.418265 0 0.4597848 0.4176242 0 0.4592355 0.4189059 0 0.4592355 0.418265 0 0.4597848 0.4189059 0 0.4597848 0.418265 0 0.4592355 0.4195468 0 0.4592355 0.4189059 0 0.4597848 0.4195468 0 0.4597848 0.4189059 0 0.4592355 0.4163272 0 0.4592355 0.4156862 0 0.4597848 0.4163272 0 0.4597848 0.4156862 0 0.4592355 0.416968 0 0.4592355 0.4163272 0 0.4597848 0.416968 0 0.4597848 0.4163272 0 0.4592355 0.4176242 0 0.4592355 0.416968 0 0.4597848 0.4176242 0 0.4597848 0.416968 0 0.4592355 0.418265 0 0.4592355 0.4176242 0 0.4597848 0.418265 0 0.4597848 0.4176242 0 0.4592355 0.4189059 0 0.4592355 0.418265 0 0.4597848 0.4189059 0 0.4597848 0.418265 0 0.459205 0.4243076 0 0.459205 0.4236209 0 0.4598001 0.4243076 0 0.4598001 0.4236209 0 0.459205 0.4209049 0 0.459205 0.4202182 0 0.4598001 0.4209049 0 0.4598001 0.4202182 0 0.459205 0.4215763 0 0.459205 0.4209049 0 0.4598001 0.4215763 0 0.4598001 0.4209049 0 0.459205 0.4222629 0 0.459205 0.4215763 0 0.4598001 0.4222629 0 0.4598001 0.4215763 0 0.459205 0.4229496 0 0.459205 0.4222629 0 0.4598001 0.4229496 0 0.4598001 0.4222629 0 0.459205 0.4236209 0 0.459205 0.4229496 0 0.4598001 0.4236209 0 0.4598001 0.4229496 0 0.8962844 0.5961547 0 0.8962844 0.5954833 0 0.8968643 0.5961547 0 0.8968643 0.5954833 0 0.8962844 0.592752 0 0.8962844 0.5920653 0 0.8968643 0.592752 0 0.8968643 0.5920653 0 0.8962844 0.5934386 0 0.8962844 0.592752 0 0.8968643 0.5934386 0 0.8968643 0.592752 0 0.8962844 0.59411 0 0.8962844 0.5934386 0 0.8968643 0.59411 0 0.8968643 0.5934386 0 0.8962844 0.5947967 0 0.8962844 0.59411 0 0.8968643 0.5947967 0 0.8968643 0.59411 0 0.8962844 0.5954833 0 0.8962844 0.5947967 0 0.8968643 0.5954833 0 0.8968643 0.5947967 0 0.8962844 0.5961547 0 0.8962844 0.5954833 0 0.8968643 0.5961547 0 0.8968643 0.5954833 0 0.8962844 0.592752 0 0.8962844 0.5920653 0 0.8968643 0.592752 0 0.8968643 0.5920653 0 0.8962844 0.5934386 0 0.8962844 0.592752 0 0.8968643 0.5934386 0 0.8968643 0.592752 0 0.8962844 0.59411 0 0.8962844 0.5934386 0 0.8968643 0.59411 0 0.8968643 0.5934386 0 0.8962844 0.5947967 0 0.8962844 0.59411 0 0.8968643 0.5947967 0 0.8968643 0.59411 0 0.8962844 0.5954833 0 0.8962844 0.5947967 0 0.8968643 0.5954833 0 0.8968643 0.5947967 0 0.4489815 0.4705729 0 0.4525063 0.4705729 0 0.4489815 0.4750592 0 0.4525063 0.4750592 0 0.4489815 0.4750592 0 0.4525063 0.4750592 0 0.4489815 0.4763409 0 0.4525063 0.4763409 0 0.4573129 0.4750592 0 0.453788 0.4750592 0 0.4573129 0.4705729 0 0.453788 0.4705729 0 0.4525063 0.4705729 0 0.453788 0.4705729 0 0.4525063 0.4750592 0 0.453788 0.4750592 0 0.4476997 0.4705729 0 0.4489815 0.4705729 0 0.4476997 0.4750592 0 0.4489815 0.4750592 0 0.424918 0.4198062 0 0.4256962 0.4198062 0 0.424918 0.4200046 0 0.4256962 0.4200046 0 0.424918 0.4200046 0 0.4256962 0.4200046 0 0.424918 0.4208438 0 0.4256962 0.4208438 0 0.424918 0.4208438 0 0.4256962 0.4208438 0 0.424918 0.4210422 0 0.4256962 0.4210422 0 0.4258946 0.4200046 0 0.4258946 0.4208438 0 0.4256962 0.4200046 0 0.4256962 0.4208438 0 0.4247196 0.4208438 0 0.4247196 0.4200046 0 0.424918 0.4208438 0 0.424918 0.4200046 0 0.8775921 0.6035706 0 0.8856031 0.6035706 0 0.8856031 0.6121919 0 0.8775921 0.6121919 0 0.8856031 0.6179141 0 0.8775921 0.6179141 0 0.8856031 0.6259708 0 0.8775921 0.6259708 0 0.8864118 0.5890288 0 0.8879682 0.5890288 0 0.8879682 0.590692 0 0.8864118 0.590692 0 0.8879682 0.5918059 0 0.8864118 0.5918059 0 0.8879682 0.5933623 0 0.8864118 0.5933623 0 0.09001297 0.4296483 0 0.09001297 0.4311894 0 0.08790722 0.4296483 0 0.08789197 0.4311894 0 0.08526742 0.4296483 0 0.08526742 0.4311894 0 0.08250553 0.4296483 0 0.08250553 0.4311894 0 0.07980468 0.4296483 0 0.07980468 0.4311894 0 0.07740902 0.4311894 0 0.07740902 0.4296483 0 0.07560845 0.4296483 0 0.07560845 0.4311894 0 0.07408255 0.4296483 0 0.07408255 0.4311894 0 0.07257191 0.4296483 0 0.07257191 0.4311894 0 0.06564431 0.4296483 0 0.06564431 0.4311894 0 0.06436256 0.4311742 0 0.06358434 0.4311742 0 0.06358434 0.4307622 0 0.06436256 0.4307622 0 0.06358434 0.4296635 0 0.06436256 0.4296635 0 0.08535897 0.4392004 0 0.08014038 0.4392004 0 0.08535897 0.437995 0 0.08014038 0.4368658 0 0.08535897 0.4368658 0 0.08014038 0.4361029 0 0.08535897 0.4361029 0 0.08535897 0.4353246 0 0.08014038 0.4353246 0 0.08535897 0.4344243 0 0.08014038 0.4344243 0 0.08014038 0.4335393 0 0.08535897 0.4335393 0 0.08535897 0.4326391 0 0.08014038 0.4326391 0 0.08014038 0.4317541 0 0.08535897 0.4317541 0 0.08535897 0.4309758 0 0.08014038 0.4309758 0 0.08014038 0.4301976 0 0.08535897 0.4301976 0 0.08014038 0.4278783 0 0.08535897 0.4278783 0 0.08229191 0.4173648 0 0.08380255 0.4173648 0 0.08380255 0.4202945 0 0.08229191 0.4202945 0 0.08380255 0.4212406 0 0.08229191 0.4212406 0 0.08229191 0.4221866 0 0.08380255 0.4221866 0 0.08380255 0.42327 0 0.08229191 0.42327 0 0.08229191 0.4243687 0 0.08380255 0.4243687 0 0.08380255 0.4254673 0 0.08229191 0.4254673 0 0.08229191 0.4265659 0 0.08380255 0.4265659 0 0.08229191 0.4274967 0 0.08380255 0.4274967 0 0.08380255 0.4284428 0 0.08229191 0.4284428 0 0.08229191 0.4292516 0 0.08380255 0.4292516 0 0.07020676 0.4548867 0 0.0701915 0.4567788 0 0.06883345 0.4567788 0 0.06883345 0.4548867 0 0.0681468 0.4567788 0 0.0681468 0.4548867 0 0.06744488 0.4548867 0 0.06744488 0.4567788 0 0.06672771 0.4567788 0 0.06672771 0.4548867 0 0.06599527 0.4548867 0 0.06599527 0.4567788 0 0.06526284 0.4567788 0 0.06526284 0.4548867 0 0.0645304 0.4548867 0 0.0645304 0.4567788 0 0.06384375 0.4548867 0 0.06384375 0.4567788 0 0.06315709 0.4567788 0 0.06315709 0.4548867 0 0.06178378 0.4548867 0 0.06178378 0.4567788 0 0.07760739 0.4638743 0 0.07267872 0.4638743 0 0.07759213 0.4650645 0 0.07269398 0.4662089 0 0.07759213 0.4662089 0 0.07286183 0.4669108 0 0.07743954 0.4669108 0 0.07339589 0.4676127 0 0.07690547 0.4676127 0 0.0742504 0.4679332 0 0.07605097 0.4679332 0 0.07515068 0.4680095 0 0.06941329 0.3448386 0 0.0726482 0.3448386 0 0.0726482 0.3467918 0 0.06941329 0.3467918 0 0.0726482 0.3503624 0 0.06941329 0.3503624 0 0.06942855 0.3517052 0 0.07263295 0.3517052 0 0.07263295 0.3532616 0 0.06942855 0.3532616 0 0.06942855 0.3549401 0 0.07263295 0.3549401 0 0.07263295 0.3565423 0 0.06942855 0.3565423 0 0.06942855 0.3581445 0 0.07263295 0.3581445 0 0.07263295 0.359823 0 0.06942855 0.359823 0 0.06942855 0.3613794 0 0.07263295 0.3613794 0 0.06941329 0.3627222 0 0.0726482 0.3627222 0 0.06939803 0.3662928 0 0.07266346 0.3662928 0 0.07014573 0.3672847 0 0.07191577 0.3672847 0 0.819028 0.6831617 0 0.8180667 0.6858015 0 0.8168307 0.684947 0 0.8168154 0.6830854 0 0.816556 0.6840619 0 0.8358892 0.6706188 0 0.8322423 0.6706188 0 0.8358892 0.6691234 0 0.8322423 0.6691234 0 0.8358892 0.6681926 0 0.8322423 0.6681926 0 0.8358892 0.6671855 0 0.8322423 0.6671855 0 0.8358892 0.6649729 0 0.8322423 0.6649729 0 0.8316777 0.5988404 0 0.8387732 0.595819 0 0.8316777 0.6166018 0 0.8322423 0.6214237 0 0.8307927 0.6173342 0 0.8307927 0.6208286 0 0.8302892 0.619028 0 0.816968 0.6308843 0 0.8147097 0.6298466 0 0.8148471 0.6295262 0 0.8185092 0.6284123 0 0.8139772 0.6290532 0 0.8193485 0.6257725 0 0.8120089 0.627573 0 0.8106356 0.6258183 0 0.8102235 0.6230412 0 0.8193637 0.6216068 0 0.8581979 0.6194857 0 0.8572366 0.619501 0 0.8572366 0.6188601 0 0.8581979 0.6188449 0 0.8578165 0.618204 0 0.8291905 0.5955291 0 0.8198367 0.5955443 0 0.8291905 0.5929503 0 0.8198367 0.5929656 0 0.8291905 0.5904784 0 0.8198367 0.5904936 0 0.8291905 0.5867704 0 0.8198367 0.5867857 0 0.8342413 0.5877928 0 0.8364843 0.5867704 0 0.8343939 0.5880979 0 0.8379492 0.5891814 0 0.833524 0.5885557 0 0.8387732 0.5917602 0 0.8316167 0.5900053 0 0.8302739 0.5917144 0 0.8298619 0.5944152 0 0.8387732 0.595819 0 0.8989853 0.5948119 0 0.9052415 0.5948119 0 0.8989853 0.5968261 0 0.9052415 0.5968261 0 0.8989853 0.5990082 0 0.9052415 0.5990082 0 0.8989853 0.601236 0 0.9052415 0.601236 0 0.892134 0.5948272 0 0.8983749 0.5948272 0 0.8983749 0.5968414 0 0.892134 0.5968414 0 0.8983749 0.5990235 0 0.892134 0.5990235 0 0.8983749 0.6012512 0 0.8921187 0.6012512 0 0.5035477 0.5205921 0 0.5081407 0.5205921 0 0.5035477 0.5253223 0 0.5081407 0.5253223 0 0.5035477 0.5297627 0 0.5081407 0.5297627 0 0.5035477 0.5331044 0 0.5081407 0.5331044 0 0.5035477 0.5358968 0 0.5081407 0.5358968 0 0.5035477 0.5386435 0 0.5081407 0.5386435 0 0.5081407 0.5452812 0 0.5035477 0.5452812 0 0.4998856 0.5727931 0 0.4961318 0.5727931 0 0.4961318 0.5711604 0 0.4998856 0.5711604 0 0.4961318 0.5665675 0 0.4998856 0.5665675 0 0.4998856 0.56495 0 0.4961318 0.56495 0 0.5063096 0.5497367 0 0.4843824 0.5497367 0 0.4843824 0.5481193 0 0.5063096 0.5481193 0 0.4843824 0.5435264 0 0.5063096 0.5497367 0 0.5129625 0.5497367 0 0.5129625 0.5481193 0 0.5063096 0.5435264 0 0.5129625 0.5435264 0 0.5129625 0.5418936 0 0.5063096 0.5418936 0 0.5063096 0.5418936 0 0.4843824 0.5418936 0 0.5129625 0.5404745 0 0.5063096 0.5404745 0 0.5063096 0.5404745 0 0.4843824 0.5404745 0 0.5129625 0.5388418 0 0.5063096 0.5388418 0 0.5063096 0.5388418 0 0.4843824 0.5388418 0 0.5012131 0.5727931 0 0.4961471 0.5727931 0 0.5012131 0.5711604 0 0.4961471 0.5711604 0 0.5012131 0.5665675 0 0.4961471 0.5665675 0 0.4961471 0.56495 0 0.5012131 0.56495 0 0.4836347 0.56495 0 0.4869764 0.56495 0 0.4836347 0.5665675 0 0.4869764 0.5665675 0 0.4836347 0.5711604 0 0.4869764 0.5711604 0 0.4869764 0.5727931 0 0.4836347 0.5727931 0 0.5059892 0.56495 0 0.5097429 0.56495 0 0.5097429 0.5665675 0 0.5059892 0.5665675 0 0.5097429 0.5711604 0 0.5059892 0.5711604 0 0.5059892 0.5727931 0 0.5097429 0.5727931 0 0.4961471 0.5727931 0 0.4914168 0.5727931 0 0.4961471 0.5711604 0 0.4914168 0.5711604 0 0.4961471 0.5665675 0 0.4914168 0.5665675 0 0.4914168 0.56495 0 0.4961471 0.56495 0 0.5170367 0.4966506 0 0.5170367 0.5197986 0 0.515816 0.5197986 0 0.515816 0.4966506 0 0.5149157 0.5197986 0 0.5149157 0.4966506 0 0.513695 0.5197986 0 0.513695 0.4966506 0 0.5102007 0.5197986 0 0.5102007 0.4966506 0 0.5109484 0.5484703 0 0.5080034 0.5484703 0 0.5080034 0.5472496 0 0.5109484 0.5472496 0 0.5080034 0.5463493 0 0.5109484 0.5463493 0 0.5109484 0.5463493 0 0.5080034 0.5451286 0 0.5109484 0.5451286 0 0.5080034 0.5416342 0 0.5109484 0.5416342 0 0.5042344 0.5451286 0 0.5080034 0.5451286 0 0.5080034 0.5463493 0 0.5042344 0.5463493 0 0.4806744 0.5607843 0 0.4778363 0.5607843 0 0.4806744 0.5595636 0 0.4778363 0.5595636 0 0.4778363 0.5595636 0 0.4806744 0.5586633 0 0.4778363 0.5586633 0 0.4778363 0.5586633 0 0.4806744 0.5574425 0 0.4778363 0.5574425 0 0.4778363 0.5539483 0 0.4806744 0.5539483 0 0.4844434 0.5574425 0 0.4806744 0.5574425 0 0.4806744 0.5586633 0 0.4844434 0.5586633 0 0.4897536 0.5480125 0 0.4897536 0.552514 0 0.4881361 0.552514 0 0.4881361 0.5480125 0 0.4867018 0.552514 0 0.4867018 0.5480125 0 0.4850843 0.552514 0 0.4850843 0.5480125 0 0.4780957 0.5618982 0 0.4808423 0.5618982 0 0.4780957 0.5635157 0 0.4808423 0.5635157 0 0.4780957 0.56495 0 0.4808423 0.56495 0 0.4780957 0.5665675 0 0.4808423 0.5665675 0 0.4780957 0.5711604 0 0.4808423 0.5711604 0 0.4808423 0.5727931 0 0.4780957 0.5727931 0 0.4921798 0.549401 0 0.4905623 0.549401 0 0.4921798 0.5319905 0 0.4905623 0.5319905 0 0.4967727 0.5319905 0 0.4921798 0.549401 0 0.4967727 0.549401 0 0.4984054 0.5319905 0 0.4967727 0.549401 0 0.4984054 0.549401 0 0.4998245 0.5319905 0 0.4998245 0.549401 0 0.5014572 0.5319905 0 0.5014572 0.549401 0 0.4998856 0.56495 0 0.5046616 0.56495 0 0.4998856 0.5665675 0 0.5046616 0.5665675 0 0.4998856 0.5711604 0 0.5046616 0.5711604 0 0.5046616 0.5727931 0 0.4998856 0.5727931 0 0.4914168 0.5727931 0 0.4869764 0.5727931 0 0.4914168 0.5711604 0 0.4869764 0.5711604 0 0.4914168 0.5665675 0 0.4869764 0.5665675 0 0.4869764 0.56495 0 0.4914168 0.56495 0 0.4808423 0.5618982 0 0.4836347 0.5618982 0 0.4808423 0.5635157 0 0.4836347 0.5635157 0 0.4836347 0.5635157 0 0.4808423 0.56495 0 0.4836347 0.56495 0 0.4836347 0.56495 0 0.4808423 0.5665675 0 0.4836347 0.5665675 0 0.4808423 0.5711604 0 0.4836347 0.5711604 0 0.4836347 0.5727931 0 0.4808423 0.5727931 0 0.9140612 0.247013 0 0.9324178 0.247013 0 0.9142443 0.2606394 0 0.9322042 0.2606394 0 0.9143053 0.261799 0 0.9321432 0.261799 0 0.9145495 0.2629434 0 0.9319143 0.2629587 0 0.9149615 0.2642405 0 0.931487 0.2642405 0 0.9158922 0.265568 0 0.9305714 0.2655833 0 0.9173724 0.2667429 0 0.9290761 0.2667429 0 0.9193408 0.2675059 0 0.9271076 0.2675059 0 0.9249409 0.2679027 0 0.9215076 0.2679027 0 0.9232318 0.2679942 0 0.8961776 0.2372015 0 0.9105211 0.2372015 0 0.8961776 0.2604715 0 0.9105211 0.2604715 0 0.8961776 0.2619821 0 0.9105211 0.2619821 0 0.8961776 0.2635233 0 0.9105211 0.2635233 0 0.8961776 0.2653086 0 0.9105211 0.2653086 0 0.8961776 0.2676738 0 0.9105211 0.2676738 0 0.8961776 0.2703593 0 0.9105211 0.2703593 0 0.8961776 0.273106 0 0.9105211 0.273106 0 0.8961776 0.2757611 0 0.9105211 0.2757611 0 0.8961776 0.2778515 0 0.9105211 0.2778515 0 0.8955215 0.277821 0 0.8812238 0.277821 0 0.8955215 0.2546273 0 0.8812238 0.2546273 0 0.8955215 0.2531167 0 0.8812238 0.2531167 0 0.8955215 0.2515755 0 0.8812238 0.2515755 0 0.8955215 0.2497902 0 0.8812238 0.2497902 0 0.8955215 0.2474403 0 0.8812238 0.2474403 0 0.8955215 0.2447547 0 0.8812238 0.2447547 0 0.8955215 0.2420233 0 0.8812238 0.2420233 0 0.8955215 0.2393835 0 0.8812238 0.2393835 0 0.8955215 0.2372931 0 0.8812238 0.2372931 0 0.9374533 0.2523232 0 0.9374533 0.2654154 0 0.9368277 0.2654154 0 0.9368277 0.2523232 0 0.9362326 0.2654154 0 0.9362326 0.2523232 0 0.9356222 0.2654154 0 0.9356222 0.2523232 0 0.9253986 0.270634 0 0.9232471 0.2707561 0 0.9250324 0.2681468 0 0.9232471 0.2682536 0 0.9253986 0.270634 0 0.9272755 0.2677196 0 0.9280843 0.2701762 0 0.9272755 0.2677196 0 0.9293202 0.2669413 0 0.930663 0.2690623 0 0.1844968 0.8868696 0 0.1851988 0.8868696 0 0.1844968 0.8888838 0 0.1851988 0.8868696 0 0.1851988 0.8888838 0 0.1851988 0.8868696 0 0.1851988 0.8868696 0 0.1851988 0.8842756 0 0.1844968 0.8868696 0 0.1844968 0.8842756 0 0.4334173 0.4369116 0 0.4344243 0.4369116 0 0.432929 0.4377813 0 0.4349279 0.4377813 0 0.4334173 0.4386358 0 0.4344243 0.4386358 0 0.4334173 0.4369116 0 0.4344243 0.4369116 0 0.432929 0.4377813 0 0.4349279 0.4377813 0 0.4334173 0.4386358 0 0.4344243 0.4386358 0 0.8823835 0.6142519 0 0.8883192 0.6220493 0 0.8843824 0.6220493 0 0.8883192 0.5970245 0 0.8800641 0.6090181 0 0.874876 0.6021363 0 0.874876 0.6220493 0 0.8808118 0.6142519 0 0.8788128 0.6220493 0 0.874876 0.5970245 0 0.8831311 0.6090181 0 0.8883192 0.6021363 0 0.8898299 0.5898833 0 0.8909743 0.5913939 0 0.8902113 0.5913939 0 0.8909743 0.5865415 0 0.8893721 0.5888762 0 0.888365 0.5875334 0 0.8834363 0.5912871 0 0.884596 0.5897765 0 0.8841993 0.5912871 0 0.8834363 0.5864347 0 0.8850386 0.5887693 0 0.8860456 0.5874265 0 0.8897841 0.5952544 0 0.8909285 0.5967651 0 0.8901656 0.5967651 0 0.8909285 0.5919127 0 0.8893263 0.5942473 0 0.8883192 0.5929046 0 0.8833753 0.5966582 0 0.884535 0.5951476 0 0.8841382 0.5966582 0 0.8833753 0.5918059 0 0.8849775 0.5941253 0 0.8859846 0.5927978 0 0.05050736 0.4299687 0 0.07251087 0.4299687 0 0.05050736 0.430869 0 0.07251087 0.430869 0 0.07382315 0.4299687 0 0.07382315 0.430869 0 0.07516594 0.430869 0 0.07516594 0.4299687 0 0.07666133 0.4299687 0 0.07666133 0.430869 0 0.0785687 0.430869 0 0.0785687 0.4299687 0 0.08081178 0.4299687 0 0.08081178 0.430869 0 0.08314641 0.4299687 0 0.08314641 0.430869 0 0.08548104 0.4299687 0 0.08548104 0.430869 0 0.08729687 0.430869 0 0.08729687 0.4299687 0 0.08790722 0.4296483 0 0.09001297 0.4296483 0 0.09001297 0.4311894 0 0.08789197 0.4311894 0 0.08526742 0.4296483 0 0.08526742 0.4311894 0 0.08250553 0.4296483 0 0.08250553 0.4311894 0 0.07980468 0.4296483 0 0.07980468 0.4311894 0 0.07740902 0.4296483 0 0.07740902 0.4311894 0 0.07560845 0.4296483 0 0.07560845 0.4311894 0 0.07408255 0.4296483 0 0.07408255 0.4311894 0 0.07257191 0.4296483 0 0.07257191 0.4311894 0 0.04780652 0.4311894 0 0.04780652 0.4296483 0 0.07760739 0.4638743 0 0.07759213 0.4650645 0 0.07267872 0.4638743 0 0.07269398 0.4662089 0 0.07759213 0.4662089 0 0.07286183 0.4669108 0 0.07743954 0.4669108 0 0.07339589 0.4676127 0 0.07690547 0.4676127 0 0.0742504 0.4679332 0 0.07605097 0.4679332 0 0.07515068 0.4680095 0 0.07475395 0.45832 0 0.07620355 0.4583047 0 0.07548638 0.4583657 0 0.07689021 0.45803 0 0.07408255 0.45803 0 0.07362478 0.4574197 0 0.07734798 0.4574197 0 0.07750057 0.4568093 0 0.07345693 0.4568093 0 0.07345693 0.4554513 0 0.07751583 0.4554513 0 0.08535897 0.4392004 0 0.08535897 0.437995 0 0.08014038 0.4392004 0 0.08014038 0.4368658 0 0.08535897 0.4368658 0 0.08014038 0.4361029 0 0.08535897 0.4361029 0 0.08535897 0.4353246 0 0.08014038 0.4353246 0 0.08535897 0.4344243 0 0.08014038 0.4344243 0 0.08014038 0.4335393 0 0.08535897 0.4335393 0 0.08535897 0.4326391 0 0.08014038 0.4326391 0 0.08014038 0.4317541 0 0.08535897 0.4317541 0 0.08535897 0.4309758 0 0.08014038 0.4309758 0 0.08014038 0.4301976 0 0.08535897 0.4301976 0 0.08014038 0.4278783 0 0.08535897 0.4278783 0 0.08380255 0.4202945 0 0.08380255 0.4173648 0 0.08229191 0.4173648 0 0.08229191 0.4202945 0 0.08380255 0.4212406 0 0.08229191 0.4212406 0 0.08229191 0.4221866 0 0.08380255 0.4221866 0 0.08380255 0.42327 0 0.08229191 0.42327 0 0.08229191 0.4243687 0 0.08380255 0.4243687 0 0.08380255 0.4254673 0 0.08229191 0.4254673 0 0.08229191 0.4265659 0 0.08380255 0.4265659 0 0.08229191 0.4274967 0 0.08380255 0.4274967 0 0.08380255 0.4284428 0 0.08229191 0.4284428 0 0.08229191 0.4292516 0 0.08380255 0.4292516 0 0.06883345 0.4567788 0 0.0701915 0.4567788 0 0.07020676 0.4548867 0 0.06883345 0.4548867 0 0.0681468 0.4567788 0 0.0681468 0.4548867 0 0.06744488 0.4548867 0 0.06744488 0.4567788 0 0.06672771 0.4567788 0 0.06672771 0.4548867 0 0.06599527 0.4548867 0 0.06599527 0.4567788 0 0.06526284 0.4567788 0 0.06526284 0.4548867 0 0.0645304 0.4548867 0 0.0645304 0.4567788 0 0.06384375 0.4548867 0 0.06384375 0.4567788 0 0.06315709 0.4567788 0 0.06315709 0.4548867 0 0.06178378 0.4548867 0 0.06178378 0.4567788 0 0.07475395 0.45832 0 0.07548638 0.4583657 0 0.07620355 0.4583047 0 0.07689021 0.45803 0 0.07408255 0.45803 0 0.07362478 0.4574197 0 0.07734798 0.4574197 0 0.07750057 0.4568093 0 0.07345693 0.4568093 0 0.07345693 0.4554513 0 0.07751583 0.4554513 0 0.07038987 0.3642328 0 0.07038987 0.3608301 0 0.07167163 0.3642328 0 0.07167163 0.3608301 0 0.07038987 0.359762 0 0.07167163 0.359762 0 0.07038987 0.3577783 0 0.07167163 0.3577783 0 0.07038987 0.3569848 0 0.07167163 0.3569848 0 0.07167163 0.3561913 0 0.07038987 0.3561913 0 0.07038987 0.3552758 0 0.07167163 0.3552758 0 0.07167163 0.3543603 0 0.07038987 0.3543603 0 0.07038987 0.3534447 0 0.07167163 0.3534447 0 0.07167163 0.3525444 0 0.07038987 0.3525444 0 0.07167163 0.3517357 0 0.07038987 0.3517357 0 0.07038987 0.3509423 0 0.07167163 0.3509423 0 0.07038987 0.3489738 0 0.07167163 0.3489738 0 0.07167163 0.3478904 0 0.07038987 0.3478904 0 0.07014573 0.3582056 0 0.07190051 0.3582056 0 0.07101548 0.3583276 0 0.07278553 0.3579309 0 0.0692607 0.3579309 0 0.07327382 0.3572137 0 0.06878767 0.3572137 0 0.07348745 0.3565118 0 0.06855878 0.3564965 0 0.06855878 0.3545434 0 0.07350271 0.3545434 0 0.07273976 0.353811 0 0.069337 0.3537957 0 0.07167163 0.3478904 0 0.07167163 0.3512932 0 0.07038987 0.3478904 0 0.07038987 0.3512932 0 0.07167163 0.3523766 0 0.07038987 0.3523766 0 0.07167163 0.354345 0 0.07038987 0.354345 0 0.07167163 0.3551385 0 0.07038987 0.3551385 0 0.07038987 0.3559472 0 0.07167163 0.3559472 0 0.07167163 0.3568475 0 0.07038987 0.3568475 0 0.07038987 0.3577631 0 0.07167163 0.3577631 0 0.07167163 0.3586786 0 0.07038987 0.3586786 0 0.07038987 0.3595941 0 0.07167163 0.3595941 0 0.07038987 0.3603876 0 0.07167163 0.3603876 0 0.07167163 0.361181 0 0.07038987 0.361181 0 0.07167163 0.3631647 0 0.07038987 0.3631647 0 0.07038987 0.3642328 0 0.07167163 0.3642328 0 0.07174792 0.3464409 0 0.07174792 0.3502098 0 0.07031357 0.3464409 0 0.07031357 0.3502098 0 0.07174792 0.3516594 0 0.07031357 0.3516594 0 0.07174792 0.3539025 0 0.07031357 0.3539025 0 0.07174792 0.3548486 0 0.07031357 0.3548486 0 0.07031357 0.3558099 0 0.07174792 0.3558099 0 0.07174792 0.356878 0 0.07031357 0.356878 0 0.07031357 0.3579462 0 0.07174792 0.3579462 0 0.07174792 0.3590295 0 0.07031357 0.3590295 0 0.07031357 0.3600976 0 0.07174792 0.3600976 0 0.07031357 0.3610437 0 0.07174792 0.3610437 0 0.07174792 0.3620051 0 0.07031357 0.3620051 0 0.07174792 0.3642481 0 0.07031357 0.3642481 0 0.07031357 0.3656825 0 0.07174792 0.3656825 0 0.81944 0.6761883 0 0.818204 0.6770428 0 0.8172274 0.6743877 0 0.8194553 0.6743267 0 0.8197147 0.675288 0 0.8120699 0.6184939 0 0.8120699 0.6002747 0 0.8193637 0.6216068 0 0.812665 0.595346 0 0.8111544 0.5995423 0 0.8111544 0.5959563 0 0.8106508 0.5978027 0 0.4995804 0.5238117 0 0.4995804 0.5218738 0 0.5049515 0.5238117 0 0.5049515 0.5218738 0 0.4995804 0.5197375 0 0.5049515 0.5197375 0 0.4995804 0.5174487 0 0.5049515 0.5174487 0 0.4995804 0.5156786 0 0.5049515 0.5156786 0 0.4995804 0.5136645 0 0.5049515 0.5136645 0 0.5048295 0.5128405 0 0.4997025 0.5128405 0 0.5044633 0.5124285 0 0.5000687 0.5124132 0 0.503975 0.5121996 0 0.5005569 0.5121691 0 0.5015335 0.5119554 0 0.5029984 0.5119554 0 0.8198367 0.6274509 0 0.82121 0.6263371 0 0.8278019 0.6263218 0 0.8291905 0.6274509 0 0.8198367 0.6290837 0 0.8291905 0.6290837 0 0.8198367 0.6308233 0 0.8291905 0.6308233 0 0.8198367 0.6326696 0 0.8291905 0.6326696 0 0.5046616 0.5727931 0 0.5046616 0.5711604 0 0.5097276 0.5727931 0 0.5097276 0.5711604 0 0.5046616 0.5665675 0 0.5097276 0.5665675 0 0.5097276 0.56495 0 0.5046616 0.56495 0 0.5026932 0.5014267 0 0.5026932 0.4966812 0 0.5061723 0.4966812 0 0.5061723 0.5014267 0 0.5026932 0.5198291 0 0.5061723 0.5198291 0 0.5061723 0.4966812 0 0.507393 0.4966812 0 0.507393 0.5014267 0 0.507393 0.5198291 0 0.5083085 0.4966812 0 0.5083085 0.5014267 0 0.5083085 0.5198291 0 0.5095292 0.4966812 0 0.5095292 0.5198291 0 0.5095292 0.5014267 0 0.5059892 0.56495 0 0.5059892 0.5665675 0 0.5012131 0.56495 0 0.5012131 0.5665675 0 0.5059892 0.5711604 0 0.5012131 0.5711604 0 0.5012131 0.5727931 0 0.5059892 0.5727931 0 0.8943008 0.2791027 0 0.8915389 0.2791027 0 0.8929122 0.2789959 0 0.8901656 0.2795453 0 0.8956588 0.2795453 0 0.8892348 0.2801251 0 0.8966049 0.2801251 0 0.8974289 0.2809796 0 0.8884107 0.2809796 0 0.8976883 0.2819715 0 0.8881361 0.2819715 0 0.8881361 0.2898909 0 0.8977035 0.2898909 0 0.9170215 0.2767376 0 0.9199512 0.2767376 0 0.9184863 0.2767681 0 0.9217975 0.2763867 0 0.9151751 0.2763867 0 0.9136492 0.2758831 0 0.9233081 0.2758831 0 0.9244221 0.2750286 0 0.9125353 0.2750286 0 0.9250172 0.2741741 0 0.9119554 0.2741741 0 0.9116502 0.2732128 0 0.9253224 0.2732128 0 0.9114671 0.2723125 0 0.9255055 0.2723125 0 0.9255512 0.2713969 0 0.9114061 0.2713969 0 0.264332 0.527779 0 0.2672618 0.527779 0 0.2657969 0.5278096 0 0.2691844 0.5273518 0 0.2623941 0.5273518 0 0.2608072 0.5266957 0 0.2707714 0.5266957 0 0.2717937 0.5259632 0 0.2597848 0.5259632 0 0.2723278 0.5252155 0 0.259266 0.5252155 0 0.2589609 0.5242542 0 0.272633 0.5242542 0 0.2587625 0.5233539 0 0.2728161 0.5233539 0 0.2728618 0.5224384 0 0.2587167 0.5224384 0 0.4601663 0.4394445 0 0.4598306 0.4400397 0 0.459144 0.4400397 0 0.4588083 0.4394445 0 0.4598306 0.4388494 0 0.459144 0.4388494 0 0.8972458 0.6113069 0 0.8969101 0.6118867 0 0.8962234 0.6118867 0 0.8958877 0.6113069 0 0.8969101 0.6107118 0 0.8962234 0.6107118 0 0.8972458 0.6113069 0 0.8969101 0.6118867 0 0.8962234 0.6118867 0 0.8958877 0.6113069 0 0.8969101 0.6107118 0 0.8962234 0.6107118 0 0.08729687 0.430869 0 0.08548104 0.430869 0 0.08729687 0.4299687 0 0.08548104 0.4299687 0 0.08314641 0.4299687 0 0.08314641 0.430869 0 0.08081178 0.430869 0 0.08081178 0.4299687 0 0.0785687 0.430869 0 0.0785687 0.4299687 0 0.07666133 0.430869 0 0.07666133 0.4299687 0 0.07516594 0.4299687 0 0.07516594 0.430869 0 0.07382315 0.430869 0 0.07382315 0.4299687 0 0.07251087 0.4299687 0 0.07251087 0.430869 0 0.06575113 0.4299687 0 0.06575113 0.430869 0 0.06495766 0.4299687 0 0.06495766 0.430869 0 0.05050736 0.430869 0 0.05050736 0.4299687 0 0.07534905 0.3449759 0 0.06625468 0.3459678 0 0.07443351 0.3435111 0 0.06684978 0.3443351 0 0.06565957 0.3476005 0 0.07627985 0.3464256 0 0.07534905 0.3449759 0 0.9168536 0.2999924 0 0.9176318 0.3008316 0 0.907927 0.2999924 0 0.9071336 0.3008316 0 0.9067826 0.3009995 0 0.917998 0.3009995 0 0.8802624 0.2785687 0 0.8802624 0.2773632 0 0.8805829 0.2785687 0 0.8805829 0.2773632 0 0.8805829 0.2761273 0 0.8802624 0.2761273 0 0.8802624 0.2520028 0 0.8802624 0.2507973 0 0.8805829 0.2507973 0 0.8805829 0.2520028 0 0.8805829 0.2532387 0 0.8802624 0.2532387 0 0.8802624 0.2546883 0 0.8802624 0.2532387 0 0.8805829 0.2532387 0 0.8805829 0.2546883 0 0.8805829 0.2564126 0 0.8802624 0.2564126 0 0.8802624 0.2761273 0 0.8802624 0.2746776 0 0.8805829 0.2761273 0 0.8805829 0.2746776 0 0.8805829 0.2729381 0 0.8802624 0.2729381 0 0.8802624 0.2685435 0 0.8802624 0.2663462 0 0.8805829 0.2685435 0 0.8805829 0.2663462 0 0.8805829 0.264683 0 0.8802624 0.264683 0 0.9186389 0.2987411 0 0.9186389 0.2996414 0 0.9062791 0.2996414 0 0.9062791 0.2987411 0 0.9062791 0.2978103 0 0.9186389 0.2978103 0 0.9186389 0.2968032 0 0.9062791 0.2968032 0 0.9062791 0.2957656 0 0.9186389 0.2957656 0 0.9062791 0.2943618 0 0.9186541 0.2943618 0 0.9062791 0.2927596 0 0.9186541 0.2927596 0 0.9186541 0.2908827 0 0.9062791 0.2908827 0 0.9062791 0.2894179 0 0.9186541 0.2894179 0 0.9186541 0.287953 0 0.9062791 0.287953 0 0.9062791 0.2860761 0 0.9186541 0.2860761 0 0.9062791 0.284474 0 0.9186541 0.284474 0 0.9062791 0.2830701 0 0.9186541 0.2830701 0 0.9186541 0.2820325 0 0.9062791 0.2820325 0 0.9062791 0.2810254 0 0.9186541 0.2810254 0 0.9186541 0.2800946 0 0.9062791 0.2800946 0 0.9062791 0.2791943 0 0.9186541 0.2791943 0 0.5101702 0.5468528 0 0.5101702 0.5489738 0 0.5016251 0.5468528 0 0.5016251 0.5489738 0 0.5101702 0.5510338 0 0.5007858 0.5468528 0 0.5016251 0.5510338 0 0.5101702 0.5531548 0 0.5016251 0.5531548 0 0.5007858 0.5489738 0 0.5000076 0.5468528 0 0.5007858 0.5510338 0 0.5007858 0.5531548 0 0.5000076 0.5489738 0 0.4992142 0.5468528 0 0.5000076 0.5510338 0 0.5000076 0.5531548 0 0.4992142 0.5489738 0 0.4983749 0.5468528 0 0.4992142 0.5510338 0 0.4992142 0.5531548 0 0.4983749 0.5531548 0 0.4983749 0.5489738 0 0.4898299 0.5468528 0 0.4898299 0.5489738 0 0.4898299 0.5510338 0 0.4983749 0.5510338 0 0.4898299 0.5531548 0 0.874052 0.6779889 0 0.874052 0.6783704 0 0.8727855 0.6779889 0 0.8727855 0.6783704 0 0.874052 0.6787976 0 0.8721446 0.6779889 0 0.8727855 0.6787976 0 0.874052 0.6791943 0 0.8721446 0.6783704 0 0.8714427 0.6779889 0 0.8721446 0.6787976 0 0.8714427 0.6783704 0 0.8708019 0.6779889 0 0.8727855 0.6791943 0 0.874052 0.6796216 0 0.8727855 0.6796216 0 0.8721446 0.6791943 0 0.8721446 0.6796216 0 0.8714427 0.6787976 0 0.8714427 0.6791943 0 0.8714427 0.6796216 0 0.8708019 0.6796216 0 0.8708019 0.6783704 0 0.8695506 0.6779889 0 0.8695506 0.6783704 0 0.8695506 0.6787976 0 0.8708019 0.6787976 0 0.8708019 0.6791943 0 0.8695506 0.6791943 0 0.8695506 0.6796216 0 0.9051652 0.3019455 0 0.9051652 0.2783856 0 0.9057908 0.3014725 0 0.9057908 0.2788586 0 0.9197375 0.2783856 0 0.9057908 0.2788586 0 0.9191119 0.2788586 0 0.9051652 0.3019455 0 0.9191119 0.3014725 0 0.9197375 0.3019455 0 0.9197375 0.2783856 0 0.9191119 0.3014725 0 0.4908064 0.5523461 0 0.4879225 0.5523461 0 0.4879225 0.5507439 0 0.4908064 0.5507439 0 0.4879225 0.5492637 0 0.496788 0.5507439 0 0.496788 0.5523461 0 0.4908064 0.5492637 0 0.4983139 0.5507439 0 0.4983139 0.5523461 0 0.5000076 0.5523461 0 0.4908064 0.5476615 0 0.4879225 0.5476615 0 0.496788 0.5492637 0 0.496788 0.5476615 0 0.4983139 0.5492637 0 0.4983139 0.5476615 0 0.5000076 0.5507439 0 0.5016861 0.5523461 0 0.5000076 0.5492637 0 0.5000076 0.5476615 0 0.5016861 0.5507439 0 0.503212 0.5523461 0 0.5016861 0.5492637 0 0.5016861 0.5476615 0 0.503212 0.5507439 0 0.5091935 0.5523461 0 0.503212 0.5492637 0 0.503212 0.5476615 0 0.5091935 0.5476615 0 0.5091935 0.5507439 0 0.5120775 0.5507439 0 0.5120775 0.5523461 0 0.5091935 0.5492637 0 0.5120775 0.5492637 0 0.5120775 0.5476615 0 0.4541543 0.4698863 0 0.4541543 0.4707866 0 0.4540932 0.4698863 0 0.4540932 0.4707866 0 0.4541543 0.4717174 0 0.4540169 0.4707866 0 0.4540169 0.4698863 0 0.4539559 0.4698863 0 0.4539559 0.4707866 0 0.4540169 0.4717174 0 0.4539559 0.4717174 0 0.4540932 0.4717174 0 0.4541543 0.472694 0 0.4540169 0.472694 0 0.4539559 0.472694 0 0.4539559 0.4736858 0 0.4540169 0.4736858 0 0.4540932 0.472694 0 0.4541543 0.4736858 0 0.4540932 0.4736858 0 0.4541543 0.4698863 0 0.4541543 0.4707866 0 0.4540932 0.4698863 0 0.4540932 0.4707866 0 0.4541543 0.4717174 0 0.4540169 0.4707866 0 0.4540169 0.4698863 0 0.4539559 0.4698863 0 0.4539559 0.4707866 0 0.4540169 0.4717174 0 0.4539559 0.4717174 0 0.4540932 0.4717174 0 0.4541543 0.472694 0 0.4540169 0.472694 0 0.4539559 0.472694 0 0.4540932 0.472694 0 0.4541543 0.4736858 0 0.4540932 0.4736858 0 0.4540169 0.4736858 0 0.4539559 0.4736858 0 0.4541543 0.472694 0 0.4541543 0.4736858 0 0.4540932 0.4736858 0 0.4540932 0.472694 0 0.4541543 0.4717174 0 0.4540169 0.472694 0 0.4540169 0.4736858 0 0.4539559 0.4736858 0 0.4539559 0.472694 0 0.4540169 0.4717174 0 0.4539559 0.4717174 0 0.4540932 0.4717174 0 0.4541543 0.4707866 0 0.4540169 0.4707866 0 0.4539559 0.4707866 0 0.4539559 0.4698863 0 0.4540169 0.4698863 0 0.4540932 0.4707866 0 0.4541543 0.4698863 0 0.4540932 0.4698863 0 0.4539559 0.4707866 0 0.4539559 0.4698863 0 0.4540169 0.4698863 0 0.4540169 0.4707866 0 0.4539559 0.4717174 0 0.4540932 0.4707866 0 0.4540932 0.4698863 0 0.4541543 0.4698863 0 0.4541543 0.4707866 0 0.4540932 0.4717174 0 0.4541543 0.4717174 0 0.4540169 0.4717174 0 0.4539559 0.472694 0 0.4540932 0.472694 0 0.4541543 0.472694 0 0.4540169 0.472694 0 0.4539559 0.4736858 0 0.4540169 0.4736858 0 0.4540932 0.4736858 0 0.4541543 0.4736858 0 0.4539559 0.4698863 0 0.4540169 0.4698863 0 0.4540169 0.4707866 0 0.4539559 0.4707866 0 0.4540932 0.4698863 0 0.4540169 0.4717174 0 0.4539559 0.4717174 0 0.4540932 0.4707866 0 0.4541543 0.4698863 0 0.4541543 0.4707866 0 0.4541543 0.4717174 0 0.4540932 0.4717174 0 0.4541543 0.472694 0 0.4540169 0.472694 0 0.4539559 0.472694 0 0.4539559 0.4736858 0 0.4540169 0.4736858 0 0.4540932 0.472694 0 0.4541543 0.4736858 0 0.4540932 0.4736858 0 0.4540932 0.4707866 0 0.4540932 0.4698863 0 0.4541543 0.4698863 0 0.4540169 0.4698863 0 0.4541543 0.4707866 0 0.4540169 0.4707866 0 0.4539559 0.4698863 0 0.4539559 0.4707866 0 0.4539559 0.4717174 0 0.4540932 0.4717174 0 0.4541543 0.4717174 0 0.4540169 0.4717174 0 0.4539559 0.472694 0 0.4540932 0.472694 0 0.4541543 0.472694 0 0.4541543 0.4736858 0 0.4540932 0.4736858 0 0.4540169 0.472694 0 0.4539559 0.4736858 0 0.4540169 0.4736858 0 0.4539559 0.4698863 0 0.4540169 0.4698863 0 0.4540169 0.4707866 0 0.4539559 0.4707866 0 0.4540932 0.4698863 0 0.4540169 0.4717174 0 0.4539559 0.4717174 0 0.4539559 0.472694 0 0.4540932 0.4707866 0 0.4541543 0.4698863 0 0.4541543 0.4707866 0 0.4540169 0.472694 0 0.4539559 0.4736858 0 0.4540169 0.4736858 0 0.4540932 0.4717174 0 0.4541543 0.4717174 0 0.4541543 0.472694 0 0.4540932 0.472694 0 0.4540932 0.4736858 0 0.4541543 0.4736858 0 0.8317845 0.6579995 0 0.83122 0.6590981 0 0.8312657 0.6578317 0 0.8314336 0.6567788 0 0.8307927 0.6587777 0 0.8319677 0.6567788 0 0.8303502 0.659968 0 0.8312657 0.655726 0 0.8300297 0.6595255 0 0.8317845 0.6555581 0 0.8292515 0.6605173 0 0.8307927 0.6547799 0 0.8290837 0.6600137 0 0.83122 0.6544595 0 0.8280308 0.6607156 0 0.8300297 0.6540322 0 0.8280308 0.6601816 0 0.8303502 0.6535897 0 0.8268101 0.6605173 0 0.8290837 0.6535439 0 0.826978 0.6600137 0 0.8292515 0.6530251 0 0.8257267 0.659968 0 0.8280308 0.6533761 0 0.8260319 0.6595255 0 0.8280308 0.652842 0 0.8248417 0.6590981 0 0.826978 0.6535439 0 0.8252842 0.6587777 0 0.8268101 0.6530251 0 0.8242924 0.6579995 0 0.8260319 0.6540322 0 0.8247959 0.6578317 0 0.8257267 0.6535897 0 0.824094 0.6567788 0 0.8252842 0.6547799 0 0.8246281 0.6567788 0 0.8248417 0.6544595 0 0.8242924 0.6555581 0 0.8247959 0.655726 0 0.8438239 0.654139 0 0.8432899 0.6552072 0 0.840177 0.6529488 0 0.8440223 0.6529488 0 0.8424354 0.6560616 0 0.8438239 0.6517739 0 0.8413672 0.656611 0 0.8432899 0.6506904 0 0.840177 0.6567941 0 0.8424354 0.6498512 0 0.8389868 0.656611 0 0.8413672 0.6493019 0 0.8379187 0.6560616 0 0.840177 0.6491188 0 0.8370794 0.6552072 0 0.8389868 0.6493019 0 0.8365301 0.654139 0 0.8379187 0.6498512 0 0.8363317 0.6529488 0 0.8370794 0.6506904 0 0.8365301 0.6517739 0 0.07890441 0.4278325 0 0.07847715 0.4332036 0 0.07847715 0.4278325 0 0.07080186 0.3578241 0 0.07080186 0.3558251 0 0.07031357 0.3558099 0 0.07109179 0.3600519 0 0.07017624 0.3580072 0 0.07188525 0.3596704 0 0.8572366 0.6302434 0 0.8572366 0.6248417 0 0.8578165 0.6282292 0 0.9052415 0.601236 0 0.9052415 0.6019074 0 0.8989853 0.601236 0 0.8921187 0.6012512 0 0.8983749 0.6012512 0 0.8921187 0.6019226 0 0.4592355 0.4189059 0 0.4597848 0.4189059 0 0.4592355 0.4195468 0 0.4592355 0.4163272 0 0.4592355 0.4156862 0 0.4597848 0.4163272 0 0.4592355 0.416968 0 0.4597848 0.416968 0 0.4592355 0.4176242 0 0.4592355 0.418265 0 0.4592355 0.4176242 0 0.4597848 0.418265 0 0.4592355 0.4189059 0 0.4597848 0.4189059 0 0.4592355 0.4195468 0 0.4592355 0.4163272 0 0.4592355 0.4156862 0 0.4597848 0.4163272 0 0.4592355 0.416968 0 0.4597848 0.416968 0 0.4592355 0.4176242 0 0.4592355 0.418265 0 0.4592355 0.4176242 0 0.4597848 0.418265 0 0.459205 0.4236209 0 0.4598001 0.4236209 0 0.459205 0.4243076 0 0.459205 0.4209049 0 0.459205 0.4202182 0 0.4598001 0.4209049 0 0.459205 0.4215763 0 0.4598001 0.4215763 0 0.459205 0.4222629 0 0.459205 0.4229496 0 0.459205 0.4222629 0 0.4598001 0.4229496 0 0.8962844 0.592752 0 0.8962844 0.5920653 0 0.8968643 0.592752 0 0.8962844 0.5934386 0 0.8968643 0.5934386 0 0.8962844 0.59411 0 0.8962844 0.5947967 0 0.8962844 0.59411 0 0.8968643 0.5947967 0 0.8962844 0.5947967 0 0.8968643 0.5947967 0 0.8962844 0.5954833 0 0.8962844 0.592752 0 0.8962844 0.5920653 0 0.8968643 0.592752 0 0.8962844 0.592752 0 0.8968643 0.592752 0 0.8962844 0.5934386 0 0.8962844 0.5947967 0 0.8962844 0.59411 0 0.8968643 0.5947967 0 0.8962844 0.5947967 0 0.8968643 0.5947967 0 0.8962844 0.5954833 0 0.07125963 0.3578241 0 0.07080186 0.3578241 0 0.07031357 0.3600976 0 0.8708019 0.6779889 0 0.8727855 0.6779889 0 0.8714427 0.6787976 0 0.8708019 0.6791943 0 0.8714427 0.6787976 0 0.8727855 0.6796216 0 0.8695506 0.6779889 0 0.8708019 0.6779889 0 0.8695506 0.6783704 0 0.4541543 0.472694 0 0.4539559 0.4707866 0 0.4540169 0.4717174 0 0.8255741 0.6491951 0 0.8280308 0.6487983 0 0.8241245 0.6513924 0 0.8215762 0.6520943 0 0.8242466 0.6515602 0 0.8246281 0.6567788 0 0.8200656 0.6567788 0 0.8216983 0.6588387 0 0.8215762 0.6614634 0 0.8218967 0.6587625 0 0.8255741 0.6643625 0 0.8255741 0.6643625 0 0.8248417 0.6567788 0 0.8267643 0.6607004 0 0.8305028 0.6643625 0 0.8268101 0.6605173 0 0.830457 0.6601205 0 0.8356146 0.6592355 0 0.8346838 0.6567788 0 0.8303502 0.659968 0 0.8312657 0.655726 0 0.8356146 0.6543069 0 0.8344854 0.6567788 0 0.8334172 0.6528725 0 0.8327153 0.6503242 0 0.8332494 0.6529946 0 0.8280308 0.6487983 0 0.8332494 0.6529946 0 0.8310674 0.655787 0 0.8293126 0.652842 0 0.8280308 0.6487983 0 0.8280308 0.6526436 0 0.8242466 0.6515602 0 0.8242466 0.6515602 0 0.8280308 0.652842 0 0.825452 0.654902 0 0.8246281 0.6567788 0 0.8252842 0.6547799 0 0.8802624 0.2372168 0 0.8805829 0.2372168 0 0.8805829 0.2507973 0 0.8802624 0.2520028 0 0.8802624 0.2372168 0 0.8805829 0.2532387 0 0.8802624 0.2532387 0 0.08014038 0.4361029 0 0.07977416 0.4392004 0 0.07931639 0.437995 0 0.07931639 0.4361029 0 0.07977416 0.4353246 0 0.07977416 0.4361029 0 0.07931639 0.4344243 0 0.07977416 0.4335393 0 0.07931639 0.4326391 0 0.08014038 0.4317541 0 0.07931639 0.4309758 0 0.07977416 0.4309758 0 0.07977416 0.4317541 0 0.07931639 0.4290684 0 0.07977416 0.4278783 0 0.08014038 0.4309758 0 0.07977416 0.4278783 0 0.07931639 0.4290684 0 0.07931639 0.4309758 0 0.07977416 0.4317541 0 0.07977416 0.4309758 0 0.07931639 0.4326391 0 0.07977416 0.4335393 0 0.07931639 0.4344243 0 0.07977416 0.4353246 0 0.07931639 0.4361029 0 0.07977416 0.4361029 0 0.07931639 0.437995 0 0.07977416 0.4392004 0 0.4981918 0.5405356 0 0.5018082 0.5405356 0 0.4981918 0.5460746 0 0.5018082 0.5460746 0 0.4981918 0.5460746 0 0.5018082 0.5460746 0 0.4981918 0.553933 0 0.5018082 0.553933 0 0.4981918 0.553933 0 0.5018082 0.553933 0 0.4981918 0.5594568 0 0.5018082 0.5594568 0 0.5021287 0.5425498 0 0.5021287 0.5574578 0 0.4978714 0.5460594 0 0.4978714 0.553933 0 0.4978714 0.5574578 0 0.4978714 0.5425498 0 0.5021287 0.5539483 0 0.5021287 0.5460594 0 0.494728 0.5320363 0 0.4954147 0.5320363 0 0.494728 0.5331197 0 0.4954147 0.5331197 0 0.494728 0.5331197 0 0.4954147 0.5331197 0 0.494728 0.5346304 0 0.4954147 0.5346304 0 0.494728 0.5346304 0 0.4954147 0.5346304 0 0.494728 0.5357137 0 0.4954147 0.5357137 0 0.4965133 0.5324178 0 0.4965133 0.535317 0 0.4956893 0.5331044 0 0.4956893 0.5346304 0 0.4936294 0.5352407 0 0.4936294 0.5323567 0 0.4944533 0.5345541 0 0.4944533 0.5330281 0 0.8775921 0.5891814 0 0.8856031 0.5891814 0 0.8775921 0.6035706 0 0.8856031 0.6035706 0 0.8775921 0.6298925 0 0.8775921 0.6259708 0 0.8856031 0.6298925 0 0.8856031 0.6259708 0 0.8864118 0.5862364 0 0.8879682 0.5862364 0 0.8864118 0.5890288 0 0.8879682 0.5890288 0 0.8864118 0.5941253 0 0.8864118 0.5933623 0 0.8879682 0.5941253 0 0.8879682 0.5933623 0 0.8868544 0.5947661 0 0.887541 0.5947509 0 0.8868544 0.5975433 0 0.887541 0.5975586 0 0.8868544 0.6026551 0 0.8868544 0.6018921 0 0.887541 0.6026551 0 0.887541 0.6018921 0 0.07904173 0.4306248 0 0.05877775 0.4306248 0 0.07876707 0.4302129 0 0.05877775 0.4302129 0 0.06247044 0.4296483 0 0.06247044 0.4311894 0 0.04780652 0.4296483 0 0.04780652 0.4311894 0 0.06445411 0.4296483 0 0.06445411 0.4311894 0 0.06366064 0.4296483 0 0.06364538 0.4311894 0 0.06564431 0.4296483 0 0.06564431 0.4311894 0 0.06445411 0.4296483 0 0.06445411 0.4311894 0 0.06247044 0.4296483 0 0.06366064 0.4296483 0 0.06247044 0.4311894 0 0.06364538 0.4311894 0 0.8813306 0.6849623 0 0.8939193 0.6849623 0 0.8813306 0.6866102 0 0.8939193 0.6866102 0 0.8813306 0.687007 0 0.8939345 0.687007 0 0.8813306 0.6883955 0 0.8939345 0.6883955 0 0.8813154 0.6838941 0 0.893904 0.6838941 0 0.8813154 0.6845961 0 0.893904 0.6845961 0 0.8949111 0.6846876 0 0.8955367 0.6860456 0 0.8942702 0.6849775 0 0.8942702 0.6866255 0 0.8803387 0.6846418 0 0.8809644 0.684947 0 0.8796979 0.6860151 0 0.8809644 0.686595 0 0.07344167 0.4470588 0 0.07753109 0.4470588 0 0.07344167 0.452369 0 0.07753109 0.452369 0 0.08229191 0.411963 0 0.08380255 0.411963 0 0.08229191 0.4173648 0 0.08380255 0.4173648 0 0.07344167 0.4535592 0 0.07344167 0.4527504 0 0.07751583 0.4535592 0 0.07753109 0.4527504 0 0.07751583 0.4554513 0 0.07345693 0.4554513 0 0.07751583 0.4535592 0 0.07344167 0.4535592 0 0.08534371 0.4268864 0 0.08383307 0.4268864 0 0.08534371 0.4222782 0 0.08383307 0.4222782 0 0.08229191 0.4292516 0 0.08380255 0.4292516 0 0.08229191 0.4330053 0 0.08380255 0.4330053 0 0.07890441 0.4482643 0 0.07890441 0.4497597 0 0.07847715 0.448249 0 0.07847715 0.4497444 0 0.08229191 0.4330053 0 0.08380255 0.4330053 0 0.08229191 0.434226 0 0.08380255 0.434226 0 0.07890441 0.4460975 0 0.07890441 0.4477302 0 0.07847715 0.4465095 0 0.07847715 0.4477302 0 0.08534371 0.4222782 0 0.08383307 0.4222782 0 0.08534371 0.4205234 0 0.08383307 0.4205234 0 0.07861448 0.4465705 0 0.07890441 0.447013 0 0.07847715 0.448249 0 0.07890441 0.4482643 0 0.07344167 0.4470588 0 0.07344167 0.452369 0 0.07753109 0.4470588 0 0.07753109 0.452369 0 0.08229191 0.411963 0 0.08229191 0.4173648 0 0.08380255 0.411963 0 0.08380255 0.4173648 0 0.07344167 0.4535592 0 0.07751583 0.4535592 0 0.07344167 0.4527504 0 0.07753109 0.4527504 0 0.07344167 0.4535592 0 0.07345693 0.4554513 0 0.07751583 0.4535592 0 0.07751583 0.4554513 0 0.08534371 0.4268864 0 0.08534371 0.4222782 0 0.08383307 0.4268864 0 0.08383307 0.4222782 0 0.08229191 0.4292516 0 0.08229191 0.4330053 0 0.08380255 0.4292516 0 0.08380255 0.4330053 0 0.07890441 0.4482643 0 0.07847715 0.448249 0 0.07890441 0.4497597 0 0.07847715 0.4497444 0 0.08229191 0.4330053 0 0.08229191 0.434226 0 0.08380255 0.4330053 0 0.08380255 0.434226 0 0.07847715 0.4477302 0 0.07890441 0.4477302 0 0.07847715 0.4465095 0 0.07890441 0.4460975 0 0.08534371 0.4222782 0 0.08534371 0.4205234 0 0.08383307 0.4222782 0 0.08383307 0.4205234 0 0.07861448 0.4465705 0 0.07847715 0.448249 0 0.07890441 0.447013 0 0.07890441 0.4482643 0 0.07017624 0.3580072 0 0.07096971 0.3542382 0 0.07188525 0.3596704 0 0.07188525 0.3524681 0 0.8322423 0.6706188 0 0.8358892 0.6706188 0 0.8322423 0.6747692 0 0.8358892 0.6747692 0 0.4995804 0.5401236 0 0.4995804 0.5238117 0 0.5049515 0.5401236 0 0.5049515 0.5238117 0 0.8198367 0.6099489 0 0.8211185 0.6099489 0 0.8198367 0.6263981 0 0.82121 0.6263371 0 0.8278019 0.6263218 0 0.8278935 0.6099489 0 0.8291905 0.6263828 0 0.8291905 0.6099489 0 0.8578165 0.6148318 0 0.8572366 0.6188601 0 0.8572366 0.6128023 0 0.8578165 0.618204 0 0.8989853 0.5912108 0 0.9052415 0.5912108 0 0.8989853 0.5948119 0 0.9052415 0.5948119 0 0.892134 0.5912414 0 0.8983749 0.5912414 0 0.892134 0.5948272 0 0.8983749 0.5948272 0 0.8787976 0.5912566 0 0.8915846 0.5912566 0 0.8787976 0.5953765 0 0.8915846 0.5953765 0 0.8787976 0.5968414 0 0.8787976 0.5953765 0 0.8915846 0.5968414 0 0.8915846 0.5953765 0 0.8787976 0.5968414 0 0.8787976 0.5949492 0 0.8915846 0.5968414 0 0.8915846 0.5949492 0 0.8915846 0.5949492 0 0.8915846 0.5968414 0 0.8787976 0.5949492 0 0.8787976 0.5968414 0 0.8787976 0.5974517 0 0.8787976 0.5964141 0 0.8915846 0.5974517 0 0.8915846 0.5964141 0 0.8787976 0.5964141 0 0.8787976 0.5949492 0 0.8915846 0.5964141 0 0.8915846 0.5949492 0 0.8787976 0.6001221 0 0.8787976 0.599115 0 0.8915846 0.6001221 0 0.8915846 0.599115 0 0.8787976 0.6001221 0 0.8787976 0.599115 0 0.8915846 0.6001221 0 0.8915846 0.599115 0 0.8787976 0.6001221 0 0.8787976 0.599115 0 0.8915846 0.6001221 0 0.8915846 0.599115 0 0.9354391 0.3009842 0 0.9219654 0.3009842 0 0.9354391 0.2784924 0 0.9219654 0.2784924 0 0.9354391 0.3027543 0 0.9219654 0.3027543 0 0.9354391 0.3009842 0 0.9219654 0.3009842 0 0.9219654 0.3009842 0 0.9201801 0.3009842 0 0.9219654 0.2784924 0 0.9201801 0.2784924 0 0.9219654 0.2767071 0 0.9354391 0.2767071 0 0.9219654 0.2784924 0 0.9354391 0.2784924 0 0.9372244 0.2784924 0 0.9372244 0.3009842 0 0.9354391 0.2784924 0 0.9354391 0.3009842 0 0.9478294 0.23711 0 0.9478294 0.2514229 0 0.9356222 0.23711 0 0.9356222 0.2514229 0 0.8802777 0.3114214 0 0.8802777 0.2926986 0 0.8805981 0.3114214 0 0.8805981 0.2926986 0 0.8802624 0.2921492 0 0.8802624 0.2785687 0 0.8805829 0.2921492 0 0.8805829 0.2785687 0 0.8802624 0.2709239 0 0.8802624 0.2685435 0 0.8805829 0.2709239 0 0.8805829 0.2685435 0 0.8802624 0.260792 0 0.8802624 0.258442 0 0.8805829 0.2608072 0 0.8805829 0.258442 0 0.8805829 0.264683 0 0.8802624 0.264683 0 0.8805829 0.2608072 0 0.8802624 0.260792 0 0.8802624 0.258442 0 0.8802624 0.2564126 0 0.8805829 0.258442 0 0.8805829 0.2564126 0 0.8802624 0.2729381 0 0.8802624 0.2709239 0 0.8805829 0.2729381 0 0.8805829 0.2709239 0 0.9516442 0.287419 0 0.9516442 0.2839399 0 0.9522698 0.287419 0 0.9522698 0.2839399 0 0.9516442 0.2898604 0 0.9516442 0.2878309 0 0.9522698 0.2898604 0 0.9522698 0.2878309 0 0.9516442 0.2878309 0 0.9516442 0.2837568 0 0.9522698 0.2878309 0 0.9522698 0.2837568 0 0.9516442 0.2898146 0 0.9516442 0.2889143 0 0.9522698 0.2898146 0 0.9522698 0.2889143 0 0.9516442 0.2889143 0 0.9516442 0.2880293 0 0.9522698 0.2889143 0 0.9522698 0.2880293 0 0.9516442 0.2880293 0 0.9516442 0.287419 0 0.9522698 0.2880293 0 0.9522698 0.287419 0 0.1426413 0.8608682 0 0.1451591 0.8608682 0 0.1426413 0.8701915 0 0.1451591 0.8701915 0 0.1664759 0.8886549 0 0.1664759 0.8861372 0 0.1758144 0.8886549 0 0.1758144 0.8861372 0 0.5867857 0.6064393 0 0.5867857 0.6000611 0 0.5899596 0.6064393 0 0.5899596 0.6000611 0 0.4977798 0.5532922 0 0.4977798 0.5474632 0 0.4984054 0.5532922 0 0.4984054 0.5474632 0 0.4933547 0.5532922 0 0.4933547 0.5474632 0 0.4939803 0.5532922 0 0.4939803 0.5474632 0 0.4939803 0.5474632 0 0.4939803 0.5469596 0 0.4977798 0.5474632 0 0.4977798 0.5469596 0 0.4939803 0.5537957 0 0.4939803 0.5532922 0 0.4977798 0.5537957 0 0.4977798 0.5532922 0 0.4945296 0.5526971 0 0.4945296 0.5480583 0 0.4948806 0.5523461 0 0.4948806 0.5484092 0 0.4945296 0.5480583 0 0.4972305 0.5480583 0 0.4948806 0.5484092 0 0.4968795 0.5484092 0 0.4972305 0.5480583 0 0.4972305 0.5526971 0 0.4968795 0.5484092 0 0.4968795 0.5523461 0 0.4972305 0.5526971 0 0.4945296 0.5526971 0 0.4968795 0.5523461 0 0.4948806 0.5523461 0 0.5867857 0.6064393 0 0.5867857 0.6000611 0 0.5899596 0.6064393 0 0.5899596 0.6000611 0 0.4977798 0.5532922 0 0.4977798 0.5474632 0 0.4984054 0.5532922 0 0.4984054 0.5474632 0 0.4933547 0.5532922 0 0.4933547 0.5474632 0 0.4939803 0.5532922 0 0.4939803 0.5474632 0 0.4939803 0.5474632 0 0.4939803 0.5469596 0 0.4977798 0.5474632 0 0.4977798 0.5469596 0 0.4939803 0.5537957 0 0.4939803 0.5532922 0 0.4977798 0.5537957 0 0.4977798 0.5532922 0 0.4945296 0.5526971 0 0.4945296 0.5480583 0 0.4948806 0.5523461 0 0.4948806 0.5484092 0 0.4945296 0.5480583 0 0.4972305 0.5480583 0 0.4948806 0.5484092 0 0.4968795 0.5484092 0 0.4972305 0.5480583 0 0.4972305 0.5526971 0 0.4968795 0.5484092 0 0.4968795 0.5523461 0 0.4972305 0.5526971 0 0.4945296 0.5526971 0 0.4968795 0.5523461 0 0.4948806 0.5523461 0 0.5867857 0.6064393 0 0.5867857 0.6000611 0 0.5899596 0.6064393 0 0.5899596 0.6000611 0 0.4977798 0.5532922 0 0.4977798 0.5474632 0 0.4984054 0.5532922 0 0.4984054 0.5474632 0 0.4933547 0.5532922 0 0.4933547 0.5474632 0 0.4939803 0.5532922 0 0.4939803 0.5474632 0 0.4939803 0.5474632 0 0.4939803 0.5469596 0 0.4977798 0.5474632 0 0.4977798 0.5469596 0 0.4939803 0.5537957 0 0.4939803 0.5532922 0 0.4977798 0.5537957 0 0.4977798 0.5532922 0 0.4945296 0.5526971 0 0.4945296 0.5480583 0 0.4948806 0.5523461 0 0.4948806 0.5484092 0 0.4945296 0.5480583 0 0.4972305 0.5480583 0 0.4948806 0.5484092 0 0.4968795 0.5484092 0 0.4972305 0.5480583 0 0.4972305 0.5526971 0 0.4968795 0.5484092 0 0.4968795 0.5523461 0 0.4972305 0.5526971 0 0.4945296 0.5526971 0 0.4968795 0.5523461 0 0.4948806 0.5523461 0 0.4592355 0.416968 0 0.4592355 0.4163272 0 0.4597848 0.416968 0 0.4597848 0.4163272 0 0.4592355 0.4189059 0 0.4592355 0.418265 0 0.4597848 0.4189059 0 0.4597848 0.418265 0 0.4592355 0.416968 0 0.4592355 0.4163272 0 0.4597848 0.416968 0 0.4597848 0.4163272 0 0.4592355 0.4189059 0 0.4592355 0.418265 0 0.4597848 0.4189059 0 0.4597848 0.418265 0 0.459205 0.4215763 0 0.459205 0.4209049 0 0.4598001 0.4215763 0 0.4598001 0.4209049 0 0.459205 0.4236209 0 0.459205 0.4229496 0 0.4598001 0.4236209 0 0.4598001 0.4229496 0 0.8962844 0.5934386 0 0.8962844 0.592752 0 0.8968643 0.5934386 0 0.8968643 0.592752 0 0.4489815 0.4705729 0 0.4525063 0.4705729 0 0.4489815 0.4750592 0 0.4525063 0.4750592 0 0.4489815 0.4750592 0 0.4525063 0.4750592 0 0.4489815 0.4763409 0 0.4525063 0.4763409 0 0.4573129 0.4750592 0 0.453788 0.4750592 0 0.4573129 0.4705729 0 0.453788 0.4705729 0 0.4525063 0.4705729 0 0.453788 0.4705729 0 0.4525063 0.4750592 0 0.453788 0.4750592 0 0.4476997 0.4705729 0 0.4489815 0.4705729 0 0.4476997 0.4750592 0 0.4489815 0.4750592 0 0.4256962 0.4198062 0 0.4256962 0.4208438 0 0.424918 0.4200046 0 0.4247196 0.4208438 0 0.07977416 0.4309758 0 0.08014038 0.4278783 0 0.08535897 0.4278783 0 0.08535897 0.4309758 0 0.08014038 0.4309758 0 0.08014038 0.4317541 0 0.08535897 0.4326391 0 0.08014038 0.4335393 0 0.08535897 0.4353246 0 0.07977416 0.4353246 0 0.08014038 0.4361029 0 0.08014038 0.4353246 0 0.08535897 0.4361029 0 0.08535897 0.437995 0 0.08014038 0.4392004 0 0.08535897 0.4392004 0 0.07080186 0.3540551 0 0.07125963 0.3558251 0 0.07031357 0.3539025 0 0.07174792 0.3558099 0 0.07031357 0.3558099 0 0.07080186 0.3578241 0 0.07031357 0.3579462 0 0.07031357 0.3516594 0 0.07174792 0.3539025 0 0.07174792 0.3516594 0 0.07031357 0.3502098 0 0.07174792 0.3502098 0 0.07031357 0.3464409 0 0.07174792 0.3464409 0 0.07174792 0.3600976 0 0.07031357 0.3600976 0 0.07031357 0.3620051 0 0.07174792 0.3620051 0 0.07174792 0.3642481 0 0.07031357 0.3642481 0 0.07031357 0.3656825 0 0.07174792 0.3656825 0 0.9168536 0.2999924 0 0.917998 0.3009995 0 0.907927 0.2999924 0 0.9067826 0.3009995 0 0.8805829 0.2785687 0 0.8802624 0.2785687 0 0.8805829 0.2761273 0 0.8802624 0.2761273 0 0.8802624 0.2685435 0 0.8802624 0.264683 0 0.8805829 0.2685435 0 0.8805829 0.264683 0 0.8714427 0.6787976 0 0.8727855 0.6779889 0 0.8727855 0.6787976 0 0.8727855 0.6796216 0 0.8695506 0.6783704 0 0.8708019 0.6779889 0 0.8714427 0.6787976 0 0.8708019 0.6791943 0 0.8695506 0.6787976 0 0.8695506 0.6783704 0 0.8708019 0.6791943 0 0.8695506 0.6796216 0 0.07278553 0.3579309 0 0.07101548 0.3583276 0 0.0692607 0.3579309 0 0.07348745 0.3565118 0 0.06855878 0.3564965 0 0.07350271 0.3545434 0 0.06855878 0.3545434 0 0.069337 0.3537957 0 0.07273976 0.353811 0 0.8581979 0.6223545 0 0.8572366 0.6248417 0 0.8572366 0.6223545 0 0.8581979 0.6206455 0 0.8572366 0.6188601 0 0.8578165 0.618204 0 0.8868544 0.5975433 0 0.887541 0.5975586 0 0.887541 0.5992218 0 0.8868544 0.5992218 0 0.887541 0.6018921 0 0.8868544 0.6018921 0 0.07890441 0.4492103 0 0.07847715 0.4488441 0 0.07847715 0.4451209 0 0.07890441 0.4447547 0 0.07847715 0.4434577 0 0.07847715 0.4424048 0 0.07890441 0.4392157 0 0.07847715 0.4402075 0 0.07847715 0.4380255 0 0.07847715 0.4369726 0 0.07847715 0.4488441 0 0.07890441 0.4492103 0 0.07847715 0.4451209 0 0.07890441 0.4447547 0 0.07847715 0.4434577 0 0.07847715 0.4424048 0 0.07890441 0.4392157 0 0.07847715 0.4402075 0 0.07847715 0.4380255 0 0.07890441 0.4369726 0 0.07847715 0.4361181 0 0.07890441 0.433051 0 0.07847715 0.4332036 0 0.07847715 0.4278325 0 0.07890441 0.4278325 0 0.07080186 0.3578241 0 0.07031357 0.3558099 0 0.07125963 0.3578241 0 0.07080186 0.3598077 0 0.07125963 0.3598077 0 0.07125963 0.3615778 0 0.07080186 0.3615778 0 0.07080186 0.3636683 0 0.07125963 0.3636683 0 0.07125963 0.365011 0 0.07080186 0.365011 0 0.07110704 0.3520714 0 0.07188525 0.3524681 0 0.0701915 0.3541009 0 0.07096971 0.3542382 0 0.07017624 0.3580072 0 0.07031357 0.3310598 0 0.07174792 0.3310598 0 0.07174792 0.3334096 0 0.07031357 0.3334096 0 0.07174792 0.3370413 0 0.07031357 0.3370413 0 0.07031357 0.3401846 0 0.07174792 0.3401846 0 0.07174792 0.343679 0 0.07031357 0.343679 0 0.07031357 0.3471733 0 0.07174792 0.3472038 0 0.07174792 0.3489128 0 0.07031357 0.3503166 0 0.07174792 0.3537499 0 0.07031357 0.3539483 0 0.07174792 0.354818 0 0.07031357 0.3552758 0 0.07174792 0.3553521 0 0.07174792 0.3567712 0 0.07031357 0.3568475 0 0.07174792 0.3573052 0 0.07031357 0.358175 0 0.07174792 0.3583734 0 0.07174792 0.3617609 0 0.07031357 0.3618219 0 0.07031357 0.36495 0 0.07174792 0.3649347 0 0.07031357 0.3684443 0 0.07174792 0.3684443 0 0.07174792 0.3719539 0 0.07031357 0.3719539 0 0.07174792 0.3736477 0 0.07031357 0.375082 0 0.07174792 0.3736477 0 0.07174792 0.3787289 0 0.07031357 0.3787289 0 0.07174792 0.3810788 0 0.07031357 0.3810636 0 0.07377737 0.3688563 0 0.06990158 0.3690547 0 0.06631571 0.3675593 0 0.07479972 0.3674525 0 0.06535439 0.3642481 0 0.07649348 0.3620508 0 0.06604104 0.3602502 0 0.06837568 0.3596399 0 0.07493705 0.3599451 0 0.06790265 0.358999 0 0.8190433 0.6899214 0 0.8180667 0.6899214 0 0.8180667 0.6858015 0 0.819028 0.6831617 0 0.8168307 0.684947 0 0.8168154 0.6830854 0 0.8578165 0.6354772 0 0.8572366 0.6376898 0 0.8572366 0.6354162 0 0.8578165 0.6328984 0 0.8572366 0.6302434 0 0.1731594 0.8517739 0 0.1756771 0.8517739 0 0.1731594 0.8550851 0 0.1756771 0.8550851 0 0.1731594 0.8569467 0 0.1756771 0.8590219 0 0.1731594 0.8610361 0 0.1756771 0.8636301 0 0.1731594 0.8610361 0 0.1731594 0.8661631 0 0.1756771 0.8661631 0 0.8775921 0.6035706 0 0.8856031 0.6035706 0 0.8856031 0.6121919 0 0.8775921 0.6121919 0 0.8856031 0.6259708 0 0.8775921 0.6259708 0 0.8864118 0.5890288 0 0.8879682 0.5890288 0 0.8879682 0.590692 0 0.8864118 0.590692 0 0.8879682 0.5933623 0 0.8864118 0.5933623 0 0.08380255 0.4292516 0 0.08229191 0.4292516 0 0.08380255 0.4274967 0 0.08229191 0.4274967 0 0.08380255 0.4265659 0 0.08229191 0.4265659 0 0.08380255 0.4243687 0 0.08229191 0.4243687 0 0.08229191 0.4221866 0 0.08380255 0.4221866 0 0.08380255 0.4212406 0 0.08229191 0.4202945 0 0.08229191 0.4173648 0 0.08380255 0.4173648 0 0.07760739 0.4638743 0 0.07267872 0.4638743 0 0.07759213 0.4650645 0 0.07286183 0.4669108 0 0.07690547 0.4676127 0 0.0742504 0.4679332 0 0.06941329 0.3448386 0 0.0726482 0.3448386 0 0.0726482 0.3467918 0 0.06941329 0.3467918 0 0.0726482 0.3503624 0 0.06941329 0.3503624 0 0.07263295 0.3532616 0 0.06942855 0.3532616 0 0.06942855 0.3565423 0 0.07263295 0.3565423 0 0.07263295 0.359823 0 0.06942855 0.359823 0 0.06941329 0.3627222 0 0.0726482 0.3627222 0 0.06939803 0.3662928 0 0.07266346 0.3662928 0 0.07014573 0.3672847 0 0.07191577 0.3672847 0 0.8989853 0.5948119 0 0.9052415 0.5948119 0 0.8989853 0.5968261 0 0.9052415 0.5968261 0 0.8989853 0.601236 0 0.9052415 0.601236 0 0.892134 0.5948272 0 0.8983749 0.5948272 0 0.8983749 0.5968414 0 0.892134 0.5968414 0 0.8983749 0.6012512 0 0.8921187 0.6012512 0 0.5170367 0.4966506 0 0.5170367 0.5197986 0 0.515816 0.5197986 0 0.5149157 0.4966506 0 0.513695 0.5197986 0 0.513695 0.4966506 0 0.5102007 0.5197986 0 0.5102007 0.4966506 0 0.4897536 0.5480125 0 0.4897536 0.552514 0 0.4881361 0.552514 0 0.4867018 0.5480125 0 0.4850843 0.552514 0 0.4850843 0.5480125 0 0.4804913 0.552514 0 0.4804913 0.5480125 0 0.4788586 0.5480125 0 0.4788586 0.552514 0 0.4905623 0.549401 0 0.4905623 0.5319905 0 0.4921798 0.5319905 0 0.4921798 0.549401 0 0.4967727 0.5319905 0 0.4967727 0.549401 0 0.4984054 0.5319905 0 0.4984054 0.549401 0 0.5014572 0.5319905 0 0.5014572 0.549401 0 0.9140612 0.247013 0 0.9324178 0.247013 0 0.9142443 0.2606394 0 0.9322042 0.2606394 0 0.9145495 0.2629434 0 0.9319143 0.2629587 0 0.9158922 0.265568 0 0.9305714 0.2655833 0 0.9173724 0.2667429 0 0.9290761 0.2667429 0 0.9193408 0.2675059 0 0.9271076 0.2675059 0 0.9232318 0.2679942 0 0.8961776 0.2372015 0 0.9105211 0.2372015 0 0.8961776 0.2604715 0 0.9105211 0.2619821 0 0.8961776 0.2653086 0 0.9105211 0.2653086 0 0.8961776 0.2676738 0 0.9105211 0.2676738 0 0.8961776 0.2703593 0 0.9105211 0.2703593 0 0.8961776 0.273106 0 0.9105211 0.273106 0 0.9105211 0.2778515 0 0.8961776 0.2778515 0 0.9374533 0.2523232 0 0.9374533 0.2654154 0 0.9368277 0.2654154 0 0.9362326 0.2523232 0 0.9356222 0.2654154 0 0.9356222 0.2523232 0 0.4334173 0.4369116 0 0.4344243 0.4369116 0 0.432929 0.4377813 0 0.4349279 0.4377813 0 0.4334173 0.4386358 0 0.4344243 0.4386358 0 0.4334173 0.4369116 0 0.4344243 0.4369116 0 0.432929 0.4377813 0 0.4349279 0.4377813 0 0.4334173 0.4386358 0 0.4344243 0.4386358 0 0.874876 0.6021363 0 0.8883192 0.5970245 0 0.8800641 0.6090181 0 0.8883192 0.6220493 0 0.8843824 0.6220493 0 0.874876 0.5970245 0 0.8883192 0.6021363 0 0.8831311 0.6090181 0 0.874876 0.6220493 0 0.8788128 0.6220493 0 0.888365 0.5875334 0 0.8909743 0.5865415 0 0.8893721 0.5888762 0 0.8909743 0.5913939 0 0.8902113 0.5913939 0 0.8834363 0.5864347 0 0.8860456 0.5874265 0 0.8850386 0.5887693 0 0.8834363 0.5912871 0 0.8841993 0.5912871 0 0.8883192 0.5929046 0 0.8909285 0.5919127 0 0.8893263 0.5942473 0 0.8909285 0.5967651 0 0.8901656 0.5967651 0 0.8833753 0.5918059 0 0.8859846 0.5927978 0 0.8849775 0.5941253 0 0.8833753 0.5966582 0 0.8841382 0.5966582 0 0.08729687 0.4299687 0 0.08729687 0.430869 0 0.08314641 0.430869 0 0.08314641 0.4299687 0 0.08081178 0.430869 0 0.08081178 0.4299687 0 0.0785687 0.430869 0 0.0785687 0.4299687 0 0.07666133 0.4299687 0 0.07666133 0.430869 0 0.07382315 0.4299687 0 0.07382315 0.430869 0 0.05050736 0.430869 0 0.05050736 0.4299687 0 0.07408255 0.45803 0 0.07620355 0.4583047 0 0.07362478 0.4574197 0 0.07734798 0.4574197 0 0.07345693 0.4554513 0 0.07751583 0.4554513 0 0.8194553 0.6743267 0 0.81944 0.6761883 0 0.8172274 0.6743877 0 0.818204 0.6770428 0 0.8172274 0.6811627 0 0.818204 0.6811627 0 0.8929122 0.2789959 0 0.8956588 0.2795453 0 0.8901656 0.2795453 0 0.8974289 0.2809796 0 0.8884107 0.2809796 0 0.8976883 0.2838483 0 0.8881361 0.2819715 0 0.8881361 0.2898909 0 0.8977035 0.2898909 0 0.874052 0.6791943 0 0.8727855 0.6796216 0 0.8727855 0.6787976 0 0.874052 0.6783704 0 0.8727855 0.6779889 0 0.874052 0.6779889 0 0.06837568 0.3596399 0 0.07457084 0.3577936 0 0.07493705 0.3599451 0 0.06837568 0.3524376 0 0.07460136 0.3545586 0 0.07502861 0.3524681 0 0.8291905 0.5955291 0 0.8291905 0.5980774 0 0.8277256 0.5981842 0 0.8253605 0.5970703 0 0.8198367 0.5955443 0 0.8236057 0.5970703 0 0.8212711 0.5981842 0 0.8198367 0.5980774 0 0.07548638 0.4306248 0 0.07417411 0.4306248 0 0.07548638 0.4302129 0 0.07560845 0.4296483 0 0.07132067 0.4306248 0 0.07284657 0.4302129 0 0.07132067 0.4302129 0 0.06929122 0.4302129 0 0.06929122 0.4306248 0 0.06697185 0.4302129 0 0.06697185 0.4306248 0 0.06462196 0.4302129 0 0.0623331 0.4306248 0 0.0623331 0.4302129 0 0.06541543 0.4297398 0 0.08625925 0.4297398 0 0.08625925 0.4310979 0 0.06541543 0.4310979 0 0.06250095 0.4297398 0 0.06250095 0.4310979 0 0.06041047 0.4310979 0 0.06041047 0.4297398 0 0.05804532 0.4310979 0 0.05804532 0.4297398 0 0.05564965 0.4310979 0 0.05564965 0.4297398 0 0.05154498 0.4297398 0 0.05154498 0.4310979 0 0.08227664 0.429099 0 0.08622874 0.429099 0 0.08622874 0.4304723 0 0.08227664 0.4304723 0 0.08009461 0.429099 0 0.08009461 0.4304723 0 0.07798886 0.429099 0 0.07798886 0.4304723 0 0.07620355 0.429099 0 0.07620355 0.4304723 0 0.07353323 0.4304723 0 0.07353323 0.429099 0 0.07408255 0.4296483 0 0.06596475 0.4304723 0 0.06596475 0.429099 0 0.06596475 0.4317235 0 0.0652018 0.4317388 0 0.0652018 0.4304723 0 0.05157549 0.429099 0 0.05159075 0.4304723 0 0.08548104 0.4307622 0 0.08726635 0.4307622 0 0.08726635 0.4311742 0 0.08368047 0.4311742 0 0.08139163 0.4307622 0 0.07904173 0.4311742 0 0.07904173 0.4307622 0 0.08139163 0.4307622 0 0.07673762 0.4311742 0 0.07673762 0.4307622 0 0.07470817 0.4311742 0 0.07470817 0.4307622 0 0.07183947 0.4307622 0 0.07183947 0.4311742 0 0.06436256 0.4307622 0 0.06358434 0.4311742 0 0.06358434 0.4296635 0 0.06436256 0.4296635 0 0.06358434 0.4307622 0 0.05055314 0.4307622 0 0.05055314 0.4311742 0 0.07125963 0.3471122 0 0.07125963 0.3506218 0 0.07080186 0.3471122 0 0.07080186 0.3506218 0 0.07125963 0.3519646 0 0.07080186 0.3519646 0 0.07080186 0.3540551 0 0.07125963 0.3540551 0 0.07125963 0.3558251 0 0.07080186 0.3558251 0 0.07080186 0.3578241 0 0.07125963 0.3578241 0 0.07125963 0.3598077 0 0.07080186 0.3598077 0 0.07080186 0.3615778 0 0.07125963 0.3615778 0 0.07125963 0.3636683 0 0.07080186 0.3636683 0 0.07080186 0.365011 0 0.07125963 0.365011 0 0.07443351 0.3435111 0 0.06684978 0.3443351 0 0.07054245 0.3430686 0 0.06625468 0.3459678 0 0.07627985 0.3464256 0 0.07672236 0.3504692 0 0.06607156 0.3516594 0 0.06837568 0.3524376 0 0.06784161 0.3530327 0 0.07502861 0.3524681 0 0.8279088 0.6011597 0 0.8277256 0.5981842 0 0.8291905 0.5980774 0 0.8291905 0.6031433 0 0.8278935 0.6031433 0 0.8291905 0.6056458 0 0.8278935 0.6056458 0 0.8278935 0.608011 0 0.8291905 0.6099489 0 0.8278935 0.6099489 0 0.8211185 0.608011 0 0.8211185 0.6099489 0 0.8198367 0.6099489 0 0.8198367 0.6056458 0 0.8211185 0.6056458 0 0.8211185 0.6031433 0 0.8198367 0.6031433 0 0.8211185 0.6011597 0 0.8198367 0.5980774 0 0.8212711 0.5981842 0 0.8572366 0.6128023 0 0.8572366 0.6076295 0 0.8578165 0.6101472 0 0.8578165 0.6075685 0 0.8572366 0.6053559 0 0.8835889 0.3025101 0 0.8835889 0.3038071 0 0.8814069 0.3038071 0 0.884596 0.3038071 0 0.8856336 0.3025101 0 0.8856336 0.3038071 0 0.8879072 0.3038071 0 0.8879072 0.3025101 0 0.8894637 0.3025101 0 0.8894637 0.3038071 0 0.8912489 0.3025101 0 0.8933242 0.3038071 0 0.8949569 0.3025101 0 0.8965896 0.3038071 0 0.8986648 0.3025101 0 0.9004502 0.3038071 0 0.9004502 0.3025101 0 0.9020066 0.3038071 0 0.9020066 0.3025101 0 0.9042801 0.3025101 0 0.9042801 0.3038071 0 0.9053025 0.3038071 0 0.9063249 0.3025101 0 0.9063249 0.3038071 0 0.9085069 0.3038071 0 0.1851988 0.8817426 0 0.1851988 0.8842756 0 0.182681 0.8817426 0 0.182681 0.8868696 0 0.1851988 0.8868696 0 0.1844968 0.8888838 0 0.1851988 0.8909438 0 0.182681 0.8909438 0 0.1851988 0.8909438 0 0.1851988 0.8928206 0 0.182681 0.8961318 0 0.1851988 0.8961318 0 0.0681468 0.4548867 0 0.07020676 0.4548867 0 0.0701915 0.4567788 0 0.0681468 0.4567788 0 0.06672771 0.4548867 0 0.06672771 0.4567788 0 0.06526284 0.4567788 0 0.0645304 0.4548867 0 0.06384375 0.4567788 0 0.06178378 0.4548867 0 0.06178378 0.4567788 0 0.8322423 0.6214237 0 0.8307927 0.6208286 0 0.8302892 0.619028 0 0.8316777 0.6166018 0 0.8387732 0.595819 0 0.8316777 0.5988404 0 0.8298619 0.5944152 0 0.8387732 0.5917602 0 0.8302739 0.5917144 0 0.8343939 0.5880979 0 0.8364843 0.5867704 0 0.08790722 0.4296483 0 0.09001297 0.4296483 0 0.09001297 0.4311894 0 0.08526742 0.4311894 0 0.08526742 0.4296483 0 0.08250553 0.4296483 0 0.08250553 0.4311894 0 0.07980468 0.4296483 0 0.07980468 0.4311894 0 0.07740902 0.4296483 0 0.07740902 0.4311894 0 0.07560845 0.4296483 0 0.07408255 0.4311894 0 0.07257191 0.4296483 0 0.04780652 0.4311894 0 0.04780652 0.4296483 0 0.07760739 0.4638743 0 0.07759213 0.4650645 0 0.07267872 0.4638743 0 0.07286183 0.4669108 0 0.07690547 0.4676127 0 0.0742504 0.4679332 0 0.07408255 0.45803 0 0.07345693 0.4554513 0 0.07620355 0.4583047 0 0.07734798 0.4574197 0 0.07751583 0.4554513 0 0.08535897 0.4392004 0 0.08535897 0.437995 0 0.08014038 0.4392004 0 0.07977416 0.4361029 0 0.08535897 0.4361029 0 0.08535897 0.4353246 0 0.08014038 0.4361029 0 0.08014038 0.4353246 0 0.08014038 0.4335393 0 0.07977416 0.4353246 0 0.08535897 0.4326391 0 0.07977416 0.4317541 0 0.08014038 0.4317541 0 0.08535897 0.4309758 0 0.08014038 0.4309758 0 0.08535897 0.4278783 0 0.08014038 0.4278783 0 0.08380255 0.4292516 0 0.08380255 0.4274967 0 0.08229191 0.4292516 0 0.08229191 0.4274967 0 0.08380255 0.4265659 0 0.08229191 0.4265659 0 0.08380255 0.4243687 0 0.08229191 0.4243687 0 0.08229191 0.4221866 0 0.08380255 0.4221866 0 0.08380255 0.4202945 0 0.08229191 0.4202945 0 0.08229191 0.4173648 0 0.08380255 0.4173648 0 0.0681468 0.4548867 0 0.0701915 0.4567788 0 0.07020676 0.4548867 0 0.0681468 0.4567788 0 0.06672771 0.4548867 0 0.06672771 0.4567788 0 0.06526284 0.4567788 0 0.0645304 0.4548867 0 0.06384375 0.4567788 0 0.06384375 0.4548867 0 0.06178378 0.4567788 0 0.06178378 0.4548867 0 0.07038987 0.3642328 0 0.07038987 0.3608301 0 0.07167163 0.3642328 0 0.07167163 0.3608301 0 0.07038987 0.359762 0 0.07167163 0.359762 0 0.07038987 0.3577783 0 0.07167163 0.3577783 0 0.07038987 0.3561913 0 0.07167163 0.3561913 0 0.07038987 0.3543603 0 0.07167163 0.3543603 0 0.07038987 0.3543603 0 0.07167163 0.3525444 0 0.07038987 0.3525444 0 0.07167163 0.3509423 0 0.07038987 0.3509423 0 0.07038987 0.3489738 0 0.07167163 0.3489738 0 0.07167163 0.3478904 0 0.07038987 0.3478904 0 0.07167163 0.3478904 0 0.07167163 0.3512932 0 0.07038987 0.3478904 0 0.07038987 0.3512932 0 0.07167163 0.3523766 0 0.07038987 0.3523766 0 0.07038987 0.354345 0 0.07167163 0.3559472 0 0.07125963 0.3540551 0 0.07038987 0.3559472 0 0.07125963 0.3578241 0 0.07167163 0.3577631 0 0.07038987 0.3577631 0 0.07167163 0.3586786 0 0.07125963 0.3578241 0 0.07038987 0.3595941 0 0.07167163 0.3595941 0 0.07125963 0.3615778 0 0.07167163 0.361181 0 0.07038987 0.361181 0 0.07167163 0.3631647 0 0.07038987 0.3631647 0 0.07038987 0.3642328 0 0.07167163 0.3642328 0 0.8111544 0.5959563 0 0.812665 0.595346 0 0.8106508 0.5978027 0 0.8120699 0.6002747 0 0.8193637 0.6216068 0 0.8120699 0.6184939 0 0.8102235 0.6230412 0 0.8193485 0.6257725 0 0.8106356 0.6258183 0 0.8148471 0.6295262 0 0.816968 0.6308843 0 0.4995804 0.5238117 0 0.4995804 0.5218738 0 0.5049515 0.5238117 0 0.5049515 0.5218738 0 0.4995804 0.5174487 0 0.5049515 0.5174487 0 0.5000687 0.5124132 0 0.5048295 0.5128405 0 0.5029984 0.5119554 0 0.8291905 0.6308233 0 0.8291905 0.6326696 0 0.8198367 0.6326696 0 0.8198367 0.6308233 0 0.8291905 0.6290837 0 0.8198367 0.6290837 0 0.8198367 0.6263981 0 0.82121 0.6263371 0 0.8278019 0.6263218 0 0.8291905 0.6263828 0 0.9119554 0.2741741 0 0.9114061 0.2713969 0 0.9255512 0.2713969 0 0.9250172 0.2741741 0 0.9136492 0.2758831 0 0.9233081 0.2758831 0 0.9199512 0.2767376 0 0.9170215 0.2767376 0 0.2707714 0.5266957 0 0.2672618 0.527779 0 0.264332 0.527779 0 0.2608072 0.5266957 0 0.2717937 0.5259632 0 0.2597848 0.5259632 0 0.272633 0.5242542 0 0.2589609 0.5242542 0 0.2587625 0.5233539 0 0.2728161 0.5233539 0 0.2728618 0.5224384 0 0.2587167 0.5224384 0 0.4601663 0.4394445 0 0.4598306 0.4400397 0 0.459144 0.4400397 0 0.4588083 0.4394445 0 0.4598306 0.4388494 0 0.459144 0.4388494 0 0.8972458 0.6113069 0 0.8969101 0.6118867 0 0.8962234 0.6118867 0 0.8958877 0.6113069 0 0.8969101 0.6107118 0 0.8962234 0.6107118 0 0.8972458 0.6113069 0 0.8969101 0.6118867 0 0.8962234 0.6118867 0 0.8958877 0.6113069 0 0.8969101 0.6107118 0 0.8962234 0.6107118 0 0.08729687 0.430869 0 0.08314641 0.430869 0 0.08729687 0.4299687 0 0.08314641 0.4299687 0 0.08081178 0.430869 0 0.08081178 0.4299687 0 0.0785687 0.430869 0 0.0785687 0.4299687 0 0.07666133 0.430869 0 0.07666133 0.4299687 0 0.07382315 0.430869 0 0.07382315 0.4299687 0 0.06575113 0.430869 0 0.05050736 0.430869 0 0.05050736 0.4299687 0 0.8802624 0.2546883 0 0.8802624 0.2532387 0 0.8805829 0.2532387 0 0.8805829 0.2564126 0 0.8802624 0.2564126 0 0.8802624 0.2761273 0 0.8802624 0.2746776 0 0.8805829 0.2761273 0 0.8805829 0.2729381 0 0.8802624 0.2729381 0 0.9186389 0.2987411 0 0.9186389 0.2996414 0 0.9062791 0.2996414 0 0.9062791 0.2968032 0 0.9186389 0.2978103 0 0.9186389 0.2957656 0 0.9062791 0.2943618 0 0.9186541 0.2943618 0 0.9186541 0.2908827 0 0.9062791 0.2908827 0 0.9186541 0.287953 0 0.9062791 0.287953 0 0.9062791 0.284474 0 0.9186541 0.284474 0 0.9186541 0.2830701 0 0.9062791 0.2820325 0 0.9186541 0.2810254 0 0.9186541 0.2800946 0 0.9062791 0.2791943 0 0.9186541 0.2791943 0 0.9360647 0.3099565 0 0.9360495 0.3085527 0 0.9364309 0.3092546 0 0.9355612 0.3101549 0 0.9324941 0.3101549 0 0.9324941 0.3083848 0 0.07847715 0.4283513 0 0.07890441 0.4283971 0 0.07847715 0.4332342 0 0.07890441 0.433402 0 0.07890441 0.4355841 0 0.07847715 0.4363012 0 0.07890441 0.4371405 0 0.07847715 0.4380865 0 0.07890441 0.4389868 0 0.07847715 0.4408026 0 0.07890441 0.4408484 0 0.07847715 0.4416876 0 0.07890441 0.4416419 0 0.07890441 0.4438392 0 0.07847715 0.4435645 0 0.07847715 0.4481422 0 0.07890441 0.4477455 0 0.07847715 0.4283513 0 0.07847715 0.4332342 0 0.07890441 0.4283971 0 0.07890441 0.433402 0 0.07890441 0.4355841 0 0.07847715 0.4363012 0 0.07890441 0.4371405 0 0.07847715 0.4380865 0 0.07890441 0.4389868 0 0.07847715 0.4408026 0 0.07890441 0.4408484 0 0.07847715 0.4416876 0 0.07890441 0.4416419 0 0.07890441 0.4438392 0 0.07847715 0.4435645 0 0.07847715 0.4481422 0 0.07890441 0.4477455 0 0.06979477 0.4310368 0 0.06930648 0.4310063 0 0.069337 0.4307317 0 0.0698558 0.4298161 0 0.06796368 0.4298161 0 0.0679942 0.4307011 0 0.06932174 0.4298161 0 0.06979477 0.4298161 0 0.069337 0.430106 0 0.0698558 0.4310368 0 0.06796368 0.4310216 0 0.0679942 0.4301366 0 0.07080186 0.3471122 0 0.07125963 0.3471122 0 0.07125963 0.3506218 0 0.07080186 0.3506218 0 0.07080186 0.3519646 0 0.07125963 0.3519646 0 0.07125963 0.3540551 0 0.07080186 0.3540551 0 0.07080186 0.3558251 0 0.07125963 0.3558251 0 0.07142748 0.3838254 0 0.07063401 0.3838254 0 0.07063401 0.3812009 0 0.07142748 0.3812009 0 0.07142748 0.377142 0 0.07063401 0.377142 0 0.07142748 0.3736935 0 0.07063401 0.3736935 0 0.07142748 0.3698177 0 0.07063401 0.3698177 0 0.07063401 0.3659266 0 0.07142748 0.3659266 0 0.07142748 0.3624781 0 0.07063401 0.3624781 0 0.07063401 0.3584192 0 0.07142748 0.3584192 0 0.07142748 0.3567559 0 0.07063401 0.3567559 0 0.07142748 0.3551843 0 0.07063401 0.3551843 0 0.07063401 0.3537042 0 0.07142748 0.3537042 0 0.07142748 0.3496453 0 0.07063401 0.3496453 0 0.07142748 0.3461967 0 0.07063401 0.3461967 0 0.07142748 0.3423209 0 0.07063401 0.3423209 0 0.07063401 0.3384299 0 0.07142748 0.3384299 0 0.07142748 0.3349813 0 0.07063401 0.3349813 0 0.07063401 0.3309224 0 0.07142748 0.3309224 0 0.07142748 0.3283131 0 0.07063401 0.3283131 0 0.09001297 0.4311894 0 0.08526742 0.4311894 0 0.09001297 0.4296483 0 0.08526742 0.4296483 0 0.08250553 0.4296483 0 0.08250553 0.4311894 0 0.07980468 0.4296483 0 0.07980468 0.4311894 0 0.07740902 0.4311894 0 0.07740902 0.4296483 0 0.07408255 0.4296483 0 0.07408255 0.4311894 0 0.06564431 0.4311894 0 0.06564431 0.4296483 0 0.8358892 0.6706188 0 0.8322423 0.6706188 0 0.8358892 0.6691234 0 0.8322423 0.6691234 0 0.8322423 0.6671855 0 0.8358892 0.6671855 0 0.8358892 0.6649729 0 0.8322423 0.6649729 0 0.8198367 0.5955443 0 0.8198367 0.5904936 0 0.8291905 0.5955291 0 0.8291905 0.5904784 0 0.8291905 0.5867704 0 0.8198367 0.5867857 0 0.4843824 0.5497367 0 0.5129625 0.5481193 0 0.5129625 0.5497367 0 0.4843824 0.5481193 0 0.4843824 0.5435264 0 0.5129625 0.5435264 0 0.5129625 0.5418936 0 0.4843824 0.5418936 0 0.5063096 0.5388418 0 0.4843824 0.5388418 0 0.5129625 0.5388418 0 0.8955215 0.277821 0 0.8812238 0.277821 0 0.8955215 0.2531167 0 0.8812238 0.2546273 0 0.8812238 0.2497902 0 0.8955215 0.2497902 0 0.8955215 0.2474403 0 0.8812238 0.2474403 0 0.8955215 0.2447547 0 0.8812238 0.2447547 0 0.8955215 0.2420233 0 0.8812238 0.2420233 0 0.8812238 0.2372931 0 0.8955215 0.2372931 0 0.0692607 0.3579309 0 0.07190051 0.3582056 0 0.07101548 0.3583276 0 0.07278553 0.3579309 0 0.07348745 0.3565118 0 0.06855878 0.3545434 0 0.07350271 0.3545434 0 0.07273976 0.353811 0 0.069337 0.3537957 0 0.5026932 0.5198291 0 0.5026932 0.4966812 0 0.5061723 0.4966812 0 0.5061723 0.5198291 0 0.507393 0.5198291 0 0.5083085 0.4966812 0 0.5095292 0.5198291 0 0.5095292 0.5014267 0 0.5095292 0.4966812 0 0.501915 0.5205921 0 0.5035477 0.5205921 0 0.501915 0.5253223 0 0.5035477 0.5253223 0 0.501915 0.5297627 0 0.5081407 0.5205921 0 0.5035477 0.5297627 0 0.501915 0.5358968 0 0.5081407 0.5253223 0 0.5097581 0.5253223 0 0.5111925 0.5205921 0 0.5128099 0.5205921 0 0.5128099 0.5297627 0 0.5097581 0.5297627 0 0.5081407 0.5297627 0 0.5111925 0.5358968 0 0.5128099 0.5358968 0 0.5128099 0.5452812 0 0.5097581 0.5452812 0 0.5081407 0.5358968 0 0.5081407 0.5452812 0 0.5035477 0.5358968 0 0.5035477 0.5452812 0 0.501915 0.5452812 0 0.5042344 0.5416342 0 0.5109484 0.5416342 0 0.5109484 0.5451286 0 0.5042344 0.5451286 0 0.5007858 0.5416342 0 0.5109484 0.5472496 0 0.5007858 0.5451286 0 0.4976883 0.5416342 0 0.5042344 0.5472496 0 0.5109484 0.5484703 0 0.5042344 0.5484703 0 0.5007858 0.5463493 0 0.5007858 0.5484703 0 0.4976883 0.5451286 0 0.4976883 0.5472496 0 0.4976883 0.5484703 0 0.4931258 0.5484703 0 0.4953079 0.5451286 0 0.4931258 0.5416342 0 0.4953079 0.5463493 0 0.4909743 0.5451286 0 0.4822614 0.5451286 0 0.4822614 0.5416342 0 0.4822614 0.5463493 0 0.4909743 0.5472496 0 0.4888685 0.5484703 0 0.4822614 0.5484703 0 0.4780957 0.5618982 0 0.4836347 0.5618982 0 0.4780957 0.56495 0 0.4869764 0.56495 0 0.4914168 0.5618982 0 0.4780957 0.5665675 0 0.4961471 0.56495 0 0.4961471 0.5618982 0 0.4869764 0.5665675 0 0.5012131 0.5635157 0 0.5012131 0.5618982 0 0.5097429 0.5618982 0 0.5097429 0.56495 0 0.5012131 0.5665675 0 0.5097429 0.5665675 0 0.4914168 0.5665675 0 0.4961471 0.5665675 0 0.4914168 0.5711604 0 0.4836347 0.5711604 0 0.4780957 0.5711604 0 0.4780957 0.5727931 0 0.4869764 0.5727931 0 0.4914168 0.5727931 0 0.4961471 0.5711604 0 0.4961471 0.5727931 0 0.5012131 0.5711604 0 0.5012131 0.5727931 0 0.5097429 0.5711604 0 0.5097429 0.5727931 0 0.8432899 0.6506904 0 0.8438239 0.654139 0 0.8424354 0.6560616 0 0.8389868 0.6493019 0 0.8370794 0.6506904 0 0.8363317 0.6529488 0 0.8379187 0.6560616 0 0.8999618 0.2999161 0 0.8999618 0.3018845 0 0.8858168 0.3018845 0 0.8858168 0.2999161 0 0.8810865 0.3018845 0 0.8847333 0.3018692 0 0.8872816 0.290013 0 0.8810712 0.2783093 0 0.898497 0.290013 0 0.8872816 0.2822766 0 0.8885633 0.2801251 0 0.8912642 0.2789502 0 0.892897 0.2787976 0 0.9047227 0.2783093 0 0.8945144 0.2789502 0 0.8961166 0.2794385 0 0.898085 0.2811322 0 0.898497 0.2822766 0 0.9046922 0.3018845 0 0.9010453 0.3018692 0 0.4539559 0.472694 0 0.4540169 0.472694 0 0.4539559 0.4736858 0 0.4539559 0.4717174 0 0.4540932 0.472694 0 0.4539559 0.4736858 0 0.4540169 0.4717174 0 0.4539559 0.4707866 0 0.4540932 0.4717174 0 0.4541543 0.472694 0 0.4541543 0.4736858 0 0.4541543 0.4717174 0 0.4540169 0.4707866 0 0.4540932 0.4698863 0 0.4540932 0.4707866 0 0.4540932 0.4698863 0 0.4541543 0.4707866 0 0.4541543 0.4707866 0 0.4540932 0.4707866 0 0.4541543 0.4698863 0 0.4541543 0.4717174 0 0.4539559 0.4698863 0 0.4540169 0.4707866 0 0.4540932 0.4717174 0 0.4541543 0.472694 0 0.4540169 0.4717174 0 0.4539559 0.4707866 0 0.4539559 0.4698863 0 0.4539559 0.4717174 0 0.4540932 0.472694 0 0.4541543 0.4736858 0 0.4540169 0.472694 0 0.4539559 0.4736858 0 0.4539559 0.472694 0 0.4539559 0.4736858 0 0.4539559 0.4707866 0 0.4539559 0.4698863 0 0.4540169 0.4707866 0 0.4539559 0.4717174 0 0.4540932 0.4707866 0 0.4541543 0.4698863 0 0.4540169 0.4717174 0 0.4539559 0.472694 0 0.4540932 0.4717174 0 0.4541543 0.4707866 0 0.4541543 0.4698863 0 0.4541543 0.4717174 0 0.4540169 0.472694 0 0.4540932 0.4736858 0 0.4540932 0.472694 0 0.4540932 0.4736858 0 0.4541543 0.472694 0 0.4778363 0.5607843 0 0.4778363 0.5595636 0 0.4844434 0.5607843 0 0.4844434 0.5586633 0 0.4778363 0.5574425 0 0.4844434 0.5539483 0 0.4778363 0.5539483 0 0.4844434 0.5574425 0 0.487892 0.5539483 0 0.487892 0.5586633 0 0.487892 0.5607843 0 0.487892 0.5574425 0 0.4909132 0.5539483 0 0.4909132 0.5595636 0 0.49337 0.5607843 0 0.4909132 0.5574425 0 0.4955673 0.5539483 0 0.49337 0.5586633 0 0.49337 0.5574425 0 0.5064317 0.5539483 0 0.5064317 0.5574425 0 0.4977035 0.5574425 0 0.5064317 0.5586633 0 0.4977035 0.5595636 0 0.5064317 0.5607843 0 0.4977035 0.5607843 0 0.4961318 0.5727931 0 0.4961318 0.5711604 0 0.5046616 0.5727931 0 0.5046616 0.5711604 0 0.5097276 0.5727931 0 0.5097276 0.5711604 0 0.5046616 0.5665675 0 0.4961318 0.5665675 0 0.5097276 0.5665675 0 0.4961318 0.56495 0 0.5097276 0.5635157 0 0.5046616 0.5635157 0 0.4961318 0.5618982 0 0.5097276 0.5618982 0 0.5046616 0.5618982 0 0.5101702 0.5468528 0 0.5101702 0.5489738 0 0.5016251 0.5468528 0 0.5007858 0.5489738 0 0.5000076 0.5468528 0 0.5016251 0.5510338 0 0.5101702 0.5510338 0 0.5101702 0.5531548 0 0.5007858 0.5531548 0 0.5000076 0.5510338 0 0.4992142 0.5531548 0 0.4992142 0.5489738 0 0.4983749 0.5468528 0 0.4898299 0.5468528 0 0.4898299 0.5489738 0 0.4898299 0.5510338 0 0.4983749 0.5510338 0 0.4898299 0.5531548 0 0.5120775 0.5507439 0 0.5120775 0.5523461 0 0.5091935 0.5523461 0 0.5091935 0.5492637 0 0.5120775 0.5476615 0 0.503212 0.5476615 0 0.503212 0.5507439 0 0.5016861 0.5523461 0 0.4983139 0.5492637 0 0.496788 0.5476615 0 0.496788 0.5523461 0 0.4908064 0.5492637 0 0.4879225 0.5476615 0 0.4879225 0.5507439 0 0.4539559 0.4707866 0 0.4540932 0.4698863 0 0.4540169 0.4707866 0 0.4540169 0.4717174 0 0.4539559 0.4717174 0 0.4540932 0.4707866 0 0.4540932 0.4698863 0 0.4541543 0.4707866 0 0.4541543 0.4717174 0 0.4540932 0.4717174 0 0.4541543 0.472694 0 0.4540169 0.472694 0 0.4539559 0.472694 0 0.4539559 0.4736858 0 0.4540932 0.472694 0 0.4541543 0.4736858 0 0.4539559 0.472694 0 0.4540169 0.472694 0 0.4540932 0.4736858 0 0.4540169 0.4717174 0 0.4539559 0.4717174 0 0.4540932 0.472694 0 0.4540932 0.4736858 0 0.4541543 0.472694 0 0.4541543 0.4717174 0 0.4540932 0.4717174 0 0.4541543 0.4707866 0 0.4540169 0.4707866 0 0.4539559 0.4707866 0 0.4540169 0.4698863 0 0.4540932 0.4707866 0 0.4540169 0.4698863 0 0.4541543 0.4707866 0 0.4540932 0.4707866 0 0.4540169 0.4698863 0 0.4540932 0.4717174 0 0.4541543 0.4717174 0 0.4540169 0.4707866 0 0.4540169 0.4698863 0 0.4539559 0.4707866 0 0.4539559 0.4717174 0 0.4540169 0.4717174 0 0.4539559 0.472694 0 0.4540932 0.472694 0 0.4541543 0.472694 0 0.4540932 0.4736858 0 0.4540169 0.472694 0 0.4540932 0.4736858 0 0.9114977 0.2621805 0 0.9140764 0.2618601 0 0.9143053 0.263035 0 0.9123217 0.2654154 0 0.9147173 0.2643626 0 0.9136645 0.2673838 0 0.9156481 0.2657359 0 0.9158312 0.2690471 0 0.917174 0.2669413 0 0.91841 0.2701762 0 0.9192035 0.2677348 0 0.9232471 0.2707561 0 0.9232471 0.2682536 0 0.9280843 0.2701762 0 0.9272755 0.2677196 0 0.9293202 0.2669413 0 0.930663 0.2690623 0 0.9308461 0.2657359 0 0.9328298 0.2673838 0 0.9317769 0.2643626 0 0.9341726 0.2654154 0 0.9349965 0.2621805 0 0.9321889 0.263035 0 0.9324788 0.2606851 0 0.9326009 0.2467994 0 0.9337606 0.2420081 0 0.9350118 0.2372473 0 0.9297627 0.2418097 0 0.9337606 0.2399939 0 0.9138933 0.2467994 0 0.930312 0.2399939 0 0.9293507 0.241001 0 0.9114824 0.2372473 0 0.9297627 0.2402228 0 0.9105211 0.2619821 0 0.4540932 0.4698863 0 0.4540932 0.4707866 0 0.4540169 0.4707866 0 0.4539559 0.4707866 0 0.4540932 0.4698863 0 0.4541543 0.4707866 0 0.4540169 0.4717174 0 0.4540932 0.4717174 0 0.4541543 0.472694 0 0.4540169 0.472694 0 0.4539559 0.472694 0 0.4540169 0.4736858 0 0.4540932 0.472694 0 0.4540169 0.4736858 0 0.825452 0.654902 0 0.826215 0.6554513 0 0.8257877 0.6567788 0 0.8273442 0.6546426 0 0.8248417 0.6567788 0 0.8280308 0.652842 0 0.8267186 0.6585946 0 0.8293126 0.652842 0 0.8268101 0.6605173 0 0.8298466 0.6554513 0 0.8293583 0.6585946 0 0.8310674 0.655787 0 0.8303502 0.659968 0 0.8301671 0.6574655 0 0.4939803 0.5532922 0 0.4939803 0.5474632 0 0.4945296 0.5526971 0 0.4972305 0.5526971 0 0.4945296 0.5480583 0 0.4977798 0.5532922 0 0.4977798 0.5474632 0 0.4972305 0.5480583 0 0.4939803 0.5532922 0 0.4939803 0.5474632 0 0.4945296 0.5526971 0 0.4972305 0.5526971 0 0.4945296 0.5480583 0 0.4977798 0.5532922 0 0.4977798 0.5474632 0 0.4972305 0.5480583 0 0.4939803 0.5532922 0 0.4939803 0.5474632 0 0.4945296 0.5526971 0 0.4972305 0.5526971 0 0.4945296 0.5480583 0 0.4977798 0.5532922 0 0.4977798 0.5474632 0 0.4972305 0.5480583 0 0.9051652 0.3019455 0 0.9051652 0.2783856 0 0.9057908 0.3014725 0 0.9191119 0.3014725 0 0.9057908 0.2788586 0 0.9197375 0.3019455 0 0.9197375 0.2783856 0 0.9191119 0.2788586 0 0.07931639 0.4309758 0 0.07977416 0.4278783 0 0.07931639 0.4290684 0 0.4981918 0.5405356 0 0.5018082 0.5405356 0 0.5018082 0.5460746 0 0.4981918 0.553933 0 0.5018082 0.5594568 0 0.4981918 0.5594568 0 0.494728 0.5320363 0 0.4954147 0.5320363 0 0.4954147 0.5331197 0 0.494728 0.5346304 0 0.4954147 0.5357137 0 0.494728 0.5357137 0 0.8775921 0.6298925 0 0.8856031 0.6259708 0 0.8856031 0.6298925 0 0.8864118 0.5941253 0 0.8879682 0.5933623 0 0.8879682 0.5941253 0 0.8868544 0.5975433 0 0.887541 0.5975586 0 0.887541 0.6018921 0 0.8868544 0.6026551 0 0.887541 0.6018921 0 0.887541 0.6026551 0 0.8955367 0.6860456 0 0.8942702 0.6866255 0 0.8949111 0.6846876 0 0.8813154 0.6838941 0 0.8809644 0.686595 0 0.8796979 0.6860151 0 0.07890441 0.4460975 0 0.07890441 0.4477302 0 0.07847715 0.4465095 0 0.07931639 0.4309758 0 0.07931639 0.4326391 0 0.07977416 0.4317541 0 0.07890441 0.4477302 0 0.07890441 0.4460975 0 0.07847715 0.4465095 0 0.07080186 0.3558251 0 0.07031357 0.3558099 0 0.07125963 0.3578241 0 0.07080186 0.3636683 0 0.07080186 0.3598077 0 0.07125963 0.3615778 0 0.07125963 0.3558251 0 0.07080186 0.3540551 0 0.07125963 0.3519646 0 0.07125963 0.3598077 0 0.07080186 0.3578241 0 0.07125963 0.3558251 0 0.07063401 0.3309224 0 0.07142748 0.3349813 0 0.07063401 0.3384299 0 0.07063401 0.3812009 0 0.07063401 0.3736935 0 0.07142748 0.377142 0 0.07188525 0.3524681 0 0.07109179 0.3600519 0 0.07017624 0.3580072 0 0.07063401 0.3461967 0 0.07142748 0.3496453 0 0.07063401 0.3537042 0 0.07142748 0.3624781 0 0.07063401 0.3659266 0 0.07063401 0.3584192 0 0.8787976 0.5953765 0 0.8915846 0.5953765 0 0.8915846 0.5968414 0 0.8915846 0.5949492 0 0.8915846 0.5968414 0 0.8787976 0.5949492 0 0.8787976 0.5974517 0 0.8787976 0.5964141 0 0.8915846 0.5964141 0 0.8787976 0.5964141 0 0.8787976 0.5949492 0 0.8915846 0.5964141 0 0.9516442 0.2880293 0 0.9522698 0.2839399 0 0.9522698 0.287419 0 0.9516442 0.2878309 0 0.9522698 0.2878309 0 0.9522698 0.2898604 0 0.9516442 0.2898146 0 0.9516442 0.2880293 0 0.9522698 0.2898146 0 0.4334173 0.4369116 0 0.4344243 0.4386358 0 0.432929 0.4377813 0 0.4334173 0.4369116 0 0.4344243 0.4386358 0 0.432929 0.4377813 0 0.874876 0.5970245 0 0.8883192 0.6021363 0 0.874876 0.6220493 0 0.8834363 0.5864347 0 0.8860456 0.5874265 0 0.8834363 0.5912871 0 0.07125963 0.3578241 0 0.07080186 0.3578241 0 0.07080186 0.3598077 0 0.4598306 0.4400397 0 0.4588083 0.4394445 0 0.459144 0.4388494 0 0.4908064 0.5492637 0 0.4983139 0.5492637 0 0.4879225 0.5523461 0 0.4879225 0.5523461 0 0.4983139 0.5492637 0 0.4908064 0.5492637 0 0.4540932 0.4707866 0 0.4541543 0.4717174 0 0.4540932 0.472694 0 0.4540932 0.4707866 0 0.4540932 0.472694 0 0.4539559 0.4717174 0 0.4541543 0.4717174 0 0.4540932 0.472694 0 0.4540932 0.4707866 0 0.4541543 0.4717174 0 0.4540932 0.472694 0 0.4539559 0.4736858 0 0.4540932 0.4707866 0 0.4541543 0.4717174 0 0.4540932 0.472694 0 0.4540932 0.4707866 0 0.4540932 0.472694 0 0.4539559 0.4717174 0 0.4539559 0.4717174 0 0.4541543 0.4736858 0 0.4540932 0.472694 0 0.4539559 0.4717174 0 0.4540932 0.472694 0 0.4539559 0.4736858 0 0.4541543 0.472694 0 0.4540932 0.4707866 0 0.4540169 0.4717174 0 0.07417411 0.4306248 0 0.07560845 0.4296483 0 0.07548638 0.4302129 0 0.07132067 0.4302129 0 0.07284657 0.4302129 0 0.07931639 0.4361029 0 0.07931639 0.4344243 0 0.07977416 0.4361029 0 0.07931639 0.437995 0 0.08014038 0.4361029 0 0.07977416 0.4392004 0 0.07890441 0.4392157 0 0.07847715 0.4424048 0 0.07847715 0.4402075 0 0.07890441 0.4447547 0 0.07847715 0.4451209 0 0.07890441 0.4492103 0 0.07847715 0.4488441 0 0.4540932 0.4707866 0 0.4540932 0.472694 0 0.4539559 0.4717174 0 0.4541543 0.4717174 0 0.4541543 0.4736858 0 0.07931639 0.4309758 0 0.08014038 0.4317541 0 0.07931639 0.4344243 0 0.07977416 0.4309758 0 0.07977416 0.4317541 0 0.07931639 0.4290684 0 0.07977416 0.4278783 0 0.07080186 0.3558251 0 0.07125963 0.3578241 0 0.07080186 0.3598077 0 0.07080186 0.3519646 0 0.07125963 0.3540551 0 0.07125963 0.3558251 0 0.08535897 0.4353246 0 0.08014038 0.4353246 0 0.08014038 0.4361029 0 0.07931639 0.4326391 0 0.07977416 0.4353246 0 0.08535897 0.4326391 0 0.07977416 0.4317541 0 0.07977416 0.4361029 0 0.08535897 0.437995 0 0.08014038 0.4392004 0 0.08535897 0.4392004 0 0.08014038 0.4317541 0 0.08535897 0.4309758 0 0.07931639 0.4309758 0 0.08535897 0.4278783 0 0.08014038 0.4278783 0 0.5021287 0.5425498 0 0.5021287 0.5574578 0 0.4978714 0.5460594 0 0.4978714 0.553933 0 0.4978714 0.5574578 0 0.4978714 0.5425498 0 0.5021287 0.5539483 0 0.5021287 0.5460594 0 0.4965133 0.5324178 0 0.4965133 0.535317 0 0.4956893 0.5331044 0 0.494728 0.5346304 0 0.4936294 0.5352407 0 0.4936294 0.5323567 0 0.4944533 0.5345541 0 0.4954147 0.5331197 0 0.8775921 0.5891814 0 0.8856031 0.5891814 0 0.8775921 0.6035706 0 0.8856031 0.6035706 0 0.8864118 0.5862364 0 0.8879682 0.5862364 0 0.8864118 0.5890288 0 0.8879682 0.5890288 0 0.8868544 0.5947661 0 0.887541 0.5947509 0 0.8868544 0.5975433 0 0.887541 0.5975586 0 0.0698558 0.4298161 0 0.06979477 0.4310368 0 0.06796368 0.4298161 0 0.0679942 0.4307011 0 0.0698558 0.4310368 0 0.06796368 0.4310216 0 0.06932174 0.4298161 0 0.0679942 0.4301366 0 0.08368047 0.4311742 0 0.08139163 0.4307622 0 0.08548104 0.4307622 0 0.08726635 0.4307622 0 0.06247044 0.4296483 0 0.06247044 0.4311894 0 0.04780652 0.4296483 0 0.04780652 0.4311894 0 0.06445411 0.4296483 0 0.06445411 0.4311894 0 0.06366064 0.4296483 0 0.06364538 0.4311894 0 0.06564431 0.4296483 0 0.06564431 0.4311894 0 0.06445411 0.4296483 0 0.06445411 0.4311894 0 0.06247044 0.4296483 0 0.06366064 0.4296483 0 0.06247044 0.4311894 0 0.06364538 0.4311894 0 0.8813154 0.6838941 0 0.8949111 0.6846876 0 0.8813306 0.6866102 0 0.8939193 0.6866102 0 0.8813306 0.687007 0 0.8939345 0.687007 0 0.8813306 0.6883955 0 0.8939345 0.6883955 0 0.07344167 0.4470588 0 0.07753109 0.4470588 0 0.07344167 0.452369 0 0.07753109 0.452369 0 0.08229191 0.411963 0 0.08380255 0.411963 0 0.08229191 0.4173648 0 0.08380255 0.4173648 0 0.07344167 0.4535592 0 0.07344167 0.4527504 0 0.07751583 0.4535592 0 0.07753109 0.4527504 0 0.07751583 0.4554513 0 0.07345693 0.4554513 0 0.07751583 0.4535592 0 0.07344167 0.4535592 0 0.08534371 0.4268864 0 0.08383307 0.4268864 0 0.08534371 0.4222782 0 0.08383307 0.4222782 0 0.08229191 0.4292516 0 0.08380255 0.4292516 0 0.08229191 0.4330053 0 0.08380255 0.4330053 0 0.08229191 0.4330053 0 0.08380255 0.4330053 0 0.08229191 0.434226 0 0.08380255 0.434226 0 0.08534371 0.4222782 0 0.08383307 0.4222782 0 0.08534371 0.4205234 0 0.08383307 0.4205234 0 0.07344167 0.4470588 0 0.07344167 0.452369 0 0.07753109 0.4470588 0 0.07753109 0.452369 0 0.08229191 0.411963 0 0.08229191 0.4173648 0 0.08380255 0.411963 0 0.08380255 0.4173648 0 0.07344167 0.4535592 0 0.07751583 0.4535592 0 0.07344167 0.4527504 0 0.07753109 0.4527504 0 0.07344167 0.4535592 0 0.07345693 0.4554513 0 0.07751583 0.4535592 0 0.07751583 0.4554513 0 0.08534371 0.4268864 0 0.08534371 0.4222782 0 0.08383307 0.4268864 0 0.08383307 0.4222782 0 0.08229191 0.4292516 0 0.08229191 0.4330053 0 0.08380255 0.4292516 0 0.08380255 0.4330053 0 0.08229191 0.4330053 0 0.08229191 0.434226 0 0.08380255 0.4330053 0 0.08380255 0.434226 0 0.08534371 0.4222782 0 0.08534371 0.4205234 0 0.08383307 0.4222782 0 0.08383307 0.4205234 0 0.818204 0.6770428 0 0.818204 0.6811627 0 0.8172274 0.6743877 0 0.8194553 0.6743267 0 0.819028 0.6831617 0 0.8180667 0.6899214 0 0.8180667 0.6858015 0 0.8168154 0.6830854 0 0.4995804 0.5401236 0 0.4995804 0.5238117 0 0.5049515 0.5401236 0 0.5049515 0.5238117 0 0.8989853 0.5912108 0 0.9052415 0.5912108 0 0.8989853 0.5948119 0 0.9052415 0.5948119 0 0.892134 0.5912414 0 0.8983749 0.5912414 0 0.892134 0.5948272 0 0.8983749 0.5948272 0 0.8787976 0.5912566 0 0.8915846 0.5912566 0 0.8787976 0.5953765 0 0.8915846 0.5953765 0 0.8787976 0.5968414 0 0.8787976 0.5949492 0 0.8915846 0.5968414 0 0.8915846 0.5949492 0 0.9354391 0.3009842 0 0.9219654 0.3009842 0 0.9354391 0.2784924 0 0.9219654 0.2784924 0 0.9354391 0.3027543 0 0.9219654 0.3027543 0 0.9354391 0.3009842 0 0.9219654 0.3009842 0 0.9219654 0.3009842 0 0.9201801 0.3009842 0 0.9219654 0.2784924 0 0.9201801 0.2784924 0 0.9219654 0.2767071 0 0.9354391 0.2767071 0 0.9219654 0.2784924 0 0.9354391 0.2784924 0 0.9372244 0.2784924 0 0.9372244 0.3009842 0 0.9354391 0.2784924 0 0.9354391 0.3009842 0 0.9478294 0.23711 0 0.9478294 0.2514229 0 0.9356222 0.23711 0 0.9356222 0.2514229 0 0.9516442 0.2878309 0 0.9516442 0.2837568 0 0.9522698 0.2878309 0 0.9522698 0.2837568 0 0.1756771 0.8661631 0 0.1731594 0.8661631 0 0.1731594 0.8610361 0 0.1756771 0.8590219 0 0.1731594 0.8610361 0 0.1731594 0.8550851 0 0.1756771 0.8550851 0 0.1756771 0.8517739 0 0.1731594 0.8517739 0 0.1426413 0.8608682 0 0.1451591 0.8608682 0 0.1426413 0.8701915 0 0.1451591 0.8701915 0 0.1664759 0.8886549 0 0.1664759 0.8861372 0 0.1758144 0.8886549 0 0.1758144 0.8861372 0 0.5867857 0.6064393 0 0.5867857 0.6000611 0 0.5899596 0.6064393 0 0.5899596 0.6000611 0 0.5867857 0.6064393 0 0.5867857 0.6000611 0 0.5899596 0.6064393 0 0.5899596 0.6000611 0 0.5867857 0.6064393 0 0.5867857 0.6000611 0 0.5899596 0.6064393 0 0.5899596 0.6000611 0 0.4489815 0.4705729 0 0.4525063 0.4705729 0 0.4489815 0.4750592 0 0.4525063 0.4750592 0 0.4489815 0.4750592 0 0.4525063 0.4750592 0 0.4489815 0.4763409 0 0.4525063 0.4763409 0 0.4573129 0.4750592 0 0.453788 0.4750592 0 0.4573129 0.4705729 0 0.453788 0.4705729 0 0.4525063 0.4705729 0 0.453788 0.4705729 0 0.4525063 0.4750592 0 0.453788 0.4750592 0 0.4476997 0.4705729 0 0.4489815 0.4705729 0 0.4476997 0.4750592 0 0.4489815 0.4750592 0 0.4256962 0.4198062 0 0.4256962 0.4208438 0 0.424918 0.4200046 0 0.4247196 0.4208438 0 0.8775921 0.6035706 0 0.8856031 0.6035706 0 0.8856031 0.6259708 0 0.8775921 0.6298925 0 0.8864118 0.5890288 0 0.8879682 0.5890288 0 0.8879682 0.5933623 0 0.8864118 0.5941253 0 0.07977416 0.4309758 0 0.08014038 0.4278783 0 0.08535897 0.4278783 0 0.08535897 0.4309758 0 0.08014038 0.4309758 0 0.08014038 0.4317541 0 0.08535897 0.4326391 0 0.07931639 0.4344243 0 0.08535897 0.4353246 0 0.08014038 0.4361029 0 0.08535897 0.437995 0 0.08014038 0.4392004 0 0.08535897 0.4392004 0 0.8198367 0.5955443 0 0.8198367 0.5867857 0 0.8291905 0.5955291 0 0.8291905 0.5867704 0 0.8989853 0.5948119 0 0.9052415 0.5948119 0 0.8989853 0.601236 0 0.9052415 0.601236 0 0.892134 0.5948272 0 0.8983749 0.5948272 0 0.8983749 0.6012512 0 0.8921187 0.6012512 0 0.9374533 0.2523232 0 0.9374533 0.2654154 0 0.9356222 0.2654154 0 0.9356222 0.2523232 0 0.8883192 0.5970245 0 0.8883192 0.6220493 0 0.8843824 0.6220493 0 0.874876 0.6021363 0 0.8909743 0.5865415 0 0.8909743 0.5913939 0 0.8902113 0.5913939 0 0.888365 0.5875334 0 0.8909285 0.5919127 0 0.8909285 0.5967651 0 0.8901656 0.5967651 0 0.8883192 0.5929046 0 0.8833753 0.5966582 0 0.8859846 0.5927978 0 0.8841382 0.5966582 0 0.8833753 0.5918059 0 0.07408255 0.45803 0 0.07345693 0.4554513 0 0.07620355 0.4583047 0 0.07751583 0.4554513 0 0.07408255 0.45803 0 0.07620355 0.4583047 0 0.07345693 0.4554513 0 0.07751583 0.4554513 0 0.07167163 0.3559472 0 0.07125963 0.3598077 0 0.07038987 0.3559472 0 0.0692607 0.3579309 0 0.07167163 0.3595941 0 0.07167163 0.3631647 0 0.07038987 0.3595941 0 0.07167163 0.3642328 0 0.07038987 0.3642328 0 0.07038987 0.3608301 0 0.07167163 0.3642328 0 0.07167163 0.359762 0 0.07038987 0.359762 0 0.07167163 0.3561913 0 0.07167163 0.359762 0 0.07038987 0.3561913 0 0.07167163 0.3525444 0 0.07038987 0.3561913 0 0.07038987 0.3525444 0 0.07167163 0.3489738 0 0.07038987 0.3489738 0 0.07167163 0.3478904 0 0.07038987 0.3478904 0 0.07031357 0.3620051 0 0.07125963 0.3598077 0 0.07080186 0.3598077 0 0.07080186 0.3578241 0 0.07031357 0.3642481 0 0.07174792 0.3642481 0 0.07031357 0.3656825 0 0.07031357 0.3558099 0 0.07031357 0.3579462 0 0.07125963 0.3558251 0 0.07080186 0.3540551 0 0.07125963 0.3558251 0 0.07031357 0.3539025 0 0.07080186 0.3519646 0 0.07174792 0.3539025 0 0.07125963 0.3519646 0 0.07031357 0.3502098 0 0.08729687 0.430869 0 0.08314641 0.430869 0 0.08729687 0.4299687 0 0.08081178 0.4299687 0 0.08314641 0.430869 0 0.0785687 0.430869 0 0.07666133 0.4299687 0 0.07382315 0.430869 0 0.07382315 0.4299687 0 0.05050736 0.430869 0 0.05050736 0.4299687 0 0.9168536 0.2999924 0 0.917998 0.3009995 0 0.907927 0.2999924 0 0.9067826 0.3009995 0 0.503212 0.5507439 0 0.4983139 0.5492637 0 0.5120775 0.5476615 0 0.5120775 0.5507439 0 0.4540932 0.4707866 0 0.4541543 0.472694 0 0.4540932 0.472694 0 0.4541543 0.4736858 0 0.8389868 0.6493019 0 0.8432899 0.6506904 0 0.840177 0.6567941 0 0.8363317 0.6529488 0 0.07977416 0.4353246 0 0.07931639 0.4326391 0 0.07931639 0.4361029 0 0.07977416 0.4361029 0 0.07931639 0.437995 0 0.07977416 0.4392004 0 0.07847715 0.4488441 0 0.07890441 0.4492103 0 0.07847715 0.4451209 0 0.07890441 0.4447547 0 0.07847715 0.4434577 0 0.07890441 0.4392157 0 0.07847715 0.4402075 0 0.07847715 0.4380255 0 0.07847715 0.4361181 0 0.8268101 0.6605173 0 0.8241093 0.6554971 0 0.8280308 0.6590219 0 0.8303502 0.659968 0 0.8298466 0.6554513 0 0.8310674 0.655787 0 0.8293126 0.652842 0 0.8273442 0.6546426 0 0.8241093 0.6554971 0 0.07031357 0.3310598 0 0.07174792 0.3310598 0 0.07174792 0.3334096 0 0.07031357 0.3334096 0 0.07174792 0.3370413 0 0.07031357 0.3370413 0 0.07031357 0.3401846 0 0.07174792 0.3401846 0 0.07174792 0.3472038 0 0.07031357 0.3471733 0 0.07031357 0.3503166 0 0.07174792 0.3537499 0 0.07031357 0.3552758 0 0.07174792 0.354818 0 0.07174792 0.3567712 0 0.07063401 0.3584192 0 0.07174792 0.3573052 0 0.07174792 0.3617609 0 0.07031357 0.3618219 0 0.07031357 0.36495 0 0.07174792 0.3649347 0 0.07031357 0.3719539 0 0.07174792 0.3719539 0 0.07031357 0.375082 0 0.07174792 0.3719539 0 0.07174792 0.3787289 0 0.07031357 0.3787289 0 0.07174792 0.3810788 0 0.07031357 0.3810636 0 0.9324941 0.3101549 0 0.9324941 0.3083848 0 0.9360495 0.3085527 0 0.9355612 0.3101549 0 0.9364309 0.3092546 0 0.06358434 0.4296635 0 0.06436256 0.4296635 0 0.06436256 0.4307622 0 0.06358434 0.4311742 0 0.07183947 0.4311742 0 0.07760739 0.4638743 0 0.07267872 0.4638743 0 0.07759213 0.4650645 0 0.07286183 0.4669108 0 0.07690547 0.4676127 0 0.0742504 0.4679332 0 0.5063096 0.5388418 0 0.5129625 0.5388418 0 0.5129625 0.5435264 0 0.4843824 0.5388418 0 0.4843824 0.5435264 0 0.5149157 0.4966506 0 0.5170367 0.5197986 0 0.513695 0.5197986 0 0.5102007 0.4966506 0 0.5102007 0.5197986 0 0.4897536 0.5480125 0 0.4897536 0.552514 0 0.4850843 0.552514 0 0.4850843 0.5480125 0 0.4804913 0.552514 0 0.4804913 0.5480125 0 0.4788586 0.5480125 0 0.4788586 0.552514 0 0.4905623 0.549401 0 0.4905623 0.5319905 0 0.4921798 0.5319905 0 0.4921798 0.549401 0 0.4967727 0.5319905 0 0.4967727 0.549401 0 0.5014572 0.5319905 0 0.5014572 0.549401 0 0.9271076 0.2675059 0 0.9232318 0.2679942 0 0.9193408 0.2675059 0 0.9290761 0.2667429 0 0.9158922 0.265568 0 0.9319143 0.2629587 0 0.9145495 0.2629434 0 0.9324178 0.247013 0 0.9140612 0.247013 0 0.9192035 0.2677348 0 0.91841 0.2701762 0 0.9232471 0.2707561 0 0.9232471 0.2682536 0 0.9280843 0.2701762 0 0.9272755 0.2677196 0 0.9293202 0.2669413 0 0.9328298 0.2673838 0 0.9349965 0.2621805 0 0.9321889 0.263035 0 0.9136645 0.2673838 0 0.9156481 0.2657359 0 0.9143053 0.263035 0 0.9114977 0.2621805 0 0.9105211 0.2619821 0 0.9138933 0.2467994 0 0.9114824 0.2372473 0 0.9297627 0.2402228 0 0.9350118 0.2372473 0 0.9297627 0.2418097 0 0.9337606 0.2399939 0 0.9326009 0.2467994 0 0.9337606 0.2420081 0 0.8961776 0.2372015 0 0.9105211 0.2372015 0 0.8961776 0.2604715 0 0.9105211 0.2619821 0 0.8961776 0.2653086 0 0.9105211 0.2676738 0 0.8961776 0.2676738 0 0.9105211 0.273106 0 0.8961776 0.273106 0 0.9105211 0.2778515 0 0.8961776 0.2778515 0 0.08729687 0.4299687 0 0.08729687 0.430869 0 0.08314641 0.430869 0 0.08081178 0.4299687 0 0.0785687 0.430869 0 0.07666133 0.4299687 0 0.07666133 0.430869 0 0.07382315 0.4299687 0 0.07382315 0.430869 0 0.05050736 0.430869 0 0.05050736 0.4299687 0 0.0701915 0.4567788 0 0.07020676 0.4548867 0 0.0681468 0.4567788 0 0.06672771 0.4548867 0 0.06672771 0.4567788 0 0.0645304 0.4548867 0 0.06384375 0.4567788 0 0.06178378 0.4548867 0 0.06178378 0.4567788 0 0.5026932 0.5198291 0 0.5026932 0.4966812 0 0.5061723 0.4966812 0 0.507393 0.5198291 0 0.5083085 0.4966812 0 0.5095292 0.5014267 0 0.5095292 0.4966812 0 0.8901656 0.2795453 0 0.8929122 0.2789959 0 0.8974289 0.2809796 0 0.8881361 0.2819715 0 0.8976883 0.2838483 0 0.8881361 0.2898909 0 0.8977035 0.2898909 0 0.9233081 0.2758831 0 0.9170215 0.2767376 0 0.9136492 0.2758831 0 0.9250172 0.2741741 0 0.9119554 0.2741741 0 0.9255512 0.2713969 0 0.9114061 0.2713969 0 0.06790265 0.358999 0 0.07457084 0.3577936 0 0.07493705 0.3599451 0 0.06837568 0.3524376 0 0.07460136 0.3545586 0 0.07502861 0.3524681 0 0.06855878 0.3545434 0 0.07278553 0.3579309 0 0.0692607 0.3579309 0 0.07350271 0.3545434 0 0.069337 0.3537957 0 0.07493705 0.3599451 0 0.07649348 0.3620508 0 0.06790265 0.358999 0 0.06535439 0.3642481 0 0.07377737 0.3688563 0 0.06631571 0.3675593 0 0.06541543 0.4297398 0 0.08625925 0.4297398 0 0.08625925 0.4310979 0 0.06541543 0.4310979 0 0.06250095 0.4297398 0 0.06041047 0.4310979 0 0.05804532 0.4297398 0 0.05564965 0.4310979 0 0.05154498 0.4297398 0 0.05154498 0.4310979 0 0.08227664 0.429099 0 0.08622874 0.429099 0 0.08622874 0.4304723 0 0.08227664 0.4304723 0 0.07798886 0.429099 0 0.07798886 0.4304723 0 0.07353323 0.4304723 0 0.07353323 0.429099 0 0.07408255 0.4296483 0 0.06596475 0.4304723 0 0.06596475 0.4317235 0 0.0652018 0.4317388 0 0.0652018 0.4304723 0 0.05157549 0.429099 0 0.05159075 0.4304723 0 0.07847715 0.4380865 0 0.07847715 0.4363012 0 0.07890441 0.4371405 0 0.07890441 0.4389868 0 0.07847715 0.4408026 0 0.07890441 0.4389868 0 0.07847715 0.4380865 0 0.07847715 0.4408026 0 0.07890441 0.4371405 0 0.07847715 0.4363012 0 0.07890441 0.4355841 0 0.07847715 0.4332342 0 0.07890441 0.433402 0 0.07890441 0.4283971 0 0.07847715 0.4283513 0 0.8356146 0.6543069 0 0.8310674 0.655787 0 0.8327153 0.6503242 0 0.8356146 0.6592355 0 0.8303502 0.659968 0 0.8305028 0.6643625 0 0.830457 0.6601205 0 0.8268101 0.6605173 0 0.8215762 0.6614634 0 0.8241093 0.6554971 0 0.8267643 0.6607004 0 0.8215762 0.6520943 0 0.8293126 0.652842 0 0.8280308 0.6487983 0 0.8327153 0.6503242 0 0.8310674 0.655787 0 0.5064317 0.5586633 0 0.4955673 0.5539483 0 0.5064317 0.5539483 0 0.49337 0.5574425 0 0.4909132 0.5539483 0 0.487892 0.5574425 0 0.487892 0.5607843 0 0.4778363 0.5607843 0 0.4844434 0.5539483 0 0.4778363 0.5574425 0 0.4778363 0.5539483 0 0.8835889 0.3025101 0 0.8835889 0.3038071 0 0.8814069 0.3038071 0 0.884596 0.3038071 0 0.8856336 0.3025101 0 0.8856336 0.3038071 0 0.8879072 0.3025101 0 0.8894637 0.3038071 0 0.8912489 0.3025101 0 0.8933242 0.3038071 0 0.8949569 0.3025101 0 0.8949569 0.3038071 0 0.8965896 0.3038071 0 0.8986648 0.3025101 0 0.9004502 0.3038071 0 0.9020066 0.3025101 0 0.9042801 0.3038071 0 0.9042801 0.3025101 0 0.9053025 0.3038071 0 0.9063249 0.3025101 0 0.9063249 0.3038071 0 0.9085069 0.3038071 0 0.1851988 0.8928206 0 0.1851988 0.8961318 0 0.182681 0.8961318 0 0.182681 0.8909438 0 0.1851988 0.8909438 0 0.1851988 0.8868696 0 0.182681 0.8817426 0 0.1851988 0.8817426 0 0.0701915 0.4567788 0 0.0681468 0.4567788 0 0.07020676 0.4548867 0 0.06672771 0.4548867 0 0.06526284 0.4567788 0 0.0645304 0.4548867 0 0.06384375 0.4567788 0 0.06178378 0.4548867 0 0.06178378 0.4567788 0 0.06939803 0.3662928 0 0.06942855 0.359823 0 0.07266346 0.3662928 0 0.07263295 0.359823 0 0.06942855 0.3532616 0 0.07263295 0.3532616 0 0.0726482 0.3467918 0 0.06941329 0.3467918 0 0.06941329 0.3448386 0 0.0726482 0.3448386 0 0.8316777 0.6166018 0 0.8322423 0.6214237 0 0.8302892 0.619028 0 0.8387732 0.595819 0 0.8316777 0.5988404 0 0.8302739 0.5917144 0 0.8364843 0.5867704 0 0.08790722 0.4296483 0 0.09001297 0.4296483 0 0.09001297 0.4311894 0 0.08526742 0.4311894 0 0.08250553 0.4296483 0 0.07980468 0.4311894 0 0.07740902 0.4296483 0 0.07408255 0.4311894 0 0.07560845 0.4296483 0 0.07257191 0.4296483 0 0.04780652 0.4311894 0 0.04780652 0.4296483 0 0.07760739 0.4638743 0 0.07759213 0.4650645 0 0.07267872 0.4638743 0 0.07286183 0.4669108 0 0.07690547 0.4676127 0 0.08380255 0.4292516 0 0.08380255 0.4274967 0 0.08229191 0.4292516 0 0.08229191 0.4265659 0 0.08380255 0.4243687 0 0.08229191 0.4243687 0 0.08229191 0.4221866 0 0.08380255 0.4221866 0 0.08380255 0.4202945 0 0.08229191 0.4202945 0 0.08229191 0.4173648 0 0.08380255 0.4173648 0 0.07350271 0.3545434 0 0.07278553 0.3579309 0 0.0692607 0.3579309 0 0.06855878 0.3545434 0 0.07273976 0.353811 0 0.07167163 0.3478904 0 0.07038987 0.3512932 0 0.07038987 0.3478904 0 0.07167163 0.3523766 0 0.07038987 0.3523766 0 0.07125963 0.3558251 0 0.812665 0.595346 0 0.8120699 0.6002747 0 0.8106508 0.5978027 0 0.8193637 0.6216068 0 0.8120699 0.6184939 0 0.8106356 0.6258183 0 0.816968 0.6308843 0 0.264332 0.527779 0 0.2672618 0.527779 0 0.2657969 0.5278096 0 0.2707714 0.5266957 0 0.2608072 0.5266957 0 0.272633 0.5242542 0 0.2589609 0.5242542 0 0.2587625 0.5233539 0 0.2728161 0.5233539 0 0.2728618 0.5224384 0 0.2587167 0.5224384 0 0.07627985 0.3464256 0 0.06684978 0.3443351 0 0.07443351 0.3435111 0 0.07672236 0.3504692 0 0.06607156 0.3516594 0 0.06837568 0.3524376 0 0.07502861 0.3524681 0 0.9186389 0.2987411 0 0.9186389 0.2996414 0 0.9062791 0.2996414 0 0.9062791 0.2968032 0 0.9186389 0.2978103 0 0.9062791 0.2943618 0 0.9186541 0.2943618 0 0.9186541 0.2908827 0 0.9062791 0.2908827 0 0.9186541 0.2894179 0 0.9186541 0.287953 0 0.9062791 0.284474 0 0.9186541 0.284474 0 0.9186541 0.2810254 0 0.9062791 0.2820325 0 0.9186541 0.2800946 0 0.9062791 0.2791943 0 0.9186541 0.2791943 0 0.8322423 0.6706188 0 0.8358892 0.6706188 0 0.8322423 0.6747692 0 0.8358892 0.6747692 0 0.8322423 0.6706188 0 0.8322423 0.6671855 0 0.8358892 0.6671855 0 0.8358892 0.6649729 0 0.8322423 0.6649729 0 0.09001297 0.4311894 0 0.08526742 0.4311894 0 0.09001297 0.4296483 0 0.08526742 0.4296483 0 0.08526742 0.4296483 0 0.07980468 0.4296483 0 0.07980468 0.4311894 0 0.07408255 0.4296483 0 0.07408255 0.4311894 0 0.06564431 0.4311894 0 0.06564431 0.4296483 0 0.08229191 0.4173648 0 0.08380255 0.4173648 0 0.08380255 0.4212406 0 0.08229191 0.4202945 0 0.08229191 0.4221866 0 0.08380255 0.4243687 0 0.08229191 0.4243687 0 0.08229191 0.4265659 0 0.08380255 0.4265659 0 0.08380255 0.4292516 0 0.08229191 0.4292516 0 0.4843824 0.5497367 0 0.5129625 0.5481193 0 0.5129625 0.5497367 0 0.4843824 0.5481193 0 0.4843824 0.5435264 0 0.5129625 0.5435264 0 0.8955215 0.277821 0 0.8812238 0.277821 0 0.8955215 0.2531167 0 0.8812238 0.2546273 0 0.8812238 0.2497902 0 0.8955215 0.2474403 0 0.8812238 0.2474403 0 0.8955215 0.2420233 0 0.8812238 0.2420233 0 0.8812238 0.2372931 0 0.8955215 0.2372931 0 0.4995804 0.5238117 0 0.5049515 0.5174487 0 0.5049515 0.5238117 0 0.4995804 0.5174487 0 0.5000687 0.5124132 0 0.5048295 0.5128405 0 0.8198367 0.6290837 0 0.8198367 0.6263981 0 0.8291905 0.6263828 0 0.8291905 0.6290837 0 0.8291905 0.6326696 0 0.8198367 0.6326696 0 0.4539559 0.472694 0 0.4540169 0.472694 0 0.4539559 0.4736858 0 0.4540169 0.4717174 0 0.4540932 0.472694 0 0.4540932 0.4707866 0 0.4539559 0.4736858 0 0.5042344 0.5416342 0 0.5109484 0.5416342 0 0.5109484 0.5451286 0 0.5007858 0.5463493 0 0.5109484 0.5484703 0 0.5042344 0.5484703 0 0.4976883 0.5416342 0 0.4976883 0.5484703 0 0.4953079 0.5451286 0 0.4931258 0.5416342 0 0.4888685 0.5484703 0 0.4822614 0.5416342 0 0.4822614 0.5463493 0 0.4898299 0.5510338 0 0.5016251 0.5468528 0 0.4992142 0.5531548 0 0.5016251 0.5510338 0 0.5101702 0.5489738 0 0.5007858 0.5531548 0 0.5101702 0.5531548 0 0.4961318 0.5618982 0 0.5097276 0.5618982 0 0.5097276 0.5665675 0 0.4961318 0.5665675 0 0.4961318 0.5711604 0 0.5046616 0.5711604 0 0.5097276 0.5711604 0 0.4961318 0.5727931 0 0.5097276 0.5727931 0 0.4539559 0.4707866 0 0.4540932 0.4698863 0 0.4540169 0.4707866 0 0.4539559 0.4717174 0 0.4540169 0.472694 0 0.4539559 0.472694 0 0.4539559 0.4736858 0 0.4540932 0.472694 0 0.4540932 0.4717174 0 0.4540932 0.4698863 0 0.4541543 0.4707866 0 0.4541543 0.4717174 0 0.4541543 0.472694 0 0.4541543 0.4736858 0 0.4539559 0.4717174 0 0.4540169 0.4717174 0 0.4540932 0.472694 0 0.4539559 0.4707866 0 0.4540932 0.4698863 0 0.4540169 0.4707866 0 0.4540932 0.4707866 0 0.4540932 0.4698863 0 0.4540932 0.472694 0 0.4541543 0.4707866 0 0.4541543 0.4717174 0 0.8999618 0.2999161 0 0.8999618 0.3018845 0 0.8858168 0.3018845 0 0.8858168 0.2999161 0 0.8810865 0.3018845 0 0.8847333 0.3018692 0 0.8872816 0.290013 0 0.8810712 0.2783093 0 0.8872816 0.2822766 0 0.8885633 0.2801251 0 0.892897 0.2787976 0 0.898497 0.290013 0 0.9047227 0.2783093 0 0.8961166 0.2794385 0 0.898085 0.2811322 0 0.898497 0.2822766 0 0.9046922 0.3018845 0 0.9010453 0.3018692 0 0.4539559 0.472694 0 0.4540169 0.472694 0 0.4539559 0.4736858 0 0.4539559 0.4717174 0 0.4540169 0.4707866 0 0.4539559 0.4707866 0 0.4540169 0.4698863 0 0.4540932 0.4707866 0 0.4541543 0.4707866 0 0.4540169 0.4698863 0 0.4540932 0.4717174 0 0.4541543 0.4717174 0 0.4540932 0.472694 0 0.4539559 0.4736858 0 0.4541543 0.472694 0 0.4780957 0.5618982 0 0.4869764 0.5665675 0 0.4780957 0.5665675 0 0.4914168 0.5618982 0 0.5012131 0.5618982 0 0.5097429 0.5618982 0 0.5097429 0.5665675 0 0.5012131 0.5665675 0 0.4914168 0.5665675 0 0.5012131 0.5711604 0 0.5097429 0.5711604 0 0.5097429 0.5727931 0 0.5012131 0.5727931 0 0.4914168 0.5727931 0 0.4914168 0.5711604 0 0.4869764 0.5727931 0 0.4836347 0.5711604 0 0.4780957 0.5665675 0 0.4780957 0.5727931 0 0.4780957 0.5711604 0 0.501915 0.5297627 0 0.501915 0.5205921 0 0.5035477 0.5205921 0 0.5035477 0.5297627 0 0.5035477 0.5358968 0 0.501915 0.5452812 0 0.5035477 0.5452812 0 0.5081407 0.5452812 0 0.5081407 0.5297627 0 0.5081407 0.5205921 0 0.5128099 0.5452812 0 0.5128099 0.5205921 0 0.5128099 0.5297627 0 0.9051652 0.3019455 0 0.9051652 0.2783856 0 0.9057908 0.3014725 0 0.9191119 0.3014725 0 0.9057908 0.2788586 0 0.9197375 0.3019455 0 0.9197375 0.2783856 0 0.9191119 0.2788586 0</float_array>
          <technique_common>
            <accessor source="#geom-AccessoryB1__colorsample-map1-array" count="7111" stride="3">
              <param name="S" type="float"/>
              <param name="T" type="float"/>
              <param name="P" type="float"/>
            </accessor>
          </technique_common>
        </source>
        <vertices id="geom-AccessoryB1__colorsample-vertices">
          <input semantic="POSITION" source="#geom-AccessoryB1__colorsample-positions"/>
        </vertices>
        <triangles material="colorsample" count="2569">
          <input semantic="VERTEX" source="#geom-AccessoryB1__colorsample-vertices" offset="0"/>
          <input semantic="NORMAL" source="#geom-AccessoryB1__colorsample-normals" offset="1"/>
          <input semantic="COLOR" source="#geom-AccessoryB1__colorsample-map0" offset="2" set="0"/>
          <input semantic="TEXCOORD" source="#geom-AccessoryB1__colorsample-map1" offset="3" set="0"/>
          <p>0 0 0 0 1 1 1 1 2 2 2 2 3 3 3 3 4 4 4 4 5 5 5 5 6 6 6 6 7 7 7 7 8 8 8 8 9 9 9 9 10 10 10 10 11 11 11 11 12 12 12 12 13 13 13 13 14 14 14 14 15 15 15 15 16 16 16 16 17 17 17 17 18 18 18 18 19 19 19 19 20 20 20 20 21 21 21 21 22 22 22 22 23 23 23 23 24 24 24 24 25 25 25 25 26 26 26 26 27 27 27 27 28 28 28 28 29 29 29 29 30 30 30 30 31 31 31 31 32 32 32 32 33 33 33 33 34 34 34 34 35 35 35 35 36 36 36 36 37 37 37 37 38 38 38 38 39 39 39 39 40 40 40 40 41 41 41 41 42 42 42 42 43 43 43 43 44 44 44 44 45 45 45 45 46 46 46 46 47 47 47 47 48 48 48 48 49 49 49 49 50 50 50 50 51 51 51 51 52 52 52 52 53 53 53 53 54 54 54 54 55 55 55 55 56 56 56 56 57 57 57 57 58 58 58 58 59 59 59 59 60 60 60 60 61 61 61 61 62 62 62 62 63 63 63 63 64 64 64 64 65 65 65 65 66 66 66 66 67 67 67 67 68 68 68 68 69 69 69 69 70 70 70 70 71 71 71 71 72 72 72 72 73 73 73 73 74 74 74 74 75 75 75 75 76 76 76 76 77 77 77 77 78 78 78 78 79 79 79 79 80 80 80 80 81 81 81 81 82 82 82 82 83 83 83 83 84 84 84 84 85 85 85 85 86 86 86 86 87 87 87 87 88 88 88 88 89 89 89 89 90 90 90 90 91 91 91 91 92 92 92 92 93 93 93 93 94 94 94 94 95 95 95 95 96 96 96 96 97 97 97 97 98 98 98 98 99 99 99 99 100 100 100 100 101 101 101 101 102 102 102 102 103 103 103 103 104 104 104 104 105 105 105 105 106 106 106 106 107 107 107 107 108 108 108 108 109 109 109 109 110 110 110 110 111 111 111 111 112 112 112 112 113 113 113 113 114 114 114 114 115 115 115 115 116 116 116 116 117 117 117 117 118 118 118 118 119 119 119 119 120 120 120 120 121 121 121 121 122 122 122 122 123 123 123 123 124 124 124 124 125 125 125 125 126 126 126 126 127 127 127 127 128 128 128 128 129 129 129 129 130 130 130 130 131 131 131 131 132 132 132 132 133 133 133 133 134 134 134 134 135 135 135 135 136 136 136 136 137 137 137 137 137 137 137 137 138 138 138 138 139 139 139 139 138 138 138 138 140 140 140 140 139 139 139 139 141 141 141 141 142 142 142 142 143 143 143 143 144 144 144 144 143 143 143 143 145 145 145 145 146 146 146 146 144 144 144 144 145 145 145 145 147 147 147 147 148 148 148 148 149 149 149 149 148 148 148 148 150 150 150 150 151 151 151 151 150 150 150 150 152 152 152 152 151 151 151 151 153 153 153 153 154 154 154 154 155 155 155 155 154 154 154 154 156 156 156 156 157 157 157 157 156 156 156 156 158 158 158 158 157 157 157 157 159 159 159 159 160 160 160 160 161 161 161 161 162 162 162 162 160 160 160 160 163 163 163 163 164 164 164 164 162 162 162 162 163 163 163 163 165 165 165 165 166 166 166 166 167 167 167 167 167 167 167 167 168 168 168 168 169 169 169 169 168 168 168 168 170 170 170 170 169 169 169 169 171 171 171 171 172 172 172 172 173 173 173 173 174 174 174 174 172 172 172 172 175 175 175 175 176 176 176 176 174 174 174 174 175 175 175 175 177 177 177 177 174 174 174 174 176 176 176 176 178 178 178 178 177 177 177 177 176 176 176 176 177 177 177 177 178 178 178 178 179 179 179 179 180 180 180 180 177 177 177 177 179 179 179 179 181 181 181 181 180 180 180 180 179 179 179 179 182 182 182 182 181 181 181 181 179 179 179 179 181 181 181 181 182 182 182 182 183 183 183 183 184 184 184 184 181 181 181 181 183 183 183 183 185 185 185 185 186 186 186 186 187 187 187 187 186 186 186 186 188 188 188 188 189 189 189 189 188 188 188 188 190 190 190 190 189 189 189 189 189 189 189 189 190 190 190 190 191 191 191 191 189 189 189 189 192 192 192 192 193 193 193 193 191 191 191 191 194 194 194 194 189 189 189 189 195 195 195 195 189 189 189 189 194 194 194 194 196 196 196 196 195 195 195 195 194 194 194 194 197 197 197 197 195 195 195 195 196 196 196 196 198 198 198 198 195 195 195 195 197 197 197 197 199 199 199 199 195 195 195 195 198 198 198 198 200 200 200 200 201 201 201 201 199 199 199 199 202 202 202 202 195 195 195 195 203 203 203 203 204 204 204 204 205 205 205 205 206 206 206 206 207 207 207 207 205 205 205 205 208 208 208 208 209 209 209 209 207 207 207 207 208 208 208 208 205 205 205 205 207 207 207 207 210 210 210 210 207 207 207 207 211 211 211 211 210 210 210 210 212 212 212 212 213 213 213 213 214 214 214 214 214 214 214 214 215 215 215 215 216 216 216 216 217 217 217 217 214 214 214 214 218 218 218 218 219 219 219 219 217 217 217 217 218 218 218 218 220 220 220 220 217 217 217 217 221 221 221 221 222 222 222 222 220 220 220 220 221 221 221 221 223 223 223 223 222 222 222 222 224 224 224 224 225 225 225 225 223 223 223 223 224 224 224 224 226 226 226 226 227 227 227 227 228 228 228 228 229 229 229 229 228 228 228 228 230 230 230 230 228 228 228 228 231 231 231 231 230 230 230 230 231 231 231 231 232 232 232 232 230 230 230 230 232 232 232 232 233 233 233 233 234 234 234 234 235 235 235 235 232 232 232 232 234 234 234 234 232 232 232 232 235 235 235 235 236 236 236 236 237 237 237 237 232 232 232 232 236 236 236 236 236 236 236 236 235 235 235 235 238 238 238 238 239 239 239 239 238 238 238 238 240 240 240 240 241 241 241 241 239 239 239 239 240 240 240 240 242 242 242 242 243 243 243 243 244 244 244 244 245 245 245 245 242 242 242 242 246 246 246 246 242 242 242 242 247 247 247 247 246 246 246 246 246 246 246 246 247 247 247 247 248 248 248 248 248 248 248 248 247 247 247 247 249 249 249 249 250 250 250 250 248 248 248 248 249 249 249 249 251 251 251 251 250 250 250 250 249 249 249 249 252 252 252 252 251 251 251 251 249 249 249 249 253 253 253 253 251 251 251 251 252 252 252 252 254 254 254 254 255 255 255 255 256 256 256 256 255 255 255 255 257 257 257 257 256 256 256 256 258 258 258 258 259 259 259 259 260 260 260 260 259 259 259 259 261 261 261 261 260 260 260 260 262 262 262 262 263 263 263 263 264 264 264 264 263 263 263 263 265 265 265 265 264 264 264 264 266 266 266 266 267 267 267 267 268 268 268 268 267 267 267 267 269 269 269 269 268 268 268 268 270 270 270 270 271 271 271 271 272 272 272 272 271 271 271 271 273 273 273 273 272 272 272 272 274 274 274 274 275 275 275 275 276 276 276 276 275 275 275 275 277 277 277 277 276 276 276 276 278 278 278 278 279 279 279 279 280 280 280 280 279 279 279 279 281 281 281 281 280 280 280 280 282 282 282 282 283 283 283 283 284 284 284 284 283 283 283 283 285 285 285 285 284 284 284 284 286 286 286 286 287 287 287 287 288 288 288 288 287 287 287 287 289 289 289 289 288 288 288 288 290 290 290 290 291 291 291 291 292 292 292 292 291 291 291 291 293 293 293 293 292 292 292 292 294 294 294 294 295 295 295 295 296 296 296 296 295 295 295 295 297 297 297 297 296 296 296 296 298 298 298 298 299 299 299 299 300 300 300 300 299 299 299 299 301 301 301 301 300 300 300 300 302 302 302 302 303 303 303 303 304 304 304 304 303 303 303 303 305 305 305 305 304 304 304 304 306 306 306 306 307 307 307 307 308 308 308 308 307 307 307 307 309 309 309 309 308 308 308 308 310 310 310 310 311 311 311 311 312 312 312 312 311 311 311 311 313 313 313 313 312 312 312 312 314 314 314 314 315 315 315 315 316 316 316 316 315 315 315 315 317 317 317 317 316 316 316 316 318 318 318 318 319 319 319 319 320 320 320 320 319 319 319 319 321 321 321 321 320 320 320 320 322 322 322 322 323 323 323 323 324 324 324 324 323 323 323 323 325 325 325 325 324 324 324 324 326 326 326 326 327 327 327 327 328 328 328 328 327 327 327 327 329 329 329 329 328 328 328 328 330 330 330 330 331 331 331 331 332 332 332 332 331 331 331 331 333 333 333 333 332 332 332 332 334 334 334 334 335 335 335 335 336 336 336 336 335 335 335 335 337 337 337 337 336 336 336 336 338 338 338 338 339 339 339 339 340 340 340 340 339 339 339 339 341 341 341 341 340 340 340 340 342 342 342 342 343 343 343 343 344 344 344 344 343 343 343 343 345 345 345 345 344 344 344 344 346 346 346 346 347 347 347 347 348 348 348 348 347 347 347 347 349 349 349 349 348 348 348 348 350 350 350 350 351 351 351 351 352 352 352 352 351 351 351 351 353 353 353 353 352 352 352 352 354 354 354 354 355 355 355 355 356 356 356 356 355 355 355 355 357 357 357 357 356 356 356 356 358 358 358 358 359 359 359 359 360 360 360 360 359 359 359 359 361 361 361 361 360 360 360 360 362 362 362 362 363 363 363 363 364 364 364 364 363 363 363 363 365 365 365 365 364 364 364 364 366 366 366 366 367 367 367 367 368 368 368 368 367 367 367 367 369 369 369 369 368 368 368 368 370 370 370 370 371 371 371 371 372 372 372 372 371 371 371 371 373 373 373 373 372 372 372 372 374 374 374 374 375 375 375 375 376 376 376 376 375 375 375 375 377 377 377 377 376 376 376 376 378 378 378 378 379 379 379 379 380 380 380 380 379 379 379 379 381 381 381 381 380 380 380 380 382 382 382 382 383 383 383 383 384 384 384 384 383 383 383 383 385 385 385 385 384 384 384 384 386 386 386 386 387 387 387 387 388 388 388 388 387 387 387 387 389 389 389 389 388 388 388 388 390 390 390 390 391 391 391 391 392 392 392 392 391 391 391 391 393 393 393 393 392 392 392 392 394 394 394 394 395 395 395 395 396 396 396 396 395 395 395 395 397 397 397 397 396 396 396 396 398 398 398 398 399 399 399 399 400 400 400 400 399 399 399 399 401 401 401 401 400 400 400 400 402 402 402 402 403 403 403 403 404 404 404 404 403 403 403 403 405 405 405 405 404 404 404 404 406 406 406 406 407 407 407 407 408 408 408 408 407 407 407 407 409 409 409 409 408 408 408 408 410 410 410 410 411 411 411 411 412 412 412 412 411 411 411 411 413 413 413 413 412 412 412 412 414 414 414 414 415 415 415 415 416 416 416 416 415 415 415 415 417 417 417 417 416 416 416 416 418 418 418 418 419 419 419 419 420 420 420 420 419 419 419 419 421 421 421 421 420 420 420 420 422 422 422 422 423 423 423 423 424 424 424 424 423 423 423 423 425 425 425 425 424 424 424 424 426 426 426 426 427 427 427 427 428 428 428 428 427 427 427 427 429 429 429 429 428 428 428 428 430 430 430 430 431 431 431 431 432 432 432 432 431 431 431 431 433 433 433 433 432 432 432 432 434 434 434 434 435 435 435 435 436 436 436 436 435 435 435 435 437 437 437 437 436 436 436 436 438 438 438 438 439 439 439 439 440 440 440 440 439 439 439 439 441 441 441 441 440 440 440 440 442 442 442 442 443 443 443 443 444 444 444 444 443 443 443 443 445 445 445 445 444 444 444 444 446 446 446 446 447 447 447 447 448 448 448 448 447 447 447 447 449 449 449 449 448 448 448 448 450 450 450 450 451 451 451 451 452 452 452 452 451 451 451 451 453 453 453 453 452 452 452 452 454 454 454 454 455 455 455 455 456 456 456 456 455 455 455 455 457 457 457 457 456 456 456 456 458 458 458 458 459 459 459 459 460 460 460 460 459 459 459 459 461 461 461 461 460 460 460 460 462 462 462 462 463 463 463 463 464 464 464 464 463 463 463 463 465 465 465 465 464 464 464 464 466 466 466 466 467 467 467 467 468 468 468 468 467 467 467 467 469 469 469 469 468 468 468 468 470 470 470 470 471 471 471 471 472 472 472 472 471 471 471 471 473 473 473 473 472 472 472 472 474 474 474 474 475 475 475 475 476 476 476 476 475 475 475 475 477 477 477 477 476 476 476 476 478 478 478 478 479 479 479 479 480 480 480 480 479 479 479 479 481 481 481 481 480 480 480 480 482 482 482 482 483 483 483 483 484 484 484 484 483 483 483 483 485 485 485 485 484 484 484 484 486 486 486 486 487 487 487 487 488 488 488 488 487 487 487 487 489 489 489 489 488 488 488 488 490 490 490 490 491 491 491 491 492 492 492 492 491 491 491 491 493 493 493 493 492 492 492 492 494 494 494 494 495 495 495 495 496 496 496 496 495 495 495 495 497 497 497 497 496 496 496 496 498 498 498 498 499 499 499 499 500 500 500 500 499 499 499 499 501 501 501 501 500 500 500 500 502 502 502 502 503 503 503 503 504 504 504 504 503 503 503 503 505 505 505 505 504 504 504 504 506 506 506 506 507 507 507 507 508 508 508 508 507 507 507 507 509 509 509 509 508 508 508 508 510 510 510 510 511 511 511 511 512 512 512 512 511 511 511 511 513 513 513 513 512 512 512 512 514 514 514 514 515 515 515 515 516 516 516 516 517 517 517 517 514 514 514 514 516 516 516 516 518 518 518 518 519 519 519 519 517 517 517 517 520 520 520 520 518 518 518 518 517 517 517 517 521 521 521 521 522 522 522 522 523 523 523 523 522 522 522 522 524 524 524 524 523 523 523 523 525 525 525 525 526 526 526 526 527 527 527 527 526 526 526 526 528 528 528 528 527 527 527 527 529 529 529 529 530 530 530 530 531 531 531 531 530 530 530 530 532 532 532 532 531 531 531 531 533 533 533 533 534 534 534 534 535 535 535 535 534 534 534 534 536 536 536 536 535 535 535 535 537 537 537 537 538 538 538 538 539 539 539 539 538 538 538 538 540 540 540 540 539 539 539 539 541 541 541 541 542 542 542 542 543 543 543 543 542 542 542 542 544 544 544 544 543 543 543 543 545 545 545 545 546 546 546 546 547 547 547 547 546 546 546 546 548 548 548 548 547 547 547 547 549 549 549 549 548 548 548 548 550 550 550 550 551 551 551 551 549 549 549 549 550 550 550 550 552 552 552 552 553 553 553 553 554 554 554 554 553 553 553 553 555 555 555 555 554 554 554 554 556 556 556 556 555 555 555 555 557 557 557 557 558 558 558 558 556 556 556 556 557 557 557 557 559 559 559 559 560 560 560 560 561 561 561 561 560 560 560 560 562 562 562 562 561 561 561 561 563 563 563 563 564 564 564 564 565 565 565 565 564 564 564 564 566 566 566 566 565 565 565 565 567 567 567 567 568 568 568 568 569 569 569 569 568 568 568 568 570 570 570 570 569 569 569 569 571 571 571 571 572 572 572 572 573 573 573 573 574 574 574 574 571 571 571 571 573 573 573 573 575 575 575 575 574 574 574 574 576 576 576 576 577 577 577 577 575 575 575 575 576 576 576 576 578 578 578 578 577 577 577 577 579 579 579 579 580 580 580 580 578 578 578 578 579 579 579 579 581 581 581 581 582 582 582 582 583 583 583 583 582 582 582 582 584 584 584 584 583 583 583 583 585 585 585 585 586 586 586 586 587 587 587 587 588 588 588 588 585 585 585 585 587 587 587 587 589 589 589 589 588 588 588 588 590 590 590 590 591 591 591 591 589 589 589 589 590 590 590 590 592 592 592 592 593 593 593 593 594 594 594 594 593 593 593 593 595 595 595 595 594 594 594 594 596 596 596 596 597 597 597 597 598 598 598 598 597 597 597 597 599 599 599 599 598 598 598 598 600 600 600 600 601 601 601 601 602 602 602 602 601 601 601 601 603 603 603 603 602 602 602 602 604 604 604 604 605 605 605 605 606 606 606 606 605 605 605 605 607 607 607 607 606 606 606 606 608 608 608 608 609 609 609 609 610 610 610 610 609 609 609 609 611 611 611 611 610 610 610 610 612 612 612 612 613 613 613 613 614 614 614 614 613 613 613 613 615 615 615 615 614 614 614 614 615 615 615 615 616 616 616 616 617 617 617 617 616 616 616 616 618 618 618 618 617 617 617 617 619 619 619 619 620 620 620 620 621 621 621 621 620 620 620 620 622 622 622 622 621 621 621 621 623 623 623 623 624 624 624 624 625 625 625 625 624 624 624 624 626 626 626 626 625 625 625 625 627 627 627 627 628 628 628 628 629 629 629 629 628 628 628 628 630 630 630 630 629 629 629 629 631 631 631 631 632 632 632 632 633 633 633 633 632 632 632 632 634 634 634 634 633 633 633 633 635 635 635 635 636 636 636 636 637 637 637 637 636 636 636 636 638 638 638 638 637 637 637 637 639 639 639 639 640 640 640 640 641 641 641 641 640 640 640 640 642 642 642 642 641 641 641 641 643 643 643 643 644 644 644 644 645 645 645 645 644 644 644 644 646 646 646 646 645 645 645 645 647 647 647 647 648 648 648 648 649 649 649 649 648 648 648 648 650 650 650 650 649 649 649 649 651 651 651 651 652 652 652 652 653 653 653 653 652 652 652 652 654 654 654 654 653 653 653 653 655 655 655 655 656 656 656 656 657 657 657 657 656 656 656 656 658 658 658 658 657 657 657 657 659 659 659 659 660 660 660 660 661 661 661 661 660 660 660 660 662 662 662 662 661 661 661 661 663 663 663 663 664 664 664 664 665 665 665 665 664 664 664 664 666 666 666 666 665 665 665 665 667 667 667 667 668 668 668 668 669 669 669 669 668 668 668 668 670 670 670 670 669 669 669 669 671 671 671 671 672 672 672 672 673 673 673 673 672 672 672 672 674 674 674 674 673 673 673 673 675 675 675 675 676 676 676 676 677 677 677 677 676 676 676 676 678 678 678 678 677 677 677 677 679 679 679 679 680 680 680 680 681 681 681 681 680 680 680 680 682 682 682 682 681 681 681 681 682 682 682 682 683 683 683 683 684 684 684 684 683 683 683 683 685 685 685 685 684 684 684 684 686 686 686 686 687 687 687 687 688 688 688 688 687 687 687 687 689 689 689 689 688 688 688 688 689 689 689 689 690 690 690 690 691 691 691 691 690 690 690 690 692 692 692 692 691 691 691 691 693 693 693 693 694 694 694 694 695 695 695 695 696 696 696 696 693 693 693 693 695 695 695 695 697 697 697 697 696 696 696 696 698 698 698 698 699 699 699 699 697 697 697 697 698 698 698 698 700 700 700 700 701 701 701 701 702 702 702 702 701 701 701 701 703 703 703 703 702 702 702 702 704 704 704 704 705 705 705 705 706 706 706 706 705 705 705 705 707 707 707 707 706 706 706 706 708 708 708 708 709 709 709 709 710 710 710 710 711 711 711 711 708 708 708 708 710 710 710 710 711 711 711 711 712 712 712 712 713 713 713 713 712 712 712 712 714 714 714 714 713 713 713 713 715 715 715 715 716 716 716 716 717 717 717 717 718 718 718 718 715 715 715 715 717 717 717 717 718 718 718 718 719 719 719 719 720 720 720 720 719 719 719 719 721 721 721 721 720 720 720 720 722 722 722 722 723 723 723 723 724 724 724 724 723 723 723 723 725 725 725 725 724 724 724 724 726 726 726 726 727 727 727 727 728 728 728 728 727 727 727 727 729 729 729 729 728 728 728 728 730 730 730 730 731 731 731 731 732 732 732 732 731 731 731 731 733 733 733 733 732 732 732 732 734 734 734 734 735 735 735 735 736 736 736 736 737 737 737 737 734 734 734 734 736 736 736 736 738 738 738 738 737 737 737 737 739 739 739 739 740 740 740 740 738 738 738 738 739 739 739 739 741 741 741 741 740 740 740 740 742 742 742 742 743 743 743 743 741 741 741 741 742 742 742 742 744 744 744 744 745 745 745 745 746 746 746 746 745 745 745 745 747 747 747 747 746 746 746 746 748 748 748 748 749 749 749 749 750 750 750 750 751 751 751 751 748 748 748 748 750 750 750 750 752 752 752 752 751 751 751 751 753 753 753 753 754 754 754 754 752 752 752 752 753 753 753 753 755 755 755 755 756 756 756 756 757 757 757 757 756 756 756 756 758 758 758 758 757 757 757 757 759 759 759 759 760 760 760 760 761 761 761 761 760 760 760 760 762 762 762 762 761 761 761 761 763 763 763 763 764 764 764 764 765 765 765 765 764 764 764 764 766 766 766 766 765 765 765 765 767 767 767 767 768 768 768 768 769 769 769 769 768 768 768 768 770 770 770 770 769 769 769 769 771 771 771 771 772 772 772 772 773 773 773 773 772 772 772 772 774 774 774 774 773 773 773 773 775 775 775 775 776 776 776 776 777 777 777 777 776 776 776 776 778 778 778 778 777 777 777 777 778 778 778 778 779 779 779 779 780 780 780 780 779 779 779 779 781 781 781 781 780 780 780 780 782 782 782 782 783 783 783 783 784 784 784 784 783 783 783 783 785 785 785 785 784 784 784 784 786 786 786 786 787 787 787 787 788 788 788 788 787 787 787 787 789 789 789 789 788 788 788 788 790 790 790 790 791 791 791 791 792 792 792 792 791 791 791 791 793 793 793 793 792 792 792 792 794 794 794 794 795 795 795 795 796 796 796 796 795 795 795 795 797 797 797 797 796 796 796 796 798 798 798 798 799 799 799 799 800 800 800 800 799 799 799 799 801 801 801 801 800 800 800 800 802 802 802 802 803 803 803 803 804 804 804 804 803 803 803 803 805 805 805 805 804 804 804 804 806 806 806 806 807 807 807 807 808 808 808 808 807 807 807 807 809 809 809 809 808 808 808 808 810 810 810 810 811 811 811 811 812 812 812 812 811 811 811 811 813 813 813 813 812 812 812 812 814 814 814 814 815 815 815 815 816 816 816 816 815 815 815 815 817 817 817 817 816 816 816 816 818 818 818 818 819 819 819 819 820 820 820 820 819 819 819 819 821 821 821 821 820 820 820 820 822 822 822 822 823 823 823 823 824 824 824 824 823 823 823 823 825 825 825 825 824 824 824 824 826 826 826 826 827 827 827 827 828 828 828 828 827 827 827 827 829 829 829 829 828 828 828 828 830 830 830 830 831 831 831 831 832 832 832 832 831 831 831 831 833 833 833 833 832 832 832 832 834 834 834 834 835 835 835 835 836 836 836 836 835 835 835 835 837 837 837 837 836 836 836 836 838 838 838 838 839 839 839 839 840 840 840 840 839 839 839 839 841 841 841 841 840 840 840 840 842 842 842 842 843 843 843 843 844 844 844 844 843 843 843 843 845 845 845 845 844 844 844 844 845 845 845 845 846 846 846 846 847 847 847 847 846 846 846 846 848 848 848 848 847 847 847 847 849 849 849 849 850 850 850 850 851 851 851 851 850 850 850 850 852 852 852 852 851 851 851 851 852 852 852 852 853 853 853 853 854 854 854 854 853 853 853 853 855 855 855 855 854 854 854 854 856 856 856 856 857 857 857 857 858 858 858 858 859 859 859 859 856 856 856 856 858 858 858 858 860 860 860 860 859 859 859 859 861 861 861 861 862 862 862 862 860 860 860 860 861 861 861 861 863 863 863 863 864 864 864 864 865 865 865 865 864 864 864 864 866 866 866 866 865 865 865 865 867 867 867 867 868 868 868 868 869 869 869 869 868 868 868 868 870 870 870 870 869 869 869 869 870 870 870 870 871 871 871 871 872 872 872 872 871 871 871 871 873 873 873 873 872 872 872 872 874 874 874 874 875 875 875 875 876 876 876 876 877 877 877 877 874 874 874 874 876 876 876 876 878 878 878 878 877 877 877 877 879 879 879 879 880 880 880 880 878 878 878 878 879 879 879 879 881 881 881 881 882 882 882 882 883 883 883 883 882 882 882 882 884 884 884 884 883 883 883 883 885 885 885 885 884 884 884 884 886 886 886 886 887 887 887 887 885 885 885 885 886 886 886 886 888 888 888 888 889 889 889 889 890 890 890 890 889 889 889 889 891 891 891 891 890 890 890 890 892 892 892 892 891 891 891 891 893 893 893 893 894 894 894 894 892 892 892 892 893 893 893 893 895 895 895 895 896 896 896 896 897 897 897 897 896 896 896 896 898 898 898 898 897 897 897 897 899 899 899 899 898 898 898 898 900 900 900 900 901 901 901 901 899 899 899 899 900 900 900 900 902 902 902 902 901 901 901 901 903 903 903 903 904 904 904 904 902 902 902 902 903 903 903 903 905 905 905 905 906 906 906 906 907 907 907 907 906 906 906 906 908 908 908 908 907 907 907 907 909 909 909 909 908 908 908 908 910 910 910 910 911 911 911 911 909 909 909 909 910 910 910 910 911 911 911 911 912 912 912 912 913 913 913 913 912 912 912 912 914 914 914 914 913 913 913 913 915 915 915 915 916 916 916 916 917 917 917 917 916 916 916 916 918 918 918 918 917 917 917 917 919 919 919 919 920 920 920 920 921 921 921 921 922 922 922 922 919 919 919 919 921 921 921 921 922 922 922 922 923 923 923 923 924 924 924 924 923 923 923 923 925 925 925 925 924 924 924 924 926 926 926 926 925 925 925 925 927 927 927 927 928 928 928 928 926 926 926 926 927 927 927 927 929 929 929 929 928 928 928 928 930 930 930 930 931 931 931 931 929 929 929 929 930 930 930 930 932 932 932 932 933 933 933 933 934 934 934 934 933 933 933 933 935 935 935 935 934 934 934 934 936 936 936 936 935 935 935 935 937 937 937 937 938 938 938 938 936 936 936 936 937 937 937 937 938 938 938 938 939 939 939 939 940 940 940 940 939 939 939 939 941 941 941 941 940 940 940 940 942 942 942 942 943 943 943 943 944 944 944 944 943 943 943 943 945 945 945 945 944 944 944 944 946 946 946 946 945 945 945 945 947 947 947 947 948 948 948 948 946 946 946 946 947 947 947 947 949 949 949 949 950 950 950 950 951 951 951 951 950 950 950 950 952 952 952 952 951 951 951 951 953 953 953 953 952 952 952 952 954 954 954 954 955 955 955 955 953 953 953 953 954 954 954 954 956 956 956 956 957 957 957 957 958 958 958 958 957 957 957 957 959 959 959 959 958 958 958 958 960 960 960 960 961 961 961 961 962 962 962 962 961 961 961 961 963 963 963 963 962 962 962 962 964 964 964 964 965 965 965 965 966 966 966 966 965 965 965 965 967 967 967 967 966 966 966 966 968 968 968 968 969 969 969 969 970 970 970 970 969 969 969 969 971 971 971 971 970 970 970 970 972 972 972 972 973 973 973 973 974 974 974 974 973 973 973 973 975 975 975 975 974 974 974 974 976 976 976 976 977 977 977 977 978 978 978 978 977 977 977 977 979 979 979 979 978 978 978 978 980 980 980 980 981 981 981 981 982 982 982 982 981 981 981 981 983 983 983 983 982 982 982 982 984 984 984 984 985 985 985 985 986 986 986 986 985 985 985 985 987 987 987 987 986 986 986 986 988 988 988 988 989 989 989 989 990 990 990 990 989 989 989 989 991 991 991 991 990 990 990 990 992 992 992 992 993 993 993 993 994 994 994 994 993 993 993 993 995 995 995 995 994 994 994 994 996 996 996 996 997 997 997 997 998 998 998 998 997 997 997 997 999 999 999 999 998 998 998 998 1000 1000 1000 1000 1001 1001 1001 1001 1002 1002 1002 1002 1001 1001 1001 1001 1003 1003 1003 1003 1002 1002 1002 1002 1004 1004 1004 1004 1005 1005 1005 1005 1006 1006 1006 1006 1005 1005 1005 1005 1007 1007 1007 1007 1006 1006 1006 1006 1008 1008 1008 1008 1009 1009 1009 1009 1010 1010 1010 1010 1009 1009 1009 1009 1011 1011 1011 1011 1010 1010 1010 1010 1012 1012 1012 1012 1013 1013 1013 1013 1014 1014 1014 1014 1013 1013 1013 1013 1015 1015 1015 1015 1014 1014 1014 1014 1016 1016 1016 1016 1017 1017 1017 1017 1018 1018 1018 1018 1017 1017 1017 1017 1019 1019 1019 1019 1018 1018 1018 1018 1020 1020 1020 1020 1021 1021 1021 1021 1022 1022 1022 1022 1021 1021 1021 1021 1023 1023 1023 1023 1022 1022 1022 1022 1024 1024 1024 1024 1025 1025 1025 1025 1026 1026 1026 1026 1025 1025 1025 1025 1027 1027 1027 1027 1026 1026 1026 1026 1028 1028 1028 1028 1029 1029 1029 1029 1030 1030 1030 1030 1029 1029 1029 1029 1031 1031 1031 1031 1030 1030 1030 1030 1032 1032 1032 1032 1033 1033 1033 1033 1034 1034 1034 1034 1033 1033 1033 1033 1035 1035 1035 1035 1034 1034 1034 1034 1036 1036 1036 1036 1037 1037 1037 1037 1038 1038 1038 1038 1037 1037 1037 1037 1039 1039 1039 1039 1038 1038 1038 1038 1040 1040 1040 1040 1041 1041 1041 1041 1042 1042 1042 1042 1041 1041 1041 1041 1043 1043 1043 1043 1042 1042 1042 1042 1044 1044 1044 1044 1045 1045 1045 1045 1046 1046 1046 1046 1045 1045 1045 1045 1047 1047 1047 1047 1046 1046 1046 1046 1048 1048 1048 1048 1049 1049 1049 1049 1050 1050 1050 1050 1049 1049 1049 1049 1051 1051 1051 1051 1050 1050 1050 1050 1052 1052 1052 1052 1053 1053 1053 1053 1054 1054 1054 1054 1053 1053 1053 1053 1055 1055 1055 1055 1054 1054 1054 1054 1056 1056 1056 1056 1057 1057 1057 1057 1058 1058 1058 1058 1057 1057 1057 1057 1059 1059 1059 1059 1058 1058 1058 1058 1060 1060 1060 1060 1061 1061 1061 1061 1062 1062 1062 1062 1061 1061 1061 1061 1063 1063 1063 1063 1062 1062 1062 1062 1064 1064 1064 1064 1065 1065 1065 1065 1066 1066 1066 1066 1065 1065 1065 1065 1067 1067 1067 1067 1066 1066 1066 1066 1068 1068 1068 1068 1069 1069 1069 1069 1070 1070 1070 1070 1069 1069 1069 1069 1071 1071 1071 1071 1070 1070 1070 1070 1072 1072 1072 1072 1073 1073 1073 1073 1074 1074 1074 1074 1073 1073 1073 1073 1075 1075 1075 1075 1074 1074 1074 1074 1076 1076 1076 1076 1077 1077 1077 1077 1078 1078 1078 1078 1077 1077 1077 1077 1079 1079 1079 1079 1078 1078 1078 1078 1080 1080 1080 1080 1081 1081 1081 1081 1082 1082 1082 1082 1081 1081 1081 1081 1083 1083 1083 1083 1082 1082 1082 1082 1084 1084 1084 1084 1085 1085 1085 1085 1086 1086 1086 1086 1085 1085 1085 1085 1087 1087 1087 1087 1086 1086 1086 1086 1088 1088 1088 1088 1089 1089 1089 1089 1090 1090 1090 1090 1089 1089 1089 1089 1091 1091 1091 1091 1090 1090 1090 1090 1092 1092 1092 1092 1093 1093 1093 1093 1094 1094 1094 1094 1093 1093 1093 1093 1095 1095 1095 1095 1094 1094 1094 1094 1096 1096 1096 1096 1097 1097 1097 1097 1098 1098 1098 1098 1097 1097 1097 1097 1099 1099 1099 1099 1098 1098 1098 1098 1100 1100 1100 1100 1101 1101 1101 1101 1102 1102 1102 1102 1101 1101 1101 1101 1103 1103 1103 1103 1102 1102 1102 1102 1104 1104 1104 1104 1105 1105 1105 1105 1106 1106 1106 1106 1105 1105 1105 1105 1107 1107 1107 1107 1106 1106 1106 1106 1108 1108 1108 1108 1109 1109 1109 1109 1110 1110 1110 1110 1109 1109 1109 1109 1111 1111 1111 1111 1110 1110 1110 1110 1112 1112 1112 1112 1113 1113 1113 1113 1114 1114 1114 1114 1113 1113 1113 1113 1115 1115 1115 1115 1114 1114 1114 1114 1116 1116 1116 1116 1117 1117 1117 1117 1118 1118 1118 1118 1117 1117 1117 1117 1119 1119 1119 1119 1118 1118 1118 1118 1120 1120 1120 1120 1121 1121 1121 1121 1122 1122 1122 1122 1121 1121 1121 1121 1123 1123 1123 1123 1122 1122 1122 1122 1124 1124 1124 1124 1125 1125 1125 1125 1126 1126 1126 1126 1125 1125 1125 1125 1127 1127 1127 1127 1126 1126 1126 1126 1128 1128 1128 1128 1129 1129 1129 1129 1130 1130 1130 1130 1129 1129 1129 1129 1131 1131 1131 1131 1130 1130 1130 1130 1132 1132 1132 1132 1133 1133 1133 1133 1134 1134 1134 1134 1133 1133 1133 1133 1135 1135 1135 1135 1134 1134 1134 1134 1136 1136 1136 1136 1137 1137 1137 1137 1138 1138 1138 1138 1137 1137 1137 1137 1139 1139 1139 1139 1138 1138 1138 1138 1140 1140 1140 1140 1141 1141 1141 1141 1142 1142 1142 1142 1141 1141 1141 1141 1143 1143 1143 1143 1142 1142 1142 1142 1144 1144 1144 1144 1145 1145 1145 1145 1146 1146 1146 1146 1145 1145 1145 1145 1147 1147 1147 1147 1146 1146 1146 1146 1148 1148 1148 1148 1149 1149 1149 1149 1150 1150 1150 1150 1149 1149 1149 1149 1151 1151 1151 1151 1150 1150 1150 1150 1152 1152 1152 1152 1153 1153 1153 1153 1154 1154 1154 1154 1153 1153 1153 1153 1155 1155 1155 1155 1154 1154 1154 1154 1156 1156 1156 1156 1157 1157 1157 1157 1158 1158 1158 1158 1157 1157 1157 1157 1159 1159 1159 1159 1158 1158 1158 1158 1160 1160 1160 1160 1161 1161 1161 1161 1162 1162 1162 1162 1161 1161 1161 1161 1163 1163 1163 1163 1162 1162 1162 1162 1164 1164 1164 1164 1165 1165 1165 1165 1166 1166 1166 1166 1165 1165 1165 1165 1167 1167 1167 1167 1166 1166 1166 1166 1168 1168 1168 1168 1169 1169 1169 1169 1170 1170 1170 1170 1169 1169 1169 1169 1171 1171 1171 1171 1170 1170 1170 1170 1172 1172 1172 1172 1173 1173 1173 1173 1174 1174 1174 1174 1173 1173 1173 1173 1175 1175 1175 1175 1174 1174 1174 1174 1176 1176 1176 1176 1177 1177 1177 1177 1178 1178 1178 1178 1177 1177 1177 1177 1179 1179 1179 1179 1178 1178 1178 1178 1180 1180 1180 1180 1181 1181 1181 1181 1182 1182 1182 1182 1181 1181 1181 1181 1183 1183 1183 1183 1182 1182 1182 1182 1184 1184 1184 1184 1185 1185 1185 1185 1186 1186 1186 1186 1185 1185 1185 1185 1187 1187 1187 1187 1186 1186 1186 1186 1188 1188 1188 1188 1189 1189 1189 1189 1190 1190 1190 1190 1189 1189 1189 1189 1191 1191 1191 1191 1190 1190 1190 1190 1192 1192 1192 1192 1193 1193 1193 1193 1194 1194 1194 1194 1193 1193 1193 1193 1195 1195 1195 1195 1194 1194 1194 1194 1196 1196 1196 1196 1197 1197 1197 1197 1198 1198 1198 1198 1197 1197 1197 1197 1199 1199 1199 1199 1198 1198 1198 1198 1200 1200 1200 1200 1201 1201 1201 1201 1202 1202 1202 1202 1203 1203 1203 1203 1200 1200 1200 1200 1202 1202 1202 1202 1204 1204 1204 1204 1203 1203 1203 1203 1205 1205 1205 1205 1206 1206 1206 1206 1204 1204 1204 1204 1205 1205 1205 1205 1207 1207 1207 1207 1208 1208 1208 1208 1209 1209 1209 1209 1210 1210 1210 1210 1207 1207 1207 1207 1209 1209 1209 1209 1210 1210 1210 1210 1211 1211 1211 1211 1212 1212 1212 1212 1211 1211 1211 1211 1213 1213 1213 1213 1212 1212 1212 1212 1214 1214 1214 1214 1215 1215 1215 1215 1216 1216 1216 1216 1215 1215 1215 1215 1217 1217 1217 1217 1216 1216 1216 1216 1218 1218 1218 1218 1219 1219 1219 1219 1220 1220 1220 1220 1219 1219 1219 1219 1221 1221 1221 1221 1220 1220 1220 1220 1222 1222 1222 1222 1223 1223 1223 1223 1224 1224 1224 1224 1225 1225 1225 1225 1222 1222 1222 1222 1224 1224 1224 1224 1226 1226 1226 1226 1225 1225 1225 1225 1227 1227 1227 1227 1228 1228 1228 1228 1226 1226 1226 1226 1227 1227 1227 1227 1229 1229 1229 1229 1230 1230 1230 1230 1231 1231 1231 1231 1230 1230 1230 1230 1232 1232 1232 1232 1231 1231 1231 1231 1233 1233 1233 1233 1234 1234 1234 1234 1235 1235 1235 1235 1236 1236 1236 1236 1233 1233 1233 1233 1235 1235 1235 1235 1237 1237 1237 1237 1236 1236 1236 1236 1238 1238 1238 1238 1239 1239 1239 1239 1237 1237 1237 1237 1238 1238 1238 1238 1240 1240 1240 1240 1241 1241 1241 1241 1242 1242 1242 1242 1241 1241 1241 1241 1243 1243 1243 1243 1242 1242 1242 1242 1243 1243 1243 1243 1244 1244 1244 1244 1245 1245 1245 1245 1244 1244 1244 1244 1246 1246 1246 1246 1245 1245 1245 1245 1247 1247 1247 1247 1248 1248 1248 1248 1249 1249 1249 1249 1248 1248 1248 1248 1250 1250 1250 1250 1249 1249 1249 1249 1251 1251 1251 1251 1250 1250 1250 1250 1252 1252 1252 1252 1253 1253 1253 1253 1251 1251 1251 1251 1252 1252 1252 1252 1254 1254 1254 1254 1255 1255 1255 1255 1256 1256 1256 1256 1255 1255 1255 1255 1257 1257 1257 1257 1256 1256 1256 1256 1258 1258 1258 1258 1257 1257 1257 1257 1259 1259 1259 1259 1260 1260 1260 1260 1258 1258 1258 1258 1259 1259 1259 1259 1261 1261 1261 1261 1262 1262 1262 1262 1263 1263 1263 1263 1262 1262 1262 1262 1264 1264 1264 1264 1263 1263 1263 1263 1264 1264 1264 1264 1265 1265 1265 1265 1266 1266 1266 1266 1265 1265 1265 1265 1267 1267 1267 1267 1266 1266 1266 1266 1268 1268 1268 1268 1269 1269 1269 1269 1270 1270 1270 1270 1271 1271 1271 1271 1268 1268 1268 1268 1270 1270 1270 1270 1272 1272 1272 1272 1271 1271 1271 1271 1273 1273 1273 1273 1274 1274 1274 1274 1272 1272 1272 1272 1273 1273 1273 1273 1275 1275 1275 1275 1276 1276 1276 1276 1277 1277 1277 1277 1278 1278 1278 1278 1275 1275 1275 1275 1277 1277 1277 1277 1278 1278 1278 1278 1279 1279 1279 1279 1280 1280 1280 1280 1279 1279 1279 1279 1281 1281 1281 1281 1280 1280 1280 1280 1282 1282 1282 1282 1281 1281 1281 1281 1283 1283 1283 1283 1284 1284 1284 1284 1282 1282 1282 1282 1283 1283 1283 1283 1285 1285 1285 1285 1286 1286 1286 1286 1287 1287 1287 1287 1288 1288 1288 1288 1285 1285 1285 1285 1287 1287 1287 1287 1288 1288 1288 1288 1289 1289 1289 1289 1290 1290 1290 1290 1289 1289 1289 1289 1291 1291 1291 1291 1290 1290 1290 1290 1292 1292 1292 1292 1291 1291 1291 1291 1293 1293 1293 1293 1294 1294 1294 1294 1292 1292 1292 1292 1293 1293 1293 1293 1295 1295 1295 1295 1296 1296 1296 1296 1297 1297 1297 1297 1296 1296 1296 1296 1298 1298 1298 1298 1297 1297 1297 1297 1299 1299 1299 1299 1300 1300 1300 1300 1301 1301 1301 1301 1300 1300 1300 1300 1302 1302 1302 1302 1301 1301 1301 1301 1303 1303 1303 1303 1304 1304 1304 1304 1305 1305 1305 1305 1304 1304 1304 1304 1306 1306 1306 1306 1305 1305 1305 1305 1307 1307 1307 1307 1308 1308 1308 1308 1309 1309 1309 1309 1308 1308 1308 1308 1310 1310 1310 1310 1309 1309 1309 1309 1311 1311 1311 1311 1312 1312 1312 1312 1313 1313 1313 1313 1312 1312 1312 1312 1314 1314 1314 1314 1313 1313 1313 1313 1315 1315 1315 1315 1316 1316 1316 1316 1317 1317 1317 1317 1316 1316 1316 1316 1318 1318 1318 1318 1317 1317 1317 1317 1319 1319 1319 1319 1320 1320 1320 1320 1321 1321 1321 1321 1320 1320 1320 1320 1322 1322 1322 1322 1321 1321 1321 1321 1323 1323 1323 1323 1324 1324 1324 1324 1325 1325 1325 1325 1324 1324 1324 1324 1326 1326 1326 1326 1325 1325 1325 1325 1327 1327 1327 1327 1326 1326 1326 1326 1328 1328 1328 1328 1329 1329 1329 1329 1327 1327 1327 1327 1328 1328 1328 1328 1330 1330 1330 1330 1329 1329 1329 1329 1331 1331 1331 1331 1332 1332 1332 1332 1330 1330 1330 1330 1331 1331 1331 1331 1333 1333 1333 1333 1332 1332 1332 1332 1334 1334 1334 1334 1335 1335 1335 1335 1333 1333 1333 1333 1334 1334 1334 1334 1333 1333 1333 1333 1336 1336 1336 1336 1337 1337 1337 1337 1336 1336 1336 1336 1338 1338 1338 1338 1337 1337 1337 1337 1338 1338 1338 1338 1339 1339 1339 1339 1340 1340 1340 1340 1339 1339 1339 1339 1341 1341 1341 1341 1340 1340 1340 1340 1342 1342 1342 1342 1341 1341 1341 1341 1343 1343 1343 1343 1344 1344 1344 1344 1342 1342 1342 1342 1343 1343 1343 1343 1345 1345 1345 1345 1346 1346 1346 1346 1347 1347 1347 1347 1348 1348 1348 1348 1345 1345 1345 1345 1347 1347 1347 1347 1349 1349 1349 1349 1348 1348 1348 1348 1350 1350 1350 1350 1351 1351 1351 1351 1349 1349 1349 1349 1350 1350 1350 1350 1352 1352 1352 1352 1351 1351 1351 1351 1353 1353 1353 1353 1354 1354 1354 1354 1352 1352 1352 1352 1353 1353 1353 1353 1355 1355 1355 1355 1354 1354 1354 1354 1356 1356 1356 1356 1357 1357 1357 1357 1355 1355 1355 1355 1356 1356 1356 1356 1358 1358 1358 1358 1357 1357 1357 1357 1356 1356 1356 1356 1359 1359 1359 1359 1358 1358 1358 1358 1356 1356 1356 1356 1360 1360 1360 1360 1359 1359 1359 1359 1361 1361 1361 1361 1362 1362 1362 1362 1360 1360 1360 1360 1361 1361 1361 1361 1361 1361 1361 1361 1363 1363 1363 1363 1362 1362 1362 1362 1363 1363 1363 1363 1364 1364 1364 1364 1362 1362 1362 1362 1363 1363 1363 1363 1365 1365 1365 1365 1364 1364 1364 1364 1365 1365 1365 1365 1366 1366 1366 1366 1364 1364 1364 1364 1367 1367 1367 1367 1368 1368 1368 1368 1369 1369 1369 1369 1370 1370 1370 1370 1367 1367 1367 1367 1369 1369 1369 1369 1371 1371 1371 1371 1370 1370 1370 1370 1372 1372 1372 1372 1373 1373 1373 1373 1371 1371 1371 1371 1372 1372 1372 1372 1374 1374 1374 1374 1373 1373 1373 1373 1375 1375 1375 1375 1376 1376 1376 1376 1374 1374 1374 1374 1375 1375 1375 1375 1377 1377 1377 1377 1376 1376 1376 1376 1378 1378 1378 1378 1379 1379 1379 1379 1377 1377 1377 1377 1378 1378 1378 1378 1380 1380 1380 1380 1379 1379 1379 1379 1378 1378 1378 1378 1381 1381 1381 1381 1380 1380 1380 1380 1378 1378 1378 1378 1380 1380 1380 1380 1381 1381 1381 1381 1382 1382 1382 1382 1383 1383 1383 1383 1380 1380 1380 1380 1382 1382 1382 1382 1382 1382 1382 1382 1384 1384 1384 1384 1383 1383 1383 1383 1384 1384 1384 1384 1385 1385 1385 1385 1383 1383 1383 1383 1385 1385 1385 1385 1384 1384 1384 1384 1386 1386 1386 1386 1387 1387 1387 1387 1385 1385 1385 1385 1386 1386 1386 1386 1388 1388 1388 1388 1389 1389 1389 1389 1390 1390 1390 1390 1389 1389 1389 1389 1391 1391 1391 1391 1390 1390 1390 1390 1392 1392 1392 1392 1393 1393 1393 1393 1394 1394 1394 1394 1393 1393 1393 1393 1395 1395 1395 1395 1394 1394 1394 1394 1396 1396 1396 1396 1397 1397 1397 1397 1398 1398 1398 1398 1397 1397 1397 1397 1399 1399 1399 1399 1398 1398 1398 1398 1400 1400 1400 1400 1401 1401 1401 1401 1402 1402 1402 1402 1401 1401 1401 1401 1403 1403 1403 1403 1402 1402 1402 1402 1404 1404 1404 1404 1405 1405 1405 1405 1406 1406 1406 1406 1405 1405 1405 1405 1407 1407 1407 1407 1406 1406 1406 1406 1408 1408 1408 1408 1407 1407 1407 1407 1409 1409 1409 1409 1410 1410 1410 1410 1408 1408 1408 1408 1409 1409 1409 1409 1411 1411 1411 1411 1412 1412 1412 1412 1413 1413 1413 1413 1412 1412 1412 1412 1414 1414 1414 1414 1413 1413 1413 1413 1415 1415 1415 1415 1416 1416 1416 1416 1417 1417 1417 1417 1416 1416 1416 1416 1418 1418 1418 1418 1417 1417 1417 1417 1419 1419 1419 1419 1420 1420 1420 1420 1421 1421 1421 1421 1420 1420 1420 1420 1422 1422 1422 1422 1421 1421 1421 1421 1423 1423 1423 1423 1424 1424 1424 1424 1425 1425 1425 1425 1424 1424 1424 1424 1426 1426 1426 1426 1425 1425 1425 1425 1427 1427 1427 1427 1428 1428 1428 1428 1429 1429 1429 1429 1428 1428 1428 1428 1430 1430 1430 1430 1429 1429 1429 1429 1431 1431 1431 1431 1432 1432 1432 1432 1433 1433 1433 1433 1432 1432 1432 1432 1434 1434 1434 1434 1433 1433 1433 1433 1435 1435 1435 1435 1436 1436 1436 1436 1437 1437 1437 1437 1436 1436 1436 1436 1438 1438 1438 1438 1437 1437 1437 1437 1439 1439 1439 1439 1440 1440 1440 1440 1441 1441 1441 1441 1442 1442 1442 1442 1439 1439 1439 1439 1441 1441 1441 1441 1442 1442 1442 1442 1443 1443 1443 1443 1444 1444 1444 1444 1443 1443 1443 1443 1445 1445 1445 1445 1444 1444 1444 1444 1446 1446 1446 1446 1447 1447 1447 1447 1448 1448 1448 1448 1447 1447 1447 1447 1449 1449 1449 1449 1448 1448 1448 1448 1450 1450 1450 1450 1451 1451 1451 1451 1452 1452 1452 1452 1451 1451 1451 1451 1453 1453 1453 1453 1452 1452 1452 1452 1454 1454 1454 1454 1455 1455 1455 1455 1456 1456 1456 1456 1455 1455 1455 1455 1457 1457 1457 1457 1456 1456 1456 1456 1458 1458 1458 1458 1459 1459 1459 1459 1460 1460 1460 1460 1459 1459 1459 1459 1461 1461 1461 1461 1460 1460 1460 1460 1462 1462 1462 1462 1463 1463 1463 1463 1464 1464 1464 1464 1463 1463 1463 1463 1465 1465 1465 1465 1464 1464 1464 1464 1466 1466 1466 1466 1467 1467 1467 1467 1468 1468 1468 1468 1469 1469 1469 1469 1466 1466 1466 1466 1468 1468 1468 1468 1469 1469 1469 1469 1470 1470 1470 1470 1471 1471 1471 1471 1470 1470 1470 1470 1472 1472 1472 1472 1471 1471 1471 1471 1473 1473 1473 1473 1472 1472 1472 1472 1474 1474 1474 1474 1475 1475 1475 1475 1473 1473 1473 1473 1474 1474 1474 1474 1476 1476 1476 1476 1477 1477 1477 1477 1478 1478 1478 1478 1479 1479 1479 1479 1476 1476 1476 1476 1478 1478 1478 1478 1479 1479 1479 1479 1480 1480 1480 1480 1481 1481 1481 1481 1480 1480 1480 1480 1482 1482 1482 1482 1481 1481 1481 1481 1483 1483 1483 1483 1482 1482 1482 1482 1484 1484 1484 1484 1485 1485 1485 1485 1483 1483 1483 1483 1484 1484 1484 1484 1486 1486 1486 1486 1487 1487 1487 1487 1488 1488 1488 1488 1487 1487 1487 1487 1489 1489 1489 1489 1488 1488 1488 1488 1490 1490 1490 1490 1491 1491 1491 1491 1492 1492 1492 1492 1491 1491 1491 1491 1493 1493 1493 1493 1492 1492 1492 1492 1494 1494 1494 1494 1495 1495 1495 1495 1496 1496 1496 1496 1495 1495 1495 1495 1497 1497 1497 1497 1496 1496 1496 1496 1498 1498 1498 1498 1499 1499 1499 1499 1500 1500 1500 1500 1499 1499 1499 1499 1501 1501 1501 1501 1500 1500 1500 1500 1502 1502 1502 1502 1503 1503 1503 1503 1504 1504 1504 1504 1503 1503 1503 1503 1505 1505 1505 1505 1504 1504 1504 1504 1506 1506 1506 1506 1507 1507 1507 1507 1508 1508 1508 1508 1507 1507 1507 1507 1509 1509 1509 1509 1508 1508 1508 1508 1510 1510 1510 1510 1511 1511 1511 1511 1512 1512 1512 1512 1511 1511 1511 1511 1513 1513 1513 1513 1512 1512 1512 1512 1514 1514 1514 1514 1515 1515 1515 1515 1516 1516 1516 1516 1515 1515 1515 1515 1517 1517 1517 1517 1516 1516 1516 1516 1518 1518 1518 1518 1519 1519 1519 1519 1520 1520 1520 1520 1519 1519 1519 1519 1521 1521 1521 1521 1520 1520 1520 1520 1522 1522 1522 1522 1523 1523 1523 1523 1524 1524 1524 1524 1523 1523 1523 1523 1525 1525 1525 1525 1524 1524 1524 1524 1526 1526 1526 1526 1527 1527 1527 1527 1528 1528 1528 1528 1527 1527 1527 1527 1529 1529 1529 1529 1528 1528 1528 1528 1530 1530 1530 1530 1531 1531 1531 1531 1532 1532 1532 1532 1531 1531 1531 1531 1533 1533 1533 1533 1532 1532 1532 1532 1534 1534 1534 1534 1535 1535 1535 1535 1536 1536 1536 1536 1535 1535 1535 1535 1537 1537 1537 1537 1536 1536 1536 1536 1538 1538 1538 1538 1539 1539 1539 1539 1540 1540 1540 1540 1539 1539 1539 1539 1541 1541 1541 1541 1540 1540 1540 1540 1542 1542 1542 1542 1543 1543 1543 1543 1544 1544 1544 1544 1543 1543 1543 1543 1545 1545 1545 1545 1544 1544 1544 1544 1546 1546 1546 1546 1547 1547 1547 1547 1548 1548 1548 1548 1547 1547 1547 1547 1549 1549 1549 1549 1548 1548 1548 1548 1550 1550 1550 1550 1551 1551 1551 1551 1552 1552 1552 1552 1551 1551 1551 1551 1553 1553 1553 1553 1552 1552 1552 1552 1554 1554 1554 1554 1555 1555 1555 1555 1556 1556 1556 1556 1555 1555 1555 1555 1557 1557 1557 1557 1556 1556 1556 1556 1558 1558 1558 1558 1559 1559 1559 1559 1560 1560 1560 1560 1559 1559 1559 1559 1561 1561 1561 1561 1560 1560 1560 1560 1562 1562 1562 1562 1563 1563 1563 1563 1564 1564 1564 1564 1563 1563 1563 1563 1565 1565 1565 1565 1564 1564 1564 1564 1566 1566 1566 1566 1567 1567 1567 1567 1568 1568 1568 1568 1567 1567 1567 1567 1569 1569 1569 1569 1568 1568 1568 1568 1570 1570 1570 1570 1571 1571 1571 1571 1572 1572 1572 1572 1571 1571 1571 1571 1573 1573 1573 1573 1572 1572 1572 1572 1574 1574 1574 1574 1575 1575 1575 1575 1576 1576 1576 1576 1575 1575 1575 1575 1577 1577 1577 1577 1576 1576 1576 1576 1578 1578 1578 1578 1579 1579 1579 1579 1580 1580 1580 1580 1579 1579 1579 1579 1581 1581 1581 1581 1580 1580 1580 1580 1582 1582 1582 1582 1583 1583 1583 1583 1584 1584 1584 1584 1583 1583 1583 1583 1585 1585 1585 1585 1584 1584 1584 1584 1586 1586 1586 1586 1587 1587 1587 1587 1588 1588 1588 1588 1587 1587 1587 1587 1589 1589 1589 1589 1588 1588 1588 1588 1590 1590 1590 1590 1591 1591 1591 1591 1592 1592 1592 1592 1591 1591 1591 1591 1593 1593 1593 1593 1592 1592 1592 1592 1594 1594 1594 1594 1595 1595 1595 1595 1596 1596 1596 1596 1595 1595 1595 1595 1597 1597 1597 1597 1596 1596 1596 1596 1598 1598 1598 1598 1599 1599 1599 1599 1600 1600 1600 1600 1599 1599 1599 1599 1601 1601 1601 1601 1600 1600 1600 1600 1602 1602 1602 1602 1603 1603 1603 1603 1604 1604 1604 1604 1603 1603 1603 1603 1605 1605 1605 1605 1604 1604 1604 1604 1606 1606 1606 1606 1607 1607 1607 1607 1608 1608 1608 1608 1607 1607 1607 1607 1609 1609 1609 1609 1608 1608 1608 1608 1610 1610 1610 1610 1611 1611 1611 1611 1612 1612 1612 1612 1611 1611 1611 1611 1613 1613 1613 1613 1612 1612 1612 1612 1614 1614 1614 1614 1615 1615 1615 1615 1616 1616 1616 1616 1615 1615 1615 1615 1617 1617 1617 1617 1616 1616 1616 1616 1618 1618 1618 1618 1619 1619 1619 1619 1620 1620 1620 1620 1619 1619 1619 1619 1621 1621 1621 1621 1620 1620 1620 1620 1622 1622 1622 1622 1623 1623 1623 1623 1624 1624 1624 1624 1623 1623 1623 1623 1625 1625 1625 1625 1624 1624 1624 1624 1626 1626 1626 1626 1627 1627 1627 1627 1628 1628 1628 1628 1629 1629 1629 1629 1626 1626 1626 1626 1628 1628 1628 1628 1630 1630 1630 1630 1629 1629 1629 1629 1631 1631 1631 1631 1632 1632 1632 1632 1630 1630 1630 1630 1631 1631 1631 1631 1633 1633 1633 1633 1634 1634 1634 1634 1635 1635 1635 1635 1634 1634 1634 1634 1636 1636 1636 1636 1635 1635 1635 1635 1636 1636 1636 1636 1637 1637 1637 1637 1638 1638 1638 1638 1637 1637 1637 1637 1639 1639 1639 1639 1638 1638 1638 1638 1640 1640 1640 1640 1639 1639 1639 1639 1641 1641 1641 1641 1642 1642 1642 1642 1640 1640 1640 1640 1641 1641 1641 1641 1643 1643 1643 1643 1644 1644 1644 1644 1645 1645 1645 1645 1644 1644 1644 1644 1646 1646 1646 1646 1645 1645 1645 1645 1647 1647 1647 1647 1648 1648 1648 1648 1649 1649 1649 1649 1648 1648 1648 1648 1650 1650 1650 1650 1649 1649 1649 1649 1651 1651 1651 1651 1652 1652 1652 1652 1653 1653 1653 1653 1652 1652 1652 1652 1654 1654 1654 1654 1653 1653 1653 1653 1655 1655 1655 1655 1656 1656 1656 1656 1657 1657 1657 1657 1656 1656 1656 1656 1658 1658 1658 1658 1657 1657 1657 1657 1659 1659 1659 1659 1660 1660 1660 1660 1661 1661 1661 1661 1660 1660 1660 1660 1662 1662 1662 1662 1661 1661 1661 1661 1663 1663 1663 1663 1664 1664 1664 1664 1665 1665 1665 1665 1664 1664 1664 1664 1666 1666 1666 1666 1665 1665 1665 1665 1667 1667 1667 1667 1668 1668 1668 1668 1669 1669 1669 1669 1668 1668 1668 1668 1670 1670 1670 1670 1669 1669 1669 1669 1671 1671 1671 1671 1672 1672 1672 1672 1673 1673 1673 1673 1672 1672 1672 1672 1674 1674 1674 1674 1673 1673 1673 1673 1675 1675 1675 1675 1676 1676 1676 1676 1677 1677 1677 1677 1676 1676 1676 1676 1678 1678 1678 1678 1677 1677 1677 1677 1678 1678 1678 1678 1679 1679 1679 1679 1680 1680 1680 1680 1679 1679 1679 1679 1681 1681 1681 1681 1680 1680 1680 1680 1682 1682 1682 1682 1683 1683 1683 1683 1684 1684 1684 1684 1683 1683 1683 1683 1685 1685 1685 1685 1684 1684 1684 1684 1686 1686 1686 1686 1685 1685 1685 1685 1687 1687 1687 1687 1688 1688 1688 1688 1686 1686 1686 1686 1687 1687 1687 1687 1689 1689 1689 1689 1688 1688 1688 1688 1690 1690 1690 1690 1691 1691 1691 1691 1689 1689 1689 1689 1690 1690 1690 1690 1692 1692 1692 1692 1693 1693 1693 1693 1694 1694 1694 1694 1693 1693 1693 1693 1695 1695 1695 1695 1694 1694 1694 1694 1696 1696 1696 1696 1697 1697 1697 1697 1698 1698 1698 1698 1697 1697 1697 1697 1699 1699 1699 1699 1698 1698 1698 1698 1700 1700 1700 1700 1701 1701 1701 1701 1702 1702 1702 1702 1701 1701 1701 1701 1703 1703 1703 1703 1702 1702 1702 1702 1704 1704 1704 1704 1705 1705 1705 1705 1706 1706 1706 1706 1705 1705 1705 1705 1707 1707 1707 1707 1706 1706 1706 1706 1708 1708 1708 1708 1709 1709 1709 1709 1710 1710 1710 1710 1709 1709 1709 1709 1711 1711 1711 1711 1710 1710 1710 1710 1712 1712 1712 1712 1713 1713 1713 1713 1714 1714 1714 1714 1713 1713 1713 1713 1715 1715 1715 1715 1714 1714 1714 1714 1716 1716 1716 1716 1717 1717 1717 1717 1718 1718 1718 1718 1717 1717 1717 1717 1719 1719 1719 1719 1718 1718 1718 1718 1720 1720 1720 1720 1721 1721 1721 1721 1722 1722 1722 1722 1721 1721 1721 1721 1723 1723 1723 1723 1722 1722 1722 1722 1724 1724 1724 1724 1725 1725 1725 1725 1726 1726 1726 1726 1725 1725 1725 1725 1727 1727 1727 1727 1726 1726 1726 1726 1728 1728 1728 1728 1729 1729 1729 1729 1730 1730 1730 1730 1729 1729 1729 1729 1731 1731 1731 1731 1730 1730 1730 1730 1732 1732 1732 1732 1733 1733 1733 1733 1734 1734 1734 1734 1733 1733 1733 1733 1735 1735 1735 1735 1734 1734 1734 1734 1736 1736 1736 1736 1737 1737 1737 1737 1738 1738 1738 1738 1737 1737 1737 1737 1739 1739 1739 1739 1738 1738 1738 1738 1740 1740 1740 1740 1741 1741 1741 1741 1742 1742 1742 1742 1741 1741 1741 1741 1743 1743 1743 1743 1742 1742 1742 1742 1744 1744 1744 1744 1745 1745 1745 1745 1746 1746 1746 1746 1745 1745 1745 1745 1747 1747 1747 1747 1746 1746 1746 1746 1748 1748 1748 1748 1749 1749 1749 1749 1750 1750 1750 1750 1751 1751 1751 1751 1748 1748 1748 1748 1750 1750 1750 1750 1751 1751 1751 1751 1752 1752 1752 1752 1753 1753 1753 1753 1754 1754 1754 1754 1751 1751 1751 1751 1753 1753 1753 1753 1753 1753 1753 1753 1755 1755 1755 1755 1756 1756 1756 1756 1755 1755 1755 1755 1757 1757 1757 1757 1756 1756 1756 1756 1755 1755 1755 1755 1758 1758 1758 1758 1757 1757 1757 1757 1758 1758 1758 1758 1759 1759 1759 1759 1757 1757 1757 1757 1756 1756 1756 1756 1760 1760 1760 1760 1761 1761 1761 1761 1760 1760 1760 1760 1762 1762 1762 1762 1761 1761 1761 1761 1760 1760 1760 1760 1763 1763 1763 1763 1762 1762 1762 1762 1763 1763 1763 1763 1764 1764 1764 1764 1762 1762 1762 1762 1761 1761 1761 1761 1765 1765 1765 1765 1766 1766 1766 1766 1765 1765 1765 1765 1767 1767 1767 1767 1766 1766 1766 1766 1768 1768 1768 1768 1767 1767 1767 1767 1765 1765 1765 1765 1769 1769 1769 1769 1768 1768 1768 1768 1765 1765 1765 1765 1766 1766 1766 1766 1770 1770 1770 1770 1771 1771 1771 1771 1770 1770 1770 1770 1772 1772 1772 1772 1771 1771 1771 1771 1773 1773 1773 1773 1772 1772 1772 1772 1770 1770 1770 1770 1774 1774 1774 1774 1773 1773 1773 1773 1770 1770 1770 1770 1775 1775 1775 1775 1773 1773 1773 1773 1774 1774 1774 1774 1776 1776 1776 1776 1775 1775 1775 1775 1774 1774 1774 1774 1777 1777 1777 1777 1775 1775 1775 1775 1776 1776 1776 1776 1778 1778 1778 1778 1777 1777 1777 1777 1776 1776 1776 1776 1771 1771 1771 1771 1779 1779 1779 1779 1780 1780 1780 1780 1779 1779 1779 1779 1781 1781 1781 1781 1780 1780 1780 1780 1782 1782 1782 1782 1781 1781 1781 1781 1779 1779 1779 1779 1783 1783 1783 1783 1782 1782 1782 1782 1779 1779 1779 1779 1784 1784 1784 1784 1782 1782 1782 1782 1783 1783 1783 1783 1785 1785 1785 1785 1784 1784 1784 1784 1783 1783 1783 1783 1786 1786 1786 1786 1784 1784 1784 1784 1785 1785 1785 1785 1787 1787 1787 1787 1786 1786 1786 1786 1785 1785 1785 1785 1788 1788 1788 1788 1789 1789 1789 1789 1780 1780 1780 1780 1790 1790 1790 1790 1788 1788 1788 1788 1780 1780 1780 1780 1791 1791 1791 1791 1788 1788 1788 1788 1790 1790 1790 1790 1792 1792 1792 1792 1791 1791 1791 1791 1790 1790 1790 1790 1793 1793 1793 1793 1791 1791 1791 1791 1792 1792 1792 1792 1794 1794 1794 1794 1793 1793 1793 1793 1792 1792 1792 1792 1795 1795 1795 1795 1793 1793 1793 1793 1794 1794 1794 1794 1796 1796 1796 1796 1795 1795 1795 1795 1794 1794 1794 1794 1797 1797 1797 1797 1798 1798 1798 1798 1799 1799 1799 1799 1798 1798 1798 1798 1800 1800 1800 1800 1799 1799 1799 1799 1801 1801 1801 1801 1802 1802 1802 1802 1800 1800 1800 1800 1803 1803 1803 1803 1801 1801 1801 1801 1800 1800 1800 1800 1801 1801 1801 1801 1804 1804 1804 1804 1805 1805 1805 1805 1804 1804 1804 1804 1806 1806 1806 1806 1805 1805 1805 1805 1807 1807 1807 1807 1805 1805 1805 1805 1806 1806 1806 1806 1808 1808 1808 1808 1807 1807 1807 1807 1806 1806 1806 1806 1804 1804 1804 1804 1809 1809 1809 1809 1810 1810 1810 1810 1809 1809 1809 1809 1811 1811 1811 1811 1810 1810 1810 1810 1812 1812 1812 1812 1810 1810 1810 1810 1811 1811 1811 1811 1813 1813 1813 1813 1812 1812 1812 1812 1811 1811 1811 1811 1809 1809 1809 1809 1814 1814 1814 1814 1815 1815 1815 1815 1816 1816 1816 1816 1809 1809 1809 1809 1815 1815 1815 1815 1815 1815 1815 1815 1817 1817 1817 1817 1816 1816 1816 1816 1817 1817 1817 1817 1818 1818 1818 1818 1816 1816 1816 1816 1814 1814 1814 1814 1819 1819 1819 1819 1820 1820 1820 1820 1819 1819 1819 1819 1821 1821 1821 1821 1820 1820 1820 1820 1821 1821 1821 1821 1822 1822 1822 1822 1820 1820 1820 1820 1822 1822 1822 1822 1823 1823 1823 1823 1820 1820 1820 1820 1822 1822 1822 1822 1824 1824 1824 1824 1823 1823 1823 1823 1824 1824 1824 1824 1825 1825 1825 1825 1823 1823 1823 1823 1824 1824 1824 1824 1826 1826 1826 1826 1825 1825 1825 1825 1826 1826 1826 1826 1827 1827 1827 1827 1825 1825 1825 1825 1819 1819 1819 1819 1828 1828 1828 1828 1829 1829 1829 1829 1828 1828 1828 1828 1830 1830 1830 1830 1829 1829 1829 1829 1830 1830 1830 1830 1831 1831 1831 1831 1829 1829 1829 1829 1831 1831 1831 1831 1832 1832 1832 1832 1829 1829 1829 1829 1831 1831 1831 1831 1833 1833 1833 1833 1832 1832 1832 1832 1833 1833 1833 1833 1834 1834 1834 1834 1832 1832 1832 1832 1833 1833 1833 1833 1835 1835 1835 1835 1834 1834 1834 1834 1835 1835 1835 1835 1836 1836 1836 1836 1834 1834 1834 1834 1828 1828 1828 1828 1837 1837 1837 1837 1838 1838 1838 1838 1839 1839 1839 1839 1828 1828 1828 1828 1838 1838 1838 1838 1838 1838 1838 1838 1840 1840 1840 1840 1839 1839 1839 1839 1840 1840 1840 1840 1841 1841 1841 1841 1839 1839 1839 1839 1840 1840 1840 1840 1842 1842 1842 1842 1841 1841 1841 1841 1842 1842 1842 1842 1843 1843 1843 1843 1841 1841 1841 1841 1843 1843 1843 1843 1842 1842 1842 1842 1844 1844 1844 1844 1845 1845 1845 1845 1843 1843 1843 1843 1844 1844 1844 1844 1846 1846 1846 1846 1847 1847 1847 1847 1848 1848 1848 1848 1847 1847 1847 1847 1849 1849 1849 1849 1848 1848 1848 1848 1850 1850 1850 1850 1851 1851 1851 1851 1852 1852 1852 1852 1851 1851 1851 1851 1853 1853 1853 1853 1852 1852 1852 1852 1854 1854 1854 1854 1855 1855 1855 1855 1856 1856 1856 1856 1855 1855 1855 1855 1857 1857 1857 1857 1856 1856 1856 1856 1858 1858 1858 1858 1859 1859 1859 1859 1860 1860 1860 1860 1859 1859 1859 1859 1861 1861 1861 1861 1860 1860 1860 1860 1862 1862 1862 1862 1863 1863 1863 1863 1864 1864 1864 1864 1863 1863 1863 1863 1865 1865 1865 1865 1864 1864 1864 1864 1866 1866 1866 1866 1867 1867 1867 1867 1868 1868 1868 1868 1867 1867 1867 1867 1869 1869 1869 1869 1868 1868 1868 1868 1870 1870 1870 1870 1871 1871 1871 1871 1872 1872 1872 1872 1871 1871 1871 1871 1873 1873 1873 1873 1872 1872 1872 1872 1874 1874 1874 1874 1875 1875 1875 1875 1876 1876 1876 1876 1875 1875 1875 1875 1877 1877 1877 1877 1876 1876 1876 1876 1878 1878 1878 1878 1879 1879 1879 1879 1880 1880 1880 1880 1879 1879 1879 1879 1881 1881 1881 1881 1880 1880 1880 1880 1882 1882 1882 1882 1883 1883 1883 1883 1884 1884 1884 1884 1883 1883 1883 1883 1885 1885 1885 1885 1884 1884 1884 1884 1886 1886 1886 1886 1887 1887 1887 1887 1888 1888 1888 1888 1887 1887 1887 1887 1889 1889 1889 1889 1888 1888 1888 1888 1890 1890 1890 1890 1891 1891 1891 1891 1892 1892 1892 1892 1891 1891 1891 1891 1893 1893 1893 1893 1892 1892 1892 1892 1894 1894 1894 1894 1895 1895 1895 1895 1896 1896 1896 1896 1895 1895 1895 1895 1897 1897 1897 1897 1896 1896 1896 1896 1898 1898 1898 1898 1899 1899 1899 1899 1900 1900 1900 1900 1899 1899 1899 1899 1901 1901 1901 1901 1900 1900 1900 1900 1902 1902 1902 1902 1903 1903 1903 1903 1904 1904 1904 1904 1903 1903 1903 1903 1905 1905 1905 1905 1904 1904 1904 1904 1906 1906 1906 1906 1907 1907 1907 1907 1908 1908 1908 1908 1907 1907 1907 1907 1909 1909 1909 1909 1908 1908 1908 1908 1910 1910 1910 1910 1911 1911 1911 1911 1912 1912 1912 1912 1911 1911 1911 1911 1913 1913 1913 1913 1912 1912 1912 1912 1914 1914 1914 1914 1915 1915 1915 1915 1916 1916 1916 1916 1915 1915 1915 1915 1917 1917 1917 1917 1916 1916 1916 1916 1918 1918 1918 1918 1919 1919 1919 1919 1920 1920 1920 1920 1919 1919 1919 1919 1921 1921 1921 1921 1920 1920 1920 1920 1922 1922 1922 1922 1923 1923 1923 1923 1924 1924 1924 1924 1923 1923 1923 1923 1925 1925 1925 1925 1924 1924 1924 1924 1926 1926 1926 1926 1927 1927 1927 1927 1928 1928 1928 1928 1927 1927 1927 1927 1929 1929 1929 1929 1928 1928 1928 1928 1930 1930 1930 1930 1931 1931 1931 1931 1932 1932 1932 1932 1931 1931 1931 1931 1933 1933 1933 1933 1932 1932 1932 1932 1934 1934 1934 1934 1935 1935 1935 1935 1936 1936 1936 1936 1935 1935 1935 1935 1937 1937 1937 1937 1936 1936 1936 1936 1938 1938 1938 1938 1939 1939 1939 1939 1940 1940 1940 1940 1939 1939 1939 1939 1941 1941 1941 1941 1940 1940 1940 1940 1942 1942 1942 1942 1943 1943 1943 1943 1944 1944 1944 1944 1943 1943 1943 1943 1945 1945 1945 1945 1944 1944 1944 1944 1946 1946 1946 1946 1947 1947 1947 1947 1948 1948 1948 1948 1947 1947 1947 1947 1949 1949 1949 1949 1948 1948 1948 1948 1950 1950 1950 1950 1951 1951 1951 1951 1952 1952 1952 1952 1951 1951 1951 1951 1953 1953 1953 1953 1952 1952 1952 1952 1954 1954 1954 1954 1955 1955 1955 1955 1956 1956 1956 1956 1955 1955 1955 1955 1957 1957 1957 1957 1956 1956 1956 1956 1958 1958 1958 1958 1959 1959 1959 1959 1960 1960 1960 1960 1959 1959 1959 1959 1961 1961 1961 1961 1960 1960 1960 1960 1962 1962 1962 1962 1963 1963 1963 1963 1964 1964 1964 1964 1963 1963 1963 1963 1965 1965 1965 1965 1964 1964 1964 1964 1966 1966 1966 1966 1967 1967 1967 1967 1968 1968 1968 1968 1967 1967 1967 1967 1969 1969 1969 1969 1968 1968 1968 1968 1970 1970 1970 1970 1971 1971 1971 1971 1972 1972 1972 1972 1971 1971 1971 1971 1973 1973 1973 1973 1972 1972 1972 1972 1974 1974 1974 1974 1975 1975 1975 1975 1976 1976 1976 1976 1975 1975 1975 1975 1977 1977 1977 1977 1976 1976 1976 1976 1978 1978 1978 1978 1979 1979 1979 1979 1980 1980 1980 1980 1979 1979 1979 1979 1981 1981 1981 1981 1980 1980 1980 1980 1982 1982 1982 1982 1983 1983 1983 1983 1984 1984 1984 1984 1983 1983 1983 1983 1985 1985 1985 1985 1984 1984 1984 1984 1986 1986 1986 1986 1987 1987 1987 1987 1988 1988 1988 1988 1987 1987 1987 1987 1989 1989 1989 1989 1988 1988 1988 1988 1990 1990 1990 1990 1991 1991 1991 1991 1992 1992 1992 1992 1991 1991 1991 1991 1993 1993 1993 1993 1992 1992 1992 1992 1994 1994 1994 1994 1995 1995 1995 1995 1996 1996 1996 1996 1995 1995 1995 1995 1997 1997 1997 1997 1996 1996 1996 1996 1998 1998 1998 1998 1999 1999 1999 1999 2000 2000 2000 2000 1999 1999 1999 1999 2001 2001 2001 2001 2000 2000 2000 2000 2002 2002 2002 2002 2003 2003 2003 2003 2004 2004 2004 2004 2003 2003 2003 2003 2005 2005 2005 2005 2004 2004 2004 2004 2006 2006 2006 2006 2007 2007 2007 2007 2008 2008 2008 2008 2007 2007 2007 2007 2009 2009 2009 2009 2008 2008 2008 2008 2010 2010 2010 2010 2011 2011 2011 2011 2012 2012 2012 2012 2011 2011 2011 2011 2013 2013 2013 2013 2012 2012 2012 2012 2014 2014 2014 2014 2015 2015 2015 2015 2016 2016 2016 2016 2015 2015 2015 2015 2017 2017 2017 2017 2016 2016 2016 2016 2018 2018 2018 2018 2019 2019 2019 2019 2020 2020 2020 2020 2019 2019 2019 2019 2021 2021 2021 2021 2020 2020 2020 2020 2022 2022 2022 2022 2023 2023 2023 2023 2024 2024 2024 2024 2023 2023 2023 2023 2025 2025 2025 2025 2024 2024 2024 2024 2026 2026 2026 2026 2027 2027 2027 2027 2028 2028 2028 2028 2027 2027 2027 2027 2029 2029 2029 2029 2028 2028 2028 2028 2030 2030 2030 2030 2031 2031 2031 2031 2032 2032 2032 2032 2031 2031 2031 2031 2033 2033 2033 2033 2034 2034 2034 2034 2033 2033 2033 2033 2035 2035 2035 2035 2034 2034 2034 2034 2036 2036 2036 2036 2032 2032 2032 2032 2037 2037 2037 2037 2038 2038 2038 2038 2036 2036 2036 2036 2037 2037 2037 2037 2039 2039 2039 2039 2040 2040 2040 2040 2041 2041 2041 2041 2040 2040 2040 2040 2042 2042 2042 2042 2041 2041 2041 2041 2043 2043 2043 2043 2042 2042 2042 2042 2044 2044 2044 2044 2045 2045 2045 2045 2043 2043 2043 2043 2044 2044 2044 2044 2046 2046 2046 2046 2047 2047 2047 2047 2048 2048 2048 2048 2047 2047 2047 2047 2049 2049 2049 2049 2048 2048 2048 2048 2050 2050 2050 2050 2051 2051 2051 2051 2052 2052 2052 2052 2051 2051 2051 2051 2053 2053 2053 2053 2052 2052 2052 2052 2054 2054 2054 2054 2055 2055 2055 2055 2056 2056 2056 2056 2055 2055 2055 2055 2057 2057 2057 2057 2056 2056 2056 2056 2058 2058 2058 2058 2059 2059 2059 2059 2060 2060 2060 2060 2059 2059 2059 2059 2061 2061 2061 2061 2060 2060 2060 2060 2062 2062 2062 2062 2063 2063 2063 2063 2064 2064 2064 2064 2063 2063 2063 2063 2065 2065 2065 2065 2064 2064 2064 2064 2066 2066 2066 2066 2067 2067 2067 2067 2068 2068 2068 2068 2067 2067 2067 2067 2069 2069 2069 2069 2068 2068 2068 2068 2070 2070 2070 2070 2071 2071 2071 2071 2072 2072 2072 2072 2071 2071 2071 2071 2073 2073 2073 2073 2072 2072 2072 2072 2074 2074 2074 2074 2075 2075 2075 2075 2076 2076 2076 2076 2075 2075 2075 2075 2077 2077 2077 2077 2076 2076 2076 2076 2078 2078 2078 2078 2079 2079 2079 2079 2080 2080 2080 2080 2079 2079 2079 2079 2081 2081 2081 2081 2080 2080 2080 2080 2081 2081 2081 2081 2082 2082 2082 2082 2083 2083 2083 2083 2082 2082 2082 2082 2084 2084 2084 2084 2083 2083 2083 2083 2085 2085 2085 2085 2086 2086 2086 2086 2087 2087 2087 2087 2086 2086 2086 2086 2088 2088 2088 2088 2087 2087 2087 2087 2089 2089 2089 2089 2090 2090 2090 2090 2091 2091 2091 2091 2090 2090 2090 2090 2092 2092 2092 2092 2091 2091 2091 2091 2093 2093 2093 2093 2094 2094 2094 2094 2095 2095 2095 2095 2096 2096 2096 2096 2093 2093 2093 2093 2095 2095 2095 2095 2096 2096 2096 2096 2097 2097 2097 2097 2098 2098 2098 2098 2099 2099 2099 2099 2096 2096 2096 2096 2098 2098 2098 2098 2100 2100 2100 2100 2101 2101 2101 2101 2102 2102 2102 2102 2101 2101 2101 2101 2103 2103 2103 2103 2102 2102 2102 2102 2104 2104 2104 2104 2105 2105 2105 2105 2106 2106 2106 2106 2105 2105 2105 2105 2107 2107 2107 2107 2106 2106 2106 2106 2108 2108 2108 2108 2109 2109 2109 2109 2110 2110 2110 2110 2109 2109 2109 2109 2111 2111 2111 2111 2110 2110 2110 2110 2112 2112 2112 2112 2113 2113 2113 2113 2114 2114 2114 2114 2113 2113 2113 2113 2115 2115 2115 2115 2114 2114 2114 2114 2116 2116 2116 2116 2117 2117 2117 2117 2118 2118 2118 2118 2117 2117 2117 2117 2119 2119 2119 2119 2118 2118 2118 2118 2120 2120 2120 2120 2121 2121 2121 2121 2119 2119 2119 2119 2122 2122 2122 2122 2120 2120 2120 2120 2119 2119 2119 2119 2123 2123 2123 2123 2124 2124 2124 2124 2120 2120 2120 2120 2125 2125 2125 2125 2123 2123 2123 2123 2120 2120 2120 2120 2126 2126 2126 2126 2127 2127 2127 2127 2128 2128 2128 2128 2129 2129 2129 2129 2126 2126 2126 2126 2128 2128 2128 2128 2129 2129 2129 2129 2130 2130 2130 2130 2131 2131 2131 2131 2132 2132 2132 2132 2129 2129 2129 2129 2131 2131 2131 2131 2131 2131 2131 2131 2133 2133 2133 2133 2134 2134 2134 2134 2135 2135 2135 2135 2131 2131 2131 2131 2134 2134 2134 2134 2136 2136 2136 2136 2137 2137 2137 2137 2138 2138 2138 2138 2137 2137 2137 2137 2139 2139 2139 2139 2138 2138 2138 2138 2140 2140 2140 2140 2141 2141 2141 2141 2142 2142 2142 2142 2141 2141 2141 2141 2143 2143 2143 2143 2142 2142 2142 2142 2144 2144 2144 2144 2145 2145 2145 2145 2146 2146 2146 2146 2145 2145 2145 2145 2147 2147 2147 2147 2146 2146 2146 2146 2148 2148 2148 2148 2149 2149 2149 2149 2150 2150 2150 2150 2149 2149 2149 2149 2151 2151 2151 2151 2150 2150 2150 2150 2152 2152 2152 2152 2153 2153 2153 2153 2154 2154 2154 2154 2153 2153 2153 2153 2155 2155 2155 2155 2154 2154 2154 2154 2156 2156 2156 2156 2157 2157 2157 2157 2158 2158 2158 2158 2157 2157 2157 2157 2159 2159 2159 2159 2158 2158 2158 2158 2160 2160 2160 2160 2161 2161 2161 2161 2162 2162 2162 2162 2161 2161 2161 2161 2163 2163 2163 2163 2162 2162 2162 2162 2164 2164 2164 2164 2165 2165 2165 2165 2166 2166 2166 2166 2165 2165 2165 2165 2167 2167 2167 2167 2166 2166 2166 2166 2168 2168 2168 2168 2169 2169 2169 2169 2170 2170 2170 2170 2169 2169 2169 2169 2171 2171 2171 2171 2170 2170 2170 2170 2172 2172 2172 2172 2173 2173 2173 2173 2174 2174 2174 2174 2173 2173 2173 2173 2175 2175 2175 2175 2174 2174 2174 2174 2176 2176 2176 2176 2177 2177 2177 2177 2178 2178 2178 2178 2177 2177 2177 2177 2179 2179 2179 2179 2178 2178 2178 2178 2180 2180 2180 2180 2181 2181 2181 2181 2182 2182 2182 2182 2181 2181 2181 2181 2183 2183 2183 2183 2182 2182 2182 2182 2183 2183 2183 2183 2184 2184 2184 2184 2185 2185 2185 2185 2184 2184 2184 2184 2186 2186 2186 2186 2185 2185 2185 2185 2187 2187 2187 2187 2188 2188 2188 2188 2189 2189 2189 2189 2188 2188 2188 2188 2190 2190 2190 2190 2189 2189 2189 2189 2191 2191 2191 2191 2192 2192 2192 2192 2193 2193 2193 2193 2192 2192 2192 2192 2194 2194 2194 2194 2193 2193 2193 2193 2195 2195 2195 2195 2196 2196 2196 2196 2197 2197 2197 2197 2196 2196 2196 2196 2198 2198 2198 2198 2197 2197 2197 2197 2199 2199 2199 2199 2200 2200 2200 2200 2201 2201 2201 2201 2200 2200 2200 2200 2202 2202 2202 2202 2201 2201 2201 2201 2203 2203 2203 2203 2204 2204 2204 2204 2205 2205 2205 2205 2204 2204 2204 2204 2206 2206 2206 2206 2205 2205 2205 2205 2206 2206 2206 2206 2207 2207 2207 2207 2208 2208 2208 2208 2207 2207 2207 2207 2209 2209 2209 2209 2208 2208 2208 2208 2210 2210 2210 2210 2211 2211 2211 2211 2212 2212 2212 2212 2211 2211 2211 2211 2213 2213 2213 2213 2212 2212 2212 2212 2214 2214 2214 2214 2215 2215 2215 2215 2216 2216 2216 2216 2215 2215 2215 2215 2217 2217 2217 2217 2216 2216 2216 2216 2218 2218 2218 2218 2219 2219 2219 2219 2220 2220 2220 2220 2219 2219 2219 2219 2221 2221 2221 2221 2220 2220 2220 2220 2222 2222 2222 2222 2221 2221 2221 2221 2223 2223 2223 2223 2224 2224 2224 2224 2222 2222 2222 2222 2223 2223 2223 2223 2225 2225 2225 2225 2226 2226 2226 2226 2227 2227 2227 2227 2226 2226 2226 2226 2228 2228 2228 2228 2227 2227 2227 2227 2229 2229 2229 2229 2230 2230 2230 2230 2231 2231 2231 2231 2230 2230 2230 2230 2232 2232 2232 2232 2231 2231 2231 2231 2233 2233 2233 2233 2234 2234 2234 2234 2235 2235 2235 2235 2234 2234 2234 2234 2236 2236 2236 2236 2235 2235 2235 2235 2237 2237 2237 2237 2238 2238 2238 2238 2239 2239 2239 2239 2238 2238 2238 2238 2240 2240 2240 2240 2239 2239 2239 2239 2241 2241 2241 2241 2240 2240 2240 2240 2242 2242 2242 2242 2243 2243 2243 2243 2241 2241 2241 2241 2242 2242 2242 2242 2244 2244 2244 2244 2245 2245 2245 2245 2246 2246 2246 2246 2245 2245 2245 2245 2247 2247 2247 2247 2246 2246 2246 2246 2248 2248 2248 2248 2249 2249 2249 2249 2250 2250 2250 2250 2249 2249 2249 2249 2251 2251 2251 2251 2250 2250 2250 2250 2252 2252 2252 2252 2253 2253 2253 2253 2254 2254 2254 2254 2253 2253 2253 2253 2255 2255 2255 2255 2254 2254 2254 2254 2256 2256 2256 2256 2257 2257 2257 2257 2258 2258 2258 2258 2257 2257 2257 2257 2259 2259 2259 2259 2258 2258 2258 2258 2260 2260 2260 2260 2261 2261 2261 2261 2262 2262 2262 2262 2261 2261 2261 2261 2263 2263 2263 2263 2262 2262 2262 2262 2264 2264 2264 2264 2265 2265 2265 2265 2266 2266 2266 2266 2265 2265 2265 2265 2267 2267 2267 2267 2266 2266 2266 2266 2268 2268 2268 2268 2269 2269 2269 2269 2270 2270 2270 2270 2269 2269 2269 2269 2271 2271 2271 2271 2270 2270 2270 2270 2272 2272 2272 2272 2273 2273 2273 2273 2274 2274 2274 2274 2273 2273 2273 2273 2275 2275 2275 2275 2274 2274 2274 2274 2276 2276 2276 2276 2277 2277 2277 2277 2278 2278 2278 2278 2277 2277 2277 2277 2279 2279 2279 2279 2278 2278 2278 2278 2280 2280 2280 2280 2281 2281 2281 2281 2282 2282 2282 2282 2281 2281 2281 2281 2283 2283 2283 2283 2282 2282 2282 2282 2284 2284 2284 2284 2285 2285 2285 2285 2286 2286 2286 2286 2285 2285 2285 2285 2287 2287 2287 2287 2286 2286 2286 2286 2288 2288 2288 2288 2289 2289 2289 2289 2290 2290 2290 2290 2289 2289 2289 2289 2291 2291 2291 2291 2290 2290 2290 2290 2292 2292 2292 2292 2293 2293 2293 2293 2294 2294 2294 2294 2293 2293 2293 2293 2295 2295 2295 2295 2294 2294 2294 2294 2296 2296 2296 2296 2297 2297 2297 2297 2298 2298 2298 2298 2297 2297 2297 2297 2299 2299 2299 2299 2298 2298 2298 2298 2300 2300 2300 2300 2301 2301 2301 2301 2302 2302 2302 2302 2301 2301 2301 2301 2303 2303 2303 2303 2302 2302 2302 2302 2304 2304 2304 2304 2305 2305 2305 2305 2306 2306 2306 2306 2305 2305 2305 2305 2307 2307 2307 2307 2306 2306 2306 2306 2308 2308 2308 2308 2309 2309 2309 2309 2310 2310 2310 2310 2309 2309 2309 2309 2311 2311 2311 2311 2310 2310 2310 2310 2312 2312 2312 2312 2313 2313 2313 2313 2314 2314 2314 2314 2313 2313 2313 2313 2315 2315 2315 2315 2314 2314 2314 2314 2316 2316 2316 2316 2317 2317 2317 2317 2318 2318 2318 2318 2317 2317 2317 2317 2319 2319 2319 2319 2318 2318 2318 2318 2320 2320 2320 2320 2321 2321 2321 2321 2322 2322 2322 2322 2321 2321 2321 2321 2323 2323 2323 2323 2322 2322 2322 2322 2324 2324 2324 2324 2325 2325 2325 2325 2326 2326 2326 2326 2325 2325 2325 2325 2327 2327 2327 2327 2326 2326 2326 2326 2328 2328 2328 2328 2329 2329 2329 2329 2330 2330 2330 2330 2329 2329 2329 2329 2331 2331 2331 2331 2330 2330 2330 2330 2332 2332 2332 2332 2333 2333 2333 2333 2334 2334 2334 2334 2333 2333 2333 2333 2335 2335 2335 2335 2334 2334 2334 2334 2336 2336 2336 2336 2337 2337 2337 2337 2338 2338 2338 2338 2337 2337 2337 2337 2339 2339 2339 2339 2338 2338 2338 2338 2340 2340 2340 2340 2341 2341 2341 2341 2342 2342 2342 2342 2341 2341 2341 2341 2343 2343 2343 2343 2342 2342 2342 2342 2344 2344 2344 2344 2345 2345 2345 2345 2346 2346 2346 2346 2345 2345 2345 2345 2347 2347 2347 2347 2346 2346 2346 2346 2348 2348 2348 2348 2349 2349 2349 2349 2350 2350 2350 2350 2349 2349 2349 2349 2351 2351 2351 2351 2350 2350 2350 2350 2352 2352 2352 2352 2353 2353 2353 2353 2354 2354 2354 2354 2353 2353 2353 2353 2355 2355 2355 2355 2354 2354 2354 2354 2356 2356 2356 2356 2357 2357 2357 2357 2358 2358 2358 2358 2357 2357 2357 2357 2359 2359 2359 2359 2358 2358 2358 2358 2360 2360 2360 2360 2361 2361 2361 2361 2362 2362 2362 2362 2361 2361 2361 2361 2363 2363 2363 2363 2362 2362 2362 2362 2364 2364 2364 2364 2365 2365 2365 2365 2366 2366 2366 2366 2365 2365 2365 2365 2367 2367 2367 2367 2366 2366 2366 2366 2368 2368 2368 2368 2369 2369 2369 2369 2370 2370 2370 2370 2369 2369 2369 2369 2371 2371 2371 2371 2370 2370 2370 2370 2372 2372 2372 2372 2373 2373 2373 2373 2374 2374 2374 2374 2373 2373 2373 2373 2375 2375 2375 2375 2374 2374 2374 2374 2376 2376 2376 2376 2377 2377 2377 2377 2378 2378 2378 2378 2377 2377 2377 2377 2379 2379 2379 2379 2378 2378 2378 2378 2380 2380 2380 2380 2381 2381 2381 2381 2382 2382 2382 2382 2381 2381 2381 2381 2383 2383 2383 2383 2382 2382 2382 2382 2384 2384 2384 2384 2385 2385 2385 2385 2386 2386 2386 2386 2385 2385 2385 2385 2387 2387 2387 2387 2386 2386 2386 2386 2388 2388 2388 2388 2389 2389 2389 2389 2390 2390 2390 2390 2389 2389 2389 2389 2391 2391 2391 2391 2390 2390 2390 2390 2392 2392 2392 2392 2393 2393 2393 2393 2394 2394 2394 2394 2393 2393 2393 2393 2395 2395 2395 2395 2394 2394 2394 2394 2396 2396 2396 2396 2397 2397 2397 2397 2398 2398 2398 2398 2397 2397 2397 2397 2399 2399 2399 2399 2398 2398 2398 2398 2400 2400 2400 2400 2401 2401 2401 2401 2402 2402 2402 2402 2401 2401 2401 2401 2403 2403 2403 2403 2402 2402 2402 2402 2404 2404 2404 2404 2405 2405 2405 2405 2406 2406 2406 2406 2405 2405 2405 2405 2407 2407 2407 2407 2406 2406 2406 2406 2408 2408 2408 2408 2409 2409 2409 2409 2410 2410 2410 2410 2409 2409 2409 2409 2411 2411 2411 2411 2410 2410 2410 2410 2412 2412 2412 2412 2413 2413 2413 2413 2414 2414 2414 2414 2413 2413 2413 2413 2415 2415 2415 2415 2414 2414 2414 2414 2416 2416 2416 2416 2417 2417 2417 2417 2418 2418 2418 2418 2417 2417 2417 2417 2419 2419 2419 2419 2418 2418 2418 2418 2420 2420 2420 2420 2421 2421 2421 2421 2422 2422 2422 2422 2421 2421 2421 2421 2423 2423 2423 2423 2422 2422 2422 2422 2424 2424 2424 2424 2425 2425 2425 2425 2426 2426 2426 2426 2425 2425 2425 2425 2427 2427 2427 2427 2426 2426 2426 2426 2428 2428 2428 2428 2429 2429 2429 2429 2430 2430 2430 2430 2429 2429 2429 2429 2431 2431 2431 2431 2430 2430 2430 2430 2432 2432 2432 2432 2433 2433 2433 2433 2434 2434 2434 2434 2433 2433 2433 2433 2435 2435 2435 2435 2434 2434 2434 2434 2436 2436 2436 2436 2437 2437 2437 2437 2438 2438 2438 2438 2437 2437 2437 2437 2439 2439 2439 2439 2438 2438 2438 2438 2440 2440 2440 2440 2441 2441 2441 2441 2442 2442 2442 2442 2441 2441 2441 2441 2443 2443 2443 2443 2442 2442 2442 2442 2444 2444 2444 2444 2445 2445 2445 2445 2446 2446 2446 2446 2445 2445 2445 2445 2447 2447 2447 2447 2446 2446 2446 2446 2448 2448 2448 2448 2449 2449 2449 2449 2450 2450 2450 2450 2449 2449 2449 2449 2451 2451 2451 2451 2450 2450 2450 2450 2452 2452 2452 2452 2453 2453 2453 2453 2454 2454 2454 2454 2453 2453 2453 2453 2455 2455 2455 2455 2454 2454 2454 2454 2456 2456 2456 2456 2457 2457 2457 2457 2458 2458 2458 2458 2457 2457 2457 2457 2459 2459 2459 2459 2458 2458 2458 2458 2460 2460 2460 2460 2461 2461 2461 2461 2462 2462 2462 2462 2461 2461 2461 2461 2463 2463 2463 2463 2462 2462 2462 2462 2464 2464 2464 2464 2465 2465 2465 2465 2466 2466 2466 2466 2465 2465 2465 2465 2467 2467 2467 2467 2466 2466 2466 2466 2468 2468 2468 2468 2469 2469 2469 2469 2470 2470 2470 2470 2469 2469 2469 2469 2471 2471 2471 2471 2470 2470 2470 2470 2472 2472 2472 2472 2473 2473 2473 2473 2474 2474 2474 2474 2473 2473 2473 2473 2475 2475 2475 2475 2474 2474 2474 2474 2476 2476 2476 2476 2477 2477 2477 2477 2478 2478 2478 2478 2477 2477 2477 2477 2479 2479 2479 2479 2478 2478 2478 2478 2480 2480 2480 2480 2481 2481 2481 2481 2482 2482 2482 2482 2481 2481 2481 2481 2483 2483 2483 2483 2482 2482 2482 2482 2484 2484 2484 2484 2485 2485 2485 2485 2486 2486 2486 2486 2485 2485 2485 2485 2487 2487 2487 2487 2486 2486 2486 2486 2488 2488 2488 2488 2489 2489 2489 2489 2490 2490 2490 2490 2489 2489 2489 2489 2491 2491 2491 2491 2490 2490 2490 2490 2492 2492 2492 2492 2493 2493 2493 2493 2494 2494 2494 2494 2493 2493 2493 2493 2495 2495 2495 2495 2494 2494 2494 2494 2496 2496 2496 2496 2497 2497 2497 2497 2498 2498 2498 2498 2497 2497 2497 2497 2499 2499 2499 2499 2498 2498 2498 2498 2500 2500 2500 2500 2501 2501 2501 2501 2502 2502 2502 2502 2501 2501 2501 2501 2503 2503 2503 2503 2502 2502 2502 2502 2504 2504 2504 2504 2505 2505 2505 2505 2506 2506 2506 2506 2505 2505 2505 2505 2507 2507 2507 2507 2506 2506 2506 2506 2508 2508 2508 2508 2509 2509 2509 2509 2510 2510 2510 2510 2509 2509 2509 2509 2511 2511 2511 2511 2510 2510 2510 2510 2512 2512 2512 2512 2513 2513 2513 2513 2514 2514 2514 2514 2513 2513 2513 2513 2515 2515 2515 2515 2514 2514 2514 2514 2516 2516 2516 2516 2517 2517 2517 2517 2518 2518 2518 2518 2517 2517 2517 2517 2519 2519 2519 2519 2518 2518 2518 2518 2520 2520 2520 2520 2521 2521 2521 2521 2522 2522 2522 2522 2521 2521 2521 2521 2523 2523 2523 2523 2522 2522 2522 2522 2524 2524 2524 2524 2525 2525 2525 2525 2526 2526 2526 2526 2525 2525 2525 2525 2527 2527 2527 2527 2526 2526 2526 2526 2528 2528 2528 2528 2529 2529 2529 2529 2530 2530 2530 2530 2529 2529 2529 2529 2531 2531 2531 2531 2530 2530 2530 2530 2532 2532 2532 2532 2533 2533 2533 2533 2534 2534 2534 2534 2533 2533 2533 2533 2535 2535 2535 2535 2534 2534 2534 2534 2536 2536 2536 2536 2537 2537 2537 2537 2538 2538 2538 2538 2537 2537 2537 2537 2539 2539 2539 2539 2538 2538 2538 2538 2540 2540 2540 2540 2541 2541 2541 2541 2542 2542 2542 2542 2541 2541 2541 2541 2543 2543 2543 2543 2542 2542 2542 2542 2544 2544 2544 2544 2545 2545 2545 2545 2546 2546 2546 2546 2545 2545 2545 2545 2547 2547 2547 2547 2546 2546 2546 2546 2548 2548 2548 2548 2549 2549 2549 2549 2550 2550 2550 2550 2549 2549 2549 2549 2551 2551 2551 2551 2550 2550 2550 2550 2552 2552 2552 2552 2553 2553 2553 2553 2554 2554 2554 2554 2553 2553 2553 2553 2555 2555 2555 2555 2554 2554 2554 2554 2556 2556 2556 2556 2557 2557 2557 2557 2558 2558 2558 2558 2557 2557 2557 2557 2559 2559 2559 2559 2558 2558 2558 2558 2560 2560 2560 2560 2561 2561 2561 2561 2562 2562 2562 2562 2561 2561 2561 2561 2563 2563 2563 2563 2562 2562 2562 2562 2564 2564 2564 2564 2565 2565 2565 2565 2566 2566 2566 2566 2565 2565 2565 2565 2567 2567 2567 2567 2566 2566 2566 2566 2568 2568 2568 2568 2569 2569 2569 2569 2570 2570 2570 2570 2569 2569 2569 2569 2571 2571 2571 2571 2570 2570 2570 2570 2572 2572 2572 2572 2573 2573 2573 2573 2574 2574 2574 2574 2573 2573 2573 2573 2575 2575 2575 2575 2574 2574 2574 2574 2576 2576 2576 2576 2577 2577 2577 2577 2578 2578 2578 2578 2577 2577 2577 2577 2579 2579 2579 2579 2578 2578 2578 2578 2580 2580 2580 2580 2581 2581 2581 2581 2582 2582 2582 2582 2581 2581 2581 2581 2583 2583 2583 2583 2582 2582 2582 2582 2584 2584 2584 2584 2585 2585 2585 2585 2586 2586 2586 2586 2585 2585 2585 2585 2587 2587 2587 2587 2586 2586 2586 2586 2588 2588 2588 2588 2589 2589 2589 2589 2590 2590 2590 2590 2589 2589 2589 2589 2591 2591 2591 2591 2590 2590 2590 2590 2592 2592 2592 2592 2593 2593 2593 2593 2594 2594 2594 2594 2593 2593 2593 2593 2595 2595 2595 2595 2594 2594 2594 2594 2596 2596 2596 2596 2597 2597 2597 2597 2598 2598 2598 2598 2599 2599 2599 2599 2596 2596 2596 2596 2598 2598 2598 2598 2599 2599 2599 2599 2598 2598 2598 2598 2600 2600 2600 2600 2601 2601 2601 2601 2599 2599 2599 2599 2600 2600 2600 2600 2601 2601 2601 2601 2600 2600 2600 2600 2602 2602 2602 2602 2603 2603 2603 2603 2601 2601 2601 2601 2602 2602 2602 2602 2604 2604 2604 2604 2605 2605 2605 2605 2606 2606 2606 2606 2607 2607 2607 2607 2604 2604 2604 2604 2606 2606 2606 2606 2607 2607 2607 2607 2606 2606 2606 2606 2608 2608 2608 2608 2609 2609 2609 2609 2607 2607 2607 2607 2608 2608 2608 2608 2609 2609 2609 2609 2608 2608 2608 2608 2610 2610 2610 2610 2611 2611 2611 2611 2609 2609 2609 2609 2610 2610 2610 2610 2612 2612 2612 2612 2613 2613 2613 2613 2614 2614 2614 2614 2613 2613 2613 2613 2615 2615 2615 2615 2614 2614 2614 2614 2614 2614 2614 2614 2615 2615 2615 2615 2616 2616 2616 2616 2615 2615 2615 2615 2617 2617 2617 2617 2616 2616 2616 2616 2616 2616 2616 2616 2617 2617 2617 2617 2618 2618 2618 2618 2617 2617 2617 2617 2619 2619 2619 2619 2618 2618 2618 2618 2618 2618 2618 2618 2619 2619 2619 2619 2620 2620 2620 2620 2619 2619 2619 2619 2621 2621 2621 2621 2620 2620 2620 2620 2621 2621 2621 2621 2622 2622 2622 2622 2620 2620 2620 2620 2622 2622 2622 2622 2623 2623 2623 2623 2620 2620 2620 2620 2623 2623 2623 2623 2622 2622 2622 2622 2624 2624 2624 2624 2622 2622 2622 2622 2625 2625 2625 2625 2624 2624 2624 2624 2624 2624 2624 2624 2625 2625 2625 2625 2626 2626 2626 2626 2625 2625 2625 2625 2627 2627 2627 2627 2626 2626 2626 2626 2626 2626 2626 2626 2627 2627 2627 2627 2628 2628 2628 2628 2627 2627 2627 2627 2629 2629 2629 2629 2628 2628 2628 2628 2628 2628 2628 2628 2629 2629 2629 2629 2630 2630 2630 2630 2629 2629 2629 2629 2631 2631 2631 2631 2630 2630 2630 2630 2632 2632 2632 2632 2633 2633 2633 2633 2634 2634 2634 2634 2635 2635 2635 2635 2632 2632 2632 2632 2634 2634 2634 2634 2634 2634 2634 2634 2636 2636 2636 2636 2635 2635 2635 2635 2636 2636 2636 2636 2637 2637 2637 2637 2635 2635 2635 2635 2638 2638 2638 2638 2639 2639 2639 2639 2640 2640 2640 2640 2639 2639 2639 2639 2641 2641 2641 2641 2640 2640 2640 2640 2641 2641 2641 2641 2642 2642 2642 2642 2640 2640 2640 2640 2641 2641 2641 2641 2643 2643 2643 2643 2642 2642 2642 2642 2643 2643 2643 2643 2644 2644 2644 2644 2642 2642 2642 2642 2644 2644 2644 2644 2643 2643 2643 2643 2645 2645 2645 2645 2643 2643 2643 2643 2646 2646 2646 2646 2645 2645 2645 2645 2647 2647 2647 2647 2645 2645 2645 2645 2646 2646 2646 2646 2648 2648 2648 2648 2647 2647 2647 2647 2646 2646 2646 2646 2647 2647 2647 2647 2648 2648 2648 2648 2649 2649 2649 2649 2650 2650 2650 2650 2647 2647 2647 2647 2649 2649 2649 2649 2651 2651 2651 2651 2650 2650 2650 2650 2649 2649 2649 2649 2652 2652 2652 2652 2651 2651 2651 2651 2649 2649 2649 2649 2651 2651 2651 2651 2652 2652 2652 2652 2653 2653 2653 2653 2654 2654 2654 2654 2651 2651 2651 2651 2653 2653 2653 2653 2655 2655 2655 2655 2654 2654 2654 2654 2653 2653 2653 2653 2656 2656 2656 2656 2655 2655 2655 2655 2653 2653 2653 2653 2655 2655 2655 2655 2656 2656 2656 2656 2657 2657 2657 2657 2658 2658 2658 2658 2655 2655 2655 2655 2657 2657 2657 2657 2657 2657 2657 2657 2659 2659 2659 2659 2658 2658 2658 2658 2659 2659 2659 2659 2660 2660 2660 2660 2658 2658 2658 2658 2661 2661 2661 2661 2662 2662 2662 2662 2663 2663 2663 2663 2664 2664 2664 2664 2661 2661 2661 2661 2663 2663 2663 2663 2663 2663 2663 2663 2665 2665 2665 2665 2664 2664 2664 2664 2665 2665 2665 2665 2666 2666 2666 2666 2664 2664 2664 2664 2666 2666 2666 2666 2665 2665 2665 2665 2667 2667 2667 2667 2665 2665 2665 2665 2668 2668 2668 2668 2667 2667 2667 2667 2668 2668 2668 2668 2669 2669 2669 2669 2667 2667 2667 2667 2669 2669 2669 2669 2670 2670 2670 2670 2667 2667 2667 2667 2670 2670 2670 2670 2669 2669 2669 2669 2671 2671 2671 2671 2669 2669 2669 2669 2672 2672 2672 2672 2671 2671 2671 2671 2672 2672 2672 2672 2673 2673 2673 2673 2671 2671 2671 2671 2673 2673 2673 2673 2674 2674 2674 2674 2671 2671 2671 2671 2674 2674 2674 2674 2673 2673 2673 2673 2675 2675 2675 2675 2673 2673 2673 2673 2676 2676 2676 2676 2675 2675 2675 2675 2677 2677 2677 2677 2675 2675 2675 2675 2676 2676 2676 2676 2678 2678 2678 2678 2677 2677 2677 2677 2676 2676 2676 2676 2677 2677 2677 2677 2678 2678 2678 2678 2679 2679 2679 2679 2680 2680 2680 2680 2677 2677 2677 2677 2679 2679 2679 2679 2681 2681 2681 2681 2680 2680 2680 2680 2679 2679 2679 2679 2682 2682 2682 2682 2681 2681 2681 2681 2679 2679 2679 2679 2683 2683 2683 2683 2684 2684 2684 2684 2685 2685 2685 2685 2686 2686 2686 2686 2683 2683 2683 2683 2685 2685 2685 2685 2685 2685 2685 2685 2687 2687 2687 2687 2686 2686 2686 2686 2687 2687 2687 2687 2688 2688 2688 2688 2686 2686 2686 2686 2688 2688 2688 2688 2687 2687 2687 2687 2689 2689 2689 2689 2687 2687 2687 2687 2690 2690 2690 2690 2689 2689 2689 2689 2690 2690 2690 2690 2691 2691 2691 2691 2689 2689 2689 2689 2691 2691 2691 2691 2692 2692 2692 2692 2689 2689 2689 2689 2692 2692 2692 2692 2691 2691 2691 2691 2693 2693 2693 2693 2691 2691 2691 2691 2694 2694 2694 2694 2693 2693 2693 2693 2694 2694 2694 2694 2695 2695 2695 2695 2693 2693 2693 2693 2695 2695 2695 2695 2696 2696 2696 2696 2693 2693 2693 2693 2696 2696 2696 2696 2695 2695 2695 2695 2697 2697 2697 2697 2695 2695 2695 2695 2698 2698 2698 2698 2697 2697 2697 2697 2699 2699 2699 2699 2697 2697 2697 2697 2698 2698 2698 2698 2700 2700 2700 2700 2699 2699 2699 2699 2698 2698 2698 2698 2699 2699 2699 2699 2700 2700 2700 2700 2701 2701 2701 2701 2702 2702 2702 2702 2699 2699 2699 2699 2701 2701 2701 2701 2703 2703 2703 2703 2702 2702 2702 2702 2701 2701 2701 2701 2704 2704 2704 2704 2703 2703 2703 2703 2701 2701 2701 2701 2705 2705 2705 2705 2706 2706 2706 2706 2707 2707 2707 2707 2706 2706 2706 2706 2708 2708 2708 2708 2707 2707 2707 2707 2707 2707 2707 2707 2708 2708 2708 2708 2709 2709 2709 2709 2708 2708 2708 2708 2710 2710 2710 2710 2709 2709 2709 2709 2710 2710 2710 2710 2711 2711 2711 2711 2709 2709 2709 2709 2710 2710 2710 2710 2712 2712 2712 2712 2711 2711 2711 2711 2712 2712 2712 2712 2713 2713 2713 2713 2711 2711 2711 2711 2713 2713 2713 2713 2712 2712 2712 2712 2714 2714 2714 2714 2715 2715 2715 2715 2713 2713 2713 2713 2714 2714 2714 2714 2716 2716 2716 2716 2715 2715 2715 2715 2714 2714 2714 2714 2717 2717 2717 2717 2718 2718 2718 2718 2719 2719 2719 2719 2720 2720 2720 2720 2717 2717 2717 2717 2719 2719 2719 2719 2720 2720 2720 2720 2719 2719 2719 2719 2721 2721 2721 2721 2722 2722 2722 2722 2720 2720 2720 2720 2721 2721 2721 2721 2723 2723 2723 2723 2722 2722 2722 2722 2721 2721 2721 2721 2724 2724 2724 2724 2723 2723 2723 2723 2721 2721 2721 2721 2723 2723 2723 2723 2724 2724 2724 2724 2725 2725 2725 2725 2726 2726 2726 2726 2723 2723 2723 2723 2725 2725 2725 2725 2727 2727 2727 2727 2726 2726 2726 2726 2725 2725 2725 2725 2728 2728 2728 2728 2727 2727 2727 2727 2725 2725 2725 2725 2727 2727 2727 2727 2728 2728 2728 2728 2729 2729 2729 2729 2730 2730 2730 2730 2727 2727 2727 2727 2729 2729 2729 2729 2731 2731 2731 2731 2730 2730 2730 2730 2729 2729 2729 2729 2732 2732 2732 2732 2731 2731 2731 2731 2729 2729 2729 2729 2731 2731 2731 2731 2732 2732 2732 2732 2733 2733 2733 2733 2734 2734 2734 2734 2731 2731 2731 2731 2733 2733 2733 2733 2735 2735 2735 2735 2734 2734 2734 2734 2733 2733 2733 2733 2736 2736 2736 2736 2735 2735 2735 2735 2733 2733 2733 2733 2737 2737 2737 2737 2735 2735 2735 2735 2736 2736 2736 2736 2738 2738 2738 2738 2737 2737 2737 2737 2736 2736 2736 2736 2739 2739 2739 2739 2737 2737 2737 2737 2738 2738 2738 2738 2740 2740 2740 2740 2739 2739 2739 2739 2738 2738 2738 2738 2739 2739 2739 2739 2740 2740 2740 2740 2741 2741 2741 2741 2740 2740 2740 2740 2742 2742 2742 2742 2741 2741 2741 2741 2743 2743 2743 2743 2744 2744 2744 2744 2745 2745 2745 2745 2746 2746 2746 2746 2743 2743 2743 2743 2745 2745 2745 2745 2746 2746 2746 2746 2745 2745 2745 2745 2747 2747 2747 2747 2748 2748 2748 2748 2749 2749 2749 2749 2750 2750 2750 2750 2749 2749 2749 2749 2751 2751 2751 2751 2750 2750 2750 2750 2750 2750 2750 2750 2751 2751 2751 2751 2752 2752 2752 2752 2751 2751 2751 2751 2753 2753 2753 2753 2752 2752 2752 2752 2752 2752 2752 2752 2753 2753 2753 2753 2754 2754 2754 2754 2753 2753 2753 2753 2755 2755 2755 2755 2754 2754 2754 2754 2754 2754 2754 2754 2755 2755 2755 2755 2756 2756 2756 2756 2755 2755 2755 2755 2757 2757 2757 2757 2756 2756 2756 2756 2758 2758 2758 2758 2759 2759 2759 2759 2760 2760 2760 2760 2759 2759 2759 2759 2761 2761 2761 2761 2760 2760 2760 2760 2760 2760 2760 2760 2761 2761 2761 2761 2762 2762 2762 2762 2761 2761 2761 2761 2763 2763 2763 2763 2762 2762 2762 2762 2762 2762 2762 2762 2763 2763 2763 2763 2764 2764 2764 2764 2765 2765 2765 2765 2766 2766 2766 2766 2767 2767 2767 2767 2768 2768 2768 2768 2765 2765 2765 2765 2767 2767 2767 2767 2768 2768 2768 2768 2767 2767 2767 2767 2769 2769 2769 2769 2770 2770 2770 2770 2768 2768 2768 2768 2769 2769 2769 2769 2771 2771 2771 2771 2770 2770 2770 2770 2769 2769 2769 2769 2772 2772 2772 2772 2770 2770 2770 2770 2771 2771 2771 2771 2770 2770 2770 2770 2772 2772 2772 2772 2773 2773 2773 2773 2774 2774 2774 2774 2770 2770 2770 2770 2773 2773 2773 2773 2775 2775 2775 2775 2776 2776 2776 2776 2777 2777 2777 2777 2778 2778 2778 2778 2775 2775 2775 2775 2777 2777 2777 2777 2777 2777 2777 2777 2779 2779 2779 2779 2778 2778 2778 2778 2780 2780 2780 2780 2781 2781 2781 2781 2782 2782 2782 2782 2781 2781 2781 2781 2783 2783 2783 2783 2782 2782 2782 2782 2784 2784 2784 2784 2782 2782 2782 2782 2783 2783 2783 2783 2785 2785 2785 2785 2784 2784 2784 2784 2783 2783 2783 2783 2784 2784 2784 2784 2785 2785 2785 2785 2786 2786 2786 2786 2785 2785 2785 2785 2787 2787 2787 2787 2786 2786 2786 2786 2788 2788 2788 2788 2789 2789 2789 2789 2790 2790 2790 2790 2789 2789 2789 2789 2791 2791 2791 2791 2790 2790 2790 2790 2792 2792 2792 2792 2790 2790 2790 2790 2791 2791 2791 2791 2793 2793 2793 2793 2792 2792 2792 2792 2791 2791 2791 2791 2793 2793 2793 2793 2794 2794 2794 2794 2792 2792 2792 2792 2795 2795 2795 2795 2794 2794 2794 2794 2793 2793 2793 2793 2795 2795 2795 2795 2793 2793 2793 2793 2796 2796 2796 2796 2793 2793 2793 2793 2797 2797 2797 2797 2796 2796 2796 2796 2798 2798 2798 2798 2799 2799 2799 2799 2800 2800 2800 2800 2799 2799 2799 2799 2801 2801 2801 2801 2800 2800 2800 2800 2800 2800 2800 2800 2801 2801 2801 2801 2802 2802 2802 2802 2801 2801 2801 2801 2803 2803 2803 2803 2802 2802 2802 2802 2802 2802 2802 2802 2803 2803 2803 2803 2804 2804 2804 2804 2803 2803 2803 2803 2805 2805 2805 2805 2804 2804 2804 2804 2806 2806 2806 2806 2807 2807 2807 2807 2808 2808 2808 2808 2809 2809 2809 2809 2806 2806 2806 2806 2808 2808 2808 2808 2809 2809 2809 2809 2808 2808 2808 2808 2810 2810 2810 2810 2811 2811 2811 2811 2809 2809 2809 2809 2810 2810 2810 2810 2811 2811 2811 2811 2810 2810 2810 2810 2812 2812 2812 2812 2813 2813 2813 2813 2811 2811 2811 2811 2812 2812 2812 2812 2814 2814 2814 2814 2815 2815 2815 2815 2816 2816 2816 2816 2815 2815 2815 2815 2817 2817 2817 2817 2816 2816 2816 2816 2816 2816 2816 2816 2817 2817 2817 2817 2818 2818 2818 2818 2817 2817 2817 2817 2819 2819 2819 2819 2818 2818 2818 2818 2818 2818 2818 2818 2819 2819 2819 2819 2820 2820 2820 2820 2819 2819 2819 2819 2821 2821 2821 2821 2820 2820 2820 2820 2820 2820 2820 2820 2821 2821 2821 2821 2822 2822 2822 2822 2821 2821 2821 2821 2823 2823 2823 2823 2822 2822 2822 2822 2822 2822 2822 2822 2823 2823 2823 2823 2824 2824 2824 2824 2823 2823 2823 2823 2825 2825 2825 2825 2824 2824 2824 2824 2825 2825 2825 2825 2826 2826 2826 2826 2824 2824 2824 2824 2826 2826 2826 2826 2827 2827 2827 2827 2824 2824 2824 2824 2828 2828 2828 2828 2829 2829 2829 2829 2830 2830 2830 2830 2831 2831 2831 2831 2828 2828 2828 2828 2830 2830 2830 2830 2831 2831 2831 2831 2830 2830 2830 2830 2832 2832 2832 2832 2833 2833 2833 2833 2831 2831 2831 2831 2832 2832 2832 2832 2834 2834 2834 2834 2833 2833 2833 2833 2832 2832 2832 2832 2835 2835 2835 2835 2834 2834 2834 2834 2832 2832 2832 2832 2836 2836 2836 2836 2837 2837 2837 2837 2838 2838 2838 2838 2839 2839 2839 2839 2836 2836 2836 2836 2838 2838 2838 2838 2839 2839 2839 2839 2838 2838 2838 2838 2840 2840 2840 2840 2841 2841 2841 2841 2839 2839 2839 2839 2842 2842 2842 2842 2839 2839 2839 2839 2843 2843 2843 2843 2842 2842 2842 2842 2843 2843 2843 2843 2839 2839 2839 2839 2844 2844 2844 2844 2844 2844 2844 2844 2839 2839 2839 2839 2840 2840 2840 2840 2845 2845 2845 2845 2843 2843 2843 2843 2844 2844 2844 2844 2846 2846 2846 2846 2845 2845 2845 2845 2844 2844 2844 2844 2847 2847 2847 2847 2844 2844 2844 2844 2840 2840 2840 2840 2848 2848 2848 2848 2846 2846 2846 2846 2844 2844 2844 2844 2849 2849 2849 2849 2847 2847 2847 2847 2840 2840 2840 2840 2850 2850 2850 2850 2846 2846 2846 2846 2848 2848 2848 2848 2851 2851 2851 2851 2847 2847 2847 2847 2849 2849 2849 2849 2852 2852 2852 2852 2850 2850 2850 2850 2848 2848 2848 2848 2853 2853 2853 2853 2851 2851 2851 2851 2849 2849 2849 2849 2854 2854 2854 2854 2850 2850 2850 2850 2852 2852 2852 2852 2855 2855 2855 2855 2854 2854 2854 2854 2852 2852 2852 2852 2856 2856 2856 2856 2851 2851 2851 2851 2853 2853 2853 2853 2857 2857 2857 2857 2856 2856 2856 2856 2853 2853 2853 2853 2858 2858 2858 2858 2859 2859 2859 2859 2860 2860 2860 2860 2859 2859 2859 2859 2861 2861 2861 2861 2860 2860 2860 2860 2860 2860 2860 2860 2861 2861 2861 2861 2862 2862 2862 2862 2861 2861 2861 2861 2863 2863 2863 2863 2862 2862 2862 2862 2862 2862 2862 2862 2863 2863 2863 2863 2864 2864 2864 2864 2865 2865 2865 2865 2862 2862 2862 2862 2864 2864 2864 2864 2866 2866 2866 2866 2867 2867 2867 2867 2868 2868 2868 2868 2867 2867 2867 2867 2869 2869 2869 2869 2868 2868 2868 2868 2870 2870 2870 2870 2868 2868 2868 2868 2869 2869 2869 2869 2871 2871 2871 2871 2870 2870 2870 2870 2869 2869 2869 2869 2870 2870 2870 2870 2871 2871 2871 2871 2872 2872 2872 2872 2873 2873 2873 2873 2870 2870 2870 2870 2872 2872 2872 2872 2874 2874 2874 2874 2875 2875 2875 2875 2876 2876 2876 2876 2877 2877 2877 2877 2874 2874 2874 2874 2876 2876 2876 2876 2877 2877 2877 2877 2876 2876 2876 2876 2878 2878 2878 2878 2879 2879 2879 2879 2877 2877 2877 2877 2878 2878 2878 2878 2880 2880 2880 2880 2879 2879 2879 2879 2878 2878 2878 2878 2881 2881 2881 2881 2880 2880 2880 2880 2878 2878 2878 2878 2882 2882 2882 2882 2883 2883 2883 2883 2884 2884 2884 2884 2883 2883 2883 2883 2885 2885 2885 2885 2884 2884 2884 2884 2884 2884 2884 2884 2885 2885 2885 2885 2886 2886 2886 2886 2885 2885 2885 2885 2887 2887 2887 2887 2886 2886 2886 2886 2886 2886 2886 2886 2887 2887 2887 2887 2888 2888 2888 2888 2889 2889 2889 2889 2886 2886 2886 2886 2888 2888 2888 2888 2890 2890 2890 2890 2891 2891 2891 2891 2892 2892 2892 2892 2893 2893 2893 2893 2890 2890 2890 2890 2892 2892 2892 2892 2893 2893 2893 2893 2892 2892 2892 2892 2894 2894 2894 2894 2895 2895 2895 2895 2893 2893 2893 2893 2894 2894 2894 2894 2895 2895 2895 2895 2894 2894 2894 2894 2896 2896 2896 2896 2897 2897 2897 2897 2895 2895 2895 2895 2896 2896 2896 2896 2897 2897 2897 2897 2896 2896 2896 2896 2898 2898 2898 2898 2899 2899 2899 2899 2897 2897 2897 2897 2898 2898 2898 2898 2900 2900 2900 2900 2901 2901 2901 2901 2902 2902 2902 2902 2903 2903 2903 2903 2900 2900 2900 2900 2902 2902 2902 2902 2903 2903 2903 2903 2902 2902 2902 2902 2904 2904 2904 2904 2905 2905 2905 2905 2903 2903 2903 2903 2904 2904 2904 2904 2906 2906 2906 2906 2904 2904 2904 2904 2907 2907 2907 2907 2908 2908 2908 2908 2906 2906 2906 2906 2907 2907 2907 2907 2907 2907 2907 2907 2909 2909 2909 2909 2908 2908 2908 2908 2909 2909 2909 2909 2910 2910 2910 2910 2908 2908 2908 2908 1754 1754 1754 1754 2909 2909 2909 2909 2911 2911 2911 2911 2909 2909 2909 2909 2912 2912 2912 2912 2911 2911 2911 2911 2912 2912 2912 2912 2913 2913 2913 2913 2911 2911 2911 2911 2913 2913 2913 2913 2914 2914 2914 2914 2911 2911 2911 2911 2915 2915 2915 2915 2916 2916 2916 2916 2917 2917 2917 2917 2916 2916 2916 2916 2918 2918 2918 2918 2917 2917 2917 2917 2917 2917 2917 2917 2919 2919 2919 2919 2920 2920 2920 2920 2919 2919 2919 2919 2921 2921 2921 2921 2920 2920 2920 2920 2920 2920 2920 2920 2922 2922 2922 2922 2923 2923 2923 2923 2922 2922 2922 2922 2924 2924 2924 2924 2923 2923 2923 2923 2923 2923 2923 2923 2924 2924 2924 2924 2925 2925 2925 2925 2926 2926 2926 2926 2923 2923 2923 2923 2925 2925 2925 2925 1803 1803 1803 1803 2927 2927 2927 2927 2926 2926 2926 2926 2927 2927 2927 2927 2928 2928 2928 2928 2926 2926 2926 2926 2929 2929 2929 2929 2928 2928 2928 2928 2927 2927 2927 2927 2930 2930 2930 2930 2929 2929 2929 2929 2927 2927 2927 2927 2931 2931 2931 2931 2932 2932 2932 2932 2933 2933 2933 2933 2934 2934 2934 2934 2931 2931 2931 2931 2933 2933 2933 2933 2934 2934 2934 2934 2933 2933 2933 2933 2935 2935 2935 2935 2936 2936 2936 2936 2934 2934 2934 2934 2935 2935 2935 2935 2936 2936 2936 2936 2935 2935 2935 2935 2937 2937 2937 2937 2938 2938 2938 2938 2936 2936 2936 2936 2937 2937 2937 2937 2939 2939 2939 2939 2940 2940 2940 2940 2941 2941 2941 2941 2940 2940 2940 2940 2942 2942 2942 2942 2941 2941 2941 2941 2941 2941 2941 2941 2942 2942 2942 2942 2943 2943 2943 2943 2942 2942 2942 2942 2944 2944 2944 2944 2943 2943 2943 2943 2943 2943 2943 2943 2944 2944 2944 2944 2945 2945 2945 2945 2944 2944 2944 2944 2946 2946 2946 2946 2945 2945 2945 2945 2947 2947 2947 2947 2945 2945 2945 2945 2946 2946 2946 2946 2948 2948 2948 2948 2947 2947 2947 2947 2946 2946 2946 2946 2947 2947 2947 2947 2948 2948 2948 2948 2949 2949 2949 2949 2950 2950 2950 2950 2947 2947 2947 2947 2949 2949 2949 2949 2951 2951 2951 2951 2952 2952 2952 2952 2953 2953 2953 2953 2952 2952 2952 2952 2954 2954 2954 2954 2953 2953 2953 2953 2953 2953 2953 2953 2955 2955 2955 2955 2956 2956 2956 2956 2955 2955 2955 2955 2957 2957 2957 2957 2956 2956 2956 2956 2955 2955 2955 2955 2958 2958 2958 2958 2959 2959 2959 2959 2958 2958 2958 2958 2960 2960 2960 2960 2959 2959 2959 2959 2958 2958 2958 2958 2961 2961 2961 2961 2960 2960 2960 2960 2961 2961 2961 2961 2962 2962 2962 2962 2960 2960 2960 2960 2961 2961 2961 2961 2963 2963 2963 2963 2962 2962 2962 2962 2963 2963 2963 2963 2964 2964 2964 2964 2962 2962 2962 2962 2965 2965 2965 2965 2966 2966 2966 2966 2967 2967 2967 2967 2966 2966 2966 2966 2968 2968 2968 2968 2967 2967 2967 2967 2969 2969 2969 2969 2967 2967 2967 2967 2968 2968 2968 2968 2970 2970 2970 2970 2969 2969 2969 2969 2968 2968 2968 2968 2969 2969 2969 2969 2970 2970 2970 2970 2971 2971 2971 2971 2972 2972 2972 2972 2969 2969 2969 2969 2971 2971 2971 2971 2973 2973 2973 2973 2974 2974 2974 2974 2975 2975 2975 2975 2974 2974 2974 2974 2976 2976 2976 2976 2975 2975 2975 2975 2975 2975 2975 2975 2976 2976 2976 2976 2977 2977 2977 2977 2976 2976 2976 2976 2978 2978 2978 2978 2977 2977 2977 2977 2978 2978 2978 2978 2979 2979 2979 2979 2977 2977 2977 2977 2979 2979 2979 2979 2980 2980 2980 2980 2977 2977 2977 2977 2981 2981 2981 2981 2982 2982 2982 2982 2983 2983 2983 2983 2982 2982 2982 2982 2984 2984 2984 2984 2983 2983 2983 2983 2983 2983 2983 2983 2985 2985 2985 2985 2986 2986 2986 2986 2985 2985 2985 2985 2987 2987 2987 2987 2986 2986 2986 2986 2986 2986 2986 2986 2988 2988 2988 2988 2989 2989 2989 2989 2988 2988 2988 2988 2990 2990 2990 2990 2989 2989 2989 2989 2991 2991 2991 2991 2989 2989 2989 2989 2990 2990 2990 2990 2992 2992 2992 2992 2991 2991 2991 2991 2990 2990 2990 2990 2991 2991 2991 2991 2992 2992 2992 2992 2993 2993 2993 2993 2994 2994 2994 2994 2991 2991 2991 2991 2993 2993 2993 2993 2995 2995 2995 2995 2996 2996 2996 2996 2997 2997 2997 2997 2996 2996 2996 2996 2998 2998 2998 2998 2997 2997 2997 2997 2997 2997 2997 2997 2998 2998 2998 2998 2999 2999 2999 2999 2998 2998 2998 2998 3000 3000 3000 3000 2999 2999 2999 2999 2999 2999 2999 2999 3000 3000 3000 3000 3001 3001 3001 3001 3000 3000 3000 3000 3002 3002 3002 3002 3001 3001 3001 3001 3003 3003 3003 3003 3001 3001 3001 3001 3002 3002 3002 3002 3004 3004 3004 3004 3003 3003 3003 3003 3002 3002 3002 3002 3005 3005 3005 3005 3003 3003 3003 3003 3004 3004 3004 3004 3006 3006 3006 3006 3005 3005 3005 3005 3004 3004 3004 3004 3007 3007 3007 3007 3005 3005 3005 3005 3006 3006 3006 3006 3008 3008 3008 3008 3007 3007 3007 3007 3006 3006 3006 3006 3007 3007 3007 3007 3008 3008 3008 3008 3009 3009 3009 3009 3008 3008 3008 3008 3010 3010 3010 3010 3009 3009 3009 3009 3010 3010 3010 3010 3011 3011 3011 3011 3009 3009 3009 3009 3011 3011 3011 3011 3012 3012 3012 3012 3009 3009 3009 3009 3012 3012 3012 3012 3011 3011 3011 3011 3013 3013 3013 3013 3014 3014 3014 3014 3015 3015 3015 3015 3016 3016 3016 3016 3015 3015 3015 3015 3017 3017 3017 3017 3016 3016 3016 3016 3018 3018 3018 3018 3016 3016 3016 3016 3017 3017 3017 3017 3019 3019 3019 3019 3018 3018 3018 3018 3017 3017 3017 3017 3020 3020 3020 3020 3018 3018 3018 3018 3019 3019 3019 3019 3021 3021 3021 3021 3020 3020 3020 3020 3019 3019 3019 3019 3022 3022 3022 3022 3020 3020 3020 3020 3021 3021 3021 3021 3023 3023 3023 3023 3022 3022 3022 3022 3021 3021 3021 3021 3024 3024 3024 3024 3022 3022 3022 3022 3023 3023 3023 3023 3025 3025 3025 3025 3024 3024 3024 3024 3023 3023 3023 3023 3026 3026 3026 3026 3024 3024 3024 3024 3025 3025 3025 3025 3027 3027 3027 3027 3026 3026 3026 3026 3025 3025 3025 3025 3028 3028 3028 3028 3026 3026 3026 3026 3027 3027 3027 3027 3029 3029 3029 3029 3028 3028 3028 3028 3027 3027 3027 3027 3030 3030 3030 3030 3028 3028 3028 3028 3029 3029 3029 3029 3031 3031 3031 3031 3030 3030 3030 3030 3029 3029 3029 3029 3032 3032 3032 3032 3030 3030 3030 3030 3031 3031 3031 3031 3033 3033 3033 3033 3032 3032 3032 3032 3031 3031 3031 3031 3034 3034 3034 3034 3035 3035 3035 3035 3036 3036 3036 3036 3035 3035 3035 3035 3037 3037 3037 3037 3036 3036 3036 3036 3036 3036 3036 3036 3037 3037 3037 3037 3038 3038 3038 3038 3037 3037 3037 3037 3039 3039 3039 3039 3038 3038 3038 3038 3038 3038 3038 3038 3039 3039 3039 3039 3040 3040 3040 3040 3039 3039 3039 3039 3041 3041 3041 3041 3040 3040 3040 3040 3040 3040 3040 3040 3041 3041 3041 3041 3042 3042 3042 3042 3041 3041 3041 3041 3043 3043 3043 3043 3042 3042 3042 3042 3042 3042 3042 3042 3043 3043 3043 3043 3044 3044 3044 3044 3043 3043 3043 3043 3045 3045 3045 3045 3044 3044 3044 3044 3044 3044 3044 3044 3045 3045 3045 3045 3046 3046 3046 3046 3045 3045 3045 3045 3047 3047 3047 3047 3046 3046 3046 3046 3046 3046 3046 3046 3047 3047 3047 3047 3048 3048 3048 3048 3047 3047 3047 3047 3049 3049 3049 3049 3048 3048 3048 3048 3048 3048 3048 3048 3049 3049 3049 3049 3050 3050 3050 3050 3049 3049 3049 3049 3051 3051 3051 3051 3050 3050 3050 3050 3050 3050 3050 3050 3051 3051 3051 3051 3052 3052 3052 3052 3051 3051 3051 3051 3053 3053 3053 3053 3052 3052 3052 3052 3054 3054 3054 3054 3055 3055 3055 3055 3056 3056 3056 3056 3057 3057 3057 3057 3054 3054 3054 3054 3056 3056 3056 3056 3057 3057 3057 3057 3056 3056 3056 3056 3058 3058 3058 3058 3059 3059 3059 3059 3057 3057 3057 3057 3058 3058 3058 3058 3059 3059 3059 3059 3058 3058 3058 3058 3060 3060 3060 3060 3061 3061 3061 3061 3059 3059 3059 3059 3060 3060 3060 3060 3062 3062 3062 3062 3063 3063 3063 3063 3064 3064 3064 3064 3063 3063 3063 3063 3065 3065 3065 3065 3064 3064 3064 3064 3066 3066 3066 3066 3064 3064 3064 3064 3067 3067 3067 3067 3068 3068 3068 3068 3066 3066 3066 3066 3067 3067 3067 3067 3068 3068 3068 3068 3069 3069 3069 3069 3070 3070 3070 3070 3071 3071 3071 3071 3068 3068 3068 3068 3070 3070 3070 3070 3072 3072 3072 3072 3073 3073 3073 3073 3074 3074 3074 3074 3073 3073 3073 3073 3075 3075 3075 3075 3074 3074 3074 3074 3074 3074 3074 3074 3075 3075 3075 3075 3076 3076 3076 3076 3077 3077 3077 3077 3078 3078 3078 3078 3079 3079 3079 3079 3078 3078 3078 3078 3080 3080 3080 3080 3079 3079 3079 3079 3079 3079 3079 3079 3080 3080 3080 3080 3081 3081 3081 3081 3082 3082 3082 3082 3083 3083 3083 3083 3084 3084 3084 3084 3083 3083 3083 3083 3085 3085 3085 3085 3084 3084 3084 3084 3084 3084 3084 3084 3085 3085 3085 3085 3086 3086 3086 3086 3085 3085 3085 3085 3087 3087 3087 3087 3086 3086 3086 3086 3088 3088 3088 3088 3089 3089 3089 3089 3090 3090 3090 3090 3089 3089 3089 3089 3091 3091 3091 3091 3090 3090 3090 3090 3090 3090 3090 3090 3091 3091 3091 3091 3092 3092 3092 3092 3091 3091 3091 3091 3093 3093 3093 3093 3092 3092 3092 3092 3094 3094 3094 3094 3095 3095 3095 3095 3096 3096 3096 3096 3097 3097 3097 3097 3095 3095 3095 3095 3094 3094 3094 3094 3098 3098 3098 3098 3097 3097 3097 3097 3094 3094 3094 3094 3099 3099 3099 3099 3097 3097 3097 3097 3098 3098 3098 3098 3100 3100 3100 3100 3101 3101 3101 3101 3102 3102 3102 3102 3101 3101 3101 3101 3100 3100 3100 3100 3103 3103 3103 3103 3104 3104 3104 3104 3101 3101 3101 3101 3103 3103 3103 3103 3103 3103 3103 3103 3105 3105 3105 3105 3104 3104 3104 3104 3106 3106 3106 3106 3107 3107 3107 3107 3108 3108 3108 3108 3109 3109 3109 3109 3107 3107 3107 3107 3106 3106 3106 3106 3110 3110 3110 3110 3109 3109 3109 3109 3106 3106 3106 3106 3111 3111 3111 3111 3109 3109 3109 3109 3110 3110 3110 3110 3112 3112 3112 3112 3113 3113 3113 3113 3114 3114 3114 3114 3113 3113 3113 3113 3112 3112 3112 3112 3115 3115 3115 3115 3116 3116 3116 3116 3113 3113 3113 3113 3115 3115 3115 3115 3115 3115 3115 3115 3117 3117 3117 3117 3116 3116 3116 3116 3118 3118 3118 3118 3119 3119 3119 3119 3120 3120 3120 3120 3121 3121 3121 3121 3119 3119 3119 3119 3118 3118 3118 3118 3122 3122 3122 3122 3121 3121 3121 3121 3118 3118 3118 3118 3123 3123 3123 3123 3121 3121 3121 3121 3122 3122 3122 3122 3124 3124 3124 3124 3125 3125 3125 3125 3126 3126 3126 3126 3125 3125 3125 3125 3124 3124 3124 3124 3127 3127 3127 3127 3128 3128 3128 3128 3125 3125 3125 3125 3127 3127 3127 3127 3127 3127 3127 3127 3129 3129 3129 3129 3128 3128 3128 3128 3130 3130 3130 3130 3131 3131 3131 3131 3132 3132 3132 3132 3131 3131 3131 3131 3133 3133 3133 3133 3132 3132 3132 3132 3131 3131 3131 3131 3134 3134 3134 3134 3133 3133 3133 3133 3134 3134 3134 3134 3135 3135 3135 3135 3133 3133 3133 3133 3135 3135 3135 3135 3134 3134 3134 3134 3136 3136 3136 3136 3134 3134 3134 3134 3137 3137 3137 3137 3136 3136 3136 3136 3137 3137 3137 3137 3138 3138 3138 3138 3136 3136 3136 3136 3138 3138 3138 3138 3139 3139 3139 3139 3136 3136 3136 3136 3139 3139 3139 3139 3138 3138 3138 3138 3140 3140 3140 3140 3138 3138 3138 3138 3141 3141 3141 3141 3140 3140 3140 3140 3141 3141 3141 3141 3142 3142 3142 3142 3140 3140 3140 3140 3142 3142 3142 3142 3143 3143 3143 3143 3140 3140 3140 3140 3142 3142 3142 3142 3144 3144 3144 3144 3143 3143 3143 3143 3144 3144 3144 3144 3145 3145 3145 3145 3143 3143 3143 3143 3144 3144 3144 3144 3146 3146 3146 3146 3145 3145 3145 3145 3146 3146 3146 3146 3147 3147 3147 3147 3145 3145 3145 3145 3147 3147 3147 3147 3146 3146 3146 3146 3148 3148 3148 3148 3146 3146 3146 3146 3149 3149 3149 3149 3148 3148 3148 3148 3150 3150 3150 3150 3151 3151 3151 3151 3152 3152 3152 3152 3153 3153 3153 3153 3150 3150 3150 3150 3152 3152 3152 3152 3154 3154 3154 3154 3150 3150 3150 3150 3153 3153 3153 3153 3155 3155 3155 3155 3154 3154 3154 3154 3153 3153 3153 3153 3156 3156 3156 3156 3154 3154 3154 3154 3155 3155 3155 3155 3157 3157 3157 3157 3156 3156 3156 3156 3155 3155 3155 3155 3158 3158 3158 3158 3156 3156 3156 3156 3157 3157 3157 3157 3159 3159 3159 3159 3158 3158 3158 3158 3157 3157 3157 3157 3160 3160 3160 3160 3158 3158 3158 3158 3159 3159 3159 3159 3161 3161 3161 3161 3160 3160 3160 3160 3159 3159 3159 3159 3162 3162 3162 3162 3160 3160 3160 3160 3161 3161 3161 3161 3163 3163 3163 3163 3162 3162 3162 3162 3161 3161 3161 3161 3164 3164 3164 3164 3162 3162 3162 3162 3163 3163 3163 3163 3165 3165 3165 3165 3164 3164 3164 3164 3163 3163 3163 3163 3166 3166 3166 3166 3164 3164 3164 3164 3165 3165 3165 3165 3167 3167 3167 3167 3166 3166 3166 3166 3165 3165 3165 3165 3166 3166 3166 3166 3167 3167 3167 3167 3168 3168 3168 3168 3169 3169 3169 3169 3166 3166 3166 3166 3168 3168 3168 3168 3170 3170 3170 3170 3171 3171 3171 3171 3172 3172 3172 3172 3172 3172 3172 3172 3171 3171 3171 3171 3173 3173 3173 3173 3171 3171 3171 3171 3174 3174 3174 3174 3173 3173 3173 3173 3173 3173 3173 3173 3174 3174 3174 3174 3175 3175 3175 3175 3174 3174 3174 3174 3176 3176 3176 3176 3175 3175 3175 3175 3175 3175 3175 3175 3176 3176 3176 3176 3177 3177 3177 3177 3176 3176 3176 3176 3178 3178 3178 3178 3177 3177 3177 3177 3179 3179 3179 3179 3177 3177 3177 3177 3178 3178 3178 3178 3180 3180 3180 3180 3179 3179 3179 3179 3178 3178 3178 3178 3181 3181 3181 3181 3179 3179 3179 3179 3180 3180 3180 3180 3182 3182 3182 3182 3183 3183 3183 3183 3184 3184 3184 3184 3185 3185 3185 3185 3183 3183 3183 3183 3182 3182 3182 3182 3186 3186 3186 3186 3185 3185 3185 3185 3182 3182 3182 3182 3186 3186 3186 3186 3187 3187 3187 3187 3185 3185 3185 3185 3187 3187 3187 3187 3188 3188 3188 3188 3185 3185 3185 3185 3188 3188 3188 3188 3187 3187 3187 3187 3189 3189 3189 3189 3187 3187 3187 3187 3190 3190 3190 3190 3189 3189 3189 3189 3190 3190 3190 3190 3191 3191 3191 3191 3189 3189 3189 3189 3191 3191 3191 3191 3192 3192 3192 3192 3189 3189 3189 3189 3193 3193 3193 3193 3194 3194 3194 3194 3195 3195 3195 3195 3195 3195 3195 3195 3194 3194 3194 3194 3196 3196 3196 3196 3196 3196 3196 3196 3194 3194 3194 3194 3197 3197 3197 3197 3196 3196 3196 3196 3197 3197 3197 3197 3198 3198 3198 3198 3197 3197 3197 3197 3199 3199 3199 3199 3198 3198 3198 3198 3199 3199 3199 3199 3200 3200 3200 3200 3198 3198 3198 3198 3200 3200 3200 3200 3201 3201 3201 3201 3198 3198 3198 3198 3201 3201 3201 3201 3200 3200 3200 3200 3202 3202 3202 3202 3203 3203 3203 3203 3201 3201 3201 3201 3202 3202 3202 3202 3204 3204 3204 3204 3203 3203 3203 3203 3202 3202 3202 3202 3205 3205 3205 3205 3204 3204 3204 3204 3202 3202 3202 3202 3204 3204 3204 3204 3205 3205 3205 3205 3206 3206 3206 3206 3207 3207 3207 3207 3204 3204 3204 3204 3206 3206 3206 3206 3208 3208 3208 3208 3207 3207 3207 3207 3206 3206 3206 3206 3209 3209 3209 3209 3208 3208 3208 3208 3206 3206 3206 3206 3208 3208 3208 3208 3209 3209 3209 3209 3210 3210 3210 3210 3211 3211 3211 3211 3208 3208 3208 3208 3210 3210 3210 3210 3212 3212 3212 3212 3211 3211 3211 3211 3210 3210 3210 3210 3213 3213 3213 3213 3212 3212 3212 3212 3210 3210 3210 3210 3212 3212 3212 3212 3213 3213 3213 3213 3214 3214 3214 3214 3213 3213 3213 3213 3215 3215 3215 3215 3214 3214 3214 3214 3216 3216 3216 3216 3217 3217 3217 3217 3218 3218 3218 3218 3219 3219 3219 3219 3216 3216 3216 3216 3218 3218 3218 3218 3216 3216 3216 3216 3219 3219 3219 3219 3220 3220 3220 3220 3219 3219 3219 3219 3221 3221 3221 3221 3220 3220 3220 3220 3221 3221 3221 3221 3222 3222 3222 3222 3220 3220 3220 3220 3222 3222 3222 3222 3223 3223 3223 3223 3220 3220 3220 3220 3223 3223 3223 3223 3222 3222 3222 3222 3224 3224 3224 3224 3222 3222 3222 3222 3225 3225 3225 3225 3224 3224 3224 3224 3225 3225 3225 3225 3226 3226 3226 3226 3224 3224 3224 3224 3226 3226 3226 3226 3227 3227 3227 3227 3224 3224 3224 3224 3227 3227 3227 3227 3226 3226 3226 3226 3228 3228 3228 3228 3226 3226 3226 3226 3229 3229 3229 3229 3228 3228 3228 3228 3229 3229 3229 3229 3230 3230 3230 3230 3228 3228 3228 3228 3230 3230 3230 3230 3231 3231 3231 3231 3228 3228 3228 3228 3231 3231 3231 3231 3230 3230 3230 3230 3232 3232 3232 3232 3233 3233 3233 3233 3231 3231 3231 3231 3232 3232 3232 3232 3234 3234 3234 3234 3233 3233 3233 3233 3232 3232 3232 3232 3235 3235 3235 3235 3234 3234 3234 3234 3232 3232 3232 3232 3234 3234 3234 3234 3235 3235 3235 3235 3236 3236 3236 3236 3237 3237 3237 3237 3234 3234 3234 3234 3236 3236 3236 3236 3238 3238 3238 3238 3239 3239 3239 3239 3240 3240 3240 3240 3241 3241 3241 3241 3238 3238 3238 3238 3240 3240 3240 3240 3238 3238 3238 3238 3241 3241 3241 3241 3242 3242 3242 3242 3241 3241 3241 3241 3243 3243 3243 3243 3242 3242 3242 3242 3243 3243 3243 3243 3244 3244 3244 3244 3242 3242 3242 3242 3244 3244 3244 3244 3245 3245 3245 3245 3242 3242 3242 3242 3245 3245 3245 3245 3244 3244 3244 3244 3246 3246 3246 3246 3244 3244 3244 3244 3247 3247 3247 3247 3246 3246 3246 3246 3247 3247 3247 3247 3248 3248 3248 3248 3246 3246 3246 3246 3248 3248 3248 3248 3249 3249 3249 3249 3246 3246 3246 3246 3249 3249 3249 3249 3248 3248 3248 3248 3250 3250 3250 3250 3248 3248 3248 3248 3251 3251 3251 3251 3250 3250 3250 3250 3251 3251 3251 3251 3252 3252 3252 3252 3250 3250 3250 3250 3252 3252 3252 3252 3253 3253 3253 3253 3250 3250 3250 3250 3253 3253 3253 3253 3252 3252 3252 3252 3254 3254 3254 3254 3255 3255 3255 3255 3253 3253 3253 3253 3254 3254 3254 3254 3256 3256 3256 3256 3255 3255 3255 3255 3254 3254 3254 3254 3257 3257 3257 3257 3256 3256 3256 3256 3254 3254 3254 3254 3256 3256 3256 3256 3257 3257 3257 3257 3258 3258 3258 3258 3259 3259 3259 3259 3256 3256 3256 3256 3258 3258 3258 3258 3260 3260 3260 3260 3261 3261 3261 3261 3262 3262 3262 3262 3260 3260 3260 3260 3262 3262 3262 3262 3263 3263 3263 3263 3264 3264 3264 3264 3260 3260 3260 3260 3263 3263 3263 3263 3264 3264 3264 3264 3263 3263 3263 3263 3265 3265 3265 3265 3263 3263 3263 3263 3266 3266 3266 3266 3265 3265 3265 3265 3266 3266 3266 3266 3267 3267 3267 3267 3265 3265 3265 3265 3267 3267 3267 3267 3268 3268 3268 3268 3265 3265 3265 3265 3268 3268 3268 3268 3267 3267 3267 3267 3269 3269 3269 3269 3267 3267 3267 3267 3270 3270 3270 3270 3269 3269 3269 3269 3271 3271 3271 3271 3272 3272 3272 3272 3273 3273 3273 3273 3272 3272 3272 3272 3274 3274 3274 3274 3273 3273 3273 3273 3272 3272 3272 3272 3275 3275 3275 3275 3274 3274 3274 3274 3275 3275 3275 3275 3276 3276 3276 3276 3274 3274 3274 3274 3276 3276 3276 3276 3275 3275 3275 3275 3277 3277 3277 3277 3278 3278 3278 3278 3276 3276 3276 3276 3277 3277 3277 3277 3277 3277 3277 3277 3279 3279 3279 3279 3278 3278 3278 3278 3279 3279 3279 3279 3280 3280 3280 3280 3278 3278 3278 3278 3280 3280 3280 3280 3279 3279 3279 3279 3281 3281 3281 3281 3279 3279 3279 3279 3282 3282 3282 3282 3281 3281 3281 3281 3282 3282 3282 3282 3283 3283 3283 3283 3281 3281 3281 3281 3283 3283 3283 3283 3284 3284 3284 3284 3281 3281 3281 3281 3284 3284 3284 3284 3283 3283 3283 3283 3285 3285 3285 3285 3283 3283 3283 3283 3286 3286 3286 3286 3285 3285 3285 3285 3286 3286 3286 3286 3287 3287 3287 3287 3285 3285 3285 3285 3287 3287 3287 3287 3288 3288 3288 3288 3285 3285 3285 3285 3288 3288 3288 3288 3287 3287 3287 3287 3289 3289 3289 3289 3287 3287 3287 3287 3290 3290 3290 3290 3289 3289 3289 3289 3291 3291 3291 3291 3289 3289 3289 3289 3290 3290 3290 3290 3292 3292 3292 3292 3291 3291 3291 3291 3290 3290 3290 3290 3291 3291 3291 3291 3292 3292 3292 3292 3293 3293 3293 3293 3294 3294 3294 3294 3291 3291 3291 3291 3293 3293 3293 3293 3294 3294 3294 3294 3293 3293 3293 3293 3295 3295 3295 3295 3296 3296 3296 3296 3294 3294 3294 3294 3295 3295 3295 3295 3297 3297 3297 3297 3296 3296 3296 3296 3295 3295 3295 3295 3298 3298 3298 3298 3297 3297 3297 3297 3295 3295 3295 3295 3299 3299 3299 3299 3300 3300 3300 3300 3301 3301 3301 3301 3302 3302 3302 3302 3300 3300 3300 3300 3299 3299 3299 3299 3303 3303 3303 3303 3302 3302 3302 3302 3299 3299 3299 3299 3304 3304 3304 3304 3302 3302 3302 3302 3303 3303 3303 3303 3305 3305 3305 3305 3304 3304 3304 3304 3303 3303 3303 3303 3304 3304 3304 3304 3305 3305 3305 3305 3306 3306 3306 3306 3305 3305 3305 3305 3307 3307 3307 3307 3306 3306 3306 3306 3306 3306 3306 3306 3307 3307 3307 3307 3308 3308 3308 3308 3309 3309 3309 3309 3306 3306 3306 3306 3308 3308 3308 3308 3309 3309 3309 3309 3308 3308 3308 3308 3310 3310 3310 3310 3308 3308 3308 3308 3311 3311 3311 3311 3310 3310 3310 3310 3312 3312 3312 3312 3313 3313 3313 3313 3314 3314 3314 3314 3313 3313 3313 3313 3315 3315 3315 3315 3314 3314 3314 3314 3315 3315 3315 3315 3313 3313 3313 3313 3316 3316 3316 3316 3317 3317 3317 3317 3315 3315 3315 3315 3316 3316 3316 3316 3317 3317 3317 3317 3316 3316 3316 3316 3318 3318 3318 3318 3319 3319 3319 3319 3317 3317 3317 3317 3318 3318 3318 3318 3318 3318 3318 3318 3320 3320 3320 3320 3319 3319 3319 3319 3320 3320 3320 3320 3321 3321 3321 3321 3319 3319 3319 3319 3321 3321 3321 3321 3320 3320 3320 3320 3322 3322 3322 3322 3320 3320 3320 3320 3323 3323 3323 3323 3322 3322 3322 3322 3323 3323 3323 3323 3324 3324 3324 3324 3322 3322 3322 3322 3324 3324 3324 3324 3325 3325 3325 3325 3322 3322 3322 3322 3325 3325 3325 3325 3324 3324 3324 3324 3326 3326 3326 3326 3324 3324 3324 3324 3327 3327 3327 3327 3326 3326 3326 3326 3327 3327 3327 3327 3328 3328 3328 3328 3326 3326 3326 3326 3328 3328 3328 3328 3329 3329 3329 3329 3326 3326 3326 3326 3329 3329 3329 3329 3328 3328 3328 3328 3330 3330 3330 3330 3328 3328 3328 3328 3331 3331 3331 3331 3330 3330 3330 3330 3332 3332 3332 3332 3330 3330 3330 3330 3331 3331 3331 3331 3333 3333 3333 3333 3332 3332 3332 3332 3331 3331 3331 3331 3332 3332 3332 3332 3333 3333 3333 3333 3334 3334 3334 3334 3335 3335 3335 3335 3332 3332 3332 3332 3334 3334 3334 3334 3335 3335 3335 3335 3334 3334 3334 3334 3336 3336 3336 3336 3337 3337 3337 3337 3335 3335 3335 3335 3336 3336 3336 3336 3338 3338 3338 3338 3337 3337 3337 3337 3336 3336 3336 3336 3339 3339 3339 3339 3338 3338 3338 3338 3336 3336 3336 3336 3340 3340 3340 3340 3341 3341 3341 3341 3342 3342 3342 3342 3341 3341 3341 3341 3343 3343 3343 3343 3342 3342 3342 3342 3343 3343 3343 3343 3341 3341 3341 3341 3344 3344 3344 3344 3345 3345 3345 3345 3343 3343 3343 3343 3344 3344 3344 3344 3345 3345 3345 3345 3344 3344 3344 3344 3346 3346 3346 3346 3347 3347 3347 3347 3345 3345 3345 3345 3346 3346 3346 3346 3346 3346 3346 3346 3348 3348 3348 3348 3347 3347 3347 3347 3348 3348 3348 3348 3349 3349 3349 3349 3347 3347 3347 3347 3349 3349 3349 3349 3348 3348 3348 3348 3350 3350 3350 3350 3348 3348 3348 3348 3351 3351 3351 3351 3350 3350 3350 3350 3351 3351 3351 3351 3352 3352 3352 3352 3350 3350 3350 3350 3352 3352 3352 3352 3353 3353 3353 3353 3350 3350 3350 3350 3353 3353 3353 3353 3352 3352 3352 3352 3354 3354 3354 3354 3352 3352 3352 3352 3355 3355 3355 3355 3354 3354 3354 3354 3355 3355 3355 3355 3356 3356 3356 3356 3354 3354 3354 3354 3356 3356 3356 3356 3357 3357 3357 3357 3354 3354 3354 3354 3357 3357 3357 3357 3356 3356 3356 3356 3358 3358 3358 3358 3356 3356 3356 3356 3359 3359 3359 3359 3358 3358 3358 3358 3360 3360 3360 3360 3358 3358 3358 3358 3359 3359 3359 3359 3361 3361 3361 3361 3360 3360 3360 3360 3359 3359 3359 3359 3360 3360 3360 3360 3361 3361 3361 3361 3362 3362 3362 3362 3363 3363 3363 3363 3360 3360 3360 3360 3362 3362 3362 3362 3363 3363 3363 3363 3362 3362 3362 3362 3364 3364 3364 3364 3365 3365 3365 3365 3363 3363 3363 3363 3364 3364 3364 3364 3366 3366 3366 3366 3365 3365 3365 3365 3364 3364 3364 3364 3367 3367 3367 3367 3366 3366 3366 3366 3364 3364 3364 3364 3368 3368 3368 3368 3369 3369 3369 3369 3370 3370 3370 3370 3371 3371 3371 3371 3368 3368 3368 3368 3370 3370 3370 3370 3368 3368 3368 3368 3371 3371 3371 3371 3372 3372 3372 3372 3373 3373 3373 3373 3374 3374 3374 3374 3375 3375 3375 3375 3374 3374 3374 3374 3376 3376 3376 3376 3375 3375 3375 3375 3376 3376 3376 3376 3374 3374 3374 3374 3377 3377 3377 3377 3378 3378 3378 3378 3376 3376 3376 3376 3377 3377 3377 3377 3378 3378 3378 3378 3377 3377 3377 3377 3379 3379 3379 3379 3380 3380 3380 3380 3381 3381 3381 3381 3382 3382 3382 3382 3381 3381 3381 3381 3383 3383 3383 3383 3382 3382 3382 3382 3381 3381 3381 3381 3384 3384 3384 3384 3383 3383 3383 3383 3384 3384 3384 3384 3385 3385 3385 3385 3383 3383 3383 3383 3384 3384 3384 3384 3386 3386 3386 3386 3385 3385 3385 3385 3386 3386 3386 3386 3387 3387 3387 3387 3385 3385 3385 3385 3386 3386 3386 3386 3388 3388 3388 3388 3387 3387 3387 3387 3388 3388 3388 3388 3389 3389 3389 3389 3387 3387 3387 3387 3388 3388 3388 3388 3390 3390 3390 3390 3389 3389 3389 3389 3390 3390 3390 3390 3391 3391 3391 3391 3389 3389 3389 3389 3391 3391 3391 3391 3390 3390 3390 3390 3392 3392 3392 3392 3390 3390 3390 3390 3393 3393 3393 3393 3392 3392 3392 3392 3392 3392 3392 3392 3393 3393 3393 3393 3394 3394 3394 3394 3393 3393 3393 3393 3395 3395 3395 3395 3394 3394 3394 3394 3396 3396 3396 3396 3394 3394 3394 3394 3395 3395 3395 3395 3397 3397 3397 3397 3396 3396 3396 3396 3395 3395 3395 3395 3397 3397 3397 3397 3398 3398 3398 3398 3396 3396 3396 3396 3398 3398 3398 3398 3399 3399 3399 3399 3396 3396 3396 3396 3400 3400 3400 3400 3401 3401 3401 3401 3402 3402 3402 3402 3403 3403 3403 3403 3400 3400 3400 3400 3402 3402 3402 3402 3400 3400 3400 3400 3403 3403 3403 3403 3404 3404 3404 3404 3403 3403 3403 3403 3405 3405 3405 3405 3404 3404 3404 3404 3404 3404 3404 3404 3405 3405 3405 3405 3406 3406 3406 3406 3405 3405 3405 3405 3407 3407 3407 3407 3406 3406 3406 3406 3406 3406 3406 3406 3407 3407 3407 3407 3408 3408 3408 3408 3407 3407 3407 3407 3409 3409 3409 3409 3408 3408 3408 3408 3410 3410 3410 3410 3411 3411 3411 3411 3412 3412 3412 3412 3411 3411 3411 3411 3413 3413 3413 3413 3412 3412 3412 3412 3411 3411 3411 3411 3414 3414 3414 3414 3413 3413 3413 3413 3414 3414 3414 3414 3415 3415 3415 3415 3413 3413 3413 3413 3416 3416 3416 3416 3415 3415 3415 3415 3414 3414 3414 3414 3417 3417 3417 3417 3416 3416 3416 3416 3414 3414 3414 3414 3418 3418 3418 3418 3419 3419 3419 3419 3420 3420 3420 3420 3421 3421 3421 3421 3418 3418 3418 3418 3420 3420 3420 3420 3422 3422 3422 3422 3418 3418 3418 3418 3421 3421 3421 3421 3423 3423 3423 3423 3422 3422 3422 3422 3421 3421 3421 3421 3424 3424 3424 3424 3425 3425 3425 3425 3421 3421 3421 3421 3421 3421 3421 3421 3426 3426 3426 3426 3423 3423 3423 3423 3425 3425 3425 3425 3426 3426 3426 3426 3421 3421 3421 3421 3426 3426 3426 3426 3427 3427 3427 3427 3423 3423 3423 3423 3425 3425 3425 3425 3428 3428 3428 3428 3426 3426 3426 3426 3426 3426 3426 3426 3429 3429 3429 3429 3427 3427 3427 3427 3428 3428 3428 3428 3429 3429 3429 3429 3426 3426 3426 3426 3429 3429 3429 3429 3430 3430 3430 3430 3427 3427 3427 3427 3429 3429 3429 3429 3428 3428 3428 3428 3431 3431 3431 3431 3432 3432 3432 3432 3430 3430 3430 3430 3429 3429 3429 3429 3433 3433 3433 3433 3429 3429 3429 3429 3431 3431 3431 3431 3433 3433 3433 3433 3432 3432 3432 3432 3429 3429 3429 3429 3434 3434 3434 3434 3435 3435 3435 3435 3436 3436 3436 3436 3435 3435 3435 3435 3437 3437 3437 3437 3436 3436 3436 3436 3437 3437 3437 3437 3435 3435 3435 3435 3438 3438 3438 3438 3439 3439 3439 3439 3437 3437 3437 3437 3438 3438 3438 3438 3440 3440 3440 3440 3439 3439 3439 3439 3438 3438 3438 3438 3441 3441 3441 3441 3440 3440 3440 3440 3438 3438 3438 3438 3442 3442 3442 3442 3443 3443 3443 3443 3444 3444 3444 3444 3443 3443 3443 3443 3442 3442 3442 3442 3445 3445 3445 3445 3442 3442 3442 3442 3446 3446 3446 3446 3445 3445 3445 3445 3445 3445 3445 3445 3446 3446 3446 3446 3447 3447 3447 3447 3446 3446 3446 3446 3448 3448 3448 3448 3447 3447 3447 3447 3447 3447 3447 3447 3448 3448 3448 3448 3449 3449 3449 3449 3450 3450 3450 3450 3447 3447 3447 3447 3449 3449 3449 3449 3449 3449 3449 3449 3451 3451 3451 3451 3450 3450 3450 3450 3451 3451 3451 3451 3452 3452 3452 3452 3450 3450 3450 3450 3452 3452 3452 3452 3451 3451 3451 3451 3453 3453 3453 3453 3451 3451 3451 3451 3454 3454 3454 3454 3453 3453 3453 3453 3455 3455 3455 3455 3456 3456 3456 3456 3457 3457 3457 3457 3458 3458 3458 3458 3456 3456 3456 3456 3455 3455 3455 3455 3459 3459 3459 3459 3458 3458 3458 3458 3455 3455 3455 3455 3458 3458 3458 3458 3459 3459 3459 3459 3460 3460 3460 3460 3461 3461 3461 3461 3458 3458 3458 3458 3460 3460 3460 3460 3462 3462 3462 3462 3461 3461 3461 3461 3460 3460 3460 3460 3463 3463 3463 3463 3462 3462 3462 3462 3460 3460 3460 3460 3464 3464 3464 3464 3462 3462 3462 3462 3463 3463 3463 3463 3465 3465 3465 3465 3464 3464 3464 3464 3463 3463 3463 3463 3464 3464 3464 3464 3465 3465 3465 3465 3466 3466 3466 3466 3467 3467 3467 3467 3464 3464 3464 3464 3466 3466 3466 3466 3466 3466 3466 3466 3468 3468 3468 3468 3467 3467 3467 3467 3468 3468 3468 3468 3469 3469 3469 3469 3467 3467 3467 3467 3469 3469 3469 3469 3468 3468 3468 3468 3470 3470 3470 3470 3468 3468 3468 3468 3471 3471 3471 3471 3470 3470 3470 3470 3472 3472 3472 3472 3473 3473 3473 3473 3474 3474 3474 3474 3475 3475 3475 3475 3473 3473 3473 3473 3472 3472 3472 3472 3476 3476 3476 3476 3475 3475 3475 3475 3472 3472 3472 3472 3475 3475 3475 3475 3476 3476 3476 3476 3477 3477 3477 3477 3478 3478 3478 3478 3475 3475 3475 3475 3477 3477 3477 3477 3479 3479 3479 3479 3478 3478 3478 3478 3477 3477 3477 3477 3480 3480 3480 3480 3479 3479 3479 3479 3477 3477 3477 3477 3481 3481 3481 3481 3479 3479 3479 3479 3480 3480 3480 3480 3482 3482 3482 3482 3481 3481 3481 3481 3480 3480 3480 3480 3481 3481 3481 3481 3482 3482 3482 3482 3483 3483 3483 3483 3484 3484 3484 3484 3481 3481 3481 3481 3483 3483 3483 3483 3483 3483 3483 3483 3485 3485 3485 3485 3484 3484 3484 3484 3485 3485 3485 3485 3486 3486 3486 3486 3484 3484 3484 3484 3486 3486 3486 3486 3485 3485 3485 3485 3487 3487 3487 3487 3485 3485 3485 3485 3488 3488 3488 3488 3487 3487 3487 3487 3489 3489 3489 3489 3490 3490 3490 3490 3491 3491 3491 3491 3492 3492 3492 3492 3489 3489 3489 3489 3491 3491 3491 3491 3489 3489 3489 3489 3492 3492 3492 3492 3493 3493 3493 3493 3492 3492 3492 3492 3494 3494 3494 3494 3493 3493 3493 3493 3495 3495 3495 3495 3496 3496 3496 3496 3497 3497 3497 3497 3498 3498 3498 3498 3495 3495 3495 3495 3497 3497 3497 3497 3495 3495 3495 3495 3498 3498 3498 3498 3499 3499 3499 3499 3498 3498 3498 3498 3500 3500 3500 3500 3499 3499 3499 3499 3501 3501 3501 3501 3502 3502 3502 3502 3503 3503 3503 3503 3504 3504 3504 3504 3501 3501 3501 3501 3503 3503 3503 3503 3501 3501 3501 3501 3504 3504 3504 3504 3505 3505 3505 3505 3504 3504 3504 3504 3506 3506 3506 3506 3505 3505 3505 3505 3507 3507 3507 3507 3508 3508 3508 3508 3509 3509 3509 3509 3508 3508 3508 3508 3510 3510 3510 3510 3509 3509 3509 3509 3510 3510 3510 3510 3508 3508 3508 3508 3511 3511 3511 3511 3508 3508 3508 3508 3512 3512 3512 3512 3511 3511 3511 3511 3512 3512 3512 3512 3513 3513 3513 3513 3511 3511 3511 3511 3513 3513 3513 3513 3514 3514 3514 3514 3511 3511 3511 3511 3513 3513 3513 3513 3515 3515 3515 3515 3514 3514 3514 3514 3515 3515 3515 3515 3516 3516 3516 3516 3514 3514 3514 3514 3515 3515 3515 3515 3517 3517 3517 3517 3516 3516 3516 3516 3517 3517 3517 3517 3518 3518 3518 3518 3516 3516 3516 3516 3518 3518 3518 3518 3517 3517 3517 3517 3519 3519 3519 3519 3517 3517 3517 3517 3520 3520 3520 3520 3519 3519 3519 3519 3520 3520 3520 3520 3521 3521 3521 3521 3519 3519 3519 3519 3521 3521 3521 3521 3522 3522 3522 3522 3519 3519 3519 3519 3522 3522 3522 3522 3521 3521 3521 3521 3523 3523 3523 3523 3521 3521 3521 3521 3524 3524 3524 3524 3523 3523 3523 3523 3525 3525 3525 3525 3523 3523 3523 3523 3524 3524 3524 3524 3526 3526 3526 3526 3525 3525 3525 3525 3524 3524 3524 3524 3527 3527 3527 3527 3525 3525 3525 3525 3526 3526 3526 3526 3528 3528 3528 3528 3527 3527 3527 3527 3526 3526 3526 3526 3527 3527 3527 3527 3528 3528 3528 3528 3529 3529 3529 3529 3530 3530 3530 3530 3527 3527 3527 3527 3529 3529 3529 3529 3531 3531 3531 3531 3532 3532 3532 3532 3533 3533 3533 3533 3532 3532 3532 3532 3534 3534 3534 3534 3533 3533 3533 3533 3535 3535 3535 3535 3532 3532 3532 3532 3536 3536 3536 3536 3532 3532 3532 3532 3537 3537 3537 3537 3536 3536 3536 3536 3538 3538 3538 3538 3539 3539 3539 3539 3540 3540 3540 3540 3539 3539 3539 3539 3541 3541 3541 3541 3540 3540 3540 3540 3541 3541 3541 3541 3539 3539 3539 3539 3542 3542 3542 3542 3539 3539 3539 3539 3543 3543 3543 3543 3542 3542 3542 3542 3544 3544 3544 3544 3545 3545 3545 3545 3546 3546 3546 3546 3545 3545 3545 3545 3547 3547 3547 3547 3546 3546 3546 3546 3547 3547 3547 3547 3545 3545 3545 3545 3548 3548 3548 3548 3545 3545 3545 3545 3549 3549 3549 3549 3548 3548 3548 3548 3550 3550 3550 3550 3551 3551 3551 3551 3552 3552 3552 3552 3553 3553 3553 3553 3550 3550 3550 3550 3552 3552 3552 3552 3550 3550 3550 3550 3553 3553 3553 3553 3554 3554 3554 3554 3555 3555 3555 3555 3550 3550 3550 3550 3554 3554 3554 3554 3556 3556 3556 3556 3557 3557 3557 3557 3558 3558 3558 3558 3559 3559 3559 3559 3556 3556 3556 3556 3558 3558 3558 3558 3556 3556 3556 3556 3559 3559 3559 3559 3560 3560 3560 3560 3561 3561 3561 3561 3556 3556 3556 3556 3560 3560 3560 3560 3562 3562 3562 3562 3563 3563 3563 3563 3564 3564 3564 3564 3563 3563 3563 3563 3565 3565 3565 3565 3564 3564 3564 3564 3565 3565 3565 3565 3563 3563 3563 3563 3566 3566 3566 3566 3563 3563 3563 3563 3567 3567 3567 3567 3566 3566 3566 3566 3568 3568 3568 3568 3569 3569 3569 3569 3570 3570 3570 3570 3569 3569 3569 3569 3571 3571 3571 3571 3570 3570 3570 3570 3571 3571 3571 3571 3569 3569 3569 3569 3572 3572 3572 3572 3569 3569 3569 3569 3573 3573 3573 3573 3572 3572 3572 3572 3574 3574 3574 3574 3575 3575 3575 3575 3576 3576 3576 3576 3577 3577 3577 3577 3574 3574 3574 3574 3576 3576 3576 3576 3574 3574 3574 3574 3577 3577 3577 3577 3578 3578 3578 3578 3579 3579 3579 3579 3574 3574 3574 3574 3578 3578 3578 3578 3580 3580 3580 3580 3579 3579 3579 3579 3578 3578 3578 3578 3581 3581 3581 3581 3580 3580 3580 3580 3578 3578 3578 3578 3580 3580 3580 3580 3581 3581 3581 3581 3582 3582 3582 3582 3583 3583 3583 3583 3580 3580 3580 3580 3582 3582 3582 3582 3583 3583 3583 3583 3582 3582 3582 3582 3584 3584 3584 3584 3585 3585 3585 3585 3583 3583 3583 3583 3584 3584 3584 3584 3585 3585 3585 3585 3584 3584 3584 3584 3586 3586 3586 3586 3587 3587 3587 3587 3585 3585 3585 3585 3586 3586 3586 3586 3588 3588 3588 3588 3587 3587 3587 3587 3586 3586 3586 3586 3589 3589 3589 3589 3588 3588 3588 3588 3586 3586 3586 3586 3588 3588 3588 3588 3589 3589 3589 3589 3590 3590 3590 3590 3591 3591 3591 3591 3588 3588 3588 3588 3590 3590 3590 3590 3592 3592 3592 3592 3591 3591 3591 3591 3590 3590 3590 3590 3593 3593 3593 3593 3592 3592 3592 3592 3590 3590 3590 3590 3592 3592 3592 3592 3593 3593 3593 3593 3594 3594 3594 3594 3595 3595 3595 3595 3592 3592 3592 3592 3594 3594 3594 3594 3595 3595 3595 3595 3594 3594 3594 3594 3596 3596 3596 3596 3597 3597 3597 3597 3595 3595 3595 3595 3596 3596 3596 3596 3597 3597 3597 3597 3596 3596 3596 3596 3598 3598 3598 3598 3599 3599 3599 3599 3597 3597 3597 3597 3598 3598 3598 3598 3600 3600 3600 3600 3599 3599 3599 3599 3598 3598 3598 3598 3601 3601 3601 3601 3600 3600 3600 3600 3598 3598 3598 3598 3600 3600 3600 3600 3601 3601 3601 3601 3602 3602 3602 3602 3603 3603 3603 3603 3600 3600 3600 3600 3602 3602 3602 3602 3604 3604 3604 3604 3603 3603 3603 3603 3602 3602 3602 3602 3605 3605 3605 3605 3604 3604 3604 3604 3602 3602 3602 3602 3604 3604 3604 3604 3605 3605 3605 3605 3606 3606 3606 3606 3607 3607 3607 3607 3604 3604 3604 3604 3606 3606 3606 3606 3608 3608 3608 3608 3609 3609 3609 3609 3610 3610 3610 3610 3609 3609 3609 3609 3611 3611 3611 3611 3610 3610 3610 3610 3609 3609 3609 3609 3612 3612 3612 3612 3611 3611 3611 3611 3613 3613 3613 3613 3610 3610 3610 3610 3611 3611 3611 3611 3612 3612 3612 3612 3614 3614 3614 3614 3611 3611 3611 3611 3612 3612 3612 3612 3615 3615 3615 3615 3614 3614 3614 3614 3615 3615 3615 3615 3616 3616 3616 3616 3614 3614 3614 3614 3617 3617 3617 3617 3613 3613 3613 3613 3611 3611 3611 3611 3617 3617 3617 3617 3611 3611 3611 3611 3614 3614 3614 3614 3618 3618 3618 3618 3613 3613 3613 3613 3617 3617 3617 3617 3619 3619 3619 3619 3614 3614 3614 3614 3616 3616 3616 3616 3619 3619 3619 3619 3617 3617 3617 3617 3614 3614 3614 3614 3620 3620 3620 3620 3619 3619 3619 3619 3616 3616 3616 3616 3621 3621 3621 3621 3618 3618 3618 3618 3617 3617 3617 3617 3622 3622 3622 3622 3618 3618 3618 3618 3621 3621 3621 3621 3617 3617 3617 3617 3619 3619 3619 3619 3623 3623 3623 3623 3623 3623 3623 3623 3619 3619 3619 3619 3620 3620 3620 3620 3621 3621 3621 3621 3617 3617 3617 3617 3623 3623 3623 3623 3624 3624 3624 3624 3623 3623 3623 3623 3620 3620 3620 3620 3625 3625 3625 3625 3622 3622 3622 3622 3621 3621 3621 3621 3625 3625 3625 3625 3621 3621 3621 3621 3623 3623 3623 3623 3626 3626 3626 3626 3622 3622 3622 3622 3625 3625 3625 3625 3627 3627 3627 3627 3623 3623 3623 3623 3624 3624 3624 3624 3627 3627 3627 3627 3625 3625 3625 3625 3623 3623 3623 3623 3628 3628 3628 3628 3627 3627 3627 3627 3624 3624 3624 3624 3627 3627 3627 3627 3628 3628 3628 3628 3629 3629 3629 3629 3630 3630 3630 3630 3626 3626 3626 3626 3625 3625 3625 3625 3631 3631 3631 3631 3626 3626 3626 3626 3630 3630 3630 3630 3632 3632 3632 3632 3631 3631 3631 3631 3630 3630 3630 3630 3632 3632 3632 3632 3630 3630 3630 3630 3633 3633 3633 3633 3625 3625 3625 3625 3627 3627 3627 3627 3634 3634 3634 3634 3630 3630 3630 3630 3625 3625 3625 3625 3634 3634 3634 3634 3634 3634 3634 3634 3627 3627 3627 3627 3629 3629 3629 3629 3630 3630 3630 3630 3634 3634 3634 3634 3633 3633 3633 3633 3634 3634 3634 3634 3629 3629 3629 3629 3635 3635 3635 3635 3633 3633 3633 3633 3634 3634 3634 3634 3635 3635 3635 3635 3636 3636 3636 3636 3637 3637 3637 3637 3638 3638 3638 3638 3637 3637 3637 3637 3639 3639 3639 3639 3638 3638 3638 3638 3637 3637 3637 3637 3640 3640 3640 3640 3639 3639 3639 3639 3641 3641 3641 3641 3638 3638 3638 3638 3639 3639 3639 3639 3640 3640 3640 3640 3642 3642 3642 3642 3639 3639 3639 3639 3640 3640 3640 3640 3643 3643 3643 3643 3642 3642 3642 3642 3644 3644 3644 3644 3641 3641 3641 3641 3639 3639 3639 3639 3645 3645 3645 3645 3641 3641 3641 3641 3644 3644 3644 3644 3639 3639 3639 3639 3642 3642 3642 3642 3646 3646 3646 3646 3644 3644 3644 3644 3639 3639 3639 3639 3646 3646 3646 3646 3647 3647 3647 3647 3645 3645 3645 3645 3644 3644 3644 3644 3647 3647 3647 3647 3644 3644 3644 3644 3646 3646 3646 3646 3648 3648 3648 3648 3645 3645 3645 3645 3647 3647 3647 3647 3646 3646 3646 3646 3642 3642 3642 3642 3649 3649 3649 3649 3643 3643 3643 3643 3649 3649 3649 3649 3642 3642 3642 3642 3650 3650 3650 3650 3651 3651 3651 3651 3643 3643 3643 3643 3651 3651 3651 3651 3649 3649 3649 3649 3643 3643 3643 3643 3652 3652 3652 3652 3649 3649 3649 3649 3651 3651 3651 3651 3652 3652 3652 3652 3646 3646 3646 3646 3649 3649 3649 3649 3653 3653 3653 3653 3652 3652 3652 3652 3651 3651 3651 3651 3654 3654 3654 3654 3646 3646 3646 3646 3652 3652 3652 3652 3654 3654 3654 3654 3647 3647 3647 3647 3646 3646 3646 3646 3655 3655 3655 3655 3652 3652 3652 3652 3653 3653 3653 3653 3655 3655 3655 3655 3654 3654 3654 3654 3652 3652 3652 3652 3656 3656 3656 3656 3655 3655 3655 3655 3653 3653 3653 3653 3655 3655 3655 3655 3656 3656 3656 3656 3657 3657 3657 3657 3658 3658 3658 3658 3647 3647 3647 3647 3654 3654 3654 3654 3658 3658 3658 3658 3648 3648 3648 3648 3647 3647 3647 3647 3659 3659 3659 3659 3648 3648 3648 3648 3658 3658 3658 3658 3660 3660 3660 3660 3659 3659 3659 3659 3658 3658 3658 3658 3660 3660 3660 3660 3658 3658 3658 3658 3661 3661 3661 3661 3662 3662 3662 3662 3658 3658 3658 3658 3654 3654 3654 3654 3658 3658 3658 3658 3662 3662 3662 3662 3661 3661 3661 3661 3662 3662 3662 3662 3654 3654 3654 3654 3655 3655 3655 3655 3661 3661 3661 3661 3662 3662 3662 3662 3663 3663 3663 3663 3663 3663 3663 3663 3662 3662 3662 3662 3655 3655 3655 3655 3663 3663 3663 3663 3655 3655 3655 3655 3657 3657 3657 3657 3664 3664 3664 3664 3661 3661 3661 3661 3663 3663 3663 3663 3663 3663 3663 3663 3657 3657 3657 3657 3664 3664 3664 3664 3657 3657 3657 3657 3665 3665 3665 3665 3664 3664 3664 3664 3666 3666 3666 3666 3667 3667 3667 3667 3668 3668 3668 3668 3667 3667 3667 3667 3669 3669 3669 3669 3668 3668 3668 3668 3667 3667 3667 3667 3670 3670 3670 3670 3671 3671 3671 3671 3670 3670 3670 3670 3672 3672 3672 3672 3671 3671 3671 3671 3673 3673 3673 3673 3668 3668 3668 3668 3674 3674 3674 3674 3675 3675 3675 3675 3673 3673 3673 3673 3674 3674 3674 3674 3676 3676 3676 3676 3675 3675 3675 3675 3672 3672 3672 3672 3675 3675 3675 3675 3677 3677 3677 3677 3672 3672 3672 3672 3678 3678 3678 3678 3679 3679 3679 3679 3680 3680 3680 3680 3681 3681 3681 3681 3678 3678 3678 3678 3680 3680 3680 3680 3681 3681 3681 3681 3680 3680 3680 3680 3682 3682 3682 3682 3681 3681 3681 3681 3683 3683 3683 3683 3678 3678 3678 3678 3683 3683 3683 3683 3684 3684 3684 3684 3678 3678 3678 3678 3685 3685 3685 3685 3681 3681 3681 3681 3682 3682 3682 3682 3683 3683 3683 3683 3686 3686 3686 3686 3684 3684 3684 3684 3686 3686 3686 3686 3687 3687 3687 3687 3684 3684 3684 3684 3687 3687 3687 3687 3686 3686 3686 3686 3688 3688 3688 3688 3685 3685 3685 3685 3682 3682 3682 3682 3689 3689 3689 3689 3682 3682 3682 3682 3690 3690 3690 3690 3689 3689 3689 3689 3685 3685 3685 3685 3689 3689 3689 3689 3691 3691 3691 3691 3685 3685 3685 3685 3691 3691 3691 3691 3681 3681 3681 3681 3691 3691 3691 3691 3683 3683 3683 3683 3681 3681 3681 3681 3689 3689 3689 3689 3692 3692 3692 3692 3691 3691 3691 3691 3691 3691 3691 3691 3693 3693 3693 3693 3683 3683 3683 3683 3691 3691 3691 3691 3692 3692 3692 3692 3693 3693 3693 3693 3693 3693 3693 3693 3686 3686 3686 3686 3683 3683 3683 3683 3692 3692 3692 3692 3694 3694 3694 3694 3693 3693 3693 3693 3686 3686 3686 3686 3695 3695 3695 3695 3688 3688 3688 3688 3686 3686 3686 3686 3693 3693 3693 3693 3695 3695 3695 3695 3688 3688 3688 3688 3695 3695 3695 3695 3696 3696 3696 3696 3693 3693 3693 3693 3694 3694 3694 3694 3697 3697 3697 3697 3693 3693 3693 3693 3697 3697 3697 3697 3695 3695 3695 3695 3694 3694 3694 3694 3698 3698 3698 3698 3697 3697 3697 3697 3695 3695 3695 3695 3699 3699 3699 3699 3696 3696 3696 3696 3696 3696 3696 3696 3699 3699 3699 3699 3700 3700 3700 3700 3697 3697 3697 3697 3701 3701 3701 3701 3695 3695 3695 3695 3697 3697 3697 3697 3698 3698 3698 3698 3701 3701 3701 3701 3701 3701 3701 3701 3699 3699 3699 3699 3695 3695 3695 3695 3698 3698 3698 3698 3702 3702 3702 3702 3701 3701 3701 3701 3699 3699 3699 3699 3703 3703 3703 3703 3700 3700 3700 3700 3699 3699 3699 3699 3701 3701 3701 3701 3703 3703 3703 3703 3704 3704 3704 3704 3700 3700 3700 3700 3703 3703 3703 3703 3701 3701 3701 3701 3702 3702 3702 3702 3705 3705 3705 3705 3701 3701 3701 3701 3705 3705 3705 3705 3703 3703 3703 3703 3702 3702 3702 3702 3706 3706 3706 3706 3705 3705 3705 3705 3705 3705 3705 3705 3706 3706 3706 3706 3707 3707 3707 3707 3708 3708 3708 3708 3704 3704 3704 3704 3703 3703 3703 3703 3708 3708 3708 3708 3703 3703 3703 3703 3705 3705 3705 3705 3709 3709 3709 3709 3710 3710 3710 3710 3704 3704 3704 3704 3708 3708 3708 3708 3709 3709 3709 3709 3704 3704 3704 3704 3711 3711 3711 3711 3708 3708 3708 3708 3705 3705 3705 3705 3708 3708 3708 3708 3711 3711 3711 3711 3709 3709 3709 3709 3711 3711 3711 3711 3705 3705 3705 3705 3707 3707 3707 3707 3711 3711 3711 3711 3712 3712 3712 3712 3709 3709 3709 3709 3711 3711 3711 3711 3707 3707 3707 3707 3712 3712 3712 3712 3707 3707 3707 3707 3713 3713 3713 3713 3712 3712 3712 3712 3714 3714 3714 3714 3715 3715 3715 3715 3716 3716 3716 3716 3715 3715 3715 3715 3717 3717 3717 3717 3716 3716 3716 3716 3715 3715 3715 3715 3718 3718 3718 3718 3717 3717 3717 3717 3716 3716 3716 3716 3717 3717 3717 3717 3719 3719 3719 3719 3720 3720 3720 3720 3716 3716 3716 3716 3719 3719 3719 3719 3721 3721 3721 3721 3720 3720 3720 3720 3719 3719 3719 3719 3722 3722 3722 3722 3721 3721 3721 3721 3719 3719 3719 3719 3722 3722 3722 3722 3719 3719 3719 3719 3723 3723 3723 3723 3719 3719 3719 3719 3717 3717 3717 3717 3723 3723 3723 3723 3724 3724 3724 3724 3722 3722 3722 3722 3723 3723 3723 3723 3718 3718 3718 3718 3725 3725 3725 3725 3717 3717 3717 3717 3717 3717 3717 3717 3725 3725 3725 3725 3723 3723 3723 3723 3718 3718 3718 3718 3726 3726 3726 3726 3725 3725 3725 3725 3724 3724 3724 3724 3723 3723 3723 3723 3727 3727 3727 3727 3723 3723 3723 3723 3725 3725 3725 3725 3727 3727 3727 3727 3728 3728 3728 3728 3724 3724 3724 3724 3727 3727 3727 3727 3728 3728 3728 3728 3727 3727 3727 3727 3729 3729 3729 3729 3727 3727 3727 3727 3730 3730 3730 3730 3729 3729 3729 3729 3726 3726 3726 3726 3731 3731 3731 3731 3725 3725 3725 3725 3725 3725 3725 3725 3731 3731 3731 3731 3727 3727 3727 3727 3727 3727 3727 3727 3731 3731 3731 3731 3730 3730 3730 3730 3726 3726 3726 3726 3732 3732 3732 3732 3731 3731 3731 3731 3731 3731 3731 3731 3733 3733 3733 3733 3730 3730 3730 3730 3732 3732 3732 3732 3733 3733 3733 3733 3731 3731 3731 3731 3734 3734 3734 3734 3735 3735 3735 3735 3736 3736 3736 3736 3735 3735 3735 3735 3737 3737 3737 3737 3736 3736 3736 3736 3735 3735 3735 3735 3738 3738 3738 3738 3737 3737 3737 3737 3736 3736 3736 3736 3737 3737 3737 3737 3739 3739 3739 3739 3740 3740 3740 3740 3736 3736 3736 3736 3739 3739 3739 3739 3741 3741 3741 3741 3740 3740 3740 3740 3739 3739 3739 3739 3742 3742 3742 3742 3741 3741 3741 3741 3739 3739 3739 3739 3742 3742 3742 3742 3739 3739 3739 3739 3743 3743 3743 3743 3739 3739 3739 3739 3737 3737 3737 3737 3743 3743 3743 3743 3744 3744 3744 3744 3742 3742 3742 3742 3743 3743 3743 3743 3738 3738 3738 3738 3745 3745 3745 3745 3737 3737 3737 3737 3737 3737 3737 3737 3745 3745 3745 3745 3743 3743 3743 3743 3738 3738 3738 3738 3746 3746 3746 3746 3745 3745 3745 3745 3744 3744 3744 3744 3743 3743 3743 3743 3747 3747 3747 3747 3743 3743 3743 3743 3745 3745 3745 3745 3747 3747 3747 3747 3748 3748 3748 3748 3744 3744 3744 3744 3747 3747 3747 3747 3746 3746 3746 3746 3749 3749 3749 3749 3745 3745 3745 3745 3745 3745 3745 3745 3749 3749 3749 3749 3747 3747 3747 3747 3746 3746 3746 3746 3750 3750 3750 3750 3749 3749 3749 3749 3750 3750 3750 3750 3751 3751 3751 3751 3749 3749 3749 3749 3749 3749 3749 3749 3751 3751 3751 3751 3752 3752 3752 3752 3747 3747 3747 3747 3749 3749 3749 3749 3752 3752 3752 3752 3748 3748 3748 3748 3747 3747 3747 3747 3752 3752 3752 3752 3753 3753 3753 3753 3748 3748 3748 3748 3752 3752 3752 3752 3754 3754 3754 3754 3755 3755 3755 3755 3756 3756 3756 3756 3757 3757 3757 3757 3754 3754 3754 3754 3756 3756 3756 3756 3758 3758 3758 3758 3754 3754 3754 3754 3757 3757 3757 3757 3757 3757 3757 3757 3756 3756 3756 3756 3759 3759 3759 3759 3756 3756 3756 3756 3760 3760 3760 3760 3759 3759 3759 3759 3759 3759 3759 3759 3760 3760 3760 3760 3761 3761 3761 3761 3762 3762 3762 3762 3759 3759 3759 3759 3761 3761 3761 3761 3759 3759 3759 3759 3762 3762 3762 3762 3763 3763 3763 3763 3757 3757 3757 3757 3759 3759 3759 3759 3763 3763 3763 3763 3762 3762 3762 3762 3764 3764 3764 3764 3763 3763 3763 3763 3765 3765 3765 3765 3758 3758 3758 3758 3757 3757 3757 3757 3765 3765 3765 3765 3757 3757 3757 3757 3763 3763 3763 3763 3766 3766 3766 3766 3758 3758 3758 3758 3765 3765 3765 3765 3763 3763 3763 3763 3764 3764 3764 3764 3767 3767 3767 3767 3765 3765 3765 3765 3763 3763 3763 3763 3767 3767 3767 3767 3764 3764 3764 3764 3768 3768 3768 3768 3767 3767 3767 3767 3768 3768 3768 3768 3769 3769 3769 3769 3767 3767 3767 3767 3769 3769 3769 3769 3770 3770 3770 3770 3767 3767 3767 3767 3771 3771 3771 3771 3766 3766 3766 3766 3765 3765 3765 3765 3771 3771 3771 3771 3765 3765 3765 3765 3767 3767 3767 3767 3771 3771 3771 3771 3767 3767 3767 3767 3770 3770 3770 3770 3766 3766 3766 3766 3771 3771 3771 3771 3772 3772 3772 3772 3773 3773 3773 3773 3771 3771 3771 3771 3770 3770 3770 3770 3771 3771 3771 3771 3773 3773 3773 3773 3772 3772 3772 3772 3774 3774 3774 3774 3775 3775 3775 3775 3776 3776 3776 3776 3777 3777 3777 3777 3774 3774 3774 3774 3776 3776 3776 3776 3778 3778 3778 3778 3774 3774 3774 3774 3777 3777 3777 3777 3779 3779 3779 3779 3777 3777 3777 3777 3776 3776 3776 3776 3780 3780 3780 3780 3779 3779 3779 3779 3776 3776 3776 3776 3779 3779 3779 3779 3780 3780 3780 3780 3781 3781 3781 3781 3782 3782 3782 3782 3779 3779 3779 3779 3781 3781 3781 3781 3779 3779 3779 3779 3782 3782 3782 3782 3783 3783 3783 3783 3779 3779 3779 3779 3783 3783 3783 3783 3777 3777 3777 3777 3782 3782 3782 3782 3784 3784 3784 3784 3783 3783 3783 3783 3785 3785 3785 3785 3778 3778 3778 3778 3777 3777 3777 3777 3783 3783 3783 3783 3785 3785 3785 3785 3777 3777 3777 3777 3786 3786 3786 3786 3778 3778 3778 3778 3785 3785 3785 3785 3783 3783 3783 3783 3784 3784 3784 3784 3787 3787 3787 3787 3783 3783 3783 3783 3787 3787 3787 3787 3785 3785 3785 3785 3784 3784 3784 3784 3788 3788 3788 3788 3787 3787 3787 3787 3789 3789 3789 3789 3786 3786 3786 3786 3785 3785 3785 3785 3787 3787 3787 3787 3789 3789 3789 3789 3785 3785 3785 3785 3786 3786 3786 3786 3789 3789 3789 3789 3790 3790 3790 3790 3789 3789 3789 3789 3791 3791 3791 3791 3790 3790 3790 3790 3792 3792 3792 3792 3791 3791 3791 3791 3789 3789 3789 3789 3787 3787 3787 3787 3792 3792 3792 3792 3789 3789 3789 3789 3787 3787 3787 3787 3788 3788 3788 3788 3792 3792 3792 3792 3788 3788 3788 3788 3793 3793 3793 3793 3792 3792 3792 3792 3794 3794 3794 3794 3795 3795 3795 3795 3796 3796 3796 3796 3797 3797 3797 3797 3794 3794 3794 3794 3796 3796 3796 3796 3795 3795 3795 3795 3798 3798 3798 3798 3796 3796 3796 3796 3797 3797 3797 3797 3796 3796 3796 3796 3799 3799 3799 3799 3800 3800 3800 3800 3797 3797 3797 3797 3799 3799 3799 3799 3798 3798 3798 3798 3801 3801 3801 3801 3796 3796 3796 3796 3796 3796 3796 3796 3801 3801 3801 3801 3799 3799 3799 3799 3801 3801 3801 3801 3798 3798 3798 3798 3802 3802 3802 3802 3803 3803 3803 3803 3801 3801 3801 3801 3802 3802 3802 3802 3803 3803 3803 3803 3804 3804 3804 3804 3801 3801 3801 3801 3804 3804 3804 3804 3805 3805 3805 3805 3801 3801 3801 3801 3801 3801 3801 3801 3805 3805 3805 3805 3799 3799 3799 3799 3804 3804 3804 3804 3806 3806 3806 3806 3805 3805 3805 3805 3800 3800 3800 3800 3799 3799 3799 3799 3807 3807 3807 3807 3799 3799 3799 3799 3805 3805 3805 3805 3807 3807 3807 3807 3808 3808 3808 3808 3800 3800 3800 3800 3807 3807 3807 3807 3808 3808 3808 3808 3807 3807 3807 3807 3809 3809 3809 3809 3807 3807 3807 3807 3810 3810 3810 3810 3809 3809 3809 3809 3806 3806 3806 3806 3811 3811 3811 3811 3805 3805 3805 3805 3805 3805 3805 3805 3811 3811 3811 3811 3807 3807 3807 3807 3807 3807 3807 3807 3811 3811 3811 3811 3810 3810 3810 3810 3806 3806 3806 3806 3812 3812 3812 3812 3811 3811 3811 3811 3811 3811 3811 3811 3813 3813 3813 3813 3810 3810 3810 3810 3812 3812 3812 3812 3813 3813 3813 3813 3811 3811 3811 3811 3814 3814 3814 3814 3815 3815 3815 3815 3816 3816 3816 3816 3815 3815 3815 3815 3814 3814 3814 3814 3817 3817 3817 3817 3818 3818 3818 3818 3814 3814 3814 3814 3816 3816 3816 3816 3814 3814 3814 3814 3819 3819 3819 3819 3817 3817 3817 3817 3820 3820 3820 3820 3817 3817 3817 3817 3819 3819 3819 3819 3821 3821 3821 3821 3820 3820 3820 3820 3819 3819 3819 3819 3822 3822 3822 3822 3821 3821 3821 3821 3819 3819 3819 3819 3814 3814 3814 3814 3818 3818 3818 3818 3823 3823 3823 3823 3814 3814 3814 3814 3823 3823 3823 3823 3819 3819 3819 3819 3818 3818 3818 3818 3824 3824 3824 3824 3823 3823 3823 3823 3825 3825 3825 3825 3822 3822 3822 3822 3819 3819 3819 3819 3823 3823 3823 3823 3825 3825 3825 3825 3819 3819 3819 3819 3826 3826 3826 3826 3822 3822 3822 3822 3825 3825 3825 3825 3823 3823 3823 3823 3824 3824 3824 3824 3827 3827 3827 3827 3823 3823 3823 3823 3827 3827 3827 3827 3825 3825 3825 3825 3824 3824 3824 3824 3828 3828 3828 3828 3827 3827 3827 3827 3828 3828 3828 3828 3829 3829 3829 3829 3827 3827 3827 3827 3829 3829 3829 3829 3830 3830 3830 3830 3827 3827 3827 3827 3831 3831 3831 3831 3826 3826 3826 3826 3825 3825 3825 3825 3827 3827 3827 3827 3831 3831 3831 3831 3825 3825 3825 3825 3827 3827 3827 3827 3830 3830 3830 3830 3831 3831 3831 3831 3826 3826 3826 3826 3831 3831 3831 3831 3832 3832 3832 3832 3830 3830 3830 3830 3833 3833 3833 3833 3831 3831 3831 3831 3831 3831 3831 3831 3833 3833 3833 3833 3832 3832 3832 3832 3834 3834 3834 3834 3835 3835 3835 3835 3836 3836 3836 3836 3837 3837 3837 3837 3834 3834 3834 3834 3836 3836 3836 3836 3835 3835 3835 3835 3838 3838 3838 3838 3836 3836 3836 3836 3837 3837 3837 3837 3836 3836 3836 3836 3839 3839 3839 3839 3840 3840 3840 3840 3837 3837 3837 3837 3839 3839 3839 3839 3841 3841 3841 3841 3840 3840 3840 3840 3839 3839 3839 3839 3838 3838 3838 3838 3842 3842 3842 3842 3836 3836 3836 3836 3836 3836 3836 3836 3842 3842 3842 3842 3839 3839 3839 3839 3842 3842 3842 3842 3838 3838 3838 3838 3843 3843 3843 3843 3844 3844 3844 3844 3842 3842 3842 3842 3843 3843 3843 3843 3845 3845 3845 3845 3841 3841 3841 3841 3839 3839 3839 3839 3841 3841 3841 3841 3845 3845 3845 3845 3846 3846 3846 3846 3845 3845 3845 3845 3847 3847 3847 3847 3846 3846 3846 3846 3842 3842 3842 3842 3848 3848 3848 3848 3839 3839 3839 3839 3842 3842 3842 3842 3844 3844 3844 3844 3848 3848 3848 3848 3839 3839 3839 3839 3848 3848 3848 3848 3845 3845 3845 3845 3844 3844 3844 3844 3849 3849 3849 3849 3848 3848 3848 3848 3849 3849 3849 3849 3850 3850 3850 3850 3848 3848 3848 3848 3845 3845 3845 3845 3851 3851 3851 3851 3847 3847 3847 3847 3848 3848 3848 3848 3851 3851 3851 3851 3845 3845 3845 3845 3850 3850 3850 3850 3851 3851 3851 3851 3848 3848 3848 3848 3851 3851 3851 3851 3852 3852 3852 3852 3847 3847 3847 3847 3850 3850 3850 3850 3853 3853 3853 3853 3851 3851 3851 3851 3853 3853 3853 3853 3852 3852 3852 3852 3851 3851 3851 3851 3854 3854 3854 3854 3855 3855 3855 3855 3856 3856 3856 3856 3854 3854 3854 3854 3856 3856 3856 3856 3857 3857 3857 3857 3855 3855 3855 3855 3858 3858 3858 3858 3856 3856 3856 3856 3859 3859 3859 3859 3854 3854 3854 3854 3857 3857 3857 3857 3855 3855 3855 3855 3860 3860 3860 3860 3858 3858 3858 3858 3859 3859 3859 3859 3857 3857 3857 3857 3861 3861 3861 3861 3860 3860 3860 3860 3862 3862 3862 3862 3858 3858 3858 3858 3863 3863 3863 3863 3859 3859 3859 3859 3861 3861 3861 3861 3860 3860 3860 3860 3864 3864 3864 3864 3862 3862 3862 3862 3863 3863 3863 3863 3861 3861 3861 3861 3865 3865 3865 3865 3864 3864 3864 3864 3866 3866 3866 3866 3862 3862 3862 3862 3867 3867 3867 3867 3863 3863 3863 3863 3865 3865 3865 3865 3864 3864 3864 3864 3868 3868 3868 3868 3866 3866 3866 3866 3867 3867 3867 3867 3865 3865 3865 3865 3869 3869 3869 3869 3868 3868 3868 3868 3870 3870 3870 3870 3866 3866 3866 3866 3871 3871 3871 3871 3867 3867 3867 3867 3869 3869 3869 3869 3868 3868 3868 3868 3872 3872 3872 3872 3870 3870 3870 3870 3871 3871 3871 3871 3869 3869 3869 3869 3873 3873 3873 3873 3872 3872 3872 3872 3874 3874 3874 3874 3870 3870 3870 3870 3875 3875 3875 3875 3871 3871 3871 3871 3873 3873 3873 3873 3872 3872 3872 3872 3876 3876 3876 3876 3874 3874 3874 3874 3875 3875 3875 3875 3873 3873 3873 3873 3877 3877 3877 3877 3876 3876 3876 3876 3878 3878 3878 3878 3874 3874 3874 3874 3879 3879 3879 3879 3875 3875 3875 3875 3877 3877 3877 3877 3876 3876 3876 3876 3880 3880 3880 3880 3878 3878 3878 3878 3879 3879 3879 3879 3877 3877 3877 3877 3881 3881 3881 3881 3880 3880 3880 3880 3882 3882 3882 3882 3878 3878 3878 3878 3883 3883 3883 3883 3879 3879 3879 3879 3881 3881 3881 3881 3880 3880 3880 3880 3884 3884 3884 3884 3882 3882 3882 3882 3883 3883 3883 3883 3881 3881 3881 3881 3885 3885 3885 3885 3884 3884 3884 3884 3886 3886 3886 3886 3882 3882 3882 3882 3887 3887 3887 3887 3883 3883 3883 3883 3885 3885 3885 3885 3884 3884 3884 3884 3888 3888 3888 3888 3886 3886 3886 3886 3887 3887 3887 3887 3885 3885 3885 3885 3889 3889 3889 3889 3888 3888 3888 3888 3890 3890 3890 3890 3886 3886 3886 3886 3891 3891 3891 3891 3887 3887 3887 3887 3889 3889 3889 3889 3888 3888 3888 3888 3892 3892 3892 3892 3890 3890 3890 3890 3891 3891 3891 3891 3889 3889 3889 3889 3893 3893 3893 3893 3892 3892 3892 3892 3893 3893 3893 3893 3890 3890 3890 3890 3892 3892 3892 3892 3891 3891 3891 3891 3893 3893 3893 3893 3894 3894 3894 3894 3895 3895 3895 3895 3896 3896 3896 3896 3897 3897 3897 3897 3894 3894 3894 3894 3896 3896 3896 3896 3895 3895 3895 3895 3898 3898 3898 3898 3896 3896 3896 3896 3899 3899 3899 3899 3897 3897 3897 3897 3896 3896 3896 3896 3898 3898 3898 3898 3900 3900 3900 3900 3896 3896 3896 3896 3901 3901 3901 3901 3899 3899 3899 3899 3896 3896 3896 3896 3900 3900 3900 3900 3902 3902 3902 3902 3896 3896 3896 3896 3903 3903 3903 3903 3901 3901 3901 3901 3896 3896 3896 3896 3902 3902 3902 3902 3904 3904 3904 3904 3896 3896 3896 3896 3905 3905 3905 3905 3903 3903 3903 3903 3896 3896 3896 3896 3904 3904 3904 3904 3906 3906 3906 3906 3896 3896 3896 3896 3907 3907 3907 3907 3905 3905 3905 3905 3896 3896 3896 3896 3906 3906 3906 3906 3908 3908 3908 3908 3896 3896 3896 3896 3909 3909 3909 3909 3907 3907 3907 3907 3896 3896 3896 3896 3908 3908 3908 3908 3910 3910 3910 3910 3896 3896 3896 3896 3911 3911 3911 3911 3909 3909 3909 3909 3896 3896 3896 3896 3910 3910 3910 3910 3912 3912 3912 3912 3896 3896 3896 3896 3913 3913 3913 3913 3911 3911 3911 3911 3896 3896 3896 3896 3912 3912 3912 3912 3914 3914 3914 3914 3896 3896 3896 3896 3914 3914 3914 3914 3913 3913 3913 3913 3896 3896 3896 3896</p>
        </triangles>
      </mesh>
    </geometry>
  </library_geometries>
  <library_controllers>
    <controller id="geom-AccessoryB1__colorsample-skin1">
      <skin source="#geom-AccessoryB1__colorsample">
        <bind_shape_matrix>1 0 0 0 0 1 0 0 0 0 1 0 0 0 0 1</bind_shape_matrix>
        <source id="geom-AccessoryB1__colorsample-skin1-joints">
          <Name_array id="geom-AccessoryB1__colorsample-skin1-joints-array" count="1">joint0</Name_array>
          <technique_common>
            <accessor source="#geom-AccessoryB1__colorsample-skin1-joints-array" count="1" stride="1">
              <param name="JOINT" type="name"/>
            </accessor>
          </technique_common>
        </source>
        <source id="geom-AccessoryB1__colorsample-skin1-bind_poses">
          <float_array id="geom-AccessoryB1__colorsample-skin1-bind_poses-array" count="16">1 0 0 0 0 0 1 0 0 -1 0 0 0 0 0 1</float_array>
          <technique_common>
            <accessor source="#geom-AccessoryB1__colorsample-skin1-bind_poses-array" count="1" stride="16">
              <param name="TRANSFORM" type="float4x4"/>
            </accessor>
          </technique_common>
        </source>
        <source id="geom-AccessoryB1__colorsample-skin1-weights">
          <float_array id="geom-AccessoryB1__colorsample-skin1-weights-array" count="1">1</float_array>
          <technique_common>
            <accessor source="#geom-AccessoryB1__colorsample-skin1-weights-array" count="1" stride="1">
              <param name="WEIGHT" type="float"/>
            </accessor>
          </technique_common>
        </source>
        <joints>
          <input semantic="JOINT" source="#geom-AccessoryB1__colorsample-skin1-joints"/>
          <input semantic="INV_BIND_MATRIX" source="#geom-AccessoryB1__colorsample-skin1-bind_poses"/>
        </joints>
        <vertex_weights count="7111">
          <input semantic="JOINT" source="#geom-AccessoryB1__colorsample-skin1-joints" offset="0"/>
          <input semantic="WEIGHT" source="#geom-AccessoryB1__colorsample-skin1-weights" offset="1"/>
          <vcount>1 1 1 1 1 1 1 1 1 1 1 1 1 1 1 1 1 1 1 1 1 1 1 1 1 1 1 1 1 1 1 1 1 1 1 1 1 1 1 1 1 1 1 1 1 1 1 1 1 1 1 1 1 1 1 1 1 1 1 1 1 1 1 1 1 1 1 1 1 1 1 1 1 1 1 1 1 1 1 1 1 1 1 1 1 1 1 1 1 1 1 1 1 1 1 1 1 1 1 1 1 1 1 1 1 1 1 1 1 1 1 1 1 1 1 1 1 1 1 1 1 1 1 1 1 1 1 1 1 1 1 1 1 1 1 1 1 1 1 1 1 1 1 1 1 1 1 1 1 1 1 1 1 1 1 1 1 1 1 1 1 1 1 1 1 1 1 1 1 1 1 1 1 1 1 1 1 1 1 1 1 1 1 1 1 1 1 1 1 1 1 1 1 1 1 1 1 1 1 1 1 1 1 1 1 1 1 1 1 1 1 1 1 1 1 1 1 1 1 1 1 1 1 1 1 1 1 1 1 1 1 1 1 1 1 1 1 1 1 1 1 1 1 1 1 1 1 1 1 1 1 1 1 1 1 1 1 1 1 1 1 1 1 1 1 1 1 1 1 1 1 1 1 1 1 1 1 1 1 1 1 1 1 1 1 1 1 1 1 1 1 1 1 1 1 1 1 1 1 1 1 1 1 1 1 1 1 1 1 1 1 1 1 1 1 1 1 1 1 1 1 1 1 1 1 1 1 1 1 1 1 1 1 1 1 1 1 1 1 1 1 1 1 1 1 1 1 1 1 1 1 1 1 1 1 1 1 1 1 1 1 1 1 1 1 1 1 1 1 1 1 1 1 1 1 1 1 1 1 1 1 1 1 1 1 1 1 1 1 1 1 1 1 1 1 1 1 1 1 1 1 1 1 1 1 1 1 1 1 1 1 1 1 1 1 1 1 1 1 1 1 1 1 1 1 1 1 1 1 1 1 1 1 1 1 1 1 1 1 1 1 1 1 1 1 1 1 1 1 1 1 1 1 1 1 1 1 1 1 1 1 1 1 1 1 1 1 1 1 1 1 1 1 1 1 1 1 1 1 1 1 1 1 1 1 1 1 1 1 1 1 1 1 1 1 1 1 1 1 1 1 1 1 1 1 1 1 1 1 1 1 1 1 1 1 1 1 1 1 1 1 1 1 1 1 1 1 1 1 1 1 1 1 1 1 1 1 1 1 1 1 1 1 1 1 1 1 1 1 1 1 1 1 1 1 1 1 1 1 1 1 1 1 1 1 1 1 1 1 1 1 1 1 1 1 1 1 1 1 1 1 1 1 1 1 1 1 1 1 1 1 1 1 1 1 1 1 1 1 1 1 1 1 1 1 1 1 1 1 1 1 1 1 1 1 1 1 1 1 1 1 1 1 1 1 1 1 1 1 1 1 1 1 1 1 1 1 1 1 1 1 1 1 1 1 1 1 1 1 1 1 1 1 1 1 1 1 1 1 1 1 1 1 1 1 1 1 1 1 1 1 1 1 1 1 1 1 1 1 1 1 1 1 1 1 1 1 1 1 1 1 1 1 1 1 1 1 1 1 1 1 1 1 1 1 1 1 1 1 1 1 1 1 1 1 1 1 1 1 1 1 1 1 1 1 1 1 1 1 1 1 1 1 1 1 1 1 1 1 1 1 1 1 1 1 1 1 1 1 1 1 1 1 1 1 1 1 1 1 1 1 1 1 1 1 1 1 1 1 1 1 1 1 1 1 1 1 1 1 1 1 1 1 1 1 1 1 1 1 1 1 1 1 1 1 1 1 1 1 1 1 1 1 1 1 1 1 1 1 1 1 1 1 1 1 1 1 1 1 1 1 1 1 1 1 1 1 1 1 1 1 1 1 1 1 1 1 1 1 1 1 1 1 1 1 1 1 1 1 1 1 1 1 1 1 1 1 1 1 1 1 1 1 1 1 1 1 1 1 1 1 1 1 1 1 1 1 1 1 1 1 1 1 1 1 1 1 1 1 1 1 1 1 1 1 1 1 1 1 1 1 1 1 1 1 1 1 1 1 1 1 1 1 1 1 1 1 1 1 1 1 1 1 1 1 1 1 1 1 1 1 1 1 1 1 1 1 1 1 1 1 1 1 1 1 1 1 1 1 1 1 1 1 1 1 1 1 1 1 1 1 1 1 1 1 1 1 1 1 1 1 1 1 1 1 1 1 1 1 1 1 1 1 1 1 1 1 1 1 1 1 1 1 1 1 1 1 1 1 1 1 1 1 1 1 1 1 1 1 1 1 1 1 1 1 1 1 1 1 1 1 1 1 1 1 1 1 1 1 1 1 1 1 1 1 1 1 1 1 1 1 1 1 1 1 1 1 1 1 1 1 1 1 1 1 1 1 1 1 1 1 1 1 1 1 1 1 1 1 1 1 1 1 1 1 1 1 1 1 1 1 1 1 1 1 1 1 1 1 1 1 1 1 1 1 1 1 1 1 1 1 1 1 1 1 1 1 1 1 1 1 1 1 1 1 1 1 1 1 1 1 1 1 1 1 1 1 1 1 1 1 1 1 1 1 1 1 1 1 1 1 1 1 1 1 1 1 1 1 1 1 1 1 1 1 1 1 1 1 1 1 1 1 1 1 1 1 1 1 1 1 1 1 1 1 1 1 1 1 1 1 1 1 1 1 1 1 1 1 1 1 1 1 1 1 1 1 1 1 1 1 1 1 1 1 1 1 1 1 1 1 1 1 1 1 1 1 1 1 1 1 1 1 1 1 1 1 1 1 1 1 1 1 1 1 1 1 1 1 1 1 1 1 1 1 1 1 1 1 1 1 1 1 1 1 1 1 1 1 1 1 1 1 1 1 1 1 1 1 1 1 1 1 1 1 1 1 1 1 1 1 1 1 1 1 1 1 1 1 1 1 1 1 1 1 1 1 1 1 1 1 1 1 1 1 1 1 1 1 1 1 1 1 1 1 1 1 1 1 1 1 1 1 1 1 1 1 1 1 1 1 1 1 1 1 1 1 1 1 1 1 1 1 1 1 1 1 1 1 1 1 1 1 1 1 1 1 1 1 1 1 1 1 1 1 1 1 1 1 1 1 1 1 1 1 1 1 1 1 1 1 1 1 1 1 1 1 1 1 1 1 1 1 1 1 1 1 1 1 1 1 1 1 1 1 1 1 1 1 1 1 1 1 1 1 1 1 1 1 1 1 1 1 1 1 1 1 1 1 1 1 1 1 1 1 1 1 1 1 1 1 1 1 1 1 1 1 1 1 1 1 1 1 1 1 1 1 1 1 1 1 1 1 1 1 1 1 1 1 1 1 1 1 1 1 1 1 1 1 1 1 1 1 1 1 1 1 1 1 1 1 1 1 1 1 1 1 1 1 1 1 1 1 1 1 1 1 1 1 1 1 1 1 1 1 1 1 1 1 1 1 1 1 1 1 1 1 1 1 1 1 1 1 1 1 1 1 1 1 1 1 1 1 1 1 1 1 1 1 1 1 1 1 1 1 1 1 1 1 1 1 1 1 1 1 1 1 1 1 1 1 1 1 1 1 1 1 1 1 1 1 1 1 1 1 1 1 1 1 1 1 1 1 1 1 1 1 1 1 1 1 1 1 1 1 1 1 1 1 1 1 1 1 1 1 1 1 1 1 1 1 1 1 1 1 1 1 1 1 1 1 1 1 1 1 1 1 1 1 1 1 1 1 1 1 1 1 1 1 1 1 1 1 1 1 1 1 1 1 1 1 1 1 1 1 1 1 1 1 1 1 1 1 1 1 1 1 1 1 1 1 1 1 1 1 1 1 1 1 1 1 1 1 1 1 1 1 1 1 1 1 1 1 1 1 1 1 1 1 1 1 1 1 1 1 1 1 1 1 1 1 1 1 1 1 1 1 1 1 1 1 1 1 1 1 1 1 1 1 1 1 1 1 1 1 1 1 1 1 1 1 1 1 1 1 1 1 1 1 1 1 1 1 1 1 1 1 1 1 1 1 1 1 1 1 1 1 1 1 1 1 1 1 1 1 1 1 1 1 1 1 1 1 1 1 1 1 1 1 1 1 1 1 1 1 1 1 1 1 1 1 1 1 1 1 1 1 1 1 1 1 1 1 1 1 1 1 1 1 1 1 1 1 1 1 1 1 1 1 1 1 1 1 1 1 1 1 1 1 1 1 1 1 1 1 1 1 1 1 1 1 1 1 1 1 1 1 1 1 1 1 1 1 1 1 1 1 1 1 1 1 1 1 1 1 1 1 1 1 1 1 1 1 1 1 1 1 1 1 1 1 1 1 1 1 1 1 1 1 1 1 1 1 1 1 1 1 1 1 1 1 1 1 1 1 1 1 1 1 1 1 1 1 1 1 1 1 1 1 1 1 1 1 1 1 1 1 1 1 1 1 1 1 1 1 1 1 1 1 1 1 1 1 1 1 1 1 1 1 1 1 1 1 1 1 1 1 1 1 1 1 1 1 1 1 1 1 1 1 1 1 1 1 1 1 1 1 1 1 1 1 1 1 1 1 1 1 1 1 1 1 1 1 1 1 1 1 1 1 1 1 1 1 1 1 1 1 1 1 1 1 1 1 1 1 1 1 1 1 1 1 1 1 1 1 1 1 1 1 1 1 1 1 1 1 1 1 1 1 1 1 1 1 1 1 1 1 1 1 1 1 1 1 1 1 1 1 1 1 1 1 1 1 1 1 1 1 1 1 1 1 1 1 1 1 1 1 1 1 1 1 1 1 1 1 1 1 1 1 1 1 1 1 1 1 1 1 1 1 1 1 1 1 1 1 1 1 1 1 1 1 1 1 1 1 1 1 1 1 1 1 1 1 1 1 1 1 1 1 1 1 1 1 1 1 1 1 1 1 1 1 1 1 1 1 1 1 1 1 1 1 1 1 1 1 1 1 1 1 1 1 1 1 1 1 1 1 1 1 1 1 1 1 1 1 1 1 1 1 1 1 1 1 1 1 1 1 1 1 1 1 1 1 1 1 1 1 1 1 1 1 1 1 1 1 1 1 1 1 1 1 1 1 1 1 1 1 1 1 1 1 1 1 1 1 1 1 1 1 1 1 1 1 1 1 1 1 1 1 1 1 1 1 1 1 1 1 1 1 1 1 1 1 1 1 1 1 1 1 1 1 1 1 1 1 1 1 1 1 1 1 1 1 1 1 1 1 1 1 1 1 1 1 1 1 1 1 1 1 1 1 1 1 1 1 1 1 1 1 1 1 1 1 1 1 1 1 1 1 1 1 1 1 1 1 1 1 1 1 1 1 1 1 1 1 1 1 1 1 1 1 1 1 1 1 1 1 1 1 1 1 1 1 1 1 1 1 1 1 1 1 1 1 1 1 1 1 1 1 1 1 1 1 1 1 1 1 1 1 1 1 1 1 1 1 1 1 1 1 1 1 1 1 1 1 1 1 1 1 1 1 1 1 1 1 1 1 1 1 1 1 1 1 1 1 1 1 1 1 1 1 1 1 1 1 1 1 1 1 1 1 1 1 1 1 1 1 1 1 1 1 1 1 1 1 1 1 1 1 1 1 1 1 1 1 1 1 1 1 1 1 1 1 1 1 1 1 1 1 1 1 1 1 1 1 1 1 1 1 1 1 1 1 1 1 1 1 1 1 1 1 1 1 1 1 1 1 1 1 1 1 1 1 1 1 1 1 1 1 1 1 1 1 1 1 1 1 1 1 1 1 1 1 1 1 1 1 1 1 1 1 1 1 1 1 1 1 1 1 1 1 1 1 1 1 1 1 1 1 1 1 1 1 1 1 1 1 1 1 1 1 1 1 1 1 1 1 1 1 1 1 1 1 1 1 1 1 1 1 1 1 1 1 1 1 1 1 1 1 1 1 1 1 1 1 1 1 1 1 1 1 1 1 1 1 1 1 1 1 1 1 1 1 1 1 1 1 1 1 1 1 1 1 1 1 1 1 1 1 1 1 1 1 1 1 1 1 1 1 1 1 1 1 1 1 1 1 1 1 1 1 1 1 1 1 1 1 1 1 1 1 1 1 1 1 1 1 1 1 1 1 1 1 1 1 1 1 1 1 1 1 1 1 1 1 1 1 1 1 1 1 1 1 1 1 1 1 1 1 1 1 1 1 1 1 1 1 1 1 1 1 1 1 1 1 1 1 1 1 1 1 1 1 1 1 1 1 1 1 1 1 1 1 1 1 1 1 1 1 1 1 1 1 1 1 1 1 1 1 1 1 1 1 1 1 1 1 1 1 1 1 1 1 1 1 1 1 1 1 1 1 1 1 1 1 1 1 1 1 1 1 1 1 1 1 1 1 1 1 1 1 1 1 1 1 1 1 1 1 1 1 1 1 1 1 1 1 1 1 1 1 1 1 1 1 1 1 1 1 1 1 1 1 1 1 1 1 1 1 1 1 1 1 1 1 1 1 1 1 1 1 1 1 1 1 1 1 1 1 1 1 1 1 1 1 1 1 1 1 1 1 1 1 1 1 1 1 1 1 1 1 1 1 1 1 1 1 1 1 1 1 1 1 1 1 1 1 1 1 1 1 1 1 1 1 1 1 1 1 1 1 1 1 1 1 1 1 1 1 1 1 1 1 1 1 1 1 1 1 1 1 1 1 1 1 1 1 1 1 1 1 1 1 1 1 1 1 1 1 1 1 1 1 1 1 1 1 1 1 1 1 1 1 1 1 1 1 1 1 1 1 1 1 1 1 1 1 1 1 1 1 1 1 1 1 1 1 1 1 1 1 1 1 1 1 1 1 1 1 1 1 1 1 1 1 1 1 1 1 1 1 1 1 1 1 1 1 1 1 1 1 1 1 1 1 1 1 1 1 1 1 1 1 1 1 1 1 1 1 1 1 1 1 1 1 1 1 1 1 1 1 1 1 1 1 1 1 1 1 1 1 1 1 1 1 1 1 1 1 1 1 1 1 1 1 1 1 1 1 1 1 1 1 1 1 1 1 1 1 1 1 1 1 1 1 1 1 1 1 1 1 1 1 1 1 1 1 1 1 1 1 1 1 1 1 1 1 1 1 1 1 1 1 1 1 1 1 1 1 1 1 1 1 1 1 1 1 1 1 1 1 1 1 1 1 1 1 1 1 1 1 1 1 1 1 1 1 1 1 1 1 1 1 1 1 1 1 1 1 1 1 1 1 1 1 1 1 1 1 1 1 1 1 1 1 1 1 1 1 1 1 1 1 1 1 1 1 1 1 1 1 1 1 1 1 1 1 1 1 1 1 1 1 1 1 1 1 1 1 1 1 1 1 1 1 1 1 1 1 1 1 1 1 1 1 1 1 1 1 1 1 1 1 1 1 1 1 1 1 1 1 1 1 1 1 1 1 1 1 1 1 1 1 1 1 1 1 1 1 1 1 1 1 1 1 1 1 1 1 1 1 1 1 1 1 1 1 1 1 1 1 1 1 1 1 1 1 1 1 1 1 1 1 1 1 1 1 1 1 1 1 1 1 1 1 1 1 1 1 1 1 1 1 1 1 1 1 1 1 1 1 1 1 1 1 1 1 1 1 1 1 1 1 1 1 1 1 1 1 1 1 1 1 1 1 1 1 1 1 1 1 1 1 1 1 1 1 1 1 1 1 1 1 1 1 1 1 1 1 1 1 1 1 1 1 1 1 1 1 1 1 1 1 1 1 1 1 1 1 1 1 1 1 1 1 1 1 1 1 1 1 1 1 1 1 1 1 1 1 1 1 1 1 1 1 1 1 1 1 1 1 1 1 1 1 1 1 1 1 1 1 1 1 1 1 1 1 1 1 1 1 1 1 1 1 1 1 1 1 1 1 1 1 1 1 1 1 1 1 1 1 1 1 1 1 1 1 1 1 1 1 1 1 1 1 1 1 1 1 1 1 1 1 1 1 1 1 1 1 1 1 1 1 1 1 1 1 1 1 1 1 1 1 1 1 1 1 1 1 1 1 1 1 1 1 1 1 1 1 1 1 1 1 1 1 1 1 1 1 1 1 1 1 1 1 1 1 1 1 1 1 1 1 1 1 1 1 1 1 1 1 1 1 1 1 1 1 1 1 1 1 1 1 1 1 1 1 1 1 1 1 1 1 1 1 1 1 1 1 1 1 1 1 1 1 1 1 1 1 1 1 1 1 1 1 1 1 1 1 1 1 1 1 1 1 1 1 1 1 1 1 1 1 1 1 1 1 1 1 1 1 1 1 1 1 1 1 1 1 1 1 1 1 1 1 1 1 1 1 1 1 1 1 1 1 1 1 1 1 1 1 1 1 1 1 1 1 1 1 1 1 1 1 1 1 1 1 1 1 1 1 1 1 1 1 1 1 1 1 1 1 1 1 1 1 1 1 1 1 1 1 1 1 1 1 1 1 1 1 1 1 1 1 1 1 1 1 1 1 1 1 1 1 1 1 1 1 1 1 1 1 1 1 1 1 1 1 1 1 1 1 1 1 1 1 1 1 1 1 1 1 1 1 1 1 1 1 1 1 1 1 1 1 1 1 1 1 1 1 1 1 1 1 1 1 1 1 1 1 1 1 1 1 1 1 1 1 1 1 1 1 1 1 1 1 1 1 1 1 1 1 1 1 1 1 1 1 1 1 1 1 1 1 1 1 1 1 1 1 1 1 1 1 1 1 1 1 1 1 1 1 1 1 1 1 1 1 1 1 1 1 1 1 1 1 1 1 1 1 1 1 1 1 1 1 1 1 1 1 1 1 1 1 1 1 1 1 1 1 1 1 1 1 1 1 1 1 1 1 1 1 1 1 1 1 1 1 1 1 1 1 1 1 1 1 1 1 1 1 1 1 1 1 1 1 1 1 1 1 1 1 1 1 1 1 1 1 1 1 1 1 1 1 1 1 1 1 1 1 1 1 1 1 1 1 1 1 1 1 1 1 1 1 1 1 1 1 1 1 1 1 1 1 1 1 1 1 1 1 1 1 1 1 1 1 1 1 1 1 1 1 1 1 1 1 1 1 1 1 1 1 1 1 1 1 1 1 1 1 1 1 1 1 1 1 1 1 1 1 1 1 1 1 1 1 1 1 1 1 1 1 1 1 1 1 1 1 1 1 1 1 1 1 1 1 1 1 1 1 1 1 1 1 1 1 1 1 1 1 1 1 1 1 1 1 1 1 1 1 1 1 1 1 1 1 1 1 1 1 1 1 1 1 1 1 1 1 1 1 1 1 1 1 1 1 1 1 1 1 1 1 1 1 1 1 1 1 1 1 1 1 1 1 1 1 1 1 1 1 1 1 1 1 1 1 1 1 1 1 1 1 1 1 1 1 1 1 1 1 1 1 1 1 1 1 1 1 1 1 1 1 1 1 1 1 1 1 1 1 1 1 1 1 1 1 1 1 1 1 1 1 1 1 1 1 1 1 1 1 1 1 1 1 1 1 1 1 1 1 1 1 1 1 1 1 1 1 1 1 1 1 1 1 1 1 1 1 1 1 1 1 1 1 1 1 1 1 1 1 1 1 1 1 1 1 1 1 1 1 1 1 1 1 1 1 1 1 1 1 1 1 1 1 1 1 1 1 1 1 1 1 1 1 1 1 1 1 1 1 1 1 1 1 1 1 1 1 1 1 1 1 1 1 1 1 1 1 1 1 1 1 1 1 1 1 1 1 1 1 1 1 1 1 1 1 1 1 1 1 1 1 1 1 1 1 1 1 1 1 1 1 1 1 1 1 1 1 1 1 1 1 1 1 1 1 1 1 1 1 1 1 1 1 1 1 1 1 1 1 1 1 1 1 1 1 1 1 1 1 1 1 1 1 1 1 1 1 1 1 1 1 1 1 1 1 1 1 1 1 1 1 1 1 1 1 1 1 1 1 1 1 1 1 1 1 1 1 1 1 1 1 1 1 1 1 1 1 1 1 1 1 1 1 1 1 1 1 1 1 1 1 1 1 1 1 1 1 1 1 1 1 1 1 1 1 1 1 1 1 1 1 1 1 1 1 1 1 1 1 1 1 1 1 1 1 1 1 1 1 1 1 1 1 1 1 1 1 1 1 1 1 1 1 1 1 1 1 1 1 1 1 1 1 1 1 1 1 1 1 1 1 1 1 1 1 1 1 1 1 1 1 1 1 1 1 1 1 1 1 1 1 1 1 1 1 1 1 1 1 1 1 1 1 1 1 1 1 1 1 1 1 1 1 1 1 1 1 1 1 1 1 1 1 1 1 1 1 1 1 1 1 1 1 1 1 1 1 1 1 1 1 1 1 1 1 1 1 1 1 1 1 1 1 1 1 1 1 1 1 1 1 1 1 1 1 1 1 1 1 1 1 1 1 1 1 1 1 1 1 1 1 1 1 1 1 1 1 1 1 1 1 1 1 1 1 1 1 1 1 1 1 1 1 1 1 1 1 1 1 1 1 1 1 1 1 1 1 1 1 1 1 1 1 1 1 1 1 1 1 1 1 1 1 1 1 1 1 1 1 1 1 1 1 1 1 1 1 1 1 1 1 1 1 1 1 1 1 1 1 1 1 1 1 1 1 1 1 1 1 1 1 1 1 1 1 1 1 1 1 1 1 1 1 1 1 1 1 1 1 1 1 1 1 1 1 1 1 1 1 1 1 1 1 1 1 1 1 1 1 1 1 1 1 1 1 1 1 1 1 1 1 1 1 1 1 1 1 1 1 1 1 1 1 1 1 1 1 1 1 1 1 1 1 1 1 1 1 1 1 1 1 1 1 1 1 1 1 1 1 1 1 1 1 1 1 1 1 1 1 1 1 1 1 1 1 1 1 1 1 1 1 1 1 1 1 1 1 1 1 1 1 1 1 1 1 1 1 1 1 1 1 1 1 1 1 1 1 1 1 1 1 1 1 1 1 1 1 1 1 1 1 1 1 1 1 1 1 1 1 1 1 1 1 1 1 1 1 1 1 1 1 1 1 1 1 1 1 1 1 1 1 1 1 1 1 1 1 1 1 1 1 1 1 1 1 1 1 1 1 1 1 1 1 1 1 1 1 1 1 1 1 1 1 1 1 1 1 1 1 1 1 1 1 1 1 1 1 1 1 1 1 1 1 1 1 1 1 1 1 1 1 1 1 1 1 1 1 1 1 1 1 1 1 1 1 1 1 1 1 1 1 1 1 1 1 1 1 1 1 1 1 1 1 1 1 1 1 1 1 1 1 1 1 1 1 1 1 1 1 1 1 1 1 1 1 1 1 1 1 1 1 1 1 1 1 1 1 1 1 1 1 1 1 1 1 1 1 1 1 1 1 1 1 1 1 1 1 1 1 1 1 1 1 1 1 1 1 1 1 1 1 1 1 1 1 1 1 1 1 1 1 1 1 1 1 1 1 1 1 1 1 1 1 1 1 1 1 1 1 1 1 1 1 1 1 1 1 1 1 1 1 1 1 1 1 1 1 1 1 1 1 1 1 1 1 1 1 1 1 1 1 1 1 1 1 1 1 1 1 1 1 1 1 1 1 1 1 1 1 1 1 1 1 1 1 1 1 1 1 1 1 1 1 1 1 1 1 1 1 1 1 1 1 1 1 1 1 1 1 1 1 1 1 1 1 1 1 1 1 1 1 1 1 1 1 1 1 1 1 1 1 1 1 1 1 1 1 1 1 1 1 1 1 1 1 1 1 1 1 1 1 1 1 1 1 1 1 1 1 1 1 1 1 1 1 1 1 1 1 1 1 1 1 1 1 1 1 1 1 1 1 1 1 1 1 1 1 1 1 1 1 1 1 1 1 1 1 1 1 1 1 1 1 1 1 1 1 1 1 1 1 1 1 1 1 1 1 1 1 1 1 1 1 1 1 1 1 1 1 1 1 1 1 1 1 1 1 1 1 1 1 1 1 1 1 1 1 1 1 1 1 1 1 1 1 1 1 1 1 1 1 1 1 1 1 1 1 1 1 1 1 1 1 1 1 1 1 1 1 1 1 1 1 1 1 1 1 1 1 1 1 1 1 1 1 1 1 1 1 1 1 1 1 1 1 1 1 1 1 1 1 1 1 1 1 1 1 1 1 1 1 1 1 1 1 1 1 1 1 1 1 1 1 1 1 1 1 1 1 1 1 1 1 1 1 1 1 1 1 1 1 1 1 1 1 1 1 1 1 1 1 1 1 1 1 1 1 1 1 1 1 1 1 1 1 1 1 1 1 1 1 1 1 1 1 1 1 1 1 1 1 1 1 1 1 1 1 1 1 1 1 1 1 1 1 1 1 1 1 1 1 1 1 1 1 1 1 1 1 1 1 1 1 1 1 1 1 1 1 1 1 1 1 1 1 1 1 1 1 1 1 1 1 1 1 1 1 1 1 1 1 1 1 1 1 1 1 1 1 1 1 1 1 1 1 1 1 1 1 1 1 1 1 1 1 1 1 1 1 1 1 1 1 1 1 1 1 1 1 1 1 1 1 1 1 1 1 1 1 1 1 1 1 1 1 1 1 1 1 1 1 1 1 1 1 1 1 1 1 1 1 1 1 1 1 1 1 1 1 1 1 1 1 1 1 1 1 1 1 1 1 1 1 1 1 1 1 1 1 1 1 1 1 1 1 1 1 1 1 1 1 1 1 1 1 1 1 1 1 1 1 1 1 1 1 1 1 1 1 1 1 1 1 1 1 1 1 1 1 1 1 1 1 1 1 1 1 1 1 1 1 1 1 1 1 1 1 1 1 1 1 1 1 1 1 1 1 1 1 1 1 1 1 1 1 1 1 1 1 1 1 1 1 1 1 1 1 1 1 1 1 1 1 1 1 1 1 1 1 1 1 1 1 1 1 1 1 1 1 1 1 1 1 1 1 1 1 1 1 1 1 1 1 1 1 1 1 1 1 1 1 1 1 1 1 1 1 1 1 1 1 1 1 1 1 1 1 1 1 1 1 1 1 1 1 1 1 1 1 1 1 1 1 1 1 1 1 1 1 1 1 1 1 1 1 1 1 1 1 1 1 1 1 1 1 1 1 1 1 1 1 1 1 1 1 1 1 1 1 1 1 1 1 1 1 1 1 1 1 1 1 1 1 1 1 1 1 1 1 1 1 1 1 1 1 1 1 1 1 1 1 1 1 1 1 1 1 1 1 1 1 1 1 1 1 1 1 1 1 1 1 1 1 1 1 1 1 1 1 1 1 1 1 1 1 1 1 1 1 1 1 1 1 1 1 1 1 1 1 1 1 1 1 1 1 1 1 1 1 1 1 1 1 1 1 1 1 1 1 1 1 1 1 1 1 1 1 1 1 1 1 1 1 1 1 1 1 1 1 1 1 1 1 1 1 1 1 1 1 1 1 1 1 1 1 1 1 1 1 1 1 1 1 1 1 1 1 1 1 1 1 1 1 1 1 1 1 1 1 1 1 1 1 1 1 1 1 1 1 1 1 1 1 1 1 1 1 1 1 1 1 1 1 1 1 1 1 1 1 1 1 1 1 1 1 1 1 1 1 1 1 1 1 1 1 1 1 1 1 1 1 1 1 1 1 1 1 1 1 1 1 1 1 1 1 1 1 1 1 1 1 1 1 1 1 1 1 1 1 1 1 1 1 1 1 1 1 1 1 1 1 1 1 1 1 1 1 1 1 1 1 1 1 1 1 1 1 1 1 1 1 1 1 1 1 1 1 1 1 1 1 1 1 1 1 1 1 1 1 1 1 1 1 1 1 1 1 1 1 1 1 1 1 1 1 1 1 1 1 1 1 1 1 1 1 1 1 1 1 1 1 1 1 1 1 1 1 1 1 1 1 1 1 1 1 1 1 1 1 1 1 1 1 1 1 1 1 1 1 1 1 1 1 1 1 1 1 1 1 1 1 1 1 1 1 1 1 1 1 1 1 1 1 1 1 1 1 1 1 1 1 1 1 1 1 1 1 1 1 1 1 1 1 1 1 1 1 1 1 1 1 1 1 1 1 1 1 1 1 1 1 1 1 1 1 1 1 1 1 1 1 1 1 1 1 1 1 1 1 1 1 1 1 1 1 1 1 1 1 1 1 1 1 1 1 1 1 1 1 1 1 1 1 1 1 1 1 1 1 1 1 1 1 1 1 1 1 1 1 1 1 1 1 1 1 1 1 1 1 1 1 1 1 1 1 1 1 1 1 1 1 1 1 1 1 1 1 1 1 1 1 1 1 1 1 1 1 1 1 1 1 1 1 1 1 1 1 1 1 1 1 1 1 1 1 1 1 1 1 1 1 1 1 1 1 1 1 1 1 1 1 1 1 1 1 1 1 1 1 1 1 1 1 1 1 1 1 1 1 1 1 1 1 1 1 1 1 1 1 1 1 1 1 1 1 1 1 1 1 1 1 1 1 1 1 1 1 1 1 1 1 1 1 1 1 1 1 1 1 1 1 1 1 1 1 1 1 1 1 1 1 1 1 1 1 1 1 1 1 1 1 1 1 1 1 1 1 1 1 1 1 1 1 1 1 1 1 1 1 1 1 1 1 1 1 1 1 1 1 1 1 1 1 1 1 1 1 1 1 1 1 1 1 1 1 1 1 1 1 1 1 1 1 1 1 1 1 1 1 1 1 1 1 1 1 1 1 1 1 1 1 1 1 1 1 1 1 1 1 1 1 1 1 1 1 1 1 1 1 1 1 1 1 1 1 1 1 1 1 1 1 1 1 1 1 1 1 1 1 1 1 1 1 1 1 1 1 1 1 1 1 1 1 1 1 1 1 1 1 1 1 1 1 1 1 1 1 1 1 1 1 1 1 1 1 1 1 1 1 1 1 1 1 1 1 1 1 1 1 1 1 1 1 1 1 1 1 1 1 1 1 1 1 1 1 1 1 1 1 1 1 1 1 1 1 1 1 1 1 1 1 1 1 1 1 1 1 1 1 1 1 1 1 1 1 1 1 1 1 1 1 1 1 1 1 1 1 1 1 1 1 1 1 1 1 1 1 1 1 1 1 1 1 1 1 1 1 1 1 1 1 1 1 1 1 1 1 1 1 1 1 1 1 1 1 1 1 1 1 1 1 1 1 1 1 1 1 1 1 1 1 1 1 1 1 1 1 1 1 1 1 1 1 1 1 1 1 1 1 1 1 1 1 1 1 1 1 1 1 1 1 1 1 1 1 1 1 1 1 1 1 1 1 1 1 1 1 1 1 1 1 1 1 1 1 1 1 1 1 1 1 1 1 1 1 1 1 1 1 1 1 1 1 1 1 1 1 1 1 1 1 1 1 1 1 1 1 1 1 1 1 1 1 1 1 1 1 1 1 1 1 1 1 1 1 1 1 1 1 1 1 1 1 1 1 1 1 1 1 1 1 1 1 1 1 1 1 1 1 1 1 1 1 1 1 1 1 1 1 1 1 1 1 1 1 1 1 1 1 1 1 1 1 1 1 1 1 1 1 1 1 1 1 1 1 1 1 1 1 1 1 1 1 1 1 1 1 1 1 1 1 1 1 1 1 1 1 1 1 1 1 1 1 1 1 1 1 1 1 1 1 1 1 1 1 1 1 1 1 1 1 1 1 1 1 1 1 1 1 1 1 1 1 1 1 1 1 1 1 1 1 1 1 1 1 1 1 1 1 1 1 1 1 1 1 1 1 1 1 1 1 1 1 1 1 1 1 1 1 1 1 1 1 1 1 1 1 1 1 1 1 1 1 1 1 1 1 1 1 1 1 1 1 1 1 1 1 1 1 1 1 1 1 1 1 1 1 1 1 1 1 1 1 1 1 1 1 1 1 1 1 1 1 1 1 1 1 1 1 1 1 1 1 1 1 1 1 1 1 1 1 1 1 1 1 1 1 1 1 1 1 1 1 1 1 1 1 1 1 1 1 1 1 1 1 1 1 1 1 1 1 1 1 1 1 1 1 1 1 1 1 1 1 1 1 1 1 1 1 1 1 1 1 1 1 1 1 1 1 1 1 1 1 1 1 1 1 1 1 1 1 1 1 1 1 1 1 1 1 1 1 1 1 1 1 1 1 1 1 1 1 1 1 1 1 1 1 1 1 1 1 1 1 1 1 1 1 1 1 1 1 1 1 1 1 1 1 1 1 1 1 1 1 1 1 1 1 1 1 1 1 1 1 1 1 1 1 1 1 1 1</vcount>
          <v>0 0 0 0 0 0 0 0 0 0 0 0 0 0 0 0 0 0 0 0 0 0 0 0 0 0 0 0 0 0 0 0 0 0 0 0 0 0 0 0 0 0 0 0 0 0 0 0 0 0 0 0 0 0 0 0 0 0 0 0 0 0 0 0 0 0 0 0 0 0 0 0 0 0 0 0 0 0 0 0 0 0 0 0 0 0 0 0 0 0 0 0 0 0 0 0 0 0 0 0 0 0 0 0 0 0 0 0 0 0 0 0 0 0 0 0 0 0 0 0 0 0 0 0 0 0 0 0 0 0 0 0 0 0 0 0 0 0 0 0 0 0 0 0 0 0 0 0 0 0 0 0 0 0 0 0 0 0 0 0 0 0 0 0 0 0 0 0 0 0 0 0 0 0 0 0 0 0 0 0 0 0 0 0 0 0 0 0 0 0 0 0 0 0 0 0 0 0 0 0 0 0 0 0 0 0 0 0 0 0 0 0 0 0 0 0 0 0 0 0 0 0 0 0 0 0 0 0 0 0 0 0 0 0 0 0 0 0 0 0 0 0 0 0 0 0 0 0 0 0 0 0 0 0 0 0 0 0 0 0 0 0 0 0 0 0 0 0 0 0 0 0 0 0 0 0 0 0 0 0 0 0 0 0 0 0 0 0 0 0 0 0 0 0 0 0 0 0 0 0 0 0 0 0 0 0 0 0 0 0 0 0 0 0 0 0 0 0 0 0 0 0 0 0 0 0 0 0 0 0 0 0 0 0 0 0 0 0 0 0 0 0 0 0 0 0 0 0 0 0 0 0 0 0 0 0 0 0 0 0 0 0 0 0 0 0 0 0 0 0 0 0 0 0 0 0 0 0 0 0 0 0 0 0 0 0 0 0 0 0 0 0 0 0 0 0 0 0 0 0 0 0 0 0 0 0 0 0 0 0 0 0 0 0 0 0 0 0 0 0 0 0 0 0 0 0 0 0 0 0 0 0 0 0 0 0 0 0 0 0 0 0 0 0 0 0 0 0 0 0 0 0 0 0 0 0 0 0 0 0 0 0 0 0 0 0 0 0 0 0 0 0 0 0 0 0 0 0 0 0 0 0 0 0 0 0 0 0 0 0 0 0 0 0 0 0 0 0 0 0 0 0 0 0 0 0 0 0 0 0 0 0 0 0 0 0 0 0 0 0 0 0 0 0 0 0 0 0 0 0 0 0 0 0 0 0 0 0 0 0 0 0 0 0 0 0 0 0 0 0 0 0 0 0 0 0 0 0 0 0 0 0 0 0 0 0 0 0 0 0 0 0 0 0 0 0 0 0 0 0 0 0 0 0 0 0 0 0 0 0 0 0 0 0 0 0 0 0 0 0 0 0 0 0 0 0 0 0 0 0 0 0 0 0 0 0 0 0 0 0 0 0 0 0 0 0 0 0 0 0 0 0 0 0 0 0 0 0 0 0 0 0 0 0 0 0 0 0 0 0 0 0 0 0 0 0 0 0 0 0 0 0 0 0 0 0 0 0 0 0 0 0 0 0 0 0 0 0 0 0 0 0 0 0 0 0 0 0 0 0 0 0 0 0 0 0 0 0 0 0 0 0 0 0 0 0 0 0 0 0 0 0 0 0 0 0 0 0 0 0 0 0 0 0 0 0 0 0 0 0 0 0 0 0 0 0 0 0 0 0 0 0 0 0 0 0 0 0 0 0 0 0 0 0 0 0 0 0 0 0 0 0 0 0 0 0 0 0 0 0 0 0 0 0 0 0 0 0 0 0 0 0 0 0 0 0 0 0 0 0 0 0 0 0 0 0 0 0 0 0 0 0 0 0 0 0 0 0 0 0 0 0 0 0 0 0 0 0 0 0 0 0 0 0 0 0 0 0 0 0 0 0 0 0 0 0 0 0 0 0 0 0 0 0 0 0 0 0 0 0 0 0 0 0 0 0 0 0 0 0 0 0 0 0 0 0 0 0 0 0 0 0 0 0 0 0 0 0 0 0 0 0 0 0 0 0 0 0 0 0 0 0 0 0 0 0 0 0 0 0 0 0 0 0 0 0 0 0 0 0 0 0 0 0 0 0 0 0 0 0 0 0 0 0 0 0 0 0 0 0 0 0 0 0 0 0 0 0 0 0 0 0 0 0 0 0 0 0 0 0 0 0 0 0 0 0 0 0 0 0 0 0 0 0 0 0 0 0 0 0 0 0 0 0 0 0 0 0 0 0 0 0 0 0 0 0 0 0 0 0 0 0 0 0 0 0 0 0 0 0 0 0 0 0 0 0 0 0 0 0 0 0 0 0 0 0 0 0 0 0 0 0 0 0 0 0 0 0 0 0 0 0 0 0 0 0 0 0 0 0 0 0 0 0 0 0 0 0 0 0 0 0 0 0 0 0 0 0 0 0 0 0 0 0 0 0 0 0 0 0 0 0 0 0 0 0 0 0 0 0 0 0 0 0 0 0 0 0 0 0 0 0 0 0 0 0 0 0 0 0 0 0 0 0 0 0 0 0 0 0 0 0 0 0 0 0 0 0 0 0 0 0 0 0 0 0 0 0 0 0 0 0 0 0 0 0 0 0 0 0 0 0 0 0 0 0 0 0 0 0 0 0 0 0 0 0 0 0 0 0 0 0 0 0 0 0 0 0 0 0 0 0 0 0 0 0 0 0 0 0 0 0 0 0 0 0 0 0 0 0 0 0 0 0 0 0 0 0 0 0 0 0 0 0 0 0 0 0 0 0 0 0 0 0 0 0 0 0 0 0 0 0 0 0 0 0 0 0 0 0 0 0 0 0 0 0 0 0 0 0 0 0 0 0 0 0 0 0 0 0 0 0 0 0 0 0 0 0 0 0 0 0 0 0 0 0 0 0 0 0 0 0 0 0 0 0 0 0 0 0 0 0 0 0 0 0 0 0 0 0 0 0 0 0 0 0 0 0 0 0 0 0 0 0 0 0 0 0 0 0 0 0 0 0 0 0 0 0 0 0 0 0 0 0 0 0 0 0 0 0 0 0 0 0 0 0 0 0 0 0 0 0 0 0 0 0 0 0 0 0 0 0 0 0 0 0 0 0 0 0 0 0 0 0 0 0 0 0 0 0 0 0 0 0 0 0 0 0 0 0 0 0 0 0 0 0 0 0 0 0 0 0 0 0 0 0 0 0 0 0 0 0 0 0 0 0 0 0 0 0 0 0 0 0 0 0 0 0 0 0 0 0 0 0 0 0 0 0 0 0 0 0 0 0 0 0 0 0 0 0 0 0 0 0 0 0 0 0 0 0 0 0 0 0 0 0 0 0 0 0 0 0 0 0 0 0 0 0 0 0 0 0 0 0 0 0 0 0 0 0 0 0 0 0 0 0 0 0 0 0 0 0 0 0 0 0 0 0 0 0 0 0 0 0 0 0 0 0 0 0 0 0 0 0 0 0 0 0 0 0 0 0 0 0 0 0 0 0 0 0 0 0 0 0 0 0 0 0 0 0 0 0 0 0 0 0 0 0 0 0 0 0 0 0 0 0 0 0 0 0 0 0 0 0 0 0 0 0 0 0 0 0 0 0 0 0 0 0 0 0 0 0 0 0 0 0 0 0 0 0 0 0 0 0 0 0 0 0 0 0 0 0 0 0 0 0 0 0 0 0 0 0 0 0 0 0 0 0 0 0 0 0 0 0 0 0 0 0 0 0 0 0 0 0 0 0 0 0 0 0 0 0 0 0 0 0 0 0 0 0 0 0 0 0 0 0 0 0 0 0 0 0 0 0 0 0 0 0 0 0 0 0 0 0 0 0 0 0 0 0 0 0 0 0 0 0 0 0 0 0 0 0 0 0 0 0 0 0 0 0 0 0 0 0 0 0 0 0 0 0 0 0 0 0 0 0 0 0 0 0 0 0 0 0 0 0 0 0 0 0 0 0 0 0 0 0 0 0 0 0 0 0 0 0 0 0 0 0 0 0 0 0 0 0 0 0 0 0 0 0 0 0 0 0 0 0 0 0 0 0 0 0 0 0 0 0 0 0 0 0 0 0 0 0 0 0 0 0 0 0 0 0 0 0 0 0 0 0 0 0 0 0 0 0 0 0 0 0 0 0 0 0 0 0 0 0 0 0 0 0 0 0 0 0 0 0 0 0 0 0 0 0 0 0 0 0 0 0 0 0 0 0 0 0 0 0 0 0 0 0 0 0 0 0 0 0 0 0 0 0 0 0 0 0 0 0 0 0 0 0 0 0 0 0 0 0 0 0 0 0 0 0 0 0 0 0 0 0 0 0 0 0 0 0 0 0 0 0 0 0 0 0 0 0 0 0 0 0 0 0 0 0 0 0 0 0 0 0 0 0 0 0 0 0 0 0 0 0 0 0 0 0 0 0 0 0 0 0 0 0 0 0 0 0 0 0 0 0 0 0 0 0 0 0 0 0 0 0 0 0 0 0 0 0 0 0 0 0 0 0 0 0 0 0 0 0 0 0 0 0 0 0 0 0 0 0 0 0 0 0 0 0 0 0 0 0 0 0 0 0 0 0 0 0 0 0 0 0 0 0 0 0 0 0 0 0 0 0 0 0 0 0 0 0 0 0 0 0 0 0 0 0 0 0 0 0 0 0 0 0 0 0 0 0 0 0 0 0 0 0 0 0 0 0 0 0 0 0 0 0 0 0 0 0 0 0 0 0 0 0 0 0 0 0 0 0 0 0 0 0 0 0 0 0 0 0 0 0 0 0 0 0 0 0 0 0 0 0 0 0 0 0 0 0 0 0 0 0 0 0 0 0 0 0 0 0 0 0 0 0 0 0 0 0 0 0 0 0 0 0 0 0 0 0 0 0 0 0 0 0 0 0 0 0 0 0 0 0 0 0 0 0 0 0 0 0 0 0 0 0 0 0 0 0 0 0 0 0 0 0 0 0 0 0 0 0 0 0 0 0 0 0 0 0 0 0 0 0 0 0 0 0 0 0 0 0 0 0 0 0 0 0 0 0 0 0 0 0 0 0 0 0 0 0 0 0 0 0 0 0 0 0 0 0 0 0 0 0 0 0 0 0 0 0 0 0 0 0 0 0 0 0 0 0 0 0 0 0 0 0 0 0 0 0 0 0 0 0 0 0 0 0 0 0 0 0 0 0 0 0 0 0 0 0 0 0 0 0 0 0 0 0 0 0 0 0 0 0 0 0 0 0 0 0 0 0 0 0 0 0 0 0 0 0 0 0 0 0 0 0 0 0 0 0 0 0 0 0 0 0 0 0 0 0 0 0 0 0 0 0 0 0 0 0 0 0 0 0 0 0 0 0 0 0 0 0 0 0 0 0 0 0 0 0 0 0 0 0 0 0 0 0 0 0 0 0 0 0 0 0 0 0 0 0 0 0 0 0 0 0 0 0 0 0 0 0 0 0 0 0 0 0 0 0 0 0 0 0 0 0 0 0 0 0 0 0 0 0 0 0 0 0 0 0 0 0 0 0 0 0 0 0 0 0 0 0 0 0 0 0 0 0 0 0 0 0 0 0 0 0 0 0 0 0 0 0 0 0 0 0 0 0 0 0 0 0 0 0 0 0 0 0 0 0 0 0 0 0 0 0 0 0 0 0 0 0 0 0 0 0 0 0 0 0 0 0 0 0 0 0 0 0 0 0 0 0 0 0 0 0 0 0 0 0 0 0 0 0 0 0 0 0 0 0 0 0 0 0 0 0 0 0 0 0 0 0 0 0 0 0 0 0 0 0 0 0 0 0 0 0 0 0 0 0 0 0 0 0 0 0 0 0 0 0 0 0 0 0 0 0 0 0 0 0 0 0 0 0 0 0 0 0 0 0 0 0 0 0 0 0 0 0 0 0 0 0 0 0 0 0 0 0 0 0 0 0 0 0 0 0 0 0 0 0 0 0 0 0 0 0 0 0 0 0 0 0 0 0 0 0 0 0 0 0 0 0 0 0 0 0 0 0 0 0 0 0 0 0 0 0 0 0 0 0 0 0 0 0 0 0 0 0 0 0 0 0 0 0 0 0 0 0 0 0 0 0 0 0 0 0 0 0 0 0 0 0 0 0 0 0 0 0 0 0 0 0 0 0 0 0 0 0 0 0 0 0 0 0 0 0 0 0 0 0 0 0 0 0 0 0 0 0 0 0 0 0 0 0 0 0 0 0 0 0 0 0 0 0 0 0 0 0 0 0 0 0 0 0 0 0 0 0 0 0 0 0 0 0 0 0 0 0 0 0 0 0 0 0 0 0 0 0 0 0 0 0 0 0 0 0 0 0 0 0 0 0 0 0 0 0 0 0 0 0 0 0 0 0 0 0 0 0 0 0 0 0 0 0 0 0 0 0 0 0 0 0 0 0 0 0 0 0 0 0 0 0 0 0 0 0 0 0 0 0 0 0 0 0 0 0 0 0 0 0 0 0 0 0 0 0 0 0 0 0 0 0 0 0 0 0 0 0 0 0 0 0 0 0 0 0 0 0 0 0 0 0 0 0 0 0 0 0 0 0 0 0 0 0 0 0 0 0 0 0 0 0 0 0 0 0 0 0 0 0 0 0 0 0 0 0 0 0 0 0 0 0 0 0 0 0 0 0 0 0 0 0 0 0 0 0 0 0 0 0 0 0 0 0 0 0 0 0 0 0 0 0 0 0 0 0 0 0 0 0 0 0 0 0 0 0 0 0 0 0 0 0 0 0 0 0 0 0 0 0 0 0 0 0 0 0 0 0 0 0 0 0 0 0 0 0 0 0 0 0 0 0 0 0 0 0 0 0 0 0 0 0 0 0 0 0 0 0 0 0 0 0 0 0 0 0 0 0 0 0 0 0 0 0 0 0 0 0 0 0 0 0 0 0 0 0 0 0 0 0 0 0 0 0 0 0 0 0 0 0 0 0 0 0 0 0 0 0 0 0 0 0 0 0 0 0 0 0 0 0 0 0 0 0 0 0 0 0 0 0 0 0 0 0 0 0 0 0 0 0 0 0 0 0 0 0 0 0 0 0 0 0 0 0 0 0 0 0 0 0 0 0 0 0 0 0 0 0 0 0 0 0 0 0 0 0 0 0 0 0 0 0 0 0 0 0 0 0 0 0 0 0 0 0 0 0 0 0 0 0 0 0 0 0 0 0 0 0 0 0 0 0 0 0 0 0 0 0 0 0 0 0 0 0 0 0 0 0 0 0 0 0 0 0 0 0 0 0 0 0 0 0 0 0 0 0 0 0 0 0 0 0 0 0 0 0 0 0 0 0 0 0 0 0 0 0 0 0 0 0 0 0 0 0 0 0 0 0 0 0 0 0 0 0 0 0 0 0 0 0 0 0 0 0 0 0 0 0 0 0 0 0 0 0 0 0 0 0 0 0 0 0 0 0 0 0 0 0 0 0 0 0 0 0 0 0 0 0 0 0 0 0 0 0 0 0 0 0 0 0 0 0 0 0 0 0 0 0 0 0 0 0 0 0 0 0 0 0 0 0 0 0 0 0 0 0 0 0 0 0 0 0 0 0 0 0 0 0 0 0 0 0 0 0 0 0 0 0 0 0 0 0 0 0 0 0 0 0 0 0 0 0 0 0 0 0 0 0 0 0 0 0 0 0 0 0 0 0 0 0 0 0 0 0 0 0 0 0 0 0 0 0 0 0 0 0 0 0 0 0 0 0 0 0 0 0 0 0 0 0 0 0 0 0 0 0 0 0 0 0 0 0 0 0 0 0 0 0 0 0 0 0 0 0 0 0 0 0 0 0 0 0 0 0 0 0 0 0 0 0 0 0 0 0 0 0 0 0 0 0 0 0 0 0 0 0 0 0 0 0 0 0 0 0 0 0 0 0 0 0 0 0 0 0 0 0 0 0 0 0 0 0 0 0 0 0 0 0 0 0 0 0 0 0 0 0 0 0 0 0 0 0 0 0 0 0 0 0 0 0 0 0 0 0 0 0 0 0 0 0 0 0 0 0 0 0 0 0 0 0 0 0 0 0 0 0 0 0 0 0 0 0 0 0 0 0 0 0 0 0 0 0 0 0 0 0 0 0 0 0 0 0 0 0 0 0 0 0 0 0 0 0 0 0 0 0 0 0 0 0 0 0 0 0 0 0 0 0 0 0 0 0 0 0 0 0 0 0 0 0 0 0 0 0 0 0 0 0 0 0 0 0 0 0 0 0 0 0 0 0 0 0 0 0 0 0 0 0 0 0 0 0 0 0 0 0 0 0 0 0 0 0 0 0 0 0 0 0 0 0 0 0 0 0 0 0 0 0 0 0 0 0 0 0 0 0 0 0 0 0 0 0 0 0 0 0 0 0 0 0 0 0 0 0 0 0 0 0 0 0 0 0 0 0 0 0 0 0 0 0 0 0 0 0 0 0 0 0 0 0 0 0 0 0 0 0 0 0 0 0 0 0 0 0 0 0 0 0 0 0 0 0 0 0 0 0 0 0 0 0 0 0 0 0 0 0 0 0 0 0 0 0 0 0 0 0 0 0 0 0 0 0 0 0 0 0 0 0 0 0 0 0 0 0 0 0 0 0 0 0 0 0 0 0 0 0 0 0 0 0 0 0 0 0 0 0 0 0 0 0 0 0 0 0 0 0 0 0 0 0 0 0 0 0 0 0 0 0 0 0 0 0 0 0 0 0 0 0 0 0 0 0 0 0 0 0 0 0 0 0 0 0 0 0 0 0 0 0 0 0 0 0 0 0 0 0 0 0 0 0 0 0 0 0 0 0 0 0 0 0 0 0 0 0 0 0 0 0 0 0 0 0 0 0 0 0 0 0 0 0 0 0 0 0 0 0 0 0 0 0 0 0 0 0 0 0 0 0 0 0 0 0 0 0 0 0 0 0 0 0 0 0 0 0 0 0 0 0 0 0 0 0 0 0 0 0 0 0 0 0 0 0 0 0 0 0 0 0 0 0 0 0 0 0 0 0 0 0 0 0 0 0 0 0 0 0 0 0 0 0 0 0 0 0 0 0 0 0 0 0 0 0 0 0 0 0 0 0 0 0 0 0 0 0 0 0 0 0 0 0 0 0 0 0 0 0 0 0 0 0 0 0 0 0 0 0 0 0 0 0 0 0 0 0 0 0 0 0 0 0 0 0 0 0 0 0 0 0 0 0 0 0 0 0 0 0 0 0 0 0 0 0 0 0 0 0 0 0 0 0 0 0 0 0 0 0 0 0 0 0 0 0 0 0 0 0 0 0 0 0 0 0 0 0 0 0 0 0 0 0 0 0 0 0 0 0 0 0 0 0 0 0 0 0 0 0 0 0 0 0 0 0 0 0 0 0 0 0 0 0 0 0 0 0 0 0 0 0 0 0 0 0 0 0 0 0 0 0 0 0 0 0 0 0 0 0 0 0 0 0 0 0 0 0 0 0 0 0 0 0 0 0 0 0 0 0 0 0 0 0 0 0 0 0 0 0 0 0 0 0 0 0 0 0 0 0 0 0 0 0 0 0 0 0 0 0 0 0 0 0 0 0 0 0 0 0 0 0 0 0 0 0 0 0 0 0 0 0 0 0 0 0 0 0 0 0 0 0 0 0 0 0 0 0 0 0 0 0 0 0 0 0 0 0 0 0 0 0 0 0 0 0 0 0 0 0 0 0 0 0 0 0 0 0 0 0 0 0 0 0 0 0 0 0 0 0 0 0 0 0 0 0 0 0 0 0 0 0 0 0 0 0 0 0 0 0 0 0 0 0 0 0 0 0 0 0 0 0 0 0 0 0 0 0 0 0 0 0 0 0 0 0 0 0 0 0 0 0 0 0 0 0 0 0 0 0 0 0 0 0 0 0 0 0 0 0 0 0 0 0 0 0 0 0 0 0 0 0 0 0 0 0 0 0 0 0 0 0 0 0 0 0 0 0 0 0 0 0 0 0 0 0 0 0 0 0 0 0 0 0 0 0 0 0 0 0 0 0 0 0 0 0 0 0 0 0 0 0 0 0 0 0 0 0 0 0 0 0 0 0 0 0 0 0 0 0 0 0 0 0 0 0 0 0 0 0 0 0 0 0 0 0 0 0 0 0 0 0 0 0 0 0 0 0 0 0 0 0 0 0 0 0 0 0 0 0 0 0 0 0 0 0 0 0 0 0 0 0 0 0 0 0 0 0 0 0 0 0 0 0 0 0 0 0 0 0 0 0 0 0 0 0 0 0 0 0 0 0 0 0 0 0 0 0 0 0 0 0 0 0 0 0 0 0 0 0 0 0 0 0 0 0 0 0 0 0 0 0 0 0 0 0 0 0 0 0 0 0 0 0 0 0 0 0 0 0 0 0 0 0 0 0 0 0 0 0 0 0 0 0 0 0 0 0 0 0 0 0 0 0 0 0 0 0 0 0 0 0 0 0 0 0 0 0 0 0 0 0 0 0 0 0 0 0 0 0 0 0 0 0 0 0 0 0 0 0 0 0 0 0 0 0 0 0 0 0 0 0 0 0 0 0 0 0 0 0 0 0 0 0 0 0 0 0 0 0 0 0 0 0 0 0 0 0 0 0 0 0 0 0 0 0 0 0 0 0 0 0 0 0 0 0 0 0 0 0 0 0 0 0 0 0 0 0 0 0 0 0 0 0 0 0 0 0 0 0 0 0 0 0 0 0 0 0 0 0 0 0 0 0 0 0 0 0 0 0 0 0 0 0 0 0 0 0 0 0 0 0 0 0 0 0 0 0 0 0 0 0 0 0 0 0 0 0 0 0 0 0 0 0 0 0 0 0 0 0 0 0 0 0 0 0 0 0 0 0 0 0 0 0 0 0 0 0 0 0 0 0 0 0 0 0 0 0 0 0 0 0 0 0 0 0 0 0 0 0 0 0 0 0 0 0 0 0 0 0 0 0 0 0 0 0 0 0 0 0 0 0 0 0 0 0 0 0 0 0 0 0 0 0 0 0 0 0 0 0 0 0 0 0 0 0 0 0 0 0 0 0 0 0 0 0 0 0 0 0 0 0 0 0 0 0 0 0 0 0 0 0 0 0 0 0 0 0 0 0 0 0 0 0 0 0 0 0 0 0 0 0 0 0 0 0 0 0 0 0 0 0 0 0 0 0 0 0 0 0 0 0 0 0 0 0 0 0 0 0 0 0 0 0 0 0 0 0 0 0 0 0 0 0 0 0 0 0 0 0 0 0 0 0 0 0 0 0 0 0 0 0 0 0 0 0 0 0 0 0 0 0 0 0 0 0 0 0 0 0 0 0 0 0 0 0 0 0 0 0 0 0 0 0 0 0 0 0 0 0 0 0 0 0 0 0 0 0 0 0 0 0 0 0 0 0 0 0 0 0 0 0 0 0 0 0 0 0 0 0 0 0 0 0 0 0 0 0 0 0 0 0 0 0 0 0 0 0 0 0 0 0 0 0 0 0 0 0 0 0 0 0 0 0 0 0 0 0 0 0 0 0 0 0 0 0 0 0 0 0 0 0 0 0 0 0 0 0 0 0 0 0 0 0 0 0 0 0 0 0 0 0 0 0 0 0 0 0 0 0 0 0 0 0 0 0 0 0 0 0 0 0 0 0 0 0 0 0 0 0 0 0 0 0 0 0 0 0 0 0 0 0 0 0 0 0 0 0 0 0 0 0 0 0 0 0 0 0 0 0 0 0 0 0 0 0 0 0 0 0 0 0 0 0 0 0 0 0 0 0 0 0 0 0 0 0 0 0 0 0 0 0 0 0 0 0 0 0 0 0 0 0 0 0 0 0 0 0 0 0 0 0 0 0 0 0 0 0 0 0 0 0 0 0 0 0 0 0 0 0 0 0 0 0 0 0 0 0 0 0 0 0 0 0 0 0 0 0 0 0 0 0 0 0 0 0 0 0 0 0 0 0 0 0 0 0 0 0 0 0 0 0 0 0 0 0 0 0 0 0 0 0 0 0 0 0 0 0 0 0 0 0 0 0 0 0 0 0 0 0 0 0 0 0 0 0 0 0 0 0 0 0 0 0 0 0 0 0 0 0 0 0 0 0 0 0 0 0 0 0 0 0 0 0 0 0 0 0 0 0 0 0 0 0 0 0 0 0 0 0 0 0 0 0 0 0 0 0 0 0 0 0 0 0 0 0 0 0 0 0 0 0 0 0 0 0 0 0 0 0 0 0 0 0 0 0 0 0 0 0 0 0 0 0 0 0 0 0 0 0 0 0 0 0 0 0 0 0 0 0 0 0 0 0 0 0 0 0 0 0 0 0 0 0 0 0 0 0 0 0 0 0 0 0 0 0 0 0 0 0 0 0 0 0 0 0 0 0 0 0 0 0 0 0 0 0 0 0 0 0 0 0 0 0 0 0 0 0 0 0 0 0 0 0 0 0 0 0 0 0 0 0 0 0 0 0 0 0 0 0 0 0 0 0 0 0 0 0 0 0 0 0 0 0 0 0 0 0 0 0 0 0 0 0 0 0 0 0 0 0 0 0 0 0 0 0 0 0 0 0 0 0 0 0 0 0 0 0 0 0 0 0 0 0 0 0 0 0 0 0 0 0 0 0 0 0 0 0 0 0 0 0 0 0 0 0 0 0 0 0 0 0 0 0 0 0 0 0 0 0 0 0 0 0 0 0 0 0 0 0 0 0 0 0 0 0 0 0 0 0 0 0 0 0 0 0 0 0 0 0 0 0 0 0 0 0 0 0 0 0 0 0 0 0 0 0 0 0 0 0 0 0 0 0 0 0 0 0 0 0 0 0 0 0 0 0 0 0 0 0 0 0 0 0 0 0 0 0 0 0 0 0 0 0 0 0 0 0 0 0 0 0 0 0 0 0 0 0 0 0 0 0 0 0 0 0 0 0 0 0 0 0 0 0 0 0 0 0 0 0 0 0 0 0 0 0 0 0 0 0 0 0 0 0 0 0 0 0 0 0 0 0 0 0 0 0 0 0 0 0 0 0 0 0 0 0 0 0 0 0 0 0 0 0 0 0 0 0 0 0 0 0 0 0 0 0 0 0 0 0 0 0 0 0 0 0 0 0 0 0 0 0 0 0 0 0 0 0 0 0 0 0 0 0 0 0 0 0 0 0 0 0 0 0 0 0 0 0 0 0 0 0 0 0 0 0 0 0 0 0 0 0 0 0 0 0 0 0 0 0 0 0 0 0 0 0 0 0 0 0 0 0 0 0 0 0 0 0 0 0 0 0 0 0 0 0 0 0 0 0 0 0 0 0 0 0 0 0 0 0 0 0 0 0 0 0 0 0 0 0 0 0 0 0 0 0 0 0 0 0 0 0 0 0 0 0 0 0 0 0 0 0 0 0 0 0 0 0 0 0 0 0 0 0 0 0 0 0 0 0 0 0 0 0 0 0 0 0 0 0 0 0 0 0 0 0 0 0 0 0 0 0 0 0 0 0 0 0 0 0 0 0 0 0 0 0 0 0 0 0 0 0 0 0 0 0 0 0 0 0 0 0 0 0 0 0 0 0 0 0 0 0 0 0 0 0 0 0 0 0 0 0 0 0 0 0 0 0 0 0 0 0 0 0 0 0 0 0 0 0 0 0 0 0 0 0 0 0 0 0 0 0 0 0 0 0 0 0 0 0 0 0 0 0 0 0 0 0 0 0 0 0 0 0 0 0 0 0 0 0 0 0 0 0 0 0 0 0 0 0 0 0 0 0 0 0 0 0 0 0 0 0 0 0 0 0 0 0 0 0 0 0 0 0 0 0 0 0 0 0 0 0 0 0 0 0 0 0 0 0 0 0 0 0 0 0 0 0 0 0 0 0 0 0 0 0 0 0 0 0 0 0 0 0 0 0 0 0 0 0 0 0 0 0 0 0 0 0 0 0 0 0 0 0 0 0 0 0 0 0 0 0 0 0 0 0 0 0 0 0 0 0 0 0 0 0 0 0 0 0 0 0 0 0 0 0 0 0 0 0 0 0 0 0 0 0 0 0 0 0 0 0 0 0 0 0 0 0 0 0 0 0 0 0 0 0 0 0 0 0 0 0 0 0 0 0 0 0 0 0 0 0 0 0 0 0 0 0 0 0 0 0 0 0 0 0 0 0 0 0 0 0 0 0 0 0 0 0 0 0 0 0 0 0 0 0 0 0 0 0 0 0 0 0 0 0 0 0 0 0 0 0 0 0 0 0 0 0 0 0 0 0 0 0 0 0 0 0 0 0 0 0 0 0 0 0 0 0 0 0 0 0 0 0 0 0 0 0 0 0 0 0 0 0 0 0 0 0 0 0 0 0 0 0 0 0 0 0 0 0 0 0 0 0 0 0 0 0 0 0 0 0 0 0 0 0 0 0 0 0 0 0 0 0 0 0 0 0 0 0 0 0 0 0 0 0 0 0 0 0 0 0 0 0 0 0 0 0 0 0 0 0 0 0 0 0 0 0 0 0 0 0 0 0 0 0 0 0 0 0 0 0 0 0 0 0 0 0 0 0 0 0 0 0 0 0 0 0 0 0 0 0 0 0 0 0 0 0 0 0 0 0 0 0 0 0 0 0 0 0 0 0 0 0 0 0 0 0 0 0 0 0 0 0 0 0 0 0 0 0 0 0 0 0 0 0 0 0 0 0 0 0 0 0 0 0 0 0 0 0 0 0 0 0 0 0 0 0 0 0 0 0 0 0 0 0 0 0 0 0 0 0 0 0 0 0 0 0 0 0 0 0 0 0 0 0 0 0 0 0 0 0 0 0 0 0 0 0 0 0 0 0 0 0 0 0 0 0 0 0 0 0 0 0 0 0 0 0 0 0 0 0 0 0 0 0 0 0 0 0 0 0 0 0 0 0 0 0 0 0 0 0 0 0 0 0 0 0 0 0 0 0 0 0 0 0 0 0 0 0 0 0 0 0 0 0 0 0 0 0 0 0 0 0 0 0 0 0 0 0 0 0 0 0 0 0 0 0 0 0 0 0 0 0 0 0 0 0 0 0 0 0 0 0 0 0 0 0 0 0 0 0 0 0 0 0 0 0 0 0 0 0 0 0 0 0 0 0 0 0 0 0 0 0 0 0 0 0 0 0 0 0 0 0 0 0 0 0 0 0 0 0 0 0 0 0 0 0 0 0 0 0 0 0 0 0 0 0 0 0 0 0 0 0 0 0 0 0 0 0 0 0 0 0 0 0 0 0 0 0 0 0 0 0 0 0 0 0 0 0 0 0 0 0 0 0 0 0 0 0 0 0 0 0 0 0 0 0 0 0 0 0 0 0 0 0 0 0 0 0 0 0 0 0 0 0 0 0 0 0 0 0 0 0 0 0 0 0 0 0 0 0 0 0 0 0 0 0 0 0 0 0 0 0 0 0 0 0 0 0 0 0 0 0 0 0 0 0 0 0 0 0 0 0 0 0 0 0 0 0 0 0 0 0 0 0 0 0 0 0 0 0 0 0 0 0 0 0 0 0 0 0 0 0 0 0 0 0 0 0 0 0 0 0 0 0 0 0 0 0 0 0 0 0 0 0 0 0 0 0 0 0 0 0 0 0 0 0 0 0 0 0 0 0 0 0 0 0 0 0 0 0 0 0 0 0 0 0 0 0 0 0 0 0 0 0 0 0 0 0 0 0 0 0 0 0 0 0 0 0 0 0 0 0 0 0 0 0 0 0 0 0 0 0 0 0 0 0 0 0 0 0 0 0 0 0 0 0 0 0 0 0 0 0 0 0 0 0 0 0 0 0 0 0 0 0 0 0 0 0 0 0 0 0 0 0 0 0 0 0 0 0 0 0 0 0 0 0 0 0 0 0 0 0 0 0 0 0 0 0 0 0 0 0 0 0 0 0 0 0 0 0 0 0 0 0 0 0 0 0 0 0 0 0 0 0 0 0 0 0 0 0 0 0 0 0 0 0 0 0 0 0 0 0 0 0 0 0 0 0 0 0 0 0 0 0 0 0 0 0 0 0 0 0 0 0 0 0 0 0 0 0 0 0 0 0 0 0 0 0 0 0 0 0 0 0 0 0 0 0 0 0 0 0 0 0 0 0 0 0 0 0 0 0 0 0 0 0 0 0 0 0 0 0 0 0 0 0 0 0 0 0 0 0 0 0 0 0 0 0 0 0 0 0 0 0 0 0 0 0 0 0 0 0 0 0 0 0 0 0 0 0 0 0 0 0 0 0 0 0 0 0 0 0 0 0 0 0 0 0 0 0 0 0 0 0 0 0 0 0 0 0 0 0 0 0 0 0 0 0 0 0 0 0 0 0 0 0 0 0 0 0 0 0 0 0 0 0 0 0 0 0 0 0 0 0 0 0 0 0 0 0 0 0 0 0 0 0 0 0 0 0 0 0 0 0 0 0 0 0 0 0 0 0 0 0 0 0 0 0 0 0 0 0 0 0 0 0 0 0 0 0 0 0 0 0 0 0 0 0 0 0 0 0 0 0 0 0 0 0 0 0 0 0 0 0 0 0 0 0 0 0 0 0 0 0 0 0 0 0 0 0 0 0 0 0 0 0 0 0 0 0 0 0 0 0 0 0 0 0 0 0 0 0 0 0 0 0 0 0 0 0 0 0 0 0 0 0 0 0 0 0 0 0 0 0 0 0 0 0 0 0 0 0 0 0 0 0 0 0 0 0 0 0 0 0 0 0 0 0 0 0 0 0 0 0 0 0 0 0 0 0 0 0 0 0 0 0 0 0 0 0 0 0 0 0 0 0 0 0 0 0 0 0 0 0 0 0 0 0 0 0 0 0 0 0 0 0 0 0 0 0 0 0 0 0 0 0 0 0 0 0 0 0 0 0 0 0 0 0 0 0 0 0 0 0 0 0 0 0 0 0 0 0 0 0 0 0 0 0 0 0 0 0 0 0 0 0 0 0 0 0 0 0 0 0 0 0 0 0 0 0 0 0 0 0 0 0 0 0 0 0 0 0 0 0 0 0 0 0 0 0 0 0 0 0 0 0 0 0 0 0 0 0 0 0 0 0 0 0 0 0 0 0 0 0 0 0 0 0 0 0 0 0 0 0 0 0 0 0 0 0 0 0 0 0 0 0 0 0 0 0 0 0 0 0 0 0 0 0 0 0 0 0 0 0 0 0 0 0 0 0 0 0 0 0 0 0 0 0 0 0 0 0 0 0 0 0 0 0 0 0 0 0 0 0 0 0 0 0 0 0 0 0 0 0 0 0 0 0 0 0 0 0 0 0 0 0 0 0 0 0 0 0 0 0 0 0 0 0 0 0 0 0 0 0 0 0 0 0 0 0 0 0 0 0 0 0 0 0 0 0 0 0 0 0 0 0 0 0 0 0 0 0 0 0 0 0 0 0 0 0 0 0 0 0 0 0 0 0 0 0 0 0 0 0 0 0 0 0 0 0 0 0 0 0 0 0 0 0 0 0 0 0 0 0 0 0 0 0 0 0 0 0 0 0 0 0 0 0 0 0 0 0 0 0 0 0 0 0 0 0 0 0 0 0 0 0 0 0 0 0 0 0 0 0 0 0 0 0 0 0 0 0 0 0 0 0 0 0 0 0 0 0 0 0 0 0 0 0 0 0 0 0 0 0 0 0 0 0 0 0 0 0 0 0 0 0 0 0 0 0 0 0 0 0 0 0 0 0 0 0 0 0 0 0 0 0 0 0 0 0 0 0 0 0 0 0 0 0 0 0 0 0 0 0 0 0 0 0 0 0 0 0 0 0 0 0 0 0 0 0 0 0 0 0 0 0 0 0 0 0 0 0 0 0 0 0 0 0 0 0 0 0 0 0 0 0 0 0 0 0 0 0 0 0 0 0 0 0 0 0 0 0 0 0 0 0 0 0 0 0 0 0 0 0 0 0 0 0 0 0 0 0 0 0 0 0 0 0 0 0 0 0 0 0 0 0 0 0 0 0 0 0 0 0 0 0 0 0 0 0 0 0 0 0 0 0 0 0 0 0 0 0 0 0 0 0 0 0 0 0 0 0 0 0 0 0 0 0 0 0 0 0 0 0 0 0 0 0 0 0 0 0 0 0 0 0 0 0 0 0 0 0 0 0 0 0 0 0 0 0 0 0 0 0 0 0 0 0 0 0 0 0 0 0 0 0 0 0 0 0 0 0 0 0 0 0 0 0 0 0 0 0 0 0 0 0 0 0 0 0 0 0 0 0 0 0 0 0 0 0 0 0 0 0 0 0 0 0 0 0 0 0 0 0 0 0 0 0 0 0 0 0 0 0 0 0 0 0 0 0 0 0 0 0 0 0 0 0 0 0 0 0 0 0 0 0 0 0 0 0 0 0 0 0 0 0 0 0 0 0 0 0 0 0 0 0 0 0 0 0 0 0 0 0 0 0 0 0 0 0 0 0 0 0 0 0 0 0 0 0 0 0 0 0 0 0 0 0 0 0 0 0 0 0 0 0 0 0 0 0 0 0 0 0 0 0 0 0 0 0 0 0 0 0 0 0 0 0 0 0 0 0 0 0 0 0 0 0 0 0 0 0 0 0 0 0 0 0 0 0 0 0 0 0 0 0 0 0 0 0 0 0 0 0 0 0 0 0 0 0 0 0 0 0 0 0 0 0 0 0 0 0 0 0 0 0 0 0 0 0 0 0 0 0 0 0 0 0 0 0 0 0 0 0 0 0 0 0 0 0 0 0 0 0 0 0 0 0 0 0 0 0 0 0 0 0 0 0 0 0 0 0 0 0 0 0 0 0 0 0 0 0 0 0 0 0 0 0 0 0 0 0 0 0 0 0 0 0 0 0 0 0 0 0 0 0 0 0 0 0 0 0 0 0 0 0 0 0 0 0 0 0 0 0 0 0 0 0 0 0 0 0 0 0 0 0 0 0 0 0 0 0 0 0 0 0 0 0 0 0 0 0 0 0 0 0 0 0 0 0 0 0 0 0 0 0 0 0 0 0 0 0 0 0 0 0 0 0 0 0 0 0 0 0 0 0 0 0 0 0 0 0 0 0 0 0 0 0 0 0 0 0 0 0 0 0 0 0 0 0 0 0 0 0 0 0 0 0 0 0 0 0 0 0 0 0 0 0 0 0 0 0 0 0 0 0 0 0 0 0 0 0 0 0 0 0 0 0 0 0 0 0 0 0 0 0 0 0 0 0 0 0 0 0 0 0 0 0 0 0 0 0 0 0 0 0 0 0 0 0 0 0 0 0 0 0 0 0 0 0 0 0 0 0 0 0 0 0 0 0 0 0 0 0 0 0 0 0 0 0 0 0 0 0 0 0 0 0 0 0 0 0 0 0 0 0 0 0 0 0 0 0 0 0 0 0 0 0 0 0 0 0 0 0 0 0 0 0 0 0 0 0 0 0 0 0 0 0 0 0 0 0 0 0 0 0 0 0 0 0 0 0 0 0 0 0 0 0 0 0 0 0 0 0 0 0 0 0 0 0 0 0 0 0 0 0 0 0 0 0 0 0 0 0 0 0 0 0 0 0 0 0 0 0 0 0 0 0 0 0 0 0 0 0 0 0 0 0 0 0 0 0 0 0 0 0 0 0 0 0 0 0 0 0 0 0 0 0 0 0 0 0 0 0 0 0 0 0 0 0 0 0 0 0 0 0 0 0 0 0 0 0 0 0 0 0 0 0 0 0 0 0 0 0 0 0 0 0 0 0 0 0 0 0 0 0 0 0 0 0 0 0 0 0 0 0 0 0 0 0 0 0 0 0 0 0 0 0 0 0 0 0 0 0 0 0 0 0 0 0 0 0 0 0 0 0 0 0 0 0 0 0 0 0 0 0 0 0 0 0 0 0 0 0 0 0 0 0 0 0 0 0 0 0 0 0 0 0 0 0 0 0 0 0 0 0 0 0 0 0 0 0 0 0 0 0 0 0 0 0 0 0 0 0 0 0 0 0 0 0 0 0 0 0 0 0 0 0 0 0 0 0 0 0 0 0 0 0 0 0 0 0 0 0 0 0 0 0 0 0 0 0 0 0 0 0 0 0 0 0 0 0 0 0 0 0 0 0 0 0 0 0 0 0 0 0 0 0 0 0 0 0 0 0 0 0 0 0 0 0 0 0 0 0 0 0 0 0 0 0 0 0 0 0 0 0 0 0 0 0 0 0 0 0 0 0 0 0 0 0 0 0 0 0 0 0 0 0 0 0 0 0 0 0 0 0 0 0 0 0 0 0 0 0 0 0 0 0 0 0 0 0 0 0 0 0 0 0 0 0 0 0 0 0 0 0 0 0 0 0 0 0 0 0 0 0 0 0 0 0 0 0 0 0 0 0 0 0 0 0 0 0 0 0 0 0 0 0 0 0 0 0 0 0 0 0 0 0 0 0 0 0 0 0 0 0 0 0 0 0 0 0 0 0 0 0 0 0 0 0 0 0 0 0 0 0 0 0 0 0 0 0 0 0 0 0 0 0 0 0 0 0 0 0 0 0 0 0 0 0 0 0 0 0 0 0 0 0 0 0 0 0 0 0 0 0 0 0 0 0 0 0 0 0 0 0 0 0 0 0 0 0 0 0 0 0 0 0 0 0 0 0 0 0 0 0 0 0 0 0 0 0 0 0 0 0 0 0 0 0 0 0 0 0 0 0 0 0 0 0 0 0 0 0 0 0 0 0 0 0 0 0 0 0 0 0 0 0 0 0 0 0 0 0 0 0 0 0 0 0 0 0 0 0 0 0 0 0 0 0 0 0 0 0 0 0 0 0 0 0 0 0 0 0 0 0 0 0 0 0 0 0 0 0 0 0 0 0 0 0 0 0 0 0 0 0 0 0 0 0 0 0 0 0 0 0 0 0 0 0 0 0 0 0 0 0 0 0 0 0 0 0 0 0 0 0 0 0 0 0 0 0 0 0 0 0 0 0 0 0 0 0 0 0 0 0 0 0 0 0 0 0 0 0 0 0 0 0 0 0 0 0 0 0 0 0 0 0 0 0 0 0 0 0 0 0 0 0 0 0 0 0 0 0 0 0 0 0 0 0 0 0 0 0 0 0 0 0 0 0 0 0 0 0 0 0 0 0 0 0 0 0 0 0 0 0 0 0 0 0 0 0 0 0 0 0 0 0 0 0 0 0 0 0 0 0 0 0 0 0 0 0 0 0 0 0 0 0 0 0 0 0 0 0 0 0 0 0 0 0 0 0 0 0 0 0 0 0 0 0 0 0 0 0 0 0 0 0 0 0 0 0 0 0 0 0 0 0 0 0 0 0 0 0 0 0 0 0 0 0 0 0 0 0 0 0 0 0 0 0 0 0 0 0 0 0 0 0 0 0 0 0 0 0 0 0 0 0 0 0 0 0 0 0 0 0 0 0 0 0 0 0 0 0 0 0 0 0 0 0 0 0 0 0 0 0 0 0 0 0 0 0 0 0 0 0 0 0 0 0 0 0 0 0 0 0 0 0 0 0 0 0 0 0 0 0 0 0 0 0 0 0 0 0 0 0 0 0 0 0 0 0 0 0 0 0 0 0 0 0 0 0 0 0 0 0 0 0 0 0 0 0 0 0 0 0 0 0 0 0 0 0 0 0 0 0 0 0 0 0 0 0 0 0 0 0 0 0 0 0 0 0 0 0 0 0 0 0 0 0 0 0 0 0 0 0 0 0 0 0 0 0 0 0 0 0 0 0 0 0 0 0 0 0 0 0 0 0 0 0 0 0 0 0 0 0 0 0 0 0 0 0 0 0 0 0 0 0 0 0 0 0 0 0 0 0 0 0 0 0 0 0 0 0 0 0 0 0 0 0 0 0 0 0 0 0 0 0 0 0 0 0 0 0 0 0 0 0 0 0 0 0 0 0 0 0 0 0 0 0 0 0 0 0 0 0 0 0 0 0 0 0 0 0 0 0 0 0 0 0 0 0 0 0 0 0 0 0 0 0 0 0 0 0 0 0 0 0 0 0 0 0 0 0 0 0 0 0 0 0 0 0 0 0 0 0 0 0 0 0 0 0 0 0 0 0 0 0 0 0 0 0 0 0 0 0 0 0 0 0 0 0 0 0 0 0 0 0 0 0 0 0 0 0 0 0 0 0 0 0 0 0 0 0 0 0 0 0 0 0 0 0 0 0 0 0 0 0 0 0 0 0 0 0 0 0 0 0 0 0 0 0 0 0 0 0 0 0 0 0 0 0 0 0 0 0 0 0 0 0 0 0 0 0 0 0 0 0 0 0 0 0 0 0 0 0 0 0 0 0 0 0 0 0 0 0 0 0 0 0 0 0 0 0 0 0 0 0 0 0 0 0 0 0 0 0 0 0 0 0 0 0 0 0 0 0 0 0 0 0 0 0 0 0 0 0 0 0 0 0 0 0 0 0 0 0 0 0 0 0 0 0 0 0 0 0 0 0 0 0 0 0 0 0 0 0 0 0 0 0 0 0 0 0 0 0 0 0 0 0 0 0 0 0 0 0 0 0 0 0 0 0 0 0 0 0 0 0 0 0 0 0 0 0 0 0 0 0 0 0 0 0 0 0 0 0 0 0 0 0 0 0 0 0 0 0 0 0 0 0 0 0 0 0 0 0 0 0 0 0 0 0 0 0 0 0 0 0 0 0 0 0 0 0 0 0 0 0 0 0 0 0 0 0 0 0 0 0 0 0 0 0 0 0 0 0 0 0 0 0 0 0 0 0 0 0 0 0 0 0 0 0 0 0 0 0 0 0 0 0 0 0 0 0 0 0 0 0 0 0 0 0 0 0 0 0 0 0 0 0 0 0 0 0 0 0 0 0 0 0 0 0 0 0 0 0 0 0 0 0 0 0 0 0 0 0 0 0 0 0 0 0 0 0 0 0 0 0 0 0 0 0 0 0 0 0 0 0 0 0 0 0 0 0 0 0 0 0 0 0 0 0 0 0 0 0 0 0 0 0 0 0 0 0 0 0 0 0 0 0 0 0 0 0 0 0 0 0 0 0 0 0 0 0 0 0 0 0 0 0 0 0 0 0 0 0 0 0 0 0 0 0 0 0 0 0 0 0 0 0 0 0 0 0 0 0 0 0 0 0 0 0 0 0 0 0 0 0 0 0 0 0 0 0 0 0 0 0 0 0 0 0 0 0 0 0 0 0 0 0 0 0 0 0 0 0 0 0 0 0 0 0 0 0 0 0 0 0 0 0 0 0 0 0 0 0 0 0 0 0 0 0 0 0 0 0 0 0 0 0 0 0 0 0 0 0 0 0 0 0 0 0 0 0 0 0 0 0 0 0 0 0 0 0 0 0 0 0 0 0 0 0 0 0 0 0 0 0 0 0 0 0 0 0 0 0 0 0 0 0 0 0 0 0 0 0 0 0 0 0 0 0 0 0 0 0 0 0 0 0 0 0 0 0 0 0 0 0 0 0 0 0 0 0 0 0 0 0 0 0 0 0 0 0 0 0 0 0 0 0 0 0 0 0 0 0 0 0 0 0 0 0 0 0 0 0 0 0 0 0 0 0 0 0 0 0 0 0 0 0 0 0 0 0 0 0 0 0 0 0 0 0 0 0 0 0 0 0 0 0 0 0 0 0 0 0 0 0 0 0 0 0 0 0 0 0 0 0 0 0 0 0 0 0 0 0 0 0 0 0 0 0 0 0 0 0 0 0 0 0 0 0 0 0 0 0 0 0 0 0 0 0 0 0 0 0 0 0 0 0 0 0 0 0 0 0 0 0 0 0 0 0 0 0 0 0 0 0 0 0 0 0 0 0 0 0 0 0 0 0 0 0 0 0 0 0 0 0 0 0 0 0 0 0 0 0 0 0 0 0 0 0 0 0 0 0 0 0 0 0 0 0 0 0 0 0 0 0 0 0 0 0 0 0 0 0 0 0 0 0 0 0 0 0 0 0 0 0 0 0 0 0 0 0 0 0 0 0 0 0 0 0 0 0 0 0 0 0 0 0 0 0 0 0 0 0 0 0 0 0 0 0 0 0 0 0 0 0 0 0 0 0 0 0 0 0 0 0 0 0 0 0 0 0 0 0 0 0 0 0 0 0 0 0 0 0 0 0 0 0 0 0 0 0 0 0 0 0 0 0 0 0 0 0 0 0 0 0 0 0 0 0 0 0 0 0 0 0 0 0 0 0 0 0 0 0 0 0 0 0 0 0 0 0 0 0 0 0 0 0 0 0 0 0 0 0 0 0 0 0 0 0 0 0 0 0 0 0 0 0 0 0 0 0 0 0 0 0 0 0 0 0 0 0 0 0 0 0 0 0 0 0 0 0 0 0 0 0 0 0 0 0 0 0 0 0 0 0 0 0 0 0 0 0 0 0 0 0 0 0 0 0 0 0 0 0 0 0 0 0 0 0 0 0 0 0 0 0 0 0 0 0 0 0 0 0 0 0 0 0 0 0 0 0 0 0 0 0 0 0 0 0 0 0 0 0 0 0 0 0 0 0 0 0 0 0 0 0 0 0 0 0 0 0 0 0 0 0 0 0 0 0 0 0 0 0 0 0 0 0 0 0 0 0 0 0 0 0 0 0 0 0 0 0 0 0 0 0 0 0 0 0 0 0 0 0 0 0 0 0 0 0 0 0 0 0 0 0 0 0 0 0 0 0 0 0 0 0 0 0 0 0 0 0 0 0 0 0 0 0 0 0 0 0 0 0 0 0 0 0 0 0 0 0 0 0 0 0 0 0 0 0 0 0 0 0 0 0 0 0 0 0 0 0 0 0 0 0 0 0 0 0 0 0 0 0 0 0 0 0 0 0 0 0 0 0 0 0 0 0 0 0 0 0 0 0 0 0 0 0 0 0 0 0 0 0 0 0 0 0 0 0 0 0 0 0 0 0 0 0 0 0 0 0 0 0 0 0 0 0 0 0 0 0 0 0 0 0 0 0 0 0 0 0 0 0 0 0 0 0 0 0 0 0 0 0 0 0 0 0 0 0 0 0 0 0 0 0 0 0 0 0 0 0 0 0 0 0 0 0 0 0 0 0 0 0 0 0 0 0 0 0 0 0 0 0 0 0 0 0 0 0 0 0 0 0 0 0 0 0 0 0 0 0 0 0 0 0 0 0 0 0 0 0 0 0 0 0 0 0 0 0 0 0 0 0 0 0 0 0 0 0 0 0 0 0 0 0 0 0 0 0 0 0 0 0 0 0 0 0 0 0 0 0 0 0 0 0 0 0 0 0 0 0 0 0 0 0 0 0 0 0 0 0 0 0 0 0 0 0 0 0 0 0 0 0 0 0 0 0 0 0 0 0 0 0 0 0 0 0 0 0 0 0 0 0 0 0 0 0 0 0 0 0 0 0 0 0 0 0 0 0 0 0 0 0 0 0 0 0 0 0 0 0 0 0 0 0 0 0 0 0 0 0 0 0 0 0 0 0 0 0 0 0 0 0 0 0 0 0 0 0 0 0 0 0 0 0 0 0 0 0 0 0 0 0 0 0 0 0 0 0 0 0 0 0 0 0 0 0 0 0 0 0 0 0 0 0 0 0 0 0 0 0 0 0 0 0 0 0 0 0 0 0 0 0 0 0 0 0 0 0 0 0 0 0 0 0 0 0 0 0 0 0 0 0 0 0 0 0 0 0 0 0 0 0 0 0 0 0 0 0 0 0 0 0 0 0 0 0 0 0 0 0 0 0 0 0 0 0 0 0 0 0 0 0 0 0 0 0 0 0 0 0 0 0 0 0 0 0 0 0 0 0 0 0 0 0 0 0 0 0 0 0 0 0 0 0 0 0 0 0 0 0 0 0 0 0 0 0 0 0 0 0 0 0 0 0 0 0 0 0 0 0 0 0 0 0 0 0 0 0 0 0 0 0 0 0 0 0 0 0 0 0 0 0 0 0 0 0 0 0 0 0 0 0 0 0 0 0 0 0 0 0 0 0 0 0 0 0 0 0 0 0 0 0 0 0 0 0 0 0 0 0 0 0 0 0 0 0 0 0 0 0 0 0 0 0 0 0 0 0 0 0 0 0 0 0 0 0 0 0 0 0 0 0 0 0 0 0 0 0 0 0 0 0 0 0 0 0 0 0 0 0 0 0 0 0 0 0 0 0 0 0 0 0 0 0 0 0 0 0 0 0 0 0 0 0 0 0 0 0 0 0 0 0 0 0 0 0 0 0 0 0 0 0 0 0 0 0 0 0 0 0 0 0 0 0 0 0 0 0 0 0 0 0 0 0 0 0 0 0 0 0 0 0 0 0 0 0 0 0 0 0 0 0 0 0 0 0 0 0 0 0 0 0 0 0 0 0 0 0 0 0 0 0 0 0 0 0 0 0 0 0 0 0 0 0 0 0 0 0 0 0 0 0 0 0 0 0 0 0 0 0 0 0 0 0 0 0 0 0 0 0 0 0 0 0 0 0 0 0 0 0 0 0 0 0 0 0 0 0 0 0 0 0 0 0 0 0 0 0 0 0 0 0 0 0 0 0 0 0 0 0 0 0 0 0 0 0 0 0 0 0 0 0 0 0 0 0 0 0 0 0 0 0 0 0 0 0 0 0 0 0 0 0 0 0 0 0 0 0 0 0 0 0 0 0 0 0 0 0 0 0 0 0 0 0 0 0 0 0 0 0 0 0 0 0 0 0 0 0 0 0 0 0 0 0 0 0 0 0 0 0 0 0 0 0 0 0 0 0 0 0 0 0 0 0 0 0 0 0 0 0 0 0 0 0 0 0 0 0 0 0 0 0 0 0 0 0 0 0 0 0 0 0 0 0 0 0 0 0 0 0 0 0 0 0 0 0 0 0 0 0 0 0 0 0 0 0 0 0 0 0 0 0 0 0 0 0 0 0 0 0 0 0 0 0 0 0 0 0 0 0 0 0 0 0 0 0 0 0 0 0 0 0 0 0 0 0 0 0 0 0 0 0 0 0 0 0 0 0 0 0 0 0 0 0 0 0 0 0 0 0 0 0 0 0 0 0 0 0 0 0 0 0 0 0 0 0 0 0 0 0 0 0 0 0 0 0 0 0 0 0 0 0 0 0 0 0 0 0 0 0 0 0 0 0 0 0 0 0 0 0 0 0 0 0 0 0 0 0 0 0 0 0 0 0 0 0 0 0 0 0 0 0 0 0 0 0 0 0 0 0 0 0 0 0 0 0 0 0 0 0 0 0 0 0 0 0 0 0 0 0 0 0 0 0 0 0 0 0 0 0 0 0 0 0 0 0 0 0 0 0 0 0 0 0 0 0 0 0 0 0 0 0 0 0 0 0 0 0 0 0 0 0 0 0 0 0 0 0 0 0 0 0 0 0 0 0 0 0 0 0 0 0 0 0 0 0 0 0 0 0 0 0 0 0 0 0 0 0 0 0 0 0 0 0 0 0 0 0 0 0 0 0 0 0 0 0 0 0 0 0 0 0 0 0 0 0 0 0 0 0 0 0 0 0 0 0 0 0 0 0 0 0 0 0 0 0 0 0 0 0 0 0 0 0 0 0 0 0 0 0 0 0 0 0 0 0 0 0 0 0 0 0 0 0 0 0 0 0 0 0 0 0 0 0 0 0 0 0 0 0 0 0 0 0 0 0 0 0 0 0 0 0 0 0 0 0 0 0 0 0 0 0 0 0 0 0 0 0 0 0 0 0 0 0 0 0 0 0 0 0 0 0 0 0 0 0 0 0 0 0 0 0 0 0 0 0 0 0 0 0 0 0 0 0 0 0 0 0 0 0 0 0 0 0 0 0 0 0 0 0 0 0 0 0 0 0 0 0 0 0 0 0 0 0 0 0 0 0 0 0 0 0 0 0 0 0 0 0 0 0 0 0 0 0 0 0 0 0 0 0 0 0 0 0 0 0 0 0 0 0 0 0 0 0 0 0 0 0 0 0 0 0 0 0 0 0 0 0 0 0 0 0 0 0 0 0 0 0 0 0 0 0 0 0 0 0 0 0 0 0 0 0 0 0 0 0 0 0 0 0 0 0 0 0 0 0 0 0 0 0 0 0 0 0 0 0 0 0 0 0 0 0 0 0 0 0 0 0 0 0 0 0 0 0 0 0 0 0 0 0 0 0 0 0 0 0 0 0 0 0 0 0 0 0 0 0 0 0 0 0 0 0 0 0 0 0 0 0 0 0 0 0 0 0 0 0 0 0 0 0 0 0 0 0 0 0 0 0 0 0 0 0 0 0 0 0 0 0 0 0 0 0 0 0 0 0 0 0 0 0 0 0 0 0 0 0 0 0 0 0 0 0 0 0 0 0 0 0 0 0 0 0 0 0 0 0 0 0 0 0 0 0 0 0 0 0 0 0 0 0 0 0 0 0 0 0 0 0 0 0 0 0 0 0 0 0 0 0 0 0 0 0 0 0 0 0 0 0 0 0 0 0 0 0 0 0 0 0 0 0 0 0 0 0 0 0 0 0 0 0 0 0 0 0 0 0 0 0 0 0 0 0 0 0 0 0 0 0 0 0 0 0 0 0 0 0 0 0 0 0 0 0 0 0 0 0 0 0 0 0 0 0 0 0 0 0 0 0 0 0 0 0 0 0 0 0 0 0 0 0 0 0 0 0 0 0 0 0 0 0 0 0 0 0 0 0 0 0 0 0 0 0 0 0 0 0 0 0 0 0 0 0 0 0 0 0 0 0 0 0 0 0 0 0 0 0 0 0 0 0 0 0 0 0 0 0 0 0 0 0 0 0 0 0 0 0 0 0 0 0 0 0 0 0 0 0 0 0 0 0 0 0 0 0 0 0 0 0 0 0 0 0 0 0 0 0 0 0 0 0 0 0 0 0 0 0 0 0 0 0 0 0 0 0 0 0 0 0 0 0 0 0 0 0 0 0 0 0 0 0 0 0 0 0 0 0 0 0 0 0 0 0 0 0 0 0 0 0 0 0 0 0 0 0 0 0 0 0 0 0 0 0 0 0 0 0 0 0 0 0 0 0 0 0 0 0 0 0 0 0 0 0 0 0 0 0 0 0 0 0 0 0 0 0 0 0 0 0 0 0 0 0 0 0 0 0 0 0 0 0 0 0 0 0 0 0 0 0 0 0 0 0 0 0 0 0 0 0 0 0 0 0 0 0 0 0 0 0 0 0 0 0 0 0 0 0 0 0 0 0 0 0 0 0 0 0 0 0 0 0 0 0 0 0 0 0 0 0 0 0 0 0 0 0 0 0 0 0 0 0 0 0 0 0 0 0 0 0 0 0 0 0 0 0 0 0 0 0 0 0 0 0 0 0 0 0 0 0 0 0 0 0 0 0 0 0 0 0 0 0 0 0 0 0 0 0 0 0 0 0 0 0 0 0 0 0 0 0 0 0 0 0 0 0 0 0 0 0 0 0 0 0 0 0 0 0 0 0 0 0 0 0 0 0 0 0 0 0 0 0 0 0 0 0 0 0 0 0 0 0 0 0 0 0 0 0 0 0 0 0 0 0 0 0 0 0 0 0 0 0 0 0 0 0 0 0 0 0 0 0 0 0 0 0 0 0 0 0 0 0 0 0 0 0 0 0 0 0 0 0 0 0 0 0 0 0 0 0 0 0 0 0 0 0 0 0 0 0 0 0 0 0 0 0 0 0 0 0 0 0 0 0 0 0 0 0 0 0 0 0 0 0 0 0 0 0 0 0 0 0 0 0 0 0 0 0 0 0 0 0 0 0 0 0 0 0 0 0 0 0 0 0 0 0 0 0 0 0 0 0 0 0 0 0 0 0 0 0 0 0 0 0 0 0 0 0 0 0 0 0 0 0 0 0 0 0 0 0 0 0 0 0 0 0 0 0 0 0 0 0 0 0 0 0 0 0 0 0 0 0 0 0 0 0 0 0 0 0 0 0 0 0 0 0 0 0 0 0 0 0 0 0 0 0 0 0 0 0 0 0 0 0 0 0 0 0 0 0 0 0 0 0 0 0 0 0 0 0 0 0 0 0 0 0 0 0 0 0 0 0 0 0 0 0 0 0 0 0 0 0 0 0 0 0 0 0 0 0 0 0 0 0 0 0 0 0 0 0 0 0 0 0 0 0 0 0 0 0 0 0 0 0 0 0 0 0 0 0 0 0 0 0 0 0 0 0 0 0 0 0 0 0 0 0 0 0 0 0 0 0 0 0 0 0 0 0 0 0 0 0 0 0 0 0 0 0 0 0 0 0 0 0 0 0 0 0 0 0 0 0 0 0 0 0 0 0 0 0 0 0 0 0 0 0 0 0 0 0 0 0 0 0 0 0 0 0 0 0 0 0 0 0 0 0 0 0 0 0 0 0 0 0 0 0 0 0 0 0 0 0 0 0 0 0 0 0 0 0 0 0 0 0 0 0 0 0 0 0 0 0 0 0 0 0 0 0 0 0 0 0 0 0 0 0 0 0 0 0 0 0 0 0 0 0 0 0 0 0 0 0 0 0 0 0 0 0 0 0 0 0 0 0 0 0 0 0 0 0 0 0 0 0 0 0 0 0 0 0 0 0 0 0 0 0 0 0 0 0 0 0 0 0 0 0 0 0 0 0 0 0 0 0 0 0 0 0 0 0 0 0 0 0 0 0 0 0 0 0 0 0 0 0 0 0 0 0 0 0 0 0 0 0 0 0 0 0 0 0 0 0 0 0 0 0 0 0 0 0 0 0 0 0 0 0 0 0 0 0 0 0 0 0 0 0 0 0 0 0 0 0 0 0 0 0 0 0 0 0 0 0 0 0 0 0 0 0 0 0 0 0 0 0 0 0 0 0 0 0 0 0 0 0 0 0 0 0 0 0 0 0 0 0 0 0 0 0 0 0 0 0 0 0 0 0 0 0 0 0 0 0 0 0 0 0 0 0 0 0 0 0 0 0 0 0 0 0 0 0 0 0 0 0 0 0 0 0 0 0 0 0 0 0 0 0 0 0 0 0 0 0 0 0 0 0 0 0 0 0 0 0 0 0 0 0 0 0 0 0 0 0 0 0 0 0 0 0 0 0 0 0 0 0 0 0 0 0 0 0 0 0 0 0 0 0 0 0 0 0 0 0 0 0 0 0 0 0 0 0 0 0 0 0 0 0 0 0 0 0 0 0 0 0 0 0 0 0 0 0 0 0 0 0 0 0 0 0 0 0 0 0 0 0 0 0 0 0 0 0 0 0 0 0 0 0 0 0 0 0 0 0 0 0 0 0 0 0 0 0 0 0 0 0 0 0 0 0 0 0 0 0 0 0 0 0 0 0 0 0 0 0 0 0 0 0 0 0 0 0 0 0 0 0 0 0 0 0 0 0 0 0 0 0 0 0 0 0 0 0 0 0 0 0 0 0 0 0 0 0 0 0 0 0 0 0 0 0 0 0 0 0 0 0 0 0 0 0 0 0 0 0 0 0 0 0 0 0 0 0 0 0 0 0 0 0 0 0 0 0 0 0 0 0 0 0 0 0 0 0 0 0 0 0 0 0 0 0 0 0 0 0 0 0 0 0 0 0 0 0 0 0 0 0 0 0 0 0 0 0 0 0 0 0 0 0 0 0 0 0 0 0 0 0 0 0 0 0 0 0 0 0 0 0 0 0 0 0 0 0 0 0 0 0 0 0 0 0 0 0 0 0 0 0 0 0 0 0 0 0 0 0 0 0 0 0 0 0 0 0 0 0 0 0 0 0 0 0 0 0 0 0 0 0 0 0 0 0 0 0 0 0 0 0 0 0 0 0 0 0 0 0 0 0 0 0 0 0 0 0 0 0 0 0 0 0 0 0 0 0 0 0 0 0 0 0 0 0 0 0 0 0 0 0 0 0 0 0 0 0 0 0 0 0 0 0 0 0 0 0 0 0 0 0 0 0 0 0 0 0 0 0 0 0 0 0 0 0 0 0 0 0 0 0 0 0 0 0 0 0 0 0 0 0 0 0 0 0 0 0 0 0 0 0 0 0 0 0 0 0 0 0 0 0 0 0 0 0 0 0 0 0 0 0 0 0 0 0 0 0 0 0 0 0 0 0 0 0 0 0 0 0 0 0 0 0 0 0 0 0 0 0 0 0 0 0 0 0 0 0 0 0 0 0 0 0 0 0 0 0 0 0 0 0 0 0 0 0 0 0 0 0 0 0 0 0 0 0 0 0 0 0 0 0 0 0 0 0 0 0 0 0 0 0 0 0 0 0 0 0 0 0 0 0 0 0 0 0 0 0 0 0 0 0 0 0 0 0 0 0 0 0 0 0 0 0 0 0 0 0 0 0 0 0 0 0 0 0 0 0 0 0 0 0 0 0 0 0 0 0 0 0 0 0 0 0 0 0</v>
        </vertex_weights>
      </skin>
    </controller>
  </library_controllers>
  <library_lights>
    <light id="EnvironmentAmbientLight" name="EnvironmentAmbientLight">
      <technique_common>
        <ambient>
          <color>0 0 0</color>
        </ambient>
      </technique_common>
    </light>
  </library_lights>
  <library_images>
    <image id="colorsample_alb_png">
      <init_from>./colorsample_alb.png</init_from>
    </image>
  </library_images>
  <library_visual_scenes>
    <visual_scene id="MaxScene">
      <node name="EnvironmentAmbientLight">
        <instance_light url="#EnvironmentAmbientLight"/>
      </node>
      <node id="node-RootModel" name="RootModel" sid="joint0" type="JOINT">
        <rotate>-1 0 0 -90</rotate>
        <extra>
          <technique profile="OpenCOLLADA">
            <cast_shadows sid="cast_shadows" type="bool">1</cast_shadows>
            <receive_shadows sid="receive_shadows" type="bool">1</receive_shadows>
            <primary_visibility sid="primary_visibility" type="bool">1</primary_visibility>
            <secondary_visibility sid="secondary_visibility" type="bool">1</secondary_visibility>
          </technique>
        </extra>
      </node>
      <node id="node-AccessoryB1__colorsample" name="AccessoryB1__colorsample">
        <instance_controller url="#geom-AccessoryB1__colorsample-skin1">
          <skeleton>#node-RootModel</skeleton>
          <bind_material>
            <technique_common>
              <instance_material symbol="colorsample" target="#colorsample-material">
                <bind_vertex_input semantic="CHANNEL1" input_semantic="TEXCOORD" input_set="0"/>
                <bind_vertex_input semantic="CHANNEL1" input_semantic="TEXCOORD" input_set="0"/>
              </instance_material>
            </technique_common>
          </bind_material>
        </instance_controller>
        <extra>
          <technique profile="OpenCOLLADA">
            <cast_shadows sid="cast_shadows" type="bool">1</cast_shadows>
            <receive_shadows sid="receive_shadows" type="bool">1</receive_shadows>
            <primary_visibility sid="primary_visibility" type="bool">1</primary_visibility>
            <secondary_visibility sid="secondary_visibility" type="bool">1</secondary_visibility>
          </technique>
        </extra>
      </node>
    </visual_scene>
  </library_visual_scenes>
  <scene>
    <instance_visual_scene url="#MaxScene"/>
  </scene>
</COLLADA>